severity,check,set,instrument_key,timeframe,count,detail
ERROR,GAP_DAILY,universe_daily,NSE_EQ|INE014B01011,1d,39,"39 missing weekdays in last 2 years (longest run 19): 2024-11-14, 2025-04-16, 2025-04-17, 2025-04-22, 2025-04-23 (+34 more)"
ERROR,GAP_DAILY,universe_daily,NSE_EQ|INE058B01018,1d,9,"9 missing weekdays in last 2 years (longest run 2): 2024-10-29, 2024-10-30, 2025-01-06, 2025-05-20, 2026-04-09 (+4 more)"
ERROR,GAP_DAILY,universe_daily,NSE_EQ|INE069I01010,1d,12,"12 missing weekdays in last 2 years (longest run 4): 2026-04-10, 2026-04-15, 2026-04-16, 2026-04-17, 2026-04-21 (+7 more)"
ERROR,GAP_DAILY,universe_daily,NSE_EQ|INE08PH01015,1d,10,"10 missing weekdays in last 2 years (longest run 4): 2024-10-09, 2024-11-01, 2024-11-11, 2024-11-12, 2024-11-13 (+5 more)"
ERROR,GAP_DAILY,universe_daily,NSE_EQ|INE0GGO01015,1d,63,"63 missing weekdays in last 2 years (longest run 5): 2024-10-15, 2024-10-17, 2024-10-30, 2024-11-12, 2024-11-14 (+58 more)"
ERROR,GAP_DAILY,universe_daily,NSE_EQ|INE0JYY01029,1d,7,"7 missing weekdays in last 2 years (longest run 1): 2025-01-24, 2025-02-24, 2025-04-09, 2025-05-07, 2025-07-15 (+2 more)"
ERROR,GAP_DAILY,universe_daily,NSE_EQ|INE117B01020,1d,5,"5 missing weekdays in last 2 years (longest run 1): 2025-04-07, 2025-05-14, 2025-05-28, 2026-01-08, 2026-02-25"
ERROR,GAP_DAILY,universe_daily,NSE_EQ|INE124Y01028,1d,25,"25 missing weekdays in last 2 years (longest run 2): 2024-10-07, 2024-10-16, 2024-10-17, 2024-10-21, 2024-10-23 (+20 more)"
ERROR,GAP_DAILY,universe_daily,NSE_EQ|INE126M01010,1d,57,"57 missing weekdays in last 2 years (longest run 4): 2024-12-12, 2024-12-13, 2024-12-17, 2024-12-18, 2024-12-19 (+52 more)"
ERROR,GAP_DAILY,universe_daily,NSE_EQ|INE137M01017,1d,11,"11 missing weekdays in last 2 years (longest run 5): 2026-08-18, 2026-08-28, 2026-09-02, 2026-09-03, 2026-09-11 (+6 more)"
ERROR,GAP_DAILY,universe_daily,NSE_EQ|INE165G01010,1d,15,"15 missing weekdays in last 2 years (longest run 4): 2026-08-19, 2026-08-25, 2026-08-26, 2026-08-27, 2026-09-08 (+10 more)"
ERROR,GAP_DAILY,universe_daily,NSE_EQ|INE194D01017,1d,13,"13 missing weekdays in last 2 years (longest run 2): 2026-05-19, 2026-06-04, 2026-06-08, 2026-06-09, 2026-06-15 (+8 more)"
ERROR,GAP_DAILY,universe_daily,NSE_EQ|INE217S01014,1d,8,"8 missing weekdays in last 2 years (longest run 4): 2026-08-21, 2026-08-25, 2026-08-26, 2026-08-27, 2026-08-28 (+3 more)"
ERROR,GAP_DAILY,universe_daily,NSE_EQ|INE286H01012,1d,76,"76 missing weekdays in last 2 years (longest run 5): 2024-10-08, 2024-10-09, 2024-10-10, 2024-10-11, 2024-10-15 (+71 more)"
ERROR,GAP_DAILY,universe_daily,NSE_EQ|INE287Z01012,1d,47,"47 missing weekdays in last 2 years (longest run 4): 2024-11-18, 2024-11-19, 2024-11-21, 2024-11-22, 2024-11-26 (+42 more)"
ERROR,GAP_DAILY,universe_daily,NSE_EQ|INE318C01014,1d,19,"19 missing weekdays in last 2 years (longest run 5): 2026-05-07, 2026-05-18, 2026-05-20, 2026-05-22, 2026-05-25 (+14 more)"
ERROR,GAP_DAILY,universe_daily,NSE_EQ|INE321M01017,1d,33,"33 missing weekdays in last 2 years (longest run 4): 2026-04-23, 2026-04-24, 2026-04-27, 2026-05-15, 2026-05-18 (+28 more)"
ERROR,GAP_DAILY,universe_daily,NSE_EQ|INE326T01011,1d,179,"179 missing weekdays in last 2 years (longest run 85): 2024-10-11, 2024-10-14, 2024-10-15, 2024-10-16, 2024-10-17 (+174 more)"
ERROR,GAP_DAILY,universe_daily,NSE_EQ|INE390D01011,1d,6,"6 missing weekdays in last 2 years (longest run 2): 2026-08-19, 2026-08-20, 2026-08-26, 2026-09-18, 2026-09-22 (+1 more)"
ERROR,GAP_DAILY,universe_daily,NSE_EQ|INE403F01017,1d,18,"18 missing weekdays in last 2 years (longest run 2): 2026-05-12, 2026-05-15, 2026-05-20, 2026-05-21, 2026-06-08 (+13 more)"
ERROR,GAP_DAILY,universe_daily,NSE_EQ|INE425B01027,1d,177,"177 missing weekdays in last 2 years (longest run 108): 2024-10-08, 2024-10-09, 2024-10-10, 2024-10-11, 2024-10-15 (+172 more)"
ERROR,GAP_DAILY,universe_daily,NSE_EQ|INE431F01018,1d,7,"7 missing weekdays in last 2 years (longest run 1): 2026-03-13, 2026-04-10, 2026-04-17, 2026-05-13, 2026-07-07 (+2 more)"
ERROR,GAP_DAILY,universe_daily,NSE_EQ|INE500X01013,1d,6,"6 missing weekdays in last 2 years (longest run 4): 2025-07-22, 2025-07-23, 2025-07-24, 2025-07-25, 2025-07-29 (+1 more)"
ERROR,GAP_DAILY,universe_daily,NSE_EQ|INE501F01018,1d,8,"8 missing weekdays in last 2 years (longest run 3): 2026-08-20, 2026-08-24, 2026-08-25, 2026-08-26, 2026-09-07 (+3 more)"
ERROR,GAP_DAILY,universe_daily,NSE_EQ|INE505V01016,1d,26,"26 missing weekdays in last 2 years (longest run 3): 2024-10-17, 2024-10-23, 2024-10-28, 2024-10-31, 2024-11-01 (+21 more)"
ERROR,GAP_DAILY,universe_daily,NSE_EQ|INE540A01017,1d,58,"58 missing weekdays in last 2 years (longest run 9): 2025-02-06, 2025-02-14, 2025-02-18, 2025-02-19, 2025-02-20 (+53 more)"
ERROR,GAP_DAILY,universe_daily,NSE_EQ|INE542C01019,1d,15,"15 missing weekdays in last 2 years (longest run 2): 2024-11-01, 2025-03-07, 2025-03-10, 2025-03-24, 2025-04-02 (+10 more)"
ERROR,GAP_DAILY,universe_daily,NSE_EQ|INE574G01013,1d,11,"11 missing weekdays in last 2 years (longest run 2): 2026-08-19, 2026-08-24, 2026-08-25, 2026-08-27, 2026-09-01 (+6 more)"
ERROR,GAP_DAILY,universe_daily,NSE_EQ|INE596B01017,1d,7,"7 missing weekdays in last 2 years (longest run 3): 2026-08-20, 2026-08-27, 2026-09-15, 2026-09-16, 2026-09-17 (+2 more)"
ERROR,GAP_DAILY,universe_daily,NSE_EQ|INE605D01012,1d,30,"30 missing weekdays in last 2 years (longest run 4): 2026-04-23, 2026-04-24, 2026-04-29, 2026-04-30, 2026-05-04 (+25 more)"
ERROR,GAP_DAILY,universe_daily,NSE_EQ|INE620D01011,1d,5,"5 missing weekdays in last 2 years (longest run 1): 2026-05-06, 2026-06-11, 2026-06-23, 2026-07-07, 2026-07-22"
ERROR,GAP_DAILY,universe_daily,NSE_EQ|INE657B01025,1d,184,"184 missing weekdays in last 2 years (longest run 9): 2025-05-08, 2025-05-09, 2025-05-13, 2025-05-14, 2025-05-15 (+179 more)"
ERROR,GAP_DAILY,universe_daily,NSE_EQ|INE669A01022,1d,78,"78 missing weekdays in last 2 years (longest run 4): 2024-10-08, 2024-10-09, 2024-10-10, 2024-10-11, 2024-10-15 (+73 more)"
ERROR,GAP_DAILY,universe_daily,NSE_EQ|INE697V01011,1d,8,"8 missing weekdays in last 2 years (longest run 2): 2024-10-18, 2025-03-25, 2025-05-08, 2025-08-06, 2025-08-07 (+3 more)"
ERROR,GAP_DAILY,universe_daily,NSE_EQ|INE701A01023,1d,5,"5 missing weekdays in last 2 years (longest run 5): 2025-10-29, 2025-10-30, 2025-10-31, 2025-11-03, 2025-11-04"
ERROR,GAP_DAILY,universe_daily,NSE_EQ|INE719F01016,1d,256,"256 missing weekdays in last 2 years (longest run 63): 2024-10-09, 2024-10-14, 2024-10-16, 2024-10-17, 2024-10-18 (+251 more)"
ERROR,GAP_DAILY,universe_daily,NSE_EQ|INE726E01014,1d,7,"7 missing weekdays in last 2 years (longest run 1): 2026-08-19, 2026-08-24, 2026-08-26, 2026-09-01, 2026-09-04 (+2 more)"
ERROR,GAP_DAILY,universe_daily,NSE_EQ|INE731U01028,1d,28,"28 missing weekdays in last 2 years (longest run 4): 2025-10-16, 2025-10-17, 2025-10-21, 2025-10-23, 2025-10-24 (+23 more)"
ERROR,GAP_DAILY,universe_daily,NSE_EQ|INE738V01013,1d,9,"9 missing weekdays in last 2 years (longest run 1): 2026-01-09, 2026-01-14, 2026-04-24, 2026-04-29, 2026-06-01 (+4 more)"
ERROR,GAP_DAILY,universe_daily,NSE_EQ|INE778K01012,1d,32,"32 missing weekdays in last 2 years (longest run 4): 2024-12-13, 2024-12-17, 2024-12-18, 2024-12-19, 2024-12-20 (+27 more)"
ERROR,GAP_DAILY,universe_daily,NSE_EQ|INE798F01010,1d,9,"9 missing weekdays in last 2 years (longest run 3): 2026-08-25, 2026-08-26, 2026-08-27, 2026-09-03, 2026-09-04 (+4 more)"
ERROR,GAP_DAILY,universe_daily,NSE_EQ|INE802W01023,1d,81,"81 missing weekdays in last 2 years (longest run 4): 2024-10-08, 2024-10-09, 2024-10-10, 2024-10-11, 2024-10-15 (+76 more)"
ERROR,GAP_DAILY,universe_daily,NSE_EQ|INE866K01023,1d,77,"77 missing weekdays in last 2 years (longest run 5): 2025-06-30, 2025-07-01, 2025-07-02, 2025-07-03, 2025-07-04 (+72 more)"
ERROR,GAP_DAILY,universe_daily,NSE_EQ|INE885F01015,1d,16,"16 missing weekdays in last 2 years (longest run 2): 2025-03-27, 2025-04-08, 2025-04-09, 2025-07-14, 2025-08-29 (+11 more)"
ERROR,GAP_DAILY,universe_daily,NSE_EQ|INE899L01030,1d,218,"218 missing weekdays in last 2 years (longest run 4): 2024-10-09, 2024-10-10, 2024-10-11, 2024-10-15, 2024-10-16 (+213 more)"
ERROR,GAP_DAILY,universe_daily,NSE_EQ|INE938A01021,1d,18,"18 missing weekdays in last 2 years (longest run 4): 2025-06-12, 2025-06-13, 2025-06-17, 2025-06-18, 2025-06-19 (+13 more)"
ERROR,GAP_DAILY,universe_daily,NSE_EQ|INE947T01022,1d,17,"17 missing weekdays in last 2 years (longest run 3): 2024-10-10, 2024-11-14, 2024-12-30, 2025-01-21, 2025-01-23 (+12 more)"
ERROR,GAP_DAILY,universe_daily,NSE_EQ|INE970D01010,1d,7,"7 missing weekdays in last 2 years (longest run 2): 2026-05-12, 2026-05-21, 2026-05-22, 2026-06-09, 2026-06-19 (+2 more)"
ERROR,GAP_DAILY,universe_daily,NSE_EQ|INE997I01012,1d,6,"6 missing weekdays in last 2 years (longest run 1): 2026-06-11, 2026-07-01, 2026-08-11, 2026-08-19, 2026-08-21 (+1 more)"
ERROR,GAP_DAILY,universe_daily,NSE_EQ|INF109KC18O0,1d,27,"27 missing weekdays in last 2 years (longest run 2): 2024-11-01, 2024-11-08, 2025-01-07, 2025-01-08, 2025-01-15 (+22 more)"
ERROR,GAP_DAILY,universe_daily,NSE_EQ|INF205KA1CC7,1d,30,"30 missing weekdays in last 2 years (longest run 2): 2024-10-31, 2024-12-03, 2025-01-15, 2025-01-16, 2025-01-23 (+25 more)"
ERROR,GAP_DAILY,universe_daily,NSE_EQ|INF209KC1134,1d,32,"32 missing weekdays in last 2 years (longest run 3): 2024-11-01, 2025-02-20, 2025-02-28, 2025-03-06, 2025-03-25 (+27 more)"
ERROR,GAP_DAILY,universe_daily,NSE_EQ|INF209KC1142,1d,161,"161 missing weekdays in last 2 years (longest run 8): 2024-10-07, 2024-10-08, 2024-10-17, 2024-10-23, 2024-10-30 (+156 more)"
ERROR,GAP_DAILY,universe_daily,NSE_EQ|INF740KA1ZI7,1d,11,"11 missing weekdays in last 2 years (longest run 3): 2026-08-24, 2026-09-02, 2026-09-03, 2026-09-16, 2026-09-17 (+6 more)"
ERROR,GAP_DAILY,universe_daily,NSE_EQ|INF754K01VW2,1d,17,"17 missing weekdays in last 2 years (longest run 6): 2025-10-17, 2025-10-20, 2025-10-21, 2025-10-23, 2025-10-27 (+12 more)"
ERROR,GAP_DAILY,universe_daily,NSE_EQ|INF767K01OT5,1d,20,"20 missing weekdays in last 2 years (longest run 2): 2025-05-29, 2025-07-16, 2025-08-26, 2025-09-10, 2026-01-30 (+15 more)"
ERROR,GAP_DAILY,universe_daily,NSE_EQ|INF789F1AG68,1d,13,"13 missing weekdays in last 2 years (longest run 3): 2026-07-31, 2026-08-06, 2026-08-12, 2026-08-13, 2026-08-14 (+8 more)"
ERROR,GAP_DAILY,universe_daily,NSE_EQ|INF789F1AZE6,1d,25,"25 missing weekdays in last 2 years (longest run 2): 2024-11-01, 2024-11-05, 2024-11-08, 2025-01-02, 2025-01-03 (+20 more)"
ERROR,GAP_DAILY,indices_daily,NSE_INDEX|Nifty Capital Mkt,1d,8,"8 missing weekdays in last 2 years (longest run 2): 2024-11-13, 2024-11-18, 2024-11-21, 2024-11-22, 2024-11-26 (+3 more)"
ERROR,GAP_DAILY,indices_daily,NSE_INDEX|Nifty Ind Defence,1d,8,"8 missing weekdays in last 2 years (longest run 2): 2024-11-13, 2024-11-18, 2024-11-21, 2024-11-22, 2024-11-26 (+3 more)"
ERROR,GAP_DAILY,indices_daily,NSE_INDEX|Nifty Ind Tourism,1d,8,"8 missing weekdays in last 2 years (longest run 2): 2024-11-13, 2024-11-18, 2024-11-21, 2024-11-22, 2024-11-26 (+3 more)"
ERROR,GAP_DAILY,indices_daily,NSE_INDEX|Nifty Top 10 EW,1d,8,"8 missing weekdays in last 2 years (longest run 2): 2024-11-13, 2024-11-18, 2024-11-21, 2024-11-22, 2024-11-26 (+3 more)"
ERROR,GAP_DAILY,indices_daily,NSE_INDEX|Nifty50 Div Point,1d,15,"15 missing weekdays in last 2 years (longest run 15): 2026-04-01, 2026-04-02, 2026-04-06, 2026-04-07, 2026-04-08 (+10 more)"
ERROR,GAP_DAILY,indices_daily,NSE_INDEX|Nifty500Momentm50,1d,8,"8 missing weekdays in last 2 years (longest run 2): 2024-11-13, 2024-11-18, 2024-11-21, 2024-11-22, 2024-11-26 (+3 more)"
ERROR,GAP_DAILY,indices_daily,NSE_INDEX|NiftyMS400 MQ 100,1d,8,"8 missing weekdays in last 2 years (longest run 2): 2024-11-13, 2024-11-18, 2024-11-21, 2024-11-22, 2024-11-26 (+3 more)"
ERROR,GAP_DAILY,indices_daily,NSE_INDEX|NiftySml250MQ 100,1d,8,"8 missing weekdays in last 2 years (longest run 2): 2024-11-13, 2024-11-18, 2024-11-21, 2024-11-22, 2024-11-26 (+3 more)"
ERROR,NON_POSITIVE_PRICE,universe_daily,NSE_EQ|INE113A01013,1d,54,54 bars with price <= 0
ERROR,NON_POSITIVE_PRICE,universe_daily,NSE_EQ|INE113A01013,1w,13,13 bars with price <= 0
ERROR,NON_POSITIVE_PRICE,universe_daily,NSE_EQ|INE113A01013,1mo,5,5 bars with price <= 0
ERROR,NON_POSITIVE_PRICE,universe_daily,NSE_EQ|INE205A01025,1d,472,472 bars with price <= 0
ERROR,NON_POSITIVE_PRICE,universe_daily,NSE_EQ|INE205A01025,1w,100,100 bars with price <= 0
ERROR,NON_POSITIVE_PRICE,universe_daily,NSE_EQ|INE205A01025,1mo,25,25 bars with price <= 0
ERROR,NON_POSITIVE_PRICE,universe_daily,NSE_EQ|INE208A01029,1d,48,48 bars with price <= 0
ERROR,NON_POSITIVE_PRICE,universe_daily,NSE_EQ|INE208A01029,1w,14,14 bars with price <= 0
ERROR,NON_POSITIVE_PRICE,universe_daily,NSE_EQ|INE208A01029,1mo,5,5 bars with price <= 0
ERROR,NON_POSITIVE_PRICE,universe_daily,NSE_EQ|INE249Z01020,1d,8,8 bars with price <= 0
ERROR,NON_POSITIVE_PRICE,universe_daily,NSE_EQ|INE249Z01020,1w,8,8 bars with price <= 0
ERROR,NON_POSITIVE_PRICE,universe_daily,NSE_EQ|INE249Z01020,1mo,8,8 bars with price <= 0
ERROR,NON_POSITIVE_PRICE,universe_daily,NSE_EQ|INE347G01014,1d,1,1 bars with price <= 0
ERROR,NON_POSITIVE_PRICE,universe_daily,NSE_EQ|INE347G01014,1w,1,1 bars with price <= 0
ERROR,NON_POSITIVE_PRICE,universe_daily,NSE_EQ|INE347G01014,1mo,1,1 bars with price <= 0
ERROR,NON_POSITIVE_PRICE,indices_daily,NSE_INDEX|Nifty50 Div Point,1d,345,345 bars with price <= 0
ERROR,NON_POSITIVE_PRICE,indices_daily,NSE_INDEX|Nifty50 Div Point,1w,88,88 bars with price <= 0
ERROR,NON_POSITIVE_PRICE,indices_daily,NSE_INDEX|Nifty50 Div Point,1mo,31,31 bars with price <= 0
ERROR,OHLC_INVALID,universe_daily,NSE_EQ|INE100D01014,1d,6,"6 invalid bars, first on 2013-04-10"
ERROR,OHLC_INVALID,universe_daily,NSE_EQ|INE130B01031,1d,4,"4 invalid bars, first on 2013-04-08"
ERROR,OHLC_INVALID,universe_daily,NSE_EQ|INE180C01042,1d,4,"4 invalid bars, first on 2013-04-09"
ERROR,OHLC_INVALID,universe_daily,NSE_EQ|INE230B01021,1d,8,"8 invalid bars, first on 2013-04-08"
ERROR,OHLC_INVALID,universe_daily,NSE_EQ|INE240C01028,1d,20,"20 invalid bars, first on 2013-04-08"
ERROR,OHLC_INVALID,universe_daily,NSE_EQ|INE240C01028,1w,4,"4 invalid bars, first on 2013-04-08"
ERROR,OHLC_INVALID,universe_daily,NSE_EQ|INE244A01016,1d,4,"4 invalid bars, first on 2013-04-08"
ERROR,OHLC_INVALID,universe_daily,NSE_EQ|INE250B01029,1d,6,"6 invalid bars, first on 2013-04-08"
ERROR,OHLC_INVALID,universe_daily,NSE_EQ|INE308A01027,1d,5,"5 invalid bars, first on 2013-04-10"
ERROR,OHLC_INVALID,universe_daily,NSE_EQ|INE369A01029,1d,4,"4 invalid bars, first on 2013-04-08"
ERROR,OHLC_INVALID,universe_daily,NSE_EQ|INE440A01010,1d,4,"4 invalid bars, first on 2013-04-10"
ERROR,OHLC_INVALID,universe_daily,NSE_EQ|INE592B01024,1d,4,"4 invalid bars, first on 2013-04-09"
ERROR,OHLC_INVALID,universe_daily,NSE_EQ|INE659A01023,1d,4,"4 invalid bars, first on 2013-04-08"
ERROR,OHLC_INVALID,universe_daily,NSE_EQ|INE792H01019,1d,6,"6 invalid bars, first on 2013-04-10"
ERROR,OHLC_INVALID,universe_daily,NSE_EQ|INE816B01035,1d,4,"4 invalid bars, first on 2013-04-09"
ERROR,OHLC_INVALID,universe_daily,NSE_EQ|INE842C01021,1d,21,"21 invalid bars, first on 2013-04-08"
ERROR,OHLC_INVALID,universe_daily,NSE_EQ|INE842C01021,1w,4,"4 invalid bars, first on 2013-04-08"
ERROR,OHLC_INVALID,indices_daily,NSE_INDEX|Nifty 500,1d,4,"4 invalid bars, first on 2001-02-26"
ERROR,OHLC_INVALID,indices_daily,NSE_INDEX|Nifty GS 10Yr,1d,306,"306 invalid bars, first on 2016-04-04"
ERROR,OHLC_INVALID,indices_daily,NSE_INDEX|Nifty GS 10Yr,1w,25,"25 invalid bars, first on 2016-07-25"
ERROR,OHLC_INVALID,indices_daily,NSE_INDEX|Nifty GS 10Yr Cln,1d,185,"185 invalid bars, first on 2018-01-03"
ERROR,OHLC_INVALID,indices_daily,NSE_INDEX|Nifty GS 10Yr Cln,1w,21,"21 invalid bars, first on 2018-01-01"
ERROR,OHLC_INVALID,indices_daily,NSE_INDEX|Nifty GS 11 15Yr,1d,312,"312 invalid bars, first on 2018-01-02"
ERROR,OHLC_INVALID,indices_daily,NSE_INDEX|Nifty GS 11 15Yr,1w,27,"27 invalid bars, first on 2018-01-01"
ERROR,OHLC_INVALID,indices_daily,NSE_INDEX|Nifty GS 15YrPlus,1d,599,"599 invalid bars, first on 2018-01-01"
ERROR,OHLC_INVALID,indices_daily,NSE_INDEX|Nifty GS 15YrPlus,1w,63,"63 invalid bars, first on 2018-01-01"
ERROR,OHLC_INVALID,indices_daily,NSE_INDEX|Nifty GS 15YrPlus,1mo,5,"5 invalid bars, first on 2018-03-01"
ERROR,OHLC_INVALID,indices_daily,NSE_INDEX|Nifty GS 4 8Yr,1d,270,"270 invalid bars, first on 2018-01-03"
ERROR,OHLC_INVALID,indices_daily,NSE_INDEX|Nifty GS 4 8Yr,1w,18,"18 invalid bars, first on 2018-12-24"
ERROR,OHLC_INVALID,indices_daily,NSE_INDEX|Nifty GS 8 13Yr,1d,403,"403 invalid bars, first on 2018-01-03"
ERROR,OHLC_INVALID,indices_daily,NSE_INDEX|Nifty GS 8 13Yr,1w,37,"37 invalid bars, first on 2018-12-24"
ERROR,OHLC_INVALID,indices_daily,NSE_INDEX|Nifty GS 8 13Yr,1mo,4,"4 invalid bars, first on 2019-05-01"
ERROR,OHLC_INVALID,indices_daily,NSE_INDEX|Nifty50 Div Point,1d,168,"168 invalid bars, first on 2012-03-19"
ERROR,OHLC_INVALID,indices_daily,NSE_INDEX|Nifty50 Div Point,1w,34,"34 invalid bars, first on 2012-03-19"
ERROR,OHLC_INVALID,indices_daily,NSE_INDEX|Nifty50 Div Point,1mo,7,"7 invalid bars, first on 2023-10-01"
ERROR,STALE_SEVERE,universe_daily,NSE_EQ|INE0LZF01013,1d,31,"last bar 2026-08-21, 31 trading days behind"
ERROR,STALE_SEVERE,universe_daily,NSE_EQ|INE0NLT01010,1d,15,"last bar 2026-09-15, 15 trading days behind"
ERROR,STALE_SEVERE,universe_daily,NSE_EQ|INE105I01020,1d,18,"last bar 2026-09-09, 18 trading days behind"
ERROR,STALE_SEVERE,universe_daily,NSE_EQ|INE24OJ01011,1d,15,"last bar 2026-09-15, 15 trading days behind"
ERROR,STALE_SEVERE,universe_daily,NSE_EQ|INE252A01019,1d,18,"last bar 2026-09-09, 18 trading days behind"
ERROR,STALE_SEVERE,universe_daily,NSE_EQ|INE524T01011,1d,15,"last bar 2026-09-15, 15 trading days behind"
ERROR,STALE_SEVERE,universe_daily,NSE_EQ|INE657B01025,1d,20,"last bar 2026-09-07, 20 trading days behind"
ERROR,STALE_SEVERE,universe_daily,NSE_EQ|INE670X01014,1d,18,"last bar 2026-09-09, 18 trading days behind"
ERROR,STALE_SEVERE,universe_daily,NSE_EQ|INE887D01016,1d,31,"last bar 2026-08-21, 31 trading days behind"
WARN,EXTRA_DAYS,universe_daily,NSE_EQ|INE00KV01022,1d,1,1 days not in Nifty calendar: 2025-04-26
WARN,EXTRA_DAYS,universe_daily,NSE_EQ|INE00S901012,1d,1,1 days not in Nifty calendar: 2025-04-26
WARN,EXTRA_DAYS,universe_daily,NSE_EQ|INE054301028,1d,1,1 days not in Nifty calendar: 2025-04-26
WARN,EXTRA_DAYS,universe_daily,NSE_EQ|INE05ST01028,1d,1,1 days not in Nifty calendar: 2025-04-26
WARN,EXTRA_DAYS,universe_daily,NSE_EQ|INE0I3401014,1d,1,1 days not in Nifty calendar: 2025-04-26
WARN,EXTRA_DAYS,universe_daily,NSE_EQ|INE0OJW01016,1d,1,1 days not in Nifty calendar: 2025-04-26
WARN,EXTRA_DAYS,universe_daily,NSE_EQ|INE0PEQ01016,1d,1,1 days not in Nifty calendar: 2025-04-26
WARN,EXTRA_DAYS,universe_daily,NSE_EQ|INE117B01020,1d,1,1 days not in Nifty calendar: 2025-04-26
WARN,EXTRA_DAYS,universe_daily,NSE_EQ|INE142I01023,1d,1,1 days not in Nifty calendar: 2025-04-26
WARN,EXTRA_DAYS,universe_daily,NSE_EQ|INE155Z01011,1d,1,1 days not in Nifty calendar: 2025-04-26
WARN,EXTRA_DAYS,universe_daily,NSE_EQ|INE165B01029,1d,1,1 days not in Nifty calendar: 2025-04-26
WARN,EXTRA_DAYS,universe_daily,NSE_EQ|INE195N01013,1d,1,1 days not in Nifty calendar: 2025-04-26
WARN,EXTRA_DAYS,universe_daily,NSE_EQ|INE278B01020,1d,1,1 days not in Nifty calendar: 2025-04-26
WARN,EXTRA_DAYS,universe_daily,NSE_EQ|INE287Z01012,1d,1,1 days not in Nifty calendar: 2025-04-26
WARN,EXTRA_DAYS,universe_daily,NSE_EQ|INE296H01011,1d,1,1 days not in Nifty calendar: 2025-04-26
WARN,EXTRA_DAYS,universe_daily,NSE_EQ|INE308E01029,1d,1,1 days not in Nifty calendar: 2025-04-26
WARN,EXTRA_DAYS,universe_daily,NSE_EQ|INE323B01024,1d,1,1 days not in Nifty calendar: 2025-04-26
WARN,EXTRA_DAYS,universe_daily,NSE_EQ|INE369C01017,1d,1,1 days not in Nifty calendar: 2025-04-26
WARN,EXTRA_DAYS,universe_daily,NSE_EQ|INE392B01011,1d,1,1 days not in Nifty calendar: 2025-04-26
WARN,EXTRA_DAYS,universe_daily,NSE_EQ|INE440L01017,1d,1,1 days not in Nifty calendar: 2025-04-26
WARN,EXTRA_DAYS,universe_daily,NSE_EQ|INE442P01014,1d,1,1 days not in Nifty calendar: 2025-04-26
WARN,EXTRA_DAYS,universe_daily,NSE_EQ|INE446A01025,1d,1,1 days not in Nifty calendar: 2025-04-26
WARN,EXTRA_DAYS,universe_daily,NSE_EQ|INE480M01011,1d,1,1 days not in Nifty calendar: 2025-04-26
WARN,EXTRA_DAYS,universe_daily,NSE_EQ|INE481Z01011,1d,1,1 days not in Nifty calendar: 2025-04-26
WARN,EXTRA_DAYS,universe_daily,NSE_EQ|INE482B01010,1d,1,1 days not in Nifty calendar: 2025-04-26
WARN,EXTRA_DAYS,universe_daily,NSE_EQ|INE497S01012,1d,1,1 days not in Nifty calendar: 2025-04-26
WARN,EXTRA_DAYS,universe_daily,NSE_EQ|INE528A01020,1d,1,1 days not in Nifty calendar: 2025-04-26
WARN,EXTRA_DAYS,universe_daily,NSE_EQ|INE544H01014,1d,1,1 days not in Nifty calendar: 2025-04-26
WARN,EXTRA_DAYS,universe_daily,NSE_EQ|INE550H01011,1d,1,1 days not in Nifty calendar: 2025-04-26
WARN,EXTRA_DAYS,universe_daily,NSE_EQ|INE555Z01020,1d,1,1 days not in Nifty calendar: 2025-04-26
WARN,EXTRA_DAYS,universe_daily,NSE_EQ|INE557Z01018,1d,1,1 days not in Nifty calendar: 2025-04-26
WARN,EXTRA_DAYS,universe_daily,NSE_EQ|INE615R01029,1d,1,1 days not in Nifty calendar: 2025-04-26
WARN,EXTRA_DAYS,universe_daily,NSE_EQ|INE626Z01029,1d,1,1 days not in Nifty calendar: 2025-04-26
WARN,EXTRA_DAYS,universe_daily,NSE_EQ|INE627H01017,1d,1,1 days not in Nifty calendar: 2025-04-26
WARN,EXTRA_DAYS,universe_daily,NSE_EQ|INE641C01019,1d,1,1 days not in Nifty calendar: 2025-04-26
WARN,EXTRA_DAYS,universe_daily,NSE_EQ|INE642Z01026,1d,1,1 days not in Nifty calendar: 2025-04-26
WARN,EXTRA_DAYS,universe_daily,NSE_EQ|INE650K01021,1d,1,1 days not in Nifty calendar: 2025-04-26
WARN,EXTRA_DAYS,universe_daily,NSE_EQ|INE688Y01022,1d,1,1 days not in Nifty calendar: 2025-04-26
WARN,EXTRA_DAYS,universe_daily,NSE_EQ|INE694N01015,1d,1,1 days not in Nifty calendar: 2025-04-26
WARN,EXTRA_DAYS,universe_daily,NSE_EQ|INE747K01017,1d,1,1 days not in Nifty calendar: 2025-04-26
WARN,EXTRA_DAYS,universe_daily,NSE_EQ|INE781B01015,1d,1,1 days not in Nifty calendar: 2025-04-26
WARN,EXTRA_DAYS,universe_daily,NSE_EQ|INE819L01012,1d,1,1 days not in Nifty calendar: 2025-04-26
WARN,EXTRA_DAYS,universe_daily,NSE_EQ|INE822G01016,1d,1,1 days not in Nifty calendar: 2025-04-26
WARN,EXTRA_DAYS,universe_daily,NSE_EQ|INE830Q01018,1d,1,1 days not in Nifty calendar: 2025-04-26
WARN,EXTRA_DAYS,universe_daily,NSE_EQ|INE831A01028,1d,1,1 days not in Nifty calendar: 2025-04-26
WARN,EXTRA_DAYS,universe_daily,NSE_EQ|INE846D01012,1d,1,1 days not in Nifty calendar: 2025-04-26
WARN,EXTRA_DAYS,universe_daily,NSE_EQ|INE863T01013,1d,1,1 days not in Nifty calendar: 2025-04-26
WARN,EXTRA_DAYS,universe_daily,NSE_EQ|INE865C01022,1d,1,1 days not in Nifty calendar: 2025-04-26
WARN,EXTRA_DAYS,universe_daily,NSE_EQ|INE865T01018,1d,1,1 days not in Nifty calendar: 2025-04-26
WARN,EXTRA_DAYS,universe_daily,NSE_EQ|INE874F01027,1d,1,1 days not in Nifty calendar: 2025-04-26
WARN,EXTRA_DAYS,universe_daily,NSE_EQ|INE920A01037,1d,1,1 days not in Nifty calendar: 2025-04-26
WARN,EXTRA_DAYS,universe_daily,NSE_EQ|INE970N01027,1d,1,1 days not in Nifty calendar: 2025-04-26
WARN,EXTRA_DAYS,universe_daily,NSE_EQ|INF082J01408,1d,1,1 days not in Nifty calendar: 2010-05-16
WARN,EXTRA_DAYS,universe_daily,NSE_EQ|INF174KA1HJ8,1d,1,1 days not in Nifty calendar: 2010-05-16
WARN,EXTRA_DAYS,universe_daily,NSE_EQ|INF200KA16D8,1d,1,1 days not in Nifty calendar: 2010-05-16
WARN,EXTRA_DAYS,universe_daily,NSE_EQ|INF204KB17I5,1d,1,1 days not in Nifty calendar: 2010-05-16
WARN,EXTRA_DAYS,universe_daily,NSE_EQ|INF205KA1BP1,1d,1,1 days not in Nifty calendar: 2010-05-16
WARN,EXTRA_DAYS,universe_daily,NSE_EQ|INF789F1AUX7,1d,1,1 days not in Nifty calendar: 2010-05-16
WARN,EXTRA_DAYS,indices_daily,NSE_INDEX|Nifty GS 10Yr,1d,1774,"1774 days not in Nifty calendar: 2001-01-06, 2001-01-07, 2001-01-13, 2001-01-14, 2001-01-20 (+1769 more)"
WARN,EXTRA_DAYS,indices_daily,NSE_INDEX|Nifty GS 10Yr Cln,1d,1,1 days not in Nifty calendar: 2022-03-01
WARN,EXTRA_DAYS,indices_daily,NSE_INDEX|Nifty GS 4 8Yr,1d,1,1 days not in Nifty calendar: 2022-03-01
WARN,EXTRA_DAYS,indices_daily,NSE_INDEX|Nifty GS 8 13Yr,1d,1,1 days not in Nifty calendar: 2022-03-01
WARN,FLAT_BAR_RUN,universe_daily,NSE_EQ|INE012Q01039,1d,23,23 consecutive flat bars ending 2026-04-02
WARN,FLAT_BAR_RUN,universe_daily,NSE_EQ|INE01FR01028,1d,5,5 consecutive flat bars ending 2026-06-29
WARN,FLAT_BAR_RUN,universe_daily,NSE_EQ|INE097E01028,1d,18,18 consecutive flat bars ending 2026-10-07
WARN,FLAT_BAR_RUN,universe_daily,NSE_EQ|INE0AE001013,1d,10,10 consecutive flat bars ending 2026-07-03
WARN,FLAT_BAR_RUN,universe_daily,NSE_EQ|INE0D0K01022,1d,9,9 consecutive flat bars ending 2026-07-22
WARN,FLAT_BAR_RUN,universe_daily,NSE_EQ|INE0JWS01017,1d,5,5 consecutive flat bars ending 2026-08-17
WARN,FLAT_BAR_RUN,universe_daily,NSE_EQ|INE0KKN01029,1d,7,7 consecutive flat bars ending 2026-09-21
WARN,FLAT_BAR_RUN,universe_daily,NSE_EQ|INE0OU201013,1d,17,17 consecutive flat bars ending 2026-07-28
WARN,FLAT_BAR_RUN,universe_daily,NSE_EQ|INE142I01023,1d,17,17 consecutive flat bars ending 2026-04-10
WARN,FLAT_BAR_RUN,universe_daily,NSE_EQ|INE166R01015,1d,18,18 consecutive flat bars ending 2026-08-04
WARN,FLAT_BAR_RUN,universe_daily,NSE_EQ|INE195N01013,1d,11,11 consecutive flat bars ending 2026-01-07
WARN,FLAT_BAR_RUN,universe_daily,NSE_EQ|INE198H01019,1d,7,7 consecutive flat bars ending 2026-07-17
WARN,FLAT_BAR_RUN,universe_daily,NSE_EQ|INE1JCQ01037,1d,6,6 consecutive flat bars ending 2026-07-29
WARN,FLAT_BAR_RUN,universe_daily,NSE_EQ|INE1SPP01016,1d,6,6 consecutive flat bars ending 2025-12-09
WARN,FLAT_BAR_RUN,universe_daily,NSE_EQ|INE1YPB01014,1d,5,5 consecutive flat bars ending 2026-07-10
WARN,FLAT_BAR_RUN,universe_daily,NSE_EQ|INE235C01036,1d,16,16 consecutive flat bars ending 2026-08-11
WARN,FLAT_BAR_RUN,universe_daily,NSE_EQ|INE286H01012,1d,9,9 consecutive flat bars ending 2025-10-14
WARN,FLAT_BAR_RUN,universe_daily,NSE_EQ|INE308E01029,1d,8,8 consecutive flat bars ending 2025-12-11
WARN,FLAT_BAR_RUN,universe_daily,NSE_EQ|INE361K01017,1d,12,12 consecutive flat bars ending 2026-05-26
WARN,FLAT_BAR_RUN,universe_daily,NSE_EQ|INE365O01028,1d,5,5 consecutive flat bars ending 2026-05-12
WARN,FLAT_BAR_RUN,universe_daily,NSE_EQ|INE460D01038,1d,10,10 consecutive flat bars ending 2026-09-17
WARN,FLAT_BAR_RUN,universe_daily,NSE_EQ|INE507F01023,1d,23,23 consecutive flat bars ending 2026-06-16
WARN,FLAT_BAR_RUN,universe_daily,NSE_EQ|INE574G01013,1d,5,5 consecutive flat bars ending 2026-09-21
WARN,FLAT_BAR_RUN,universe_daily,NSE_EQ|INE657B01025,1d,51,51 consecutive flat bars ending 2026-02-04
WARN,FLAT_BAR_RUN,universe_daily,NSE_EQ|INE763M01028,1d,8,8 consecutive flat bars ending 2026-06-12
WARN,FLAT_BAR_RUN,universe_daily,NSE_EQ|INE771F01041,1d,5,5 consecutive flat bars ending 2025-11-20
WARN,FLAT_BAR_RUN,universe_daily,NSE_EQ|INE778K01012,1d,8,8 consecutive flat bars ending 2026-05-22
WARN,FLAT_BAR_RUN,universe_daily,NSE_EQ|INE813V01022,1d,20,20 consecutive flat bars ending 2026-02-18
WARN,FLAT_BAR_RUN,universe_daily,NSE_EQ|INE970D01010,1d,9,9 consecutive flat bars ending 2026-06-18
WARN,FLAT_BAR_RUN,universe_daily,NSE_EQ|INF247L01AU3,1d,16,16 consecutive flat bars ending 2026-06-05
WARN,FLAT_BAR_RUN,universe_daily,NSE_EQ|INF754K01VW2,1d,5,5 consecutive flat bars ending 2025-11-17
WARN,FLAT_BAR_RUN,universe_daily,NSE_EQ|INF769K01HF4,1d,13,13 consecutive flat bars ending 2026-02-23
WARN,FLAT_BAR_RUN,universe_daily,NSE_EQ|INF769K01HP3,1d,7,7 consecutive flat bars ending 2026-06-01
WARN,GAP_DAILY,universe_daily,NSE_EQ|INE006Z01016,1d,3,"3 missing weekdays in last 2 years (longest run 1): 2025-10-10, 2025-10-21, 2026-06-03"
WARN,GAP_DAILY,universe_daily,NSE_EQ|INE00HZ01011,1d,1,1 missing weekdays in last 2 years (longest run 1): 2026-09-09
WARN,GAP_DAILY,universe_daily,NSE_EQ|INE011D01013,1d,3,"3 missing weekdays in last 2 years (longest run 1): 2026-08-31, 2026-09-17, 2026-10-01"
WARN,GAP_DAILY,universe_daily,NSE_EQ|INE023A01030,1d,1,1 missing weekdays in last 2 years (longest run 1): 2024-10-25
WARN,GAP_DAILY,universe_daily,NSE_EQ|INE029L01018,1d,1,1 missing weekdays in last 2 years (longest run 1): 2024-10-25
WARN,GAP_DAILY,universe_daily,NSE_EQ|INE030C01015,1d,1,1 missing weekdays in last 2 years (longest run 1): 2026-08-19
WARN,GAP_DAILY,universe_daily,NSE_EQ|INE032E01017,1d,1,1 missing weekdays in last 2 years (longest run 1): 2026-10-05
WARN,GAP_DAILY,universe_daily,NSE_EQ|INE03DD01011,1d,1,1 missing weekdays in last 2 years (longest run 1): 2024-12-02
WARN,GAP_DAILY,universe_daily,NSE_EQ|INE05X901010,1d,1,1 missing weekdays in last 2 years (longest run 1): 2026-09-30
WARN,GAP_DAILY,universe_daily,NSE_EQ|INE073V01015,1d,1,1 missing weekdays in last 2 years (longest run 1): 2025-03-12
WARN,GAP_DAILY,universe_daily,NSE_EQ|INE0AK901016,1d,1,1 missing weekdays in last 2 years (longest run 1): 2026-08-21
WARN,GAP_DAILY,universe_daily,NSE_EQ|INE0BTM01013,1d,1,1 missing weekdays in last 2 years (longest run 1): 2026-07-20
WARN,GAP_DAILY,universe_daily,NSE_EQ|INE0CHO01012,1d,4,"4 missing weekdays in last 2 years (longest run 1): 2025-07-02, 2025-07-31, 2026-07-13, 2026-09-21"
WARN,GAP_DAILY,universe_daily,NSE_EQ|INE0KNW01016,1d,1,1 missing weekdays in last 2 years (longest run 1): 2025-08-21
WARN,GAP_DAILY,universe_daily,NSE_EQ|INE0NLT01010,1d,1,1 missing weekdays in last 2 years (longest run 1): 2026-08-24
WARN,GAP_DAILY,universe_daily,NSE_EQ|INE105A01035,1d,4,"4 missing weekdays in last 2 years (longest run 3): 2024-10-25, 2024-10-28, 2024-10-29, 2025-10-29"
WARN,GAP_DAILY,universe_daily,NSE_EQ|INE105I01020,1d,1,1 missing weekdays in last 2 years (longest run 1): 2026-08-24
WARN,GAP_DAILY,universe_daily,NSE_EQ|INE115S01010,1d,1,1 missing weekdays in last 2 years (longest run 1): 2026-05-21
WARN,GAP_DAILY,universe_daily,NSE_EQ|INE137I01015,1d,1,1 missing weekdays in last 2 years (longest run 1): 2024-10-25
WARN,GAP_DAILY,universe_daily,NSE_EQ|INE155Z01011,1d,1,1 missing weekdays in last 2 years (longest run 1): 2024-10-25
WARN,GAP_DAILY,universe_daily,NSE_EQ|INE166R01015,1d,1,1 missing weekdays in last 2 years (longest run 1): 2026-06-02
WARN,GAP_DAILY,universe_daily,NSE_EQ|INE167H01014,1d,3,"3 missing weekdays in last 2 years (longest run 2): 2026-09-01, 2026-09-02, 2026-09-22"
WARN,GAP_DAILY,universe_daily,NSE_EQ|INE199P01028,1d,1,1 missing weekdays in last 2 years (longest run 1): 2026-03-05
WARN,GAP_DAILY,universe_daily,NSE_EQ|INE205F01016,1d,1,1 missing weekdays in last 2 years (longest run 1): 2026-08-27
WARN,GAP_DAILY,universe_daily,NSE_EQ|INE214F01026,1d,1,1 missing weekdays in last 2 years (longest run 1): 2026-07-01
WARN,GAP_DAILY,universe_daily,NSE_EQ|INE24OJ01011,1d,1,1 missing weekdays in last 2 years (longest run 1): 2026-08-24
WARN,GAP_DAILY,universe_daily,NSE_EQ|INE252A01019,1d,1,1 missing weekdays in last 2 years (longest run 1): 2026-08-24
WARN,GAP_DAILY,universe_daily,NSE_EQ|INE265D01015,1d,2,"2 missing weekdays in last 2 years (longest run 1): 2026-08-25, 2026-09-03"
WARN,GAP_DAILY,universe_daily,NSE_EQ|INE288A01013,1d,4,"4 missing weekdays in last 2 years (longest run 2): 2024-10-25, 2024-10-28, 2025-10-29, 2025-10-30"
WARN,GAP_DAILY,universe_daily,NSE_EQ|INE289C01025,1d,1,1 missing weekdays in last 2 years (longest run 1): 2025-10-17
WARN,GAP_DAILY,universe_daily,NSE_EQ|INE304D01012,1d,2,"2 missing weekdays in last 2 years (longest run 1): 2026-09-22, 2026-10-06"
WARN,GAP_DAILY,universe_daily,NSE_EQ|INE320X01016,1d,1,1 missing weekdays in last 2 years (longest run 1): 2026-08-20
WARN,GAP_DAILY,universe_daily,NSE_EQ|INE335W01016,1d,1,1 missing weekdays in last 2 years (longest run 1): 2026-09-29
WARN,GAP_DAILY,universe_daily,NSE_EQ|INE344D01018,1d,1,1 missing weekdays in last 2 years (longest run 1): 2026-09-25
WARN,GAP_DAILY,universe_daily,NSE_EQ|INE362D01010,1d,1,1 missing weekdays in last 2 years (longest run 1): 2026-09-25
WARN,GAP_DAILY,universe_daily,NSE_EQ|INE369C01017,1d,2,"2 missing weekdays in last 2 years (longest run 1): 2025-01-14, 2026-07-24"
WARN,GAP_DAILY,universe_daily,NSE_EQ|INE375Y01018,1d,1,1 missing weekdays in last 2 years (longest run 1): 2024-10-25
WARN,GAP_DAILY,universe_daily,NSE_EQ|INE403Y01018,1d,2,"2 missing weekdays in last 2 years (longest run 1): 2024-10-28, 2024-11-28"
WARN,GAP_DAILY,universe_daily,NSE_EQ|INE417C01014,1d,2,"2 missing weekdays in last 2 years (longest run 2): 2024-10-25, 2024-10-28"
WARN,GAP_DAILY,universe_daily,NSE_EQ|INE471W01019,1d,1,1 missing weekdays in last 2 years (longest run 1): 2026-09-30
WARN,GAP_DAILY,universe_daily,NSE_EQ|INE486Y01013,1d,1,1 missing weekdays in last 2 years (longest run 1): 2026-09-11
WARN,GAP_DAILY,universe_daily,NSE_EQ|INE493H01014,1d,2,"2 missing weekdays in last 2 years (longest run 1): 2026-09-16, 2026-10-06"
WARN,GAP_DAILY,universe_daily,NSE_EQ|INE506Z01015,1d,1,1 missing weekdays in last 2 years (longest run 1): 2026-05-14
WARN,GAP_DAILY,universe_daily,NSE_EQ|INE509F01029,1d,1,1 missing weekdays in last 2 years (longest run 1): 2024-10-25
WARN,GAP_DAILY,universe_daily,NSE_EQ|INE515C01023,1d,2,"2 missing weekdays in last 2 years (longest run 1): 2026-07-14, 2026-07-27"
WARN,GAP_DAILY,universe_daily,NSE_EQ|INE524T01011,1d,1,1 missing weekdays in last 2 years (longest run 1): 2026-08-24
WARN,GAP_DAILY,universe_daily,NSE_EQ|INE531X01018,1d,1,1 missing weekdays in last 2 years (longest run 1): 2026-08-20
WARN,GAP_DAILY,universe_daily,NSE_EQ|INE538A01037,1d,1,1 missing weekdays in last 2 years (longest run 1): 2024-10-25
WARN,GAP_DAILY,universe_daily,NSE_EQ|INE542W01025,1d,1,1 missing weekdays in last 2 years (longest run 1): 2024-10-25
WARN,GAP_DAILY,universe_daily,NSE_EQ|INE550H01011,1d,3,"3 missing weekdays in last 2 years (longest run 1): 2025-04-07, 2025-04-09, 2025-04-25"
WARN,GAP_DAILY,universe_daily,NSE_EQ|INE555P01013,1d,1,1 missing weekdays in last 2 years (longest run 1): 2026-04-30
WARN,GAP_DAILY,universe_daily,NSE_EQ|INE559N01010,1d,1,1 missing weekdays in last 2 years (longest run 1): 2025-12-18
WARN,GAP_DAILY,universe_daily,NSE_EQ|INE610C01014,1d,3,"3 missing weekdays in last 2 years (longest run 1): 2025-03-13, 2025-08-08, 2026-05-06"
WARN,GAP_DAILY,universe_daily,NSE_EQ|INE613B01010,1d,4,"4 missing weekdays in last 2 years (longest run 1): 2026-02-10, 2026-06-05, 2026-07-28, 2026-08-14"
WARN,GAP_DAILY,universe_daily,NSE_EQ|INE617A01013,1d,2,"2 missing weekdays in last 2 years (longest run 1): 2026-07-23, 2026-09-02"
WARN,GAP_DAILY,universe_daily,NSE_EQ|INE630Y01024,1d,1,1 missing weekdays in last 2 years (longest run 1): 2024-10-25
WARN,GAP_DAILY,universe_daily,NSE_EQ|INE644Y01017,1d,1,1 missing weekdays in last 2 years (longest run 1): 2026-07-08
WARN,GAP_DAILY,universe_daily,NSE_EQ|INE646C01018,1d,1,1 missing weekdays in last 2 years (longest run 1): 2025-10-21
WARN,GAP_DAILY,universe_daily,NSE_EQ|INE670X01014,1d,1,1 missing weekdays in last 2 years (longest run 1): 2026-08-24
WARN,GAP_DAILY,universe_daily,NSE_EQ|INE671C01016,1d,3,"3 missing weekdays in last 2 years (longest run 1): 2026-08-19, 2026-08-27, 2026-09-23"
WARN,GAP_DAILY,universe_daily,NSE_EQ|INE689O01013,1d,1,1 missing weekdays in last 2 years (longest run 1): 2026-08-31
WARN,GAP_DAILY,universe_daily,NSE_EQ|INE693D01018,1d,2,"2 missing weekdays in last 2 years (longest run 1): 2026-08-18, 2026-08-27"
WARN,GAP_DAILY,universe_daily,NSE_EQ|INE713C01016,1d,1,1 missing weekdays in last 2 years (longest run 1): 2025-01-13
WARN,GAP_DAILY,universe_daily,NSE_EQ|INE725L01011,1d,1,1 missing weekdays in last 2 years (longest run 1): 2024-10-25
WARN,GAP_DAILY,universe_daily,NSE_EQ|INE782D01027,1d,4,"4 missing weekdays in last 2 years (longest run 2): 2026-09-08, 2026-09-10, 2026-09-30, 2026-10-01"
WARN,GAP_DAILY,universe_daily,NSE_EQ|INE794W01014,1d,2,"2 missing weekdays in last 2 years (longest run 1): 2026-04-08, 2026-06-12"
WARN,GAP_DAILY,universe_daily,NSE_EQ|INE819L01012,1d,1,1 missing weekdays in last 2 years (longest run 1): 2024-10-25
WARN,GAP_DAILY,universe_daily,NSE_EQ|INE829S01016,1d,2,"2 missing weekdays in last 2 years (longest run 1): 2026-09-24, 2026-09-29"
WARN,GAP_DAILY,universe_daily,NSE_EQ|INE830Q01018,1d,1,1 missing weekdays in last 2 years (longest run 1): 2024-10-25
WARN,GAP_DAILY,universe_daily,NSE_EQ|INE843L01012,1d,2,"2 missing weekdays in last 2 years (longest run 1): 2026-09-17, 2026-09-25"
WARN,GAP_DAILY,universe_daily,NSE_EQ|INE850E01012,1d,1,1 missing weekdays in last 2 years (longest run 1): 2026-06-30
WARN,GAP_DAILY,universe_daily,NSE_EQ|INE855A01019,1d,3,"3 missing weekdays in last 2 years (longest run 1): 2026-08-19, 2026-08-28, 2026-09-11"
WARN,GAP_DAILY,universe_daily,NSE_EQ|INE914G01029,1d,1,1 missing weekdays in last 2 years (longest run 1): 2026-09-09
WARN,GAP_DAILY,universe_daily,NSE_EQ|INE923A01015,1d,2,"2 missing weekdays in last 2 years (longest run 2): 2025-10-29, 2025-10-30"
WARN,GAP_DAILY,universe_daily,NSE_EQ|INE938C01019,1d,1,1 missing weekdays in last 2 years (longest run 1): 2026-09-10
WARN,GAP_DAILY,universe_daily,NSE_EQ|INE967G01019,1d,1,1 missing weekdays in last 2 years (longest run 1): 2026-08-06
WARN,GAP_DAILY,universe_daily,NSE_EQ|INE991I01015,1d,1,1 missing weekdays in last 2 years (longest run 1): 2025-10-31
WARN,GAP_DAILY,universe_daily,NSE_EQ|INF082J01408,1d,1,1 missing weekdays in last 2 years (longest run 1): 2026-08-24
WARN,GAP_DAILY,universe_daily,NSE_EQ|INF082J01499,1d,1,1 missing weekdays in last 2 years (longest run 1): 2026-08-24
WARN,GAP_DAILY,universe_daily,NSE_EQ|INF0QA701714,1d,1,1 missing weekdays in last 2 years (longest run 1): 2026-08-24
WARN,GAP_DAILY,universe_daily,NSE_EQ|INF0QA701722,1d,1,1 missing weekdays in last 2 years (longest run 1): 2026-08-24
WARN,GAP_DAILY,universe_daily,NSE_EQ|INF0QA701854,1d,2,"2 missing weekdays in last 2 years (longest run 1): 2024-10-30, 2026-08-24"
WARN,GAP_DAILY,universe_daily,NSE_EQ|INF0QA701CI0,1d,1,1 missing weekdays in last 2 years (longest run 1): 2026-08-24
WARN,GAP_DAILY,universe_daily,NSE_EQ|INF0R8F01034,1d,1,1 missing weekdays in last 2 years (longest run 1): 2026-08-24
WARN,GAP_DAILY,universe_daily,NSE_EQ|INF0R8F01042,1d,1,1 missing weekdays in last 2 years (longest run 1): 2026-08-24
WARN,GAP_DAILY,universe_daily,NSE_EQ|INF0R8F01059,1d,1,1 missing weekdays in last 2 years (longest run 1): 2026-08-24
WARN,GAP_DAILY,universe_daily,NSE_EQ|INF0R8F01067,1d,1,1 missing weekdays in last 2 years (longest run 1): 2026-08-24
WARN,GAP_DAILY,universe_daily,NSE_EQ|INF0R8F01091,1d,1,1 missing weekdays in last 2 years (longest run 1): 2026-08-24
WARN,GAP_DAILY,universe_daily,NSE_EQ|INF0R8F01133,1d,1,1 missing weekdays in last 2 years (longest run 1): 2026-08-24
WARN,GAP_DAILY,universe_daily,NSE_EQ|INF0R8F01141,1d,1,1 missing weekdays in last 2 years (longest run 1): 2026-08-24
WARN,GAP_DAILY,universe_daily,NSE_EQ|INF0R8F01166,1d,1,1 missing weekdays in last 2 years (longest run 1): 2026-08-24
WARN,GAP_DAILY,universe_daily,NSE_EQ|INF109K012R6,1d,1,1 missing weekdays in last 2 years (longest run 1): 2026-08-24
WARN,GAP_DAILY,universe_daily,NSE_EQ|INF109K1A021,1d,2,"2 missing weekdays in last 2 years (longest run 1): 2025-03-28, 2026-08-24"
WARN,GAP_DAILY,universe_daily,NSE_EQ|INF109K1A153,1d,1,1 missing weekdays in last 2 years (longest run 1): 2026-08-24
WARN,GAP_DAILY,universe_daily,NSE_EQ|INF109K1A344,1d,1,1 missing weekdays in last 2 years (longest run 1): 2026-08-24
WARN,GAP_DAILY,universe_daily,NSE_EQ|INF109K1A476,1d,1,1 missing weekdays in last 2 years (longest run 1): 2026-08-24
WARN,GAP_DAILY,universe_daily,NSE_EQ|INF109K1A567,1d,1,1 missing weekdays in last 2 years (longest run 1): 2026-08-24
WARN,GAP_DAILY,universe_daily,NSE_EQ|INF109KB15Y7,1d,1,1 missing weekdays in last 2 years (longest run 1): 2026-08-24
WARN,GAP_DAILY,universe_daily,NSE_EQ|INF109KC10S8,1d,1,1 missing weekdays in last 2 years (longest run 1): 2026-08-24
WARN,GAP_DAILY,universe_daily,NSE_EQ|INF109KC10V2,1d,1,1 missing weekdays in last 2 years (longest run 1): 2026-08-24
WARN,GAP_DAILY,universe_daily,NSE_EQ|INF109KC10W0,1d,1,1 missing weekdays in last 2 years (longest run 1): 2026-08-24
WARN,GAP_DAILY,universe_daily,NSE_EQ|INF109KC11V0,1d,1,1 missing weekdays in last 2 years (longest run 1): 2026-08-24
WARN,GAP_DAILY,universe_daily,NSE_EQ|INF109KC11W8,1d,1,1 missing weekdays in last 2 years (longest run 1): 2026-08-24
WARN,GAP_DAILY,universe_daily,NSE_EQ|INF109KC14A8,1d,3,"3 missing weekdays in last 2 years (longest run 1): 2024-11-05, 2024-11-22, 2026-08-24"
WARN,GAP_DAILY,universe_daily,NSE_EQ|INF109KC15I8,1d,1,1 missing weekdays in last 2 years (longest run 1): 2026-08-24
WARN,GAP_DAILY,universe_daily,NSE_EQ|INF109KC16E5,1d,1,1 missing weekdays in last 2 years (longest run 1): 2026-08-24
WARN,GAP_DAILY,universe_daily,NSE_EQ|INF109KC16I6,1d,1,1 missing weekdays in last 2 years (longest run 1): 2026-08-24
WARN,GAP_DAILY,universe_daily,NSE_EQ|INF109KC16V9,1d,1,1 missing weekdays in last 2 years (longest run 1): 2026-08-24
WARN,GAP_DAILY,universe_daily,NSE_EQ|INF109KC16X5,1d,1,1 missing weekdays in last 2 years (longest run 1): 2026-08-24
WARN,GAP_DAILY,universe_daily,NSE_EQ|INF109KC17C7,1d,1,1 missing weekdays in last 2 years (longest run 1): 2026-08-24
WARN,GAP_DAILY,universe_daily,NSE_EQ|INF109KC17L8,1d,1,1 missing weekdays in last 2 years (longest run 1): 2026-08-24
WARN,GAP_DAILY,universe_daily,NSE_EQ|INF109KC17V7,1d,1,1 missing weekdays in last 2 years (longest run 1): 2026-08-24
WARN,GAP_DAILY,universe_daily,NSE_EQ|INF109KC18U7,1d,1,1 missing weekdays in last 2 years (longest run 1): 2026-08-24
WARN,GAP_DAILY,universe_daily,NSE_EQ|INF109KC18V5,1d,1,1 missing weekdays in last 2 years (longest run 1): 2026-08-24
WARN,GAP_DAILY,universe_daily,NSE_EQ|INF109KC18W3,1d,1,1 missing weekdays in last 2 years (longest run 1): 2026-08-24
WARN,GAP_DAILY,universe_daily,NSE_EQ|INF109KC19O8,1d,1,1 missing weekdays in last 2 years (longest run 1): 2026-08-24
WARN,GAP_DAILY,universe_daily,NSE_EQ|INF109KC19U5,1d,1,1 missing weekdays in last 2 years (longest run 1): 2026-08-24
WARN,GAP_DAILY,universe_daily,NSE_EQ|INF109KC19V3,1d,1,1 missing weekdays in last 2 years (longest run 1): 2026-08-24
WARN,GAP_DAILY,universe_daily,NSE_EQ|INF109KC19W1,1d,1,1 missing weekdays in last 2 years (longest run 1): 2026-08-24
WARN,GAP_DAILY,universe_daily,NSE_EQ|INF109KC1KT9,1d,1,1 missing weekdays in last 2 years (longest run 1): 2026-08-24
WARN,GAP_DAILY,universe_daily,NSE_EQ|INF109KC1NS5,1d,1,1 missing weekdays in last 2 years (longest run 1): 2026-08-24
WARN,GAP_DAILY,universe_daily,NSE_EQ|INF109KC1NT3,1d,1,1 missing weekdays in last 2 years (longest run 1): 2026-08-24
WARN,GAP_DAILY,universe_daily,NSE_EQ|INF109KC1Q72,1d,1,1 missing weekdays in last 2 years (longest run 1): 2026-08-24
WARN,GAP_DAILY,universe_daily,NSE_EQ|INF109KC1V42,1d,1,1 missing weekdays in last 2 years (longest run 1): 2026-08-24
WARN,GAP_DAILY,universe_daily,NSE_EQ|INF109KC1V59,1d,1,1 missing weekdays in last 2 years (longest run 1): 2026-08-24
WARN,GAP_DAILY,universe_daily,NSE_EQ|INF109KC1Y56,1d,1,1 missing weekdays in last 2 years (longest run 1): 2026-08-24
WARN,GAP_DAILY,universe_daily,NSE_EQ|INF174K014P6,1d,1,1 missing weekdays in last 2 years (longest run 1): 2026-08-24
WARN,GAP_DAILY,universe_daily,NSE_EQ|INF174KA1A86,1d,1,1 missing weekdays in last 2 years (longest run 1): 2026-08-24
WARN,GAP_DAILY,universe_daily,NSE_EQ|INF174KA1A94,1d,1,1 missing weekdays in last 2 years (longest run 1): 2026-08-24
WARN,GAP_DAILY,universe_daily,NSE_EQ|INF174KA1GC5,1d,1,1 missing weekdays in last 2 years (longest run 1): 2026-08-24
WARN,GAP_DAILY,universe_daily,NSE_EQ|INF174KA1HJ8,1d,1,1 missing weekdays in last 2 years (longest run 1): 2026-08-24
WARN,GAP_DAILY,universe_daily,NSE_EQ|INF174KA1IA5,1d,1,1 missing weekdays in last 2 years (longest run 1): 2026-08-24
WARN,GAP_DAILY,universe_daily,NSE_EQ|INF174KA1IY5,1d,1,1 missing weekdays in last 2 years (longest run 1): 2026-08-24
WARN,GAP_DAILY,universe_daily,NSE_EQ|INF174KA1JF2,1d,1,1 missing weekdays in last 2 years (longest run 1): 2026-08-24
WARN,GAP_DAILY,universe_daily,NSE_EQ|INF174KA1LV5,1d,1,1 missing weekdays in last 2 years (longest run 1): 2026-08-24
WARN,GAP_DAILY,universe_daily,NSE_EQ|INF174KA1UW4,1d,1,1 missing weekdays in last 2 years (longest run 1): 2026-08-24
WARN,GAP_DAILY,universe_daily,NSE_EQ|INF174KA1VD2,1d,1,1 missing weekdays in last 2 years (longest run 1): 2026-08-24
WARN,GAP_DAILY,universe_daily,NSE_EQ|INF174KA1VW2,1d,1,1 missing weekdays in last 2 years (longest run 1): 2026-08-24
WARN,GAP_DAILY,universe_daily,NSE_EQ|INF174KA1WT6,1d,1,1 missing weekdays in last 2 years (longest run 1): 2026-08-24
WARN,GAP_DAILY,universe_daily,NSE_EQ|INF174KA1XS6,1d,1,1 missing weekdays in last 2 years (longest run 1): 2026-08-24
WARN,GAP_DAILY,universe_daily,NSE_EQ|INF174KA1XV0,1d,1,1 missing weekdays in last 2 years (longest run 1): 2026-08-24
WARN,GAP_DAILY,universe_daily,NSE_EQ|INF174KA1YO3,1d,1,1 missing weekdays in last 2 years (longest run 1): 2026-08-24
WARN,GAP_DAILY,universe_daily,NSE_EQ|INF174KA1ZB7,1d,1,1 missing weekdays in last 2 years (longest run 1): 2026-08-24
WARN,GAP_DAILY,universe_daily,NSE_EQ|INF174KA1ZC5,1d,1,1 missing weekdays in last 2 years (longest run 1): 2026-08-24
WARN,GAP_DAILY,universe_daily,NSE_EQ|INF174KA1ZD3,1d,1,1 missing weekdays in last 2 years (longest run 1): 2026-08-24
WARN,GAP_DAILY,universe_daily,NSE_EQ|INF174KA1ZE1,1d,1,1 missing weekdays in last 2 years (longest run 1): 2026-08-24
WARN,GAP_DAILY,universe_daily,NSE_EQ|INF174KA1ZF8,1d,1,1 missing weekdays in last 2 years (longest run 1): 2026-08-24
WARN,GAP_DAILY,universe_daily,NSE_EQ|INF179KC1965,1d,1,1 missing weekdays in last 2 years (longest run 1): 2026-08-24
WARN,GAP_DAILY,universe_daily,NSE_EQ|INF179KC1981,1d,1,1 missing weekdays in last 2 years (longest run 1): 2026-08-24
WARN,GAP_DAILY,universe_daily,NSE_EQ|INF179KC1DI2,1d,1,1 missing weekdays in last 2 years (longest run 1): 2026-08-24
WARN,GAP_DAILY,universe_daily,NSE_EQ|INF179KC1DJ0,1d,1,1 missing weekdays in last 2 years (longest run 1): 2026-08-24
WARN,GAP_DAILY,universe_daily,NSE_EQ|INF179KC1DK8,1d,1,1 missing weekdays in last 2 years (longest run 1): 2026-08-24
WARN,GAP_DAILY,universe_daily,NSE_EQ|INF179KC1DL6,1d,1,1 missing weekdays in last 2 years (longest run 1): 2026-08-24
WARN,GAP_DAILY,universe_daily,NSE_EQ|INF179KC1EZ4,1d,1,1 missing weekdays in last 2 years (longest run 1): 2026-08-24
WARN,GAP_DAILY,universe_daily,NSE_EQ|INF179KC1FB2,1d,1,1 missing weekdays in last 2 years (longest run 1): 2026-08-24
WARN,GAP_DAILY,universe_daily,NSE_EQ|INF179KC1HR4,1d,1,1 missing weekdays in last 2 years (longest run 1): 2026-08-24
WARN,GAP_DAILY,universe_daily,NSE_EQ|INF179KC1HS2,1d,1,1 missing weekdays in last 2 years (longest run 1): 2026-08-24
WARN,GAP_DAILY,universe_daily,NSE_EQ|INF179KC1HT0,1d,1,1 missing weekdays in last 2 years (longest run 1): 2026-08-24
WARN,GAP_DAILY,universe_daily,NSE_EQ|INF179KC1HU8,1d,1,1 missing weekdays in last 2 years (longest run 1): 2026-08-24
WARN,GAP_DAILY,universe_daily,NSE_EQ|INF179KC1HV6,1d,1,1 missing weekdays in last 2 years (longest run 1): 2026-08-24
WARN,GAP_DAILY,universe_daily,NSE_EQ|INF179KC1HW4,1d,1,1 missing weekdays in last 2 years (longest run 1): 2026-08-24
WARN,GAP_DAILY,universe_daily,NSE_EQ|INF179KC1HX2,1d,1,1 missing weekdays in last 2 years (longest run 1): 2026-08-24
WARN,GAP_DAILY,universe_daily,NSE_EQ|INF179KC1HY0,1d,1,1 missing weekdays in last 2 years (longest run 1): 2026-08-24
WARN,GAP_DAILY,universe_daily,NSE_EQ|INF179KC1HZ7,1d,1,1 missing weekdays in last 2 years (longest run 1): 2026-08-24
WARN,GAP_DAILY,universe_daily,NSE_EQ|INF179KC1IA8,1d,1,1 missing weekdays in last 2 years (longest run 1): 2026-08-24
WARN,GAP_DAILY,universe_daily,NSE_EQ|INF179KC1JG3,1d,2,"2 missing weekdays in last 2 years (longest run 1): 2024-11-01, 2026-08-24"
WARN,GAP_DAILY,universe_daily,NSE_EQ|INF179KC1KT4,1d,1,1 missing weekdays in last 2 years (longest run 1): 2026-08-24
WARN,GAP_DAILY,universe_daily,NSE_EQ|INF194KA1U07,1d,1,1 missing weekdays in last 2 years (longest run 1): 2026-08-24
WARN,GAP_DAILY,universe_daily,NSE_EQ|INF194KB1KI9,1d,1,1 missing weekdays in last 2 years (longest run 1): 2026-08-24
WARN,GAP_DAILY,universe_daily,NSE_EQ|INF194KB1KJ7,1d,1,1 missing weekdays in last 2 years (longest run 1): 2026-08-24
WARN,GAP_DAILY,universe_daily,NSE_EQ|INF1J2R01015,1d,1,1 missing weekdays in last 2 years (longest run 1): 2026-08-24
WARN,GAP_DAILY,universe_daily,NSE_EQ|INF1J2R01056,1d,1,1 missing weekdays in last 2 years (longest run 1): 2026-08-24
WARN,GAP_DAILY,universe_daily,NSE_EQ|INF1J2R01064,1d,1,1 missing weekdays in last 2 years (longest run 1): 2026-08-24
WARN,GAP_DAILY,universe_daily,NSE_EQ|INF1J2R01114,1d,1,1 missing weekdays in last 2 years (longest run 1): 2026-08-24
WARN,GAP_DAILY,universe_daily,NSE_EQ|INF1J2R01148,1d,1,1 missing weekdays in last 2 years (longest run 1): 2026-08-24
WARN,GAP_DAILY,universe_daily,NSE_EQ|INF1J2R01171,1d,1,1 missing weekdays in last 2 years (longest run 1): 2026-08-24
WARN,GAP_DAILY,universe_daily,NSE_EQ|INF200KA13Z8,1d,1,1 missing weekdays in last 2 years (longest run 1): 2026-08-24
WARN,GAP_DAILY,universe_daily,NSE_EQ|INF200KA1580,1d,1,1 missing weekdays in last 2 years (longest run 1): 2026-08-24
WARN,GAP_DAILY,universe_daily,NSE_EQ|INF200KA1598,1d,1,1 missing weekdays in last 2 years (longest run 1): 2026-08-24
WARN,GAP_DAILY,universe_daily,NSE_EQ|INF200KA16D8,1d,1,1 missing weekdays in last 2 years (longest run 1): 2026-08-24
WARN,GAP_DAILY,universe_daily,NSE_EQ|INF200KA1FS1,1d,1,1 missing weekdays in last 2 years (longest run 1): 2026-08-24
WARN,GAP_DAILY,universe_daily,NSE_EQ|INF200KA1JT1,1d,1,1 missing weekdays in last 2 years (longest run 1): 2026-08-24
WARN,GAP_DAILY,universe_daily,NSE_EQ|INF200KA1S14,1d,1,1 missing weekdays in last 2 years (longest run 1): 2026-08-24
WARN,GAP_DAILY,universe_daily,NSE_EQ|INF200KA1S22,1d,1,1 missing weekdays in last 2 years (longest run 1): 2026-08-24
WARN,GAP_DAILY,universe_daily,NSE_EQ|INF200KA1WX6,1d,1,1 missing weekdays in last 2 years (longest run 1): 2026-08-24
WARN,GAP_DAILY,universe_daily,NSE_EQ|INF200KA1X17,1d,1,1 missing weekdays in last 2 years (longest run 1): 2026-08-24
WARN,GAP_DAILY,universe_daily,NSE_EQ|INF200KB1217,1d,1,1 missing weekdays in last 2 years (longest run 1): 2026-08-24
WARN,GAP_DAILY,universe_daily,NSE_EQ|INF200KB1282,1d,1,1 missing weekdays in last 2 years (longest run 1): 2026-08-24
WARN,GAP_DAILY,universe_daily,NSE_EQ|INF200KB1712,1d,1,1 missing weekdays in last 2 years (longest run 1): 2026-08-24
WARN,GAP_DAILY,universe_daily,NSE_EQ|INF200KB1969,1d,3,"3 missing weekdays in last 2 years (longest run 1): 2025-08-29, 2025-10-21, 2026-08-24"
WARN,GAP_DAILY,universe_daily,NSE_EQ|INF200KB1AJ0,1d,1,1 missing weekdays in last 2 years (longest run 1): 2026-08-24
WARN,GAP_DAILY,universe_daily,NSE_EQ|INF200KB1AK8,1d,1,1 missing weekdays in last 2 years (longest run 1): 2026-08-24
WARN,GAP_DAILY,universe_daily,NSE_EQ|INF200KB1AX1,1d,1,1 missing weekdays in last 2 years (longest run 1): 2026-08-24
WARN,GAP_DAILY,universe_daily,NSE_EQ|INF200KB1AY9,1d,1,1 missing weekdays in last 2 years (longest run 1): 2026-08-24
WARN,GAP_DAILY,universe_daily,NSE_EQ|INF204K014N5,1d,1,1 missing weekdays in last 2 years (longest run 1): 2026-08-24
WARN,GAP_DAILY,universe_daily,NSE_EQ|INF204KA1LD7,1d,1,1 missing weekdays in last 2 years (longest run 1): 2026-08-24
WARN,GAP_DAILY,universe_daily,NSE_EQ|INF204KA1MS3,1d,1,1 missing weekdays in last 2 years (longest run 1): 2026-08-24
WARN,GAP_DAILY,universe_daily,NSE_EQ|INF204KB14I2,1d,1,1 missing weekdays in last 2 years (longest run 1): 2026-08-24
WARN,GAP_DAILY,universe_daily,NSE_EQ|INF204KB15I9,1d,1,1 missing weekdays in last 2 years (longest run 1): 2026-08-24
WARN,GAP_DAILY,universe_daily,NSE_EQ|INF204KB15V2,1d,1,1 missing weekdays in last 2 years (longest run 1): 2026-08-24
WARN,GAP_DAILY,universe_daily,NSE_EQ|INF204KB16I7,1d,1,1 missing weekdays in last 2 years (longest run 1): 2026-08-24
WARN,GAP_DAILY,universe_daily,NSE_EQ|INF204KB17I5,1d,1,1 missing weekdays in last 2 years (longest run 1): 2026-08-24
WARN,GAP_DAILY,universe_daily,NSE_EQ|INF204KB1882,1d,1,1 missing weekdays in last 2 years (longest run 1): 2026-08-24
WARN,GAP_DAILY,universe_daily,NSE_EQ|INF204KB18I3,1d,1,1 missing weekdays in last 2 years (longest run 1): 2026-08-24
WARN,GAP_DAILY,universe_daily,NSE_EQ|INF204KB19I1,1d,1,1 missing weekdays in last 2 years (longest run 1): 2026-08-24
WARN,GAP_DAILY,universe_daily,NSE_EQ|INF204KB1V68,1d,1,1 missing weekdays in last 2 years (longest run 1): 2026-08-24
WARN,GAP_DAILY,universe_daily,NSE_EQ|INF204KC1030,1d,1,1 missing weekdays in last 2 years (longest run 1): 2026-08-24
WARN,GAP_DAILY,universe_daily,NSE_EQ|INF204KC1089,1d,1,1 missing weekdays in last 2 years (longest run 1): 2026-08-24
WARN,GAP_DAILY,universe_daily,NSE_EQ|INF204KC1337,1d,1,1 missing weekdays in last 2 years (longest run 1): 2026-08-24
WARN,GAP_DAILY,universe_daily,NSE_EQ|INF204KC1402,1d,1,1 missing weekdays in last 2 years (longest run 1): 2026-08-24
WARN,GAP_DAILY,universe_daily,NSE_EQ|INF204KC1EZ3,1d,1,1 missing weekdays in last 2 years (longest run 1): 2026-08-24
WARN,GAP_DAILY,universe_daily,NSE_EQ|INF204KC1FU1,1d,1,1 missing weekdays in last 2 years (longest run 1): 2026-08-24
WARN,GAP_DAILY,universe_daily,NSE_EQ|INF204KC1GH6,1d,1,1 missing weekdays in last 2 years (longest run 1): 2026-08-24
WARN,GAP_DAILY,universe_daily,NSE_EQ|INF205KA1BP1,1d,1,1 missing weekdays in last 2 years (longest run 1): 2026-08-24
WARN,GAP_DAILY,universe_daily,NSE_EQ|INF205KA1CA1,1d,1,1 missing weekdays in last 2 years (longest run 1): 2026-08-24
WARN,GAP_DAILY,universe_daily,NSE_EQ|INF205KA1CB9,1d,1,1 missing weekdays in last 2 years (longest run 1): 2026-08-24
WARN,GAP_DAILY,universe_daily,NSE_EQ|INF209KB10C2,1d,1,1 missing weekdays in last 2 years (longest run 1): 2026-08-24
WARN,GAP_DAILY,universe_daily,NSE_EQ|INF209KB10E8,1d,1,1 missing weekdays in last 2 years (longest run 1): 2026-08-24
WARN,GAP_DAILY,universe_daily,NSE_EQ|INF209KB11D8,1d,1,1 missing weekdays in last 2 years (longest run 1): 2026-08-24
WARN,GAP_DAILY,universe_daily,NSE_EQ|INF209KB14K7,1d,1,1 missing weekdays in last 2 years (longest run 1): 2026-08-24
WARN,GAP_DAILY,universe_daily,NSE_EQ|INF209KB15K4,1d,1,1 missing weekdays in last 2 years (longest run 1): 2026-08-24
WARN,GAP_DAILY,universe_daily,NSE_EQ|INF209KB16D7,1d,1,1 missing weekdays in last 2 years (longest run 1): 2026-08-24
WARN,GAP_DAILY,universe_daily,NSE_EQ|INF209KB17D5,1d,1,1 missing weekdays in last 2 years (longest run 1): 2026-08-24
WARN,GAP_DAILY,universe_daily,NSE_EQ|INF209KB18D3,1d,1,1 missing weekdays in last 2 years (longest run 1): 2026-08-24
WARN,GAP_DAILY,universe_daily,NSE_EQ|INF209KB18T9,1d,1,1 missing weekdays in last 2 years (longest run 1): 2026-08-24
WARN,GAP_DAILY,universe_daily,NSE_EQ|INF209KB19D1,1d,1,1 missing weekdays in last 2 years (longest run 1): 2026-08-24
WARN,GAP_DAILY,universe_daily,NSE_EQ|INF209KB19F6,1d,1,1 missing weekdays in last 2 years (longest run 1): 2026-08-24
WARN,GAP_DAILY,universe_daily,NSE_EQ|INF209KB19Z4,1d,1,1 missing weekdays in last 2 years (longest run 1): 2026-08-24
WARN,GAP_DAILY,universe_daily,NSE_EQ|INF209KC1662,1d,2,"2 missing weekdays in last 2 years (longest run 1): 2026-06-15, 2026-08-24"
WARN,GAP_DAILY,universe_daily,NSE_EQ|INF209KC1670,1d,1,1 missing weekdays in last 2 years (longest run 1): 2026-08-24
WARN,GAP_DAILY,universe_daily,NSE_EQ|INF22M001184,1d,1,1 missing weekdays in last 2 years (longest run 1): 2026-08-24
WARN,GAP_DAILY,universe_daily,NSE_EQ|INF247L01023,1d,1,1 missing weekdays in last 2 years (longest run 1): 2026-08-24
WARN,GAP_DAILY,universe_daily,NSE_EQ|INF247L01536,1d,1,1 missing weekdays in last 2 years (longest run 1): 2026-08-24
WARN,GAP_DAILY,universe_daily,NSE_EQ|INF247L01AK4,1d,1,1 missing weekdays in last 2 years (longest run 1): 2026-08-24
WARN,GAP_DAILY,universe_daily,NSE_EQ|INF247L01AP3,1d,1,1 missing weekdays in last 2 years (longest run 1): 2026-08-24
WARN,GAP_DAILY,universe_daily,NSE_EQ|INF247L01AU3,1d,1,1 missing weekdays in last 2 years (longest run 1): 2026-08-24
WARN,GAP_DAILY,universe_daily,NSE_EQ|INF247L01BB1,1d,1,1 missing weekdays in last 2 years (longest run 1): 2026-08-24
WARN,GAP_DAILY,universe_daily,NSE_EQ|INF247L01BE5,1d,1,1 missing weekdays in last 2 years (longest run 1): 2026-08-24
WARN,GAP_DAILY,universe_daily,NSE_EQ|INF247L01BH8,1d,1,1 missing weekdays in last 2 years (longest run 1): 2026-08-24
WARN,GAP_DAILY,universe_daily,NSE_EQ|INF247L01BK2,1d,1,1 missing weekdays in last 2 years (longest run 1): 2026-08-24
WARN,GAP_DAILY,universe_daily,NSE_EQ|INF247L01BL0,1d,1,1 missing weekdays in last 2 years (longest run 1): 2026-08-24
WARN,GAP_DAILY,universe_daily,NSE_EQ|INF247L01BU1,1d,1,1 missing weekdays in last 2 years (longest run 1): 2026-08-24
WARN,GAP_DAILY,universe_daily,NSE_EQ|INF247L01CH6,1d,1,1 missing weekdays in last 2 years (longest run 1): 2026-08-24
WARN,GAP_DAILY,universe_daily,NSE_EQ|INF247L01CI4,1d,1,1 missing weekdays in last 2 years (longest run 1): 2026-08-24
WARN,GAP_DAILY,universe_daily,NSE_EQ|INF247L01DJ0,1d,1,1 missing weekdays in last 2 years (longest run 1): 2026-08-24
WARN,GAP_DAILY,universe_daily,NSE_EQ|INF247L01DK8,1d,1,1 missing weekdays in last 2 years (longest run 1): 2026-08-24
WARN,GAP_DAILY,universe_daily,NSE_EQ|INF247L01EV3,1d,1,1 missing weekdays in last 2 years (longest run 1): 2026-08-24
WARN,GAP_DAILY,universe_daily,NSE_EQ|INF247L01FC0,1d,2,"2 missing weekdays in last 2 years (longest run 1): 2025-06-27, 2026-08-24"
WARN,GAP_DAILY,universe_daily,NSE_EQ|INF247L01FD8,1d,1,1 missing weekdays in last 2 years (longest run 1): 2026-08-24
WARN,GAP_DAILY,universe_daily,NSE_EQ|INF247L01FK3,1d,3,"3 missing weekdays in last 2 years (longest run 1): 2025-07-03, 2025-08-14, 2026-08-24"
WARN,GAP_DAILY,universe_daily,NSE_EQ|INF247L01FL1,1d,1,1 missing weekdays in last 2 years (longest run 1): 2026-08-24
WARN,GAP_DAILY,universe_daily,NSE_EQ|INF247L01FO5,1d,4,"4 missing weekdays in last 2 years (longest run 1): 2025-07-03, 2025-07-10, 2025-07-16, 2026-08-24"
WARN,GAP_DAILY,universe_daily,NSE_EQ|INF247L01FP2,1d,1,1 missing weekdays in last 2 years (longest run 1): 2026-08-24
WARN,GAP_DAILY,universe_daily,NSE_EQ|INF247L01FQ0,1d,1,1 missing weekdays in last 2 years (longest run 1): 2026-08-24
WARN,GAP_DAILY,universe_daily,NSE_EQ|INF247L01FR8,1d,1,1 missing weekdays in last 2 years (longest run 1): 2026-08-24
WARN,GAP_DAILY,universe_daily,NSE_EQ|INF247L01FY4,1d,1,1 missing weekdays in last 2 years (longest run 1): 2026-08-24
WARN,GAP_DAILY,universe_daily,NSE_EQ|INF247L01FZ1,1d,2,"2 missing weekdays in last 2 years (longest run 1): 2025-08-22, 2026-08-24"
WARN,GAP_DAILY,universe_daily,NSE_EQ|INF247L01GG9,1d,1,1 missing weekdays in last 2 years (longest run 1): 2026-08-24
WARN,GAP_DAILY,universe_daily,NSE_EQ|INF247L01GH7,1d,1,1 missing weekdays in last 2 years (longest run 1): 2026-08-24
WARN,GAP_DAILY,universe_daily,NSE_EQ|INF247L01GI5,1d,2,"2 missing weekdays in last 2 years (longest run 1): 2026-03-20, 2026-08-24"
WARN,GAP_DAILY,universe_daily,NSE_EQ|INF247L01GJ3,1d,1,1 missing weekdays in last 2 years (longest run 1): 2026-08-24
WARN,GAP_DAILY,universe_daily,NSE_EQ|INF247L01GK1,1d,2,"2 missing weekdays in last 2 years (longest run 1): 2025-12-30, 2026-08-24"
WARN,GAP_DAILY,universe_daily,NSE_EQ|INF247L01GV8,1d,1,1 missing weekdays in last 2 years (longest run 1): 2026-08-24
WARN,GAP_DAILY,universe_daily,NSE_EQ|INF247L01HG7,1d,1,1 missing weekdays in last 2 years (longest run 1): 2026-08-24
WARN,GAP_DAILY,universe_daily,NSE_EQ|INF247L01HH5,1d,1,1 missing weekdays in last 2 years (longest run 1): 2026-08-24
WARN,GAP_DAILY,universe_daily,NSE_EQ|INF251K01SU9,1d,1,1 missing weekdays in last 2 years (longest run 1): 2026-08-24
WARN,GAP_DAILY,universe_daily,NSE_EQ|INF251K01TL6,1d,1,1 missing weekdays in last 2 years (longest run 1): 2026-08-24
WARN,GAP_DAILY,universe_daily,NSE_EQ|INF277K010X4,1d,1,1 missing weekdays in last 2 years (longest run 1): 2026-08-24
WARN,GAP_DAILY,universe_daily,NSE_EQ|INF277K015R5,1d,1,1 missing weekdays in last 2 years (longest run 1): 2026-08-24
WARN,GAP_DAILY,universe_daily,NSE_EQ|INF277KA1364,1d,1,1 missing weekdays in last 2 years (longest run 1): 2026-08-24
WARN,GAP_DAILY,universe_daily,NSE_EQ|INF277KA1976,1d,1,1 missing weekdays in last 2 years (longest run 1): 2026-08-24
WARN,GAP_DAILY,universe_daily,NSE_EQ|INF277KA1984,1d,1,1 missing weekdays in last 2 years (longest run 1): 2026-08-24
WARN,GAP_DAILY,universe_daily,NSE_EQ|INF2F0001370,1d,1,1 missing weekdays in last 2 years (longest run 1): 2026-08-24
WARN,GAP_DAILY,universe_daily,NSE_EQ|INF2KCX01012,1d,1,1 missing weekdays in last 2 years (longest run 1): 2026-08-24
WARN,GAP_DAILY,universe_daily,NSE_EQ|INF336L01RX2,1d,1,1 missing weekdays in last 2 years (longest run 1): 2026-08-24
WARN,GAP_DAILY,universe_daily,NSE_EQ|INF346A01034,1d,1,1 missing weekdays in last 2 years (longest run 1): 2026-08-24
WARN,GAP_DAILY,universe_daily,NSE_EQ|INF457M01133,1d,1,1 missing weekdays in last 2 years (longest run 1): 2026-08-24
WARN,GAP_DAILY,universe_daily,NSE_EQ|INF579M01BB5,1d,1,1 missing weekdays in last 2 years (longest run 1): 2026-08-24
WARN,GAP_DAILY,universe_daily,NSE_EQ|INF579M01BC3,1d,1,1 missing weekdays in last 2 years (longest run 1): 2026-08-24
WARN,GAP_DAILY,universe_daily,NSE_EQ|INF579M01BP5,1d,2,"2 missing weekdays in last 2 years (longest run 1): 2026-07-10, 2026-08-24"
WARN,GAP_DAILY,universe_daily,NSE_EQ|INF582M01KS4,1d,1,1 missing weekdays in last 2 years (longest run 1): 2026-08-24
WARN,GAP_DAILY,universe_daily,NSE_EQ|INF666M01IH2,1d,1,1 missing weekdays in last 2 years (longest run 1): 2026-08-24
WARN,GAP_DAILY,universe_daily,NSE_EQ|INF666M01IO8,1d,1,1 missing weekdays in last 2 years (longest run 1): 2026-08-24
WARN,GAP_DAILY,universe_daily,NSE_EQ|INF666M01IP5,1d,1,1 missing weekdays in last 2 years (longest run 1): 2026-08-24
WARN,GAP_DAILY,universe_daily,NSE_EQ|INF666M01JJ6,1d,1,1 missing weekdays in last 2 years (longest run 1): 2026-08-24
WARN,GAP_DAILY,universe_daily,NSE_EQ|INF666M01JV1,1d,1,1 missing weekdays in last 2 years (longest run 1): 2026-08-24
WARN,GAP_DAILY,universe_daily,NSE_EQ|INF666M01KJ4,1d,1,1 missing weekdays in last 2 years (longest run 1): 2026-08-24
WARN,GAP_DAILY,universe_daily,NSE_EQ|INF666M01LB9,1d,1,1 missing weekdays in last 2 years (longest run 1): 2026-08-24
WARN,GAP_DAILY,universe_daily,NSE_EQ|INF666M01LI4,1d,1,1 missing weekdays in last 2 years (longest run 1): 2026-08-24
WARN,GAP_DAILY,universe_daily,NSE_EQ|INF666M01LL8,1d,1,1 missing weekdays in last 2 years (longest run 1): 2026-08-24
WARN,GAP_DAILY,universe_daily,NSE_EQ|INF666M01LM6,1d,1,1 missing weekdays in last 2 years (longest run 1): 2026-08-24
WARN,GAP_DAILY,universe_daily,NSE_EQ|INF666M01LZ8,1d,1,1 missing weekdays in last 2 years (longest run 1): 2026-08-24
WARN,GAP_DAILY,universe_daily,NSE_EQ|INF666M01MM4,1d,1,1 missing weekdays in last 2 years (longest run 1): 2026-08-24
WARN,GAP_DAILY,universe_daily,NSE_EQ|INF666M01MN2,1d,1,1 missing weekdays in last 2 years (longest run 1): 2026-08-24
WARN,GAP_DAILY,universe_daily,NSE_EQ|INF666M01MO0,1d,1,1 missing weekdays in last 2 years (longest run 1): 2026-08-24
WARN,GAP_DAILY,universe_daily,NSE_EQ|INF666M01MV5,1d,1,1 missing weekdays in last 2 years (longest run 1): 2026-08-24
WARN,GAP_DAILY,universe_daily,NSE_EQ|INF666M01NI0,1d,1,1 missing weekdays in last 2 years (longest run 1): 2026-08-24
WARN,GAP_DAILY,universe_daily,NSE_EQ|INF666M01NP5,1d,1,1 missing weekdays in last 2 years (longest run 1): 2026-08-24
WARN,GAP_DAILY,universe_daily,NSE_EQ|INF666M01NQ3,1d,1,1 missing weekdays in last 2 years (longest run 1): 2026-08-24
WARN,GAP_DAILY,universe_daily,NSE_EQ|INF666M01OD9,1d,1,1 missing weekdays in last 2 years (longest run 1): 2026-08-24
WARN,GAP_DAILY,universe_daily,NSE_EQ|INF666M01OE7,1d,1,1 missing weekdays in last 2 years (longest run 1): 2026-08-24
WARN,GAP_DAILY,universe_daily,NSE_EQ|INF666M01OF4,1d,1,1 missing weekdays in last 2 years (longest run 1): 2026-08-24
WARN,GAP_DAILY,universe_daily,NSE_EQ|INF666M01OG2,1d,1,1 missing weekdays in last 2 years (longest run 1): 2026-08-24
WARN,GAP_DAILY,universe_daily,NSE_EQ|INF666M01OT5,1d,1,1 missing weekdays in last 2 years (longest run 1): 2026-08-24
WARN,GAP_DAILY,universe_daily,NSE_EQ|INF666M01PG9,1d,1,1 missing weekdays in last 2 years (longest run 1): 2026-08-24
WARN,GAP_DAILY,universe_daily,NSE_EQ|INF666M01PH7,1d,1,1 missing weekdays in last 2 years (longest run 1): 2026-08-24
WARN,GAP_DAILY,universe_daily,NSE_EQ|INF680P01422,1d,1,1 missing weekdays in last 2 years (longest run 1): 2026-08-24
WARN,GAP_DAILY,universe_daily,NSE_EQ|INF732E01037,1d,1,1 missing weekdays in last 2 years (longest run 1): 2026-08-24
WARN,GAP_DAILY,universe_daily,NSE_EQ|INF732E01045,1d,1,1 missing weekdays in last 2 years (longest run 1): 2026-08-24
WARN,GAP_DAILY,universe_daily,NSE_EQ|INF732E01128,1d,1,1 missing weekdays in last 2 years (longest run 1): 2026-08-24
WARN,GAP_DAILY,universe_daily,NSE_EQ|INF732E01268,1d,1,1 missing weekdays in last 2 years (longest run 1): 2026-08-24
WARN,GAP_DAILY,universe_daily,NSE_EQ|INF740KA1CL0,1d,1,1 missing weekdays in last 2 years (longest run 1): 2026-08-24
WARN,GAP_DAILY,universe_daily,NSE_EQ|INF740KA1EU7,1d,1,1 missing weekdays in last 2 years (longest run 1): 2026-08-24
WARN,GAP_DAILY,universe_daily,NSE_EQ|INF740KA1QK2,1d,1,1 missing weekdays in last 2 years (longest run 1): 2026-08-24
WARN,GAP_DAILY,universe_daily,NSE_EQ|INF740KA1RX3,1d,1,1 missing weekdays in last 2 years (longest run 1): 2026-08-24
WARN,GAP_DAILY,universe_daily,NSE_EQ|INF740KA1SX1,1d,1,1 missing weekdays in last 2 years (longest run 1): 2026-08-24
WARN,GAP_DAILY,universe_daily,NSE_EQ|INF740KA1SY9,1d,1,1 missing weekdays in last 2 years (longest run 1): 2026-08-24
WARN,GAP_DAILY,universe_daily,NSE_EQ|INF740KA1SZ6,1d,1,1 missing weekdays in last 2 years (longest run 1): 2026-08-24
WARN,GAP_DAILY,universe_daily,NSE_EQ|INF740KA1TA7,1d,1,1 missing weekdays in last 2 years (longest run 1): 2026-08-24
WARN,GAP_DAILY,universe_daily,NSE_EQ|INF740KA1UM0,1d,1,1 missing weekdays in last 2 years (longest run 1): 2026-08-24
WARN,GAP_DAILY,universe_daily,NSE_EQ|INF740KA1UR9,1d,1,1 missing weekdays in last 2 years (longest run 1): 2026-08-24
WARN,GAP_DAILY,universe_daily,NSE_EQ|INF740KA1VE5,1d,1,1 missing weekdays in last 2 years (longest run 1): 2026-08-24
WARN,GAP_DAILY,universe_daily,NSE_EQ|INF740KA1WU9,1d,1,1 missing weekdays in last 2 years (longest run 1): 2026-08-24
WARN,GAP_DAILY,universe_daily,NSE_EQ|INF740KA1WV7,1d,4,"4 missing weekdays in last 2 years (longest run 1): 2026-05-21, 2026-07-10, 2026-08-24, 2026-10-05"
WARN,GAP_DAILY,universe_daily,NSE_EQ|INF740KA1WW5,1d,1,1 missing weekdays in last 2 years (longest run 1): 2026-08-24
WARN,GAP_DAILY,universe_daily,NSE_EQ|INF740KA1WX3,1d,1,1 missing weekdays in last 2 years (longest run 1): 2026-08-24
WARN,GAP_DAILY,universe_daily,NSE_EQ|INF740KA1XU7,1d,1,1 missing weekdays in last 2 years (longest run 1): 2026-08-24
WARN,GAP_DAILY,universe_daily,NSE_EQ|INF740KA1YH2,1d,1,1 missing weekdays in last 2 years (longest run 1): 2026-08-24
WARN,GAP_DAILY,universe_daily,NSE_EQ|INF740KA1ZA4,1d,1,1 missing weekdays in last 2 years (longest run 1): 2026-08-24
WARN,GAP_DAILY,universe_daily,NSE_EQ|INF740KA1ZF3,1d,1,1 missing weekdays in last 2 years (longest run 1): 2026-08-24
WARN,GAP_DAILY,universe_daily,NSE_EQ|INF740KA1ZG1,1d,2,"2 missing weekdays in last 2 years (longest run 1): 2025-10-21, 2026-08-24"
WARN,GAP_DAILY,universe_daily,NSE_EQ|INF740KA1ZH9,1d,1,1 missing weekdays in last 2 years (longest run 1): 2026-08-24
WARN,GAP_DAILY,universe_daily,NSE_EQ|INF754K01KO2,1d,1,1 missing weekdays in last 2 years (longest run 1): 2026-08-24
WARN,GAP_DAILY,universe_daily,NSE_EQ|INF754K01LE1,1d,1,1 missing weekdays in last 2 years (longest run 1): 2026-08-24
WARN,GAP_DAILY,universe_daily,NSE_EQ|INF754K01OB1,1d,1,1 missing weekdays in last 2 years (longest run 1): 2026-08-24
WARN,GAP_DAILY,universe_daily,NSE_EQ|INF754K01QX0,1d,1,1 missing weekdays in last 2 years (longest run 1): 2026-08-24
WARN,GAP_DAILY,universe_daily,NSE_EQ|INF754K01SE6,1d,1,1 missing weekdays in last 2 years (longest run 1): 2026-08-24
WARN,GAP_DAILY,universe_daily,NSE_EQ|INF754K01SF3,1d,1,1 missing weekdays in last 2 years (longest run 1): 2026-08-24
WARN,GAP_DAILY,universe_daily,NSE_EQ|INF754K01TE4,1d,1,1 missing weekdays in last 2 years (longest run 1): 2026-08-24
WARN,GAP_DAILY,universe_daily,NSE_EQ|INF754K01TF1,1d,1,1 missing weekdays in last 2 years (longest run 1): 2026-08-24
WARN,GAP_DAILY,universe_daily,NSE_EQ|INF754K01TX4,1d,1,1 missing weekdays in last 2 years (longest run 1): 2026-08-24
WARN,GAP_DAILY,universe_daily,NSE_EQ|INF754K01VV4,1d,1,1 missing weekdays in last 2 years (longest run 1): 2026-08-24
WARN,GAP_DAILY,universe_daily,NSE_EQ|INF754K01VX0,1d,1,1 missing weekdays in last 2 years (longest run 1): 2026-08-24
WARN,GAP_DAILY,universe_daily,NSE_EQ|INF754K01VY8,1d,2,"2 missing weekdays in last 2 years (longest run 1): 2026-02-23, 2026-08-24"
WARN,GAP_DAILY,universe_daily,NSE_EQ|INF754K01XF3,1d,1,1 missing weekdays in last 2 years (longest run 1): 2026-08-24
WARN,GAP_DAILY,universe_daily,NSE_EQ|INF754K01XG1,1d,1,1 missing weekdays in last 2 years (longest run 1): 2026-08-24
WARN,GAP_DAILY,universe_daily,NSE_EQ|INF754K01XH9,1d,1,1 missing weekdays in last 2 years (longest run 1): 2026-08-24
WARN,GAP_DAILY,universe_daily,NSE_EQ|INF754K01XI7,1d,1,1 missing weekdays in last 2 years (longest run 1): 2026-08-24
WARN,GAP_DAILY,universe_daily,NSE_EQ|INF767K01MV5,1d,1,1 missing weekdays in last 2 years (longest run 1): 2026-08-24
WARN,GAP_DAILY,universe_daily,NSE_EQ|INF767K01OS7,1d,1,1 missing weekdays in last 2 years (longest run 1): 2026-08-24
WARN,GAP_DAILY,universe_daily,NSE_EQ|INF767K01PC8,1d,3,"3 missing weekdays in last 2 years (longest run 1): 2026-04-27, 2026-07-29, 2026-08-24"
WARN,GAP_DAILY,universe_daily,NSE_EQ|INF767K01RN1,1d,1,1 missing weekdays in last 2 years (longest run 1): 2026-08-24
WARN,GAP_DAILY,universe_daily,NSE_EQ|INF767K01SM1,1d,1,1 missing weekdays in last 2 years (longest run 1): 2026-08-24
WARN,GAP_DAILY,universe_daily,NSE_EQ|INF769K01EG9,1d,1,1 missing weekdays in last 2 years (longest run 1): 2026-08-24
WARN,GAP_DAILY,universe_daily,NSE_EQ|INF769K01FN2,1d,1,1 missing weekdays in last 2 years (longest run 1): 2026-08-24
WARN,GAP_DAILY,universe_daily,NSE_EQ|INF769K01GS9,1d,1,1 missing weekdays in last 2 years (longest run 1): 2026-08-24
WARN,GAP_DAILY,universe_daily,NSE_EQ|INF769K01HF4,1d,1,1 missing weekdays in last 2 years (longest run 1): 2026-08-24
WARN,GAP_DAILY,universe_daily,NSE_EQ|INF769K01HI8,1d,1,1 missing weekdays in last 2 years (longest run 1): 2026-08-24
WARN,GAP_DAILY,universe_daily,NSE_EQ|INF769K01HP3,1d,1,1 missing weekdays in last 2 years (longest run 1): 2026-08-24
WARN,GAP_DAILY,universe_daily,NSE_EQ|INF769K01HS7,1d,1,1 missing weekdays in last 2 years (longest run 1): 2026-08-24
WARN,GAP_DAILY,universe_daily,NSE_EQ|INF769K01IB1,1d,1,1 missing weekdays in last 2 years (longest run 1): 2026-08-24
WARN,GAP_DAILY,universe_daily,NSE_EQ|INF769K01IC9,1d,1,1 missing weekdays in last 2 years (longest run 1): 2026-08-24
WARN,GAP_DAILY,universe_daily,NSE_EQ|INF769K01JP9,1d,1,1 missing weekdays in last 2 years (longest run 1): 2026-08-24
WARN,GAP_DAILY,universe_daily,NSE_EQ|INF769K01JU9,1d,4,"4 missing weekdays in last 2 years (longest run 1): 2026-05-06, 2026-06-15, 2026-06-25, 2026-08-24"
WARN,GAP_DAILY,universe_daily,NSE_EQ|INF769K01KF8,1d,2,"2 missing weekdays in last 2 years (longest run 1): 2026-05-27, 2026-08-24"
WARN,GAP_DAILY,universe_daily,NSE_EQ|INF769K01KG6,1d,1,1 missing weekdays in last 2 years (longest run 1): 2026-08-24
WARN,GAP_DAILY,universe_daily,NSE_EQ|INF769K01KR3,1d,1,1 missing weekdays in last 2 years (longest run 1): 2026-08-24
WARN,GAP_DAILY,universe_daily,NSE_EQ|INF769K01KS1,1d,1,1 missing weekdays in last 2 years (longest run 1): 2026-08-24
WARN,GAP_DAILY,universe_daily,NSE_EQ|INF769K01KT9,1d,1,1 missing weekdays in last 2 years (longest run 1): 2026-08-24
WARN,GAP_DAILY,universe_daily,NSE_EQ|INF769K01KU7,1d,1,1 missing weekdays in last 2 years (longest run 1): 2026-08-24
WARN,GAP_DAILY,universe_daily,NSE_EQ|INF769K01KV5,1d,1,1 missing weekdays in last 2 years (longest run 1): 2026-08-24
WARN,GAP_DAILY,universe_daily,NSE_EQ|INF769K01LC3,1d,1,1 missing weekdays in last 2 years (longest run 1): 2026-08-24
WARN,GAP_DAILY,universe_daily,NSE_EQ|INF769K01LJ8,1d,1,1 missing weekdays in last 2 years (longest run 1): 2026-08-24
WARN,GAP_DAILY,universe_daily,NSE_EQ|INF769K01LQ3,1d,1,1 missing weekdays in last 2 years (longest run 1): 2026-08-24
WARN,GAP_DAILY,universe_daily,NSE_EQ|INF769K01LX9,1d,1,1 missing weekdays in last 2 years (longest run 1): 2026-08-24
WARN,GAP_DAILY,universe_daily,NSE_EQ|INF769K01LY7,1d,1,1 missing weekdays in last 2 years (longest run 1): 2026-08-24
WARN,GAP_DAILY,universe_daily,NSE_EQ|INF769K01LZ4,1d,1,1 missing weekdays in last 2 years (longest run 1): 2026-08-24
WARN,GAP_DAILY,universe_daily,NSE_EQ|INF769K01MY5,1d,1,1 missing weekdays in last 2 years (longest run 1): 2026-08-24
WARN,GAP_DAILY,universe_daily,NSE_EQ|INF769K01NS5,1d,1,1 missing weekdays in last 2 years (longest run 1): 2026-08-24
WARN,GAP_DAILY,universe_daily,NSE_EQ|INF769K01OA1,1d,1,1 missing weekdays in last 2 years (longest run 1): 2026-08-24
WARN,GAP_DAILY,universe_daily,NSE_EQ|INF769K01ON4,1d,1,1 missing weekdays in last 2 years (longest run 1): 2026-08-24
WARN,GAP_DAILY,universe_daily,NSE_EQ|INF769K01OO2,1d,4,"4 missing weekdays in last 2 years (longest run 1): 2025-06-20, 2025-07-09, 2025-09-05, 2026-08-24"
WARN,GAP_DAILY,universe_daily,NSE_EQ|INF769K01PB6,1d,1,1 missing weekdays in last 2 years (longest run 1): 2026-08-24
WARN,GAP_DAILY,universe_daily,NSE_EQ|INF769K01PQ4,1d,1,1 missing weekdays in last 2 years (longest run 1): 2026-08-24
WARN,GAP_DAILY,universe_daily,NSE_EQ|INF769K01PR2,1d,1,1 missing weekdays in last 2 years (longest run 1): 2026-08-24
WARN,GAP_DAILY,universe_daily,NSE_EQ|INF769K01PY8,1d,1,1 missing weekdays in last 2 years (longest run 1): 2026-08-24
WARN,GAP_DAILY,universe_daily,NSE_EQ|INF769K01PZ5,1d,1,1 missing weekdays in last 2 years (longest run 1): 2026-08-24
WARN,GAP_DAILY,universe_daily,NSE_EQ|INF769K01QA6,1d,1,1 missing weekdays in last 2 years (longest run 1): 2026-08-24
WARN,GAP_DAILY,universe_daily,NSE_EQ|INF769K01QB4,1d,1,1 missing weekdays in last 2 years (longest run 1): 2026-08-24
WARN,GAP_DAILY,universe_daily,NSE_EQ|INF769K01QC2,1d,1,1 missing weekdays in last 2 years (longest run 1): 2026-08-24
WARN,GAP_DAILY,universe_daily,NSE_EQ|INF769K01QV2,1d,1,1 missing weekdays in last 2 years (longest run 1): 2026-08-24
WARN,GAP_DAILY,universe_daily,NSE_EQ|INF769K01RC0,1d,1,1 missing weekdays in last 2 years (longest run 1): 2026-08-24
WARN,GAP_DAILY,universe_daily,NSE_EQ|INF769K01RJ5,1d,1,1 missing weekdays in last 2 years (longest run 1): 2026-08-24
WARN,GAP_DAILY,universe_daily,NSE_EQ|INF769K01RK3,1d,1,1 missing weekdays in last 2 years (longest run 1): 2026-08-24
WARN,GAP_DAILY,universe_daily,NSE_EQ|INF789F1AUU3,1d,1,1 missing weekdays in last 2 years (longest run 1): 2026-08-24
WARN,GAP_DAILY,universe_daily,NSE_EQ|INF789F1AUV1,1d,1,1 missing weekdays in last 2 years (longest run 1): 2026-08-24
WARN,GAP_DAILY,universe_daily,NSE_EQ|INF789F1AUW9,1d,1,1 missing weekdays in last 2 years (longest run 1): 2026-08-24
WARN,GAP_DAILY,universe_daily,NSE_EQ|INF789F1AUX7,1d,1,1 missing weekdays in last 2 years (longest run 1): 2026-08-24
WARN,GAP_DAILY,universe_daily,NSE_EQ|INF789F1AYK6,1d,1,1 missing weekdays in last 2 years (longest run 1): 2026-08-24
WARN,GAP_DAILY,universe_daily,NSE_EQ|INF789F1AYX9,1d,1,1 missing weekdays in last 2 years (longest run 1): 2026-08-24
WARN,GAP_DAILY,universe_daily,NSE_EQ|INF789F1AZC0,1d,1,1 missing weekdays in last 2 years (longest run 1): 2026-08-24
WARN,GAP_DAILY,universe_daily,NSE_EQ|INF789F1AZD8,1d,1,1 missing weekdays in last 2 years (longest run 1): 2026-08-24
WARN,GAP_DAILY,universe_daily,NSE_EQ|INF789F1AZF3,1d,2,"2 missing weekdays in last 2 years (longest run 1): 2025-01-30, 2026-08-24"
WARN,GAP_DAILY,universe_daily,NSE_EQ|INF789FB1X58,1d,1,1 missing weekdays in last 2 years (longest run 1): 2026-08-24
WARN,GAP_DAILY,universe_daily,NSE_EQ|INF846K010Q0,1d,1,1 missing weekdays in last 2 years (longest run 1): 2026-08-24
WARN,GAP_DAILY,universe_daily,NSE_EQ|INF846K011K1,1d,1,1 missing weekdays in last 2 years (longest run 1): 2026-08-24
WARN,GAP_DAILY,universe_daily,NSE_EQ|INF846K016C7,1d,1,1 missing weekdays in last 2 years (longest run 1): 2026-08-24
WARN,GAP_DAILY,universe_daily,NSE_EQ|INF846K01W80,1d,1,1 missing weekdays in last 2 years (longest run 1): 2026-08-24
WARN,GAP_DAILY,universe_daily,NSE_EQ|INF846K01W98,1d,1,1 missing weekdays in last 2 years (longest run 1): 2026-08-24
WARN,GAP_DAILY,universe_daily,NSE_EQ|INF846K01X63,1d,2,"2 missing weekdays in last 2 years (longest run 1): 2026-07-31, 2026-08-24"
WARN,GAP_DAILY,universe_daily,NSE_EQ|INF846K01Y96,1d,1,1 missing weekdays in last 2 years (longest run 1): 2026-08-24
WARN,GAP_DAILY,universe_daily,NSE_EQ|INF846K01Z12,1d,1,1 missing weekdays in last 2 years (longest run 1): 2026-08-24
WARN,GAP_DAILY,universe_daily,NSE_EQ|INF846KA1119,1d,1,1 missing weekdays in last 2 years (longest run 1): 2026-08-24
WARN,GAP_DAILY_OLD,universe_daily,NSE_EQ|INE001B01026,1d,25,"25 older missing weekdays (longest run 22): 2004-05-24, 2004-05-25, 2004-05-26 (+22 more)"
WARN,GAP_DAILY_OLD,universe_daily,NSE_EQ|INE003A01024,1d,25,"25 older missing weekdays (longest run 22): 2004-05-24, 2004-05-25, 2004-05-26 (+22 more)"
WARN,GAP_DAILY_OLD,universe_daily,NSE_EQ|INE006Z01016,1d,691,"691 older missing weekdays (longest run 85): 2018-03-09, 2018-03-12, 2018-03-15 (+688 more)"
WARN,GAP_DAILY_OLD,universe_daily,NSE_EQ|INE007A01025,1d,25,"25 older missing weekdays (longest run 22): 2004-05-24, 2004-05-25, 2004-05-26 (+22 more)"
WARN,GAP_DAILY_OLD,universe_daily,NSE_EQ|INE008A01015,1d,25,"25 older missing weekdays (longest run 22): 2004-05-24, 2004-05-25, 2004-05-26 (+22 more)"
WARN,GAP_DAILY_OLD,universe_daily,NSE_EQ|INE009A01021,1d,25,"25 older missing weekdays (longest run 22): 2004-05-24, 2004-05-25, 2004-05-26 (+22 more)"
WARN,GAP_DAILY_OLD,universe_daily,NSE_EQ|INE00IK01029,1d,488,"488 older missing weekdays (longest run 60): 2018-07-26, 2018-08-01, 2018-08-08 (+485 more)"
WARN,GAP_DAILY_OLD,universe_daily,NSE_EQ|INE00LM01029,1d,927,"927 older missing weekdays (longest run 279): 2016-01-08, 2016-01-11, 2016-01-12 (+924 more)"
WARN,GAP_DAILY_OLD,universe_daily,NSE_EQ|INE00PV01013,1d,262,"262 older missing weekdays (longest run 57): 2018-09-18, 2018-09-21, 2018-09-24 (+259 more)"
WARN,GAP_DAILY_OLD,universe_daily,NSE_EQ|INE00Y801016,1d,326,"326 older missing weekdays (longest run 59): 2018-10-11, 2018-10-12, 2018-10-15 (+323 more)"
WARN,GAP_DAILY_OLD,universe_daily,NSE_EQ|INE010A01011,1d,25,"25 older missing weekdays (longest run 22): 2004-05-24, 2004-05-25, 2004-05-26 (+22 more)"
WARN,GAP_DAILY_OLD,universe_daily,NSE_EQ|INE010B01027,1d,25,"25 older missing weekdays (longest run 22): 2004-05-24, 2004-05-25, 2004-05-26 (+22 more)"
WARN,GAP_DAILY_OLD,universe_daily,NSE_EQ|INE012A01025,1d,25,"25 older missing weekdays (longest run 22): 2004-05-24, 2004-05-25, 2004-05-26 (+22 more)"
WARN,GAP_DAILY_OLD,universe_daily,NSE_EQ|INE014B01011,1d,11,"11 older missing weekdays (longest run 2): 2023-07-28, 2023-09-20, 2023-10-11 (+8 more)"
WARN,GAP_DAILY_OLD,universe_daily,NSE_EQ|INE016A01026,1d,25,"25 older missing weekdays (longest run 22): 2004-05-24, 2004-05-25, 2004-05-26 (+22 more)"
WARN,GAP_DAILY_OLD,universe_daily,NSE_EQ|INE016M01021,1d,68,"68 older missing weekdays (longest run 32): 2018-11-07, 2019-01-08, 2019-01-09 (+65 more)"
WARN,GAP_DAILY_OLD,universe_daily,NSE_EQ|INE017A01032,1d,25,"25 older missing weekdays (longest run 22): 2004-05-24, 2004-05-25, 2004-05-26 (+22 more)"
WARN,GAP_DAILY_OLD,universe_daily,NSE_EQ|INE017W01010,1d,8,"8 older missing weekdays (longest run 4): 2023-07-11, 2023-07-12, 2023-07-13 (+5 more)"
WARN,GAP_DAILY_OLD,universe_daily,NSE_EQ|INE018A01030,1d,25,"25 older missing weekdays (longest run 22): 2004-05-24, 2004-05-25, 2004-05-26 (+22 more)"
WARN,GAP_DAILY_OLD,universe_daily,NSE_EQ|INE018E01016,1d,1262,"1262 older missing weekdays (longest run 737): 2015-01-30, 2015-02-02, 2015-02-03 (+1259 more)"
WARN,GAP_DAILY_OLD,universe_daily,NSE_EQ|INE01EE01011,1d,1131,"1131 older missing weekdays (longest run 392): 2016-01-18, 2016-01-19, 2016-01-20 (+1128 more)"
WARN,GAP_DAILY_OLD,universe_daily,NSE_EQ|INE01GN01025,1d,455,"455 older missing weekdays (longest run 80): 2018-10-25, 2018-10-29, 2018-10-30 (+452 more)"
WARN,GAP_DAILY_OLD,universe_daily,NSE_EQ|INE01II01013,1d,528,"528 older missing weekdays (longest run 77): 2018-10-19, 2018-10-23, 2018-10-24 (+525 more)"
WARN,GAP_DAILY_OLD,universe_daily,NSE_EQ|INE01JE01028,1d,1023,"1023 older missing weekdays (longest run 324): 2016-01-04, 2016-01-06, 2016-01-07 (+1020 more)"
WARN,GAP_DAILY_OLD,universe_daily,NSE_EQ|INE020J01029,1d,37,"37 older missing weekdays (longest run 32): 2011-10-26, 2015-05-13, 2015-09-07 (+34 more)"
WARN,GAP_DAILY_OLD,universe_daily,NSE_EQ|INE021A01026,1d,25,"25 older missing weekdays (longest run 22): 2004-05-24, 2004-05-25, 2004-05-26 (+22 more)"
WARN,GAP_DAILY_OLD,universe_daily,NSE_EQ|INE023A01030,1d,40,"40 older missing weekdays (longest run 22): 2004-05-24, 2004-05-25, 2004-05-26 (+37 more)"
WARN,GAP_DAILY_OLD,universe_daily,NSE_EQ|INE026A01025,1d,25,"25 older missing weekdays (longest run 22): 2004-05-24, 2004-05-25, 2004-05-26 (+22 more)"
WARN,GAP_DAILY_OLD,universe_daily,NSE_EQ|INE027A01015,1d,25,"25 older missing weekdays (longest run 22): 2004-05-24, 2004-05-25, 2004-05-26 (+22 more)"
WARN,GAP_DAILY_OLD,universe_daily,NSE_EQ|INE028A01039,1d,25,"25 older missing weekdays (longest run 22): 2004-05-24, 2004-05-25, 2004-05-26 (+22 more)"
WARN,GAP_DAILY_OLD,universe_daily,NSE_EQ|INE029A01011,1d,25,"25 older missing weekdays (longest run 22): 2004-05-24, 2004-05-25, 2004-05-26 (+22 more)"
WARN,GAP_DAILY_OLD,universe_daily,NSE_EQ|INE02A801020,1d,1351,"1351 older missing weekdays (longest run 737): 2015-01-22, 2015-01-28, 2015-01-30 (+1348 more)"
WARN,GAP_DAILY_OLD,universe_daily,NSE_EQ|INE02WG01024,1d,389,"389 older missing weekdays (longest run 21): 2019-08-29, 2019-09-03, 2019-09-04 (+386 more)"
WARN,GAP_DAILY_OLD,universe_daily,NSE_EQ|INE02YR01019,1d,1516,"1516 older missing weekdays (longest run 737): 2016-08-26, 2016-08-29, 2016-08-30 (+1513 more)"
WARN,GAP_DAILY_OLD,universe_daily,NSE_EQ|INE030A01027,1d,25,"25 older missing weekdays (longest run 22): 2004-05-24, 2004-05-25, 2004-05-26 (+22 more)"
WARN,GAP_DAILY_OLD,universe_daily,NSE_EQ|INE031B01049,1d,25,"25 older missing weekdays (longest run 22): 2004-05-24, 2004-05-25, 2004-05-26 (+22 more)"
WARN,GAP_DAILY_OLD,universe_daily,NSE_EQ|INE032A01023,1d,25,"25 older missing weekdays (longest run 22): 2004-05-24, 2004-05-25, 2004-05-26 (+22 more)"
WARN,GAP_DAILY_OLD,universe_daily,NSE_EQ|INE032B01021,1d,26,"26 older missing weekdays (longest run 22): 2004-05-24, 2004-05-25, 2004-05-26 (+23 more)"
WARN,GAP_DAILY_OLD,universe_daily,NSE_EQ|INE034A01011,1d,25,"25 older missing weekdays (longest run 22): 2004-05-24, 2004-05-25, 2004-05-26 (+22 more)"
WARN,GAP_DAILY_OLD,universe_daily,NSE_EQ|INE035D01020,1d,25,"25 older missing weekdays (longest run 22): 2004-05-24, 2004-05-25, 2004-05-26 (+22 more)"
WARN,GAP_DAILY_OLD,universe_daily,NSE_EQ|INE036B01030,1d,25,"25 older missing weekdays (longest run 22): 2004-05-24, 2004-05-25, 2004-05-26 (+22 more)"
WARN,GAP_DAILY_OLD,universe_daily,NSE_EQ|INE036D01028,1d,25,"25 older missing weekdays (longest run 22): 2004-05-24, 2004-05-25, 2004-05-26 (+22 more)"
WARN,GAP_DAILY_OLD,universe_daily,NSE_EQ|INE037A01022,1d,25,"25 older missing weekdays (longest run 22): 2004-05-24, 2004-05-25, 2004-05-26 (+22 more)"
WARN,GAP_DAILY_OLD,universe_daily,NSE_EQ|INE038A01020,1d,25,"25 older missing weekdays (longest run 22): 2004-05-24, 2004-05-25, 2004-05-26 (+22 more)"
WARN,GAP_DAILY_OLD,universe_daily,NSE_EQ|INE038F01029,1d,25,"25 older missing weekdays (longest run 22): 2004-05-24, 2004-05-25, 2004-05-26 (+22 more)"
WARN,GAP_DAILY_OLD,universe_daily,NSE_EQ|INE039A01010,1d,25,"25 older missing weekdays (longest run 22): 2004-05-24, 2004-05-25, 2004-05-26 (+22 more)"
WARN,GAP_DAILY_OLD,universe_daily,NSE_EQ|INE039B01026,1d,1002,"1002 older missing weekdays (longest run 252): 2009-05-18, 2011-01-03, 2011-01-04 (+999 more)"
WARN,GAP_DAILY_OLD,universe_daily,NSE_EQ|INE039O01029,1d,241,"241 older missing weekdays (longest run 115): 2017-04-26, 2017-04-27, 2017-04-28 (+238 more)"
WARN,GAP_DAILY_OLD,universe_daily,NSE_EQ|INE03JI01017,1d,43,"43 older missing weekdays (longest run 8): 2022-02-02, 2022-02-03, 2022-02-04 (+40 more)"
WARN,GAP_DAILY_OLD,universe_daily,NSE_EQ|INE03Q201024,1d,815,"815 older missing weekdays (longest run 276): 2018-04-09, 2018-04-10, 2018-04-11 (+812 more)"
WARN,GAP_DAILY_OLD,universe_daily,NSE_EQ|INE03QK01018,1d,1258,"1258 older missing weekdays (longest run 737): 2015-01-30, 2015-02-02, 2015-02-03 (+1255 more)"
WARN,GAP_DAILY_OLD,universe_daily,NSE_EQ|INE03RS01027,1d,1015,"1015 older missing weekdays (longest run 522): 2004-05-24, 2004-05-25, 2004-05-26 (+1012 more)"
WARN,GAP_DAILY_OLD,universe_daily,NSE_EQ|INE040A01034,1d,25,"25 older missing weekdays (longest run 22): 2004-05-24, 2004-05-25, 2004-05-26 (+22 more)"
WARN,GAP_DAILY_OLD,universe_daily,NSE_EQ|INE040M01013,1d,29,"29 older missing weekdays (longest run 26): 2011-10-26, 2017-10-19, 2018-11-07 (+26 more)"
WARN,GAP_DAILY_OLD,universe_daily,NSE_EQ|INE041A01016,1d,25,"25 older missing weekdays (longest run 22): 2004-05-24, 2004-05-25, 2004-05-26 (+22 more)"
WARN,GAP_DAILY_OLD,universe_daily,NSE_EQ|INE042A01014,1d,25,"25 older missing weekdays (longest run 22): 2004-05-24, 2004-05-25, 2004-05-26 (+22 more)"
WARN,GAP_DAILY_OLD,universe_daily,NSE_EQ|INE043A01012,1d,99,"99 older missing weekdays (longest run 25): 2004-05-24, 2004-05-25, 2004-05-26 (+96 more)"
WARN,GAP_DAILY_OLD,universe_daily,NSE_EQ|INE044A01036,1d,25,"25 older missing weekdays (longest run 22): 2004-05-24, 2004-05-25, 2004-05-26 (+22 more)"
WARN,GAP_DAILY_OLD,universe_daily,NSE_EQ|INE045A01017,1d,25,"25 older missing weekdays (longest run 22): 2004-05-24, 2004-05-25, 2004-05-26 (+22 more)"
WARN,GAP_DAILY_OLD,universe_daily,NSE_EQ|INE045B01015,1d,25,"25 older missing weekdays (longest run 22): 2004-05-24, 2004-05-25, 2004-05-26 (+22 more)"
WARN,GAP_DAILY_OLD,universe_daily,NSE_EQ|INE046A01015,1d,25,"25 older missing weekdays (longest run 22): 2004-05-24, 2004-05-25, 2004-05-26 (+22 more)"
WARN,GAP_DAILY_OLD,universe_daily,NSE_EQ|INE047A01021,1d,25,"25 older missing weekdays (longest run 22): 2004-05-24, 2004-05-25, 2004-05-26 (+22 more)"
WARN,GAP_DAILY_OLD,universe_daily,NSE_EQ|INE047B01011,1d,6,"6 older missing weekdays (longest run 1): 2011-10-26, 2013-05-10, 2017-10-19 (+3 more)"
WARN,GAP_DAILY_OLD,universe_daily,NSE_EQ|INE047O01014,1d,46,"46 older missing weekdays (longest run 18): 2016-03-28, 2017-10-19, 2018-11-07 (+43 more)"
WARN,GAP_DAILY_OLD,universe_daily,NSE_EQ|INE048B01035,1d,25,"25 older missing weekdays (longest run 22): 2004-05-24, 2004-05-25, 2004-05-26 (+22 more)"
WARN,GAP_DAILY_OLD,universe_daily,NSE_EQ|INE049A01027,1d,25,"25 older missing weekdays (longest run 22): 2004-05-24, 2004-05-25, 2004-05-26 (+22 more)"
WARN,GAP_DAILY_OLD,universe_daily,NSE_EQ|INE049B01025,1d,25,"25 older missing weekdays (longest run 22): 2004-05-24, 2004-05-25, 2004-05-26 (+22 more)"
WARN,GAP_DAILY_OLD,universe_daily,NSE_EQ|INE049I01012,1d,7,"7 older missing weekdays (longest run 1): 2011-10-26, 2015-09-29, 2015-10-08 (+4 more)"
WARN,GAP_DAILY_OLD,universe_daily,NSE_EQ|INE04LG01015,1d,195,"195 older missing weekdays (longest run 13): 2019-05-29, 2019-06-06, 2019-06-25 (+192 more)"
WARN,GAP_DAILY_OLD,universe_daily,NSE_EQ|INE050401020,1d,1793,"1793 older missing weekdays (longest run 737): 2015-09-28, 2015-09-29, 2015-09-30 (+1790 more)"
WARN,GAP_DAILY_OLD,universe_daily,NSE_EQ|INE050A01025,1d,25,"25 older missing weekdays (longest run 22): 2004-05-24, 2004-05-25, 2004-05-26 (+22 more)"
WARN,GAP_DAILY_OLD,universe_daily,NSE_EQ|INE050B01023,1d,25,"25 older missing weekdays (longest run 22): 2004-05-24, 2004-05-25, 2004-05-26 (+22 more)"
WARN,GAP_DAILY_OLD,universe_daily,NSE_EQ|INE050M01012,1d,6,"6 older missing weekdays (longest run 1): 2015-01-06, 2015-01-29, 2015-11-06 (+3 more)"
WARN,GAP_DAILY_OLD,universe_daily,NSE_EQ|INE052A01021,1d,25,"25 older missing weekdays (longest run 22): 2004-05-24, 2004-05-25, 2004-05-26 (+22 more)"
WARN,GAP_DAILY_OLD,universe_daily,NSE_EQ|INE052T01021,1d,172,"172 older missing weekdays (longest run 73): 2023-07-27, 2023-07-28, 2023-07-31 (+169 more)"
WARN,GAP_DAILY_OLD,universe_daily,NSE_EQ|INE053A01029,1d,25,"25 older missing weekdays (longest run 22): 2004-05-24, 2004-05-25, 2004-05-26 (+22 more)"
WARN,GAP_DAILY_OLD,universe_daily,NSE_EQ|INE054A01027,1d,25,"25 older missing weekdays (longest run 22): 2004-05-24, 2004-05-25, 2004-05-26 (+22 more)"
WARN,GAP_DAILY_OLD,universe_daily,NSE_EQ|INE055A01016,1d,25,"25 older missing weekdays (longest run 22): 2004-05-24, 2004-05-25, 2004-05-26 (+22 more)"
WARN,GAP_DAILY_OLD,universe_daily,NSE_EQ|INE055C01020,1d,191,"191 older missing weekdays (longest run 9): 2021-04-12, 2021-04-13, 2021-04-19 (+188 more)"
WARN,GAP_DAILY_OLD,universe_daily,NSE_EQ|INE056I01025,1d,31,"31 older missing weekdays (longest run 26): 2011-10-26, 2015-05-14, 2015-05-26 (+28 more)"
WARN,GAP_DAILY_OLD,universe_daily,NSE_EQ|INE058A01010,1d,25,"25 older missing weekdays (longest run 22): 2004-05-24, 2004-05-25, 2004-05-26 (+22 more)"
WARN,GAP_DAILY_OLD,universe_daily,NSE_EQ|INE058B01018,1d,572,"572 older missing weekdays (longest run 63): 2004-05-24, 2004-05-25, 2004-05-26 (+569 more)"
WARN,GAP_DAILY_OLD,universe_daily,NSE_EQ|INE059A01026,1d,25,"25 older missing weekdays (longest run 22): 2004-05-24, 2004-05-25, 2004-05-26 (+22 more)"
WARN,GAP_DAILY_OLD,universe_daily,NSE_EQ|INE059B01024,1d,45,"45 older missing weekdays (longest run 22): 2004-03-17, 2004-03-24, 2004-04-30 (+42 more)"
WARN,GAP_DAILY_OLD,universe_daily,NSE_EQ|INE05X901010,1d,460,"460 older missing weekdays (longest run 29): 2020-02-03, 2020-02-07, 2020-02-27 (+457 more)"
WARN,GAP_DAILY_OLD,universe_daily,NSE_EQ|INE060A01024,1d,25,"25 older missing weekdays (longest run 22): 2004-05-24, 2004-05-25, 2004-05-26 (+22 more)"
WARN,GAP_DAILY_OLD,universe_daily,NSE_EQ|INE060B01014,1d,645,"645 older missing weekdays (longest run 42): 2004-05-24, 2004-05-25, 2004-05-26 (+642 more)"
WARN,GAP_DAILY_OLD,universe_daily,NSE_EQ|INE061A01014,1d,35,"35 older missing weekdays (longest run 22): 2004-05-24, 2004-05-25, 2004-05-26 (+32 more)"
WARN,GAP_DAILY_OLD,universe_daily,NSE_EQ|INE062A01020,1d,25,"25 older missing weekdays (longest run 22): 2004-05-24, 2004-05-25, 2004-05-26 (+22 more)"
WARN,GAP_DAILY_OLD,universe_daily,NSE_EQ|INE063E01061,1d,1575,"1575 older missing weekdays (longest run 571): 2016-05-10, 2016-05-11, 2016-05-12 (+1572 more)"
WARN,GAP_DAILY_OLD,universe_daily,NSE_EQ|INE064C01022,1d,25,"25 older missing weekdays (longest run 22): 2004-05-24, 2004-05-25, 2004-05-26 (+22 more)"
WARN,GAP_DAILY_OLD,universe_daily,NSE_EQ|INE066A01021,1d,25,"25 older missing weekdays (longest run 22): 2004-05-24, 2004-05-25, 2004-05-26 (+22 more)"
WARN,GAP_DAILY_OLD,universe_daily,NSE_EQ|INE067A01029,1d,25,"25 older missing weekdays (longest run 22): 2004-05-24, 2004-05-25, 2004-05-26 (+22 more)"
WARN,GAP_DAILY_OLD,universe_daily,NSE_EQ|INE070A01015,1d,25,"25 older missing weekdays (longest run 22): 2004-05-24, 2004-05-25, 2004-05-26 (+22 more)"
WARN,GAP_DAILY_OLD,universe_daily,NSE_EQ|INE070D01027,1d,25,"25 older missing weekdays (longest run 22): 2004-05-24, 2004-05-25, 2004-05-26 (+22 more)"
WARN,GAP_DAILY_OLD,universe_daily,NSE_EQ|INE071E01023,1d,32,"32 older missing weekdays (longest run 26): 2011-10-26, 2015-02-26, 2015-08-06 (+29 more)"
WARN,GAP_DAILY_OLD,universe_daily,NSE_EQ|INE073G01016,1d,1241,"1241 older missing weekdays (longest run 737): 2015-01-30, 2015-02-02, 2015-02-03 (+1238 more)"
WARN,GAP_DAILY_OLD,universe_daily,NSE_EQ|INE074A01025,1d,25,"25 older missing weekdays (longest run 22): 2004-05-24, 2004-05-25, 2004-05-26 (+22 more)"
WARN,GAP_DAILY_OLD,universe_daily,NSE_EQ|INE074B01023,1d,989,"989 older missing weekdays (longest run 252): 2009-05-18, 2011-01-03, 2011-01-04 (+986 more)"
WARN,GAP_DAILY_OLD,universe_daily,NSE_EQ|INE075A01022,1d,25,"25 older missing weekdays (longest run 22): 2004-05-24, 2004-05-25, 2004-05-26 (+22 more)"
WARN,GAP_DAILY_OLD,universe_daily,NSE_EQ|INE075D01018,1d,25,"25 older missing weekdays (longest run 22): 2004-05-24, 2004-05-25, 2004-05-26 (+22 more)"
WARN,GAP_DAILY_OLD,universe_daily,NSE_EQ|INE076B01028,1d,25,"25 older missing weekdays (longest run 22): 2004-05-24, 2004-05-25, 2004-05-26 (+22 more)"
WARN,GAP_DAILY_OLD,universe_daily,NSE_EQ|INE076C01018,1d,25,"25 older missing weekdays (longest run 22): 2004-05-24, 2004-05-25, 2004-05-26 (+22 more)"
WARN,GAP_DAILY_OLD,universe_daily,NSE_EQ|INE079A01024,1d,25,"25 older missing weekdays (longest run 22): 2004-05-24, 2004-05-25, 2004-05-26 (+22 more)"
WARN,GAP_DAILY_OLD,universe_daily,NSE_EQ|INE07OG01012,1d,5,"5 older missing weekdays (longest run 4): 2023-07-14, 2023-07-18, 2023-07-19 (+2 more)"
WARN,GAP_DAILY_OLD,universe_daily,NSE_EQ|INE07S101038,1d,319,"319 older missing weekdays (longest run 20): 2021-05-19, 2021-06-28, 2021-06-29 (+316 more)"
WARN,GAP_DAILY_OLD,universe_daily,NSE_EQ|INE080A01014,1d,42,"42 older missing weekdays (longest run 22): 2004-05-24, 2004-05-25, 2004-05-26 (+39 more)"
WARN,GAP_DAILY_OLD,universe_daily,NSE_EQ|INE080B01012,1d,361,"361 older missing weekdays (longest run 231): 2004-05-24, 2004-05-25, 2004-05-26 (+358 more)"
WARN,GAP_DAILY_OLD,universe_daily,NSE_EQ|INE081A01020,1d,25,"25 older missing weekdays (longest run 22): 2004-05-24, 2004-05-25, 2004-05-26 (+22 more)"
WARN,GAP_DAILY_OLD,universe_daily,NSE_EQ|INE082W01014,1d,388,"388 older missing weekdays (longest run 93): 2004-05-24, 2004-05-25, 2004-05-26 (+385 more)"
WARN,GAP_DAILY_OLD,universe_daily,NSE_EQ|INE083A01026,1d,25,"25 older missing weekdays (longest run 22): 2004-05-24, 2004-05-25, 2004-05-26 (+22 more)"
WARN,GAP_DAILY_OLD,universe_daily,NSE_EQ|INE083B01024,1d,19,"19 older missing weekdays (longest run 2): 2011-10-26, 2015-02-03, 2015-02-12 (+16 more)"
WARN,GAP_DAILY_OLD,universe_daily,NSE_EQ|INE084A01016,1d,25,"25 older missing weekdays (longest run 22): 2004-05-24, 2004-05-25, 2004-05-26 (+22 more)"
WARN,GAP_DAILY_OLD,universe_daily,NSE_EQ|INE085A01013,1d,25,"25 older missing weekdays (longest run 22): 2004-05-24, 2004-05-25, 2004-05-26 (+22 more)"
WARN,GAP_DAILY_OLD,universe_daily,NSE_EQ|INE085J01014,1d,8,"8 older missing weekdays (longest run 2): 2011-10-26, 2015-05-04, 2016-03-08 (+5 more)"
WARN,GAP_DAILY_OLD,universe_daily,NSE_EQ|INE086A01029,1d,25,"25 older missing weekdays (longest run 22): 2004-05-24, 2004-05-25, 2004-05-26 (+22 more)"
WARN,GAP_DAILY_OLD,universe_daily,NSE_EQ|INE087B01017,1d,1060,"1060 older missing weekdays (longest run 252): 2008-06-03, 2008-06-10, 2008-06-11 (+1057 more)"
WARN,GAP_DAILY_OLD,universe_daily,NSE_EQ|INE08PH01015,1d,245,"245 older missing weekdays (longest run 11): 2022-04-05, 2022-04-20, 2022-04-22 (+242 more)"
WARN,GAP_DAILY_OLD,universe_daily,NSE_EQ|INE090A01021,1d,25,"25 older missing weekdays (longest run 22): 2004-05-24, 2004-05-25, 2004-05-26 (+22 more)"
WARN,GAP_DAILY_OLD,universe_daily,NSE_EQ|INE090B01011,1d,25,"25 older missing weekdays (longest run 22): 2004-05-24, 2004-05-25, 2004-05-26 (+22 more)"
WARN,GAP_DAILY_OLD,universe_daily,NSE_EQ|INE091G01026,1d,51,"51 older missing weekdays (longest run 26): 2004-05-24, 2004-05-25, 2004-05-26 (+48 more)"
WARN,GAP_DAILY_OLD,universe_daily,NSE_EQ|INE092A01019,1d,25,"25 older missing weekdays (longest run 22): 2004-05-24, 2004-05-25, 2004-05-26 (+22 more)"
WARN,GAP_DAILY_OLD,universe_daily,NSE_EQ|INE092B01025,1d,25,"25 older missing weekdays (longest run 22): 2004-05-24, 2004-05-25, 2004-05-26 (+22 more)"
WARN,GAP_DAILY_OLD,universe_daily,NSE_EQ|INE094A01015,1d,25,"25 older missing weekdays (longest run 22): 2004-05-24, 2004-05-25, 2004-05-26 (+22 more)"
WARN,GAP_DAILY_OLD,universe_daily,NSE_EQ|INE095A01012,1d,25,"25 older missing weekdays (longest run 22): 2004-05-24, 2004-05-25, 2004-05-26 (+22 more)"
WARN,GAP_DAILY_OLD,universe_daily,NSE_EQ|INE096B01018,1d,25,"25 older missing weekdays (longest run 22): 2004-05-24, 2004-05-25, 2004-05-26 (+22 more)"
WARN,GAP_DAILY_OLD,universe_daily,NSE_EQ|INE099F01013,1d,207,"207 older missing weekdays (longest run 11): 2015-01-05, 2015-01-06, 2015-01-08 (+204 more)"
WARN,GAP_DAILY_OLD,universe_daily,NSE_EQ|INE09VQ01012,1d,601,"601 older missing weekdays (longest run 196): 2018-07-25, 2018-07-26, 2018-07-30 (+598 more)"
WARN,GAP_DAILY_OLD,universe_daily,NSE_EQ|INE0A0S01028,1d,187,"187 older missing weekdays (longest run 14): 2020-11-11, 2020-11-25, 2020-11-27 (+184 more)"
WARN,GAP_DAILY_OLD,universe_daily,NSE_EQ|INE0A1101019,1d,498,"498 older missing weekdays (longest run 47): 2020-01-15, 2020-01-29, 2020-02-04 (+495 more)"
WARN,GAP_DAILY_OLD,universe_daily,NSE_EQ|INE0ALR01029,1d,185,"185 older missing weekdays (longest run 17): 2020-10-20, 2020-10-22, 2020-10-28 (+182 more)"
WARN,GAP_DAILY_OLD,universe_daily,NSE_EQ|INE0BTI01037,1d,1410,"1410 older missing weekdays (longest run 543): 2016-01-25, 2016-01-28, 2016-02-02 (+1407 more)"
WARN,GAP_DAILY_OLD,universe_daily,NSE_EQ|INE0CHO01012,1d,557,"557 older missing weekdays (longest run 165): 2011-10-26, 2017-01-19, 2017-01-20 (+554 more)"
WARN,GAP_DAILY_OLD,universe_daily,NSE_EQ|INE0CU601026,1d,1733,"1733 older missing weekdays (longest run 737): 2015-03-17, 2015-03-18, 2015-03-19 (+1730 more)"
WARN,GAP_DAILY_OLD,universe_daily,NSE_EQ|INE0D0U01013,1d,143,"143 older missing weekdays (longest run 5): 2020-12-04, 2020-12-16, 2020-12-18 (+140 more)"
WARN,GAP_DAILY_OLD,universe_daily,NSE_EQ|INE0D6I01023,1d,69,"69 older missing weekdays (longest run 9): 2020-07-23, 2020-07-28, 2020-07-29 (+66 more)"
WARN,GAP_DAILY_OLD,universe_daily,NSE_EQ|INE0EEJ01023,1d,207,"207 older missing weekdays (longest run 12): 2020-10-29, 2020-11-02, 2020-11-13 (+204 more)"
WARN,GAP_DAILY_OLD,universe_daily,NSE_EQ|INE0EK901012,1d,681,"681 older missing weekdays (longest run 237): 2018-03-06, 2018-03-07, 2018-03-08 (+678 more)"
WARN,GAP_DAILY_OLD,universe_daily,NSE_EQ|INE0FFK01017,1d,131,"131 older missing weekdays (longest run 6): 2021-08-25, 2021-09-03, 2021-09-20 (+128 more)"
WARN,GAP_DAILY_OLD,universe_daily,NSE_EQ|INE0G1L01025,1d,13,"13 older missing weekdays (longest run 2): 2022-12-14, 2023-01-12, 2023-04-19 (+10 more)"
WARN,GAP_DAILY_OLD,universe_daily,NSE_EQ|INE0GGO01015,1d,192,"192 older missing weekdays (longest run 7): 2022-06-30, 2022-07-22, 2022-08-25 (+189 more)"
WARN,GAP_DAILY_OLD,universe_daily,NSE_EQ|INE0GMR01016,1d,51,"51 older missing weekdays (longest run 3): 2022-06-22, 2022-07-08, 2022-07-12 (+48 more)"
WARN,GAP_DAILY_OLD,universe_daily,NSE_EQ|INE0I7C01011,1d,659,"659 older missing weekdays (longest run 250): 2019-02-25, 2019-02-26, 2019-02-27 (+656 more)"
WARN,GAP_DAILY_OLD,universe_daily,NSE_EQ|INE0J5601015,1d,10,"10 older missing weekdays (longest run 2): 2022-06-27, 2022-06-30, 2022-07-06 (+7 more)"
WARN,GAP_DAILY_OLD,universe_daily,NSE_EQ|INE0J5801029,1d,13,"13 older missing weekdays (longest run 2): 2022-06-10, 2022-06-14, 2022-06-17 (+10 more)"
WARN,GAP_DAILY_OLD,universe_daily,NSE_EQ|INE0JYY01029,1d,53,"53 older missing weekdays (longest run 5): 2022-10-07, 2022-10-10, 2022-10-20 (+50 more)"
WARN,GAP_DAILY_OLD,universe_daily,NSE_EQ|INE0LCL01028,1d,1709,"1709 older missing weekdays (longest run 737): 2015-10-29, 2015-10-30, 2016-05-20 (+1706 more)"
WARN,GAP_DAILY_OLD,universe_daily,NSE_EQ|INE0LRU01027,1d,1368,"1368 older missing weekdays (longest run 559): 2017-07-19, 2017-07-20, 2017-07-21 (+1365 more)"
WARN,GAP_DAILY_OLD,universe_daily,NSE_EQ|INE100A01010,1d,25,"25 older missing weekdays (longest run 22): 2004-05-24, 2004-05-25, 2004-05-26 (+22 more)"
WARN,GAP_DAILY_OLD,universe_daily,NSE_EQ|INE100D01014,1d,454,"454 older missing weekdays (longest run 58): 2004-05-24, 2004-05-25, 2004-05-26 (+451 more)"
WARN,GAP_DAILY_OLD,universe_daily,NSE_EQ|INE101A01026,1d,25,"25 older missing weekdays (longest run 22): 2004-05-24, 2004-05-25, 2004-05-26 (+22 more)"
WARN,GAP_DAILY_OLD,universe_daily,NSE_EQ|INE102A01024,1d,25,"25 older missing weekdays (longest run 22): 2004-05-24, 2004-05-25, 2004-05-26 (+22 more)"
WARN,GAP_DAILY_OLD,universe_daily,NSE_EQ|INE102D01028,1d,25,"25 older missing weekdays (longest run 22): 2004-05-24, 2004-05-25, 2004-05-26 (+22 more)"
WARN,GAP_DAILY_OLD,universe_daily,NSE_EQ|INE102I01027,1d,988,"988 older missing weekdays (longest run 252): 2009-05-18, 2011-01-03, 2011-01-04 (+985 more)"
WARN,GAP_DAILY_OLD,universe_daily,NSE_EQ|INE103A01014,1d,25,"25 older missing weekdays (longest run 22): 2004-05-24, 2004-05-25, 2004-05-26 (+22 more)"
WARN,GAP_DAILY_OLD,universe_daily,NSE_EQ|INE105A01035,1d,25,"25 older missing weekdays (longest run 22): 2004-05-24, 2004-05-25, 2004-05-26 (+22 more)"
WARN,GAP_DAILY_OLD,universe_daily,NSE_EQ|INE105C01023,1d,266,"266 older missing weekdays (longest run 22): 2004-05-24, 2004-05-25, 2004-05-26 (+263 more)"
WARN,GAP_DAILY_OLD,universe_daily,NSE_EQ|INE105I01020,1d,110,"110 older missing weekdays (longest run 5): 2021-12-01, 2022-06-03, 2022-06-07 (+107 more)"
WARN,GAP_DAILY_OLD,universe_daily,NSE_EQ|INE107A01015,1d,25,"25 older missing weekdays (longest run 22): 2004-05-24, 2004-05-25, 2004-05-26 (+22 more)"
WARN,GAP_DAILY_OLD,universe_daily,NSE_EQ|INE107F01022,1d,1048,"1048 older missing weekdays (longest run 252): 2009-05-18, 2011-01-03, 2011-01-04 (+1045 more)"
WARN,GAP_DAILY_OLD,universe_daily,NSE_EQ|INE109A01011,1d,25,"25 older missing weekdays (longest run 22): 2004-05-24, 2004-05-25, 2004-05-26 (+22 more)"
WARN,GAP_DAILY_OLD,universe_daily,NSE_EQ|INE110A01019,1d,25,"25 older missing weekdays (longest run 22): 2004-05-24, 2004-05-25, 2004-05-26 (+22 more)"
WARN,GAP_DAILY_OLD,universe_daily,NSE_EQ|INE110B01017,1d,29,"29 older missing weekdays (longest run 26): 2017-10-19, 2018-11-07, 2018-12-03 (+26 more)"
WARN,GAP_DAILY_OLD,universe_daily,NSE_EQ|INE111A01025,1d,25,"25 older missing weekdays (longest run 22): 2004-05-24, 2004-05-25, 2004-05-26 (+22 more)"
WARN,GAP_DAILY_OLD,universe_daily,NSE_EQ|INE113A01013,1d,25,"25 older missing weekdays (longest run 22): 2004-05-24, 2004-05-25, 2004-05-26 (+22 more)"
WARN,GAP_DAILY_OLD,universe_daily,NSE_EQ|INE114A01011,1d,25,"25 older missing weekdays (longest run 22): 2004-05-24, 2004-05-25, 2004-05-26 (+22 more)"
WARN,GAP_DAILY_OLD,universe_daily,NSE_EQ|INE115A01026,1d,25,"25 older missing weekdays (longest run 22): 2004-05-24, 2004-05-25, 2004-05-26 (+22 more)"
WARN,GAP_DAILY_OLD,universe_daily,NSE_EQ|INE116A01032,1d,25,"25 older missing weekdays (longest run 22): 2004-05-24, 2004-05-25, 2004-05-26 (+22 more)"
WARN,GAP_DAILY_OLD,universe_daily,NSE_EQ|INE116D01028,1d,25,"25 older missing weekdays (longest run 22): 2004-05-24, 2004-05-25, 2004-05-26 (+22 more)"
WARN,GAP_DAILY_OLD,universe_daily,NSE_EQ|INE117A01022,1d,25,"25 older missing weekdays (longest run 22): 2004-05-24, 2004-05-25, 2004-05-26 (+22 more)"
WARN,GAP_DAILY_OLD,universe_daily,NSE_EQ|INE117Z01029,1d,1137,"1137 older missing weekdays (longest run 341): 2016-12-05, 2016-12-06, 2016-12-07 (+1134 more)"
WARN,GAP_DAILY_OLD,universe_daily,NSE_EQ|INE118A01012,1d,25,"25 older missing weekdays (longest run 22): 2004-05-24, 2004-05-25, 2004-05-26 (+22 more)"
WARN,GAP_DAILY_OLD,universe_daily,NSE_EQ|INE119A01028,1d,25,"25 older missing weekdays (longest run 22): 2004-05-24, 2004-05-25, 2004-05-26 (+22 more)"
WARN,GAP_DAILY_OLD,universe_daily,NSE_EQ|INE120A01034,1d,25,"25 older missing weekdays (longest run 22): 2004-05-24, 2004-05-25, 2004-05-26 (+22 more)"
WARN,GAP_DAILY_OLD,universe_daily,NSE_EQ|INE121A01024,1d,25,"25 older missing weekdays (longest run 22): 2004-05-24, 2004-05-25, 2004-05-26 (+22 more)"
WARN,GAP_DAILY_OLD,universe_daily,NSE_EQ|INE121N01019,1d,717,"717 older missing weekdays (longest run 58): 2016-01-12, 2016-01-13, 2016-01-14 (+714 more)"
WARN,GAP_DAILY_OLD,universe_daily,NSE_EQ|INE123B01028,1d,39,"39 older missing weekdays (longest run 22): 2004-05-24, 2004-05-25, 2004-05-26 (+36 more)"
WARN,GAP_DAILY_OLD,universe_daily,NSE_EQ|INE123C01018,1d,56,"56 older missing weekdays (longest run 22): 2004-05-24, 2004-05-25, 2004-05-26 (+53 more)"
WARN,GAP_DAILY_OLD,universe_daily,NSE_EQ|INE124Y01028,1d,1124,"1124 older missing weekdays (longest run 80): 2017-10-19, 2017-10-23, 2017-10-26 (+1121 more)"
WARN,GAP_DAILY_OLD,universe_daily,NSE_EQ|INE126A01031,1d,25,"25 older missing weekdays (longest run 22): 2004-05-24, 2004-05-25, 2004-05-26 (+22 more)"
WARN,GAP_DAILY_OLD,universe_daily,NSE_EQ|INE128A01029,1d,25,"25 older missing weekdays (longest run 22): 2004-05-24, 2004-05-25, 2004-05-26 (+22 more)"
WARN,GAP_DAILY_OLD,universe_daily,NSE_EQ|INE128X01021,1d,1897,"1897 older missing weekdays (longest run 737): 2015-03-17, 2015-03-18, 2015-03-19 (+1894 more)"
WARN,GAP_DAILY_OLD,universe_daily,NSE_EQ|INE129A01019,1d,25,"25 older missing weekdays (longest run 22): 2004-05-24, 2004-05-25, 2004-05-26 (+22 more)"
WARN,GAP_DAILY_OLD,universe_daily,NSE_EQ|INE129Z01016,1d,682,"682 older missing weekdays (longest run 322): 2016-02-05, 2016-02-08, 2016-02-09 (+679 more)"
WARN,GAP_DAILY_OLD,universe_daily,NSE_EQ|INE130B01031,1d,25,"25 older missing weekdays (longest run 22): 2004-05-24, 2004-05-25, 2004-05-26 (+22 more)"
WARN,GAP_DAILY_OLD,universe_daily,NSE_EQ|INE131A01031,1d,25,"25 older missing weekdays (longest run 22): 2004-05-24, 2004-05-25, 2004-05-26 (+22 more)"
WARN,GAP_DAILY_OLD,universe_daily,NSE_EQ|INE133A01011,1d,25,"25 older missing weekdays (longest run 22): 2004-05-24, 2004-05-25, 2004-05-26 (+22 more)"
WARN,GAP_DAILY_OLD,universe_daily,NSE_EQ|INE136B01020,1d,25,"25 older missing weekdays (longest run 22): 2004-05-24, 2004-05-25, 2004-05-26 (+22 more)"
WARN,GAP_DAILY_OLD,universe_daily,NSE_EQ|INE137I01015,1d,27,"27 older missing weekdays (longest run 2): 2015-02-27, 2015-06-05, 2015-06-12 (+24 more)"
WARN,GAP_DAILY_OLD,universe_daily,NSE_EQ|INE138Y01010,1d,1133,"1133 older missing weekdays (longest run 525): 2018-05-30, 2018-05-31, 2018-06-01 (+1130 more)"
WARN,GAP_DAILY_OLD,universe_daily,NSE_EQ|INE139A01034,1d,25,"25 older missing weekdays (longest run 22): 2004-05-24, 2004-05-25, 2004-05-26 (+22 more)"
WARN,GAP_DAILY_OLD,universe_daily,NSE_EQ|INE139I01011,1d,1065,"1065 older missing weekdays (longest run 252): 2009-05-18, 2011-01-03, 2011-01-04 (+1062 more)"
WARN,GAP_DAILY_OLD,universe_daily,NSE_EQ|INE139R01012,1d,1538,"1538 older missing weekdays (longest run 737): 2016-08-23, 2016-08-24, 2016-08-25 (+1535 more)"
WARN,GAP_DAILY_OLD,universe_daily,NSE_EQ|INE141D01018,1d,1498,"1498 older missing weekdays (longest run 252): 2009-05-12, 2009-05-13, 2009-05-14 (+1495 more)"
WARN,GAP_DAILY_OLD,universe_daily,NSE_EQ|INE141K01013,1d,987,"987 older missing weekdays (longest run 252): 2011-01-03, 2011-01-04, 2011-01-05 (+984 more)"
WARN,GAP_DAILY_OLD,universe_daily,NSE_EQ|INE142K01011,1d,28,"28 older missing weekdays (longest run 26): 2017-10-19, 2018-11-07, 2018-12-03 (+25 more)"
WARN,GAP_DAILY_OLD,universe_daily,NSE_EQ|INE143A01010,1d,987,"987 older missing weekdays (longest run 252): 2011-01-03, 2011-01-04, 2011-01-05 (+984 more)"
WARN,GAP_DAILY_OLD,universe_daily,NSE_EQ|INE144D01012,1d,1290,"1290 older missing weekdays (longest run 252): 2008-04-03, 2008-04-25, 2008-07-07 (+1287 more)"
WARN,GAP_DAILY_OLD,universe_daily,NSE_EQ|INE147A01011,1d,25,"25 older missing weekdays (longest run 22): 2004-05-24, 2004-05-25, 2004-05-26 (+22 more)"
WARN,GAP_DAILY_OLD,universe_daily,NSE_EQ|INE147P01019,1d,134,"134 older missing weekdays (longest run 4): 2017-10-19, 2018-11-07, 2019-04-18 (+131 more)"
WARN,GAP_DAILY_OLD,universe_daily,NSE_EQ|INE148A01019,1d,25,"25 older missing weekdays (longest run 22): 2004-05-24, 2004-05-25, 2004-05-26 (+22 more)"
WARN,GAP_DAILY_OLD,universe_daily,NSE_EQ|INE148O01028,1d,1558,"1558 older missing weekdays (longest run 737): 2016-01-19, 2016-01-20, 2016-01-21 (+1555 more)"
WARN,GAP_DAILY_OLD,universe_daily,NSE_EQ|INE150B01039,1d,5,"5 older missing weekdays (longest run 1): 2009-10-16, 2009-10-28, 2011-10-26 (+2 more)"
WARN,GAP_DAILY_OLD,universe_daily,NSE_EQ|INE151A01013,1d,25,"25 older missing weekdays (longest run 22): 2004-05-24, 2004-05-25, 2004-05-26 (+22 more)"
WARN,GAP_DAILY_OLD,universe_daily,NSE_EQ|INE152A01029,1d,25,"25 older missing weekdays (longest run 22): 2004-05-24, 2004-05-25, 2004-05-26 (+22 more)"
WARN,GAP_DAILY_OLD,universe_daily,NSE_EQ|INE153A01019,1d,25,"25 older missing weekdays (longest run 22): 2004-05-24, 2004-05-25, 2004-05-26 (+22 more)"
WARN,GAP_DAILY_OLD,universe_daily,NSE_EQ|INE154A01025,1d,25,"25 older missing weekdays (longest run 22): 2004-05-24, 2004-05-25, 2004-05-26 (+22 more)"
WARN,GAP_DAILY_OLD,universe_daily,NSE_EQ|INE155A01022,1d,25,"25 older missing weekdays (longest run 22): 2004-05-24, 2004-05-25, 2004-05-26 (+22 more)"
WARN,GAP_DAILY_OLD,universe_daily,NSE_EQ|INE155G01029,1d,25,"25 older missing weekdays (longest run 22): 2004-05-24, 2004-05-25, 2004-05-26 (+22 more)"
WARN,GAP_DAILY_OLD,universe_daily,NSE_EQ|INE155Z01011,1d,158,"158 older missing weekdays (longest run 57): 2018-05-31, 2018-06-01, 2018-06-12 (+155 more)"
WARN,GAP_DAILY_OLD,universe_daily,NSE_EQ|INE156A01020,1d,57,"57 older missing weekdays (longest run 32): 2004-05-24, 2004-05-25, 2004-05-26 (+54 more)"
WARN,GAP_DAILY_OLD,universe_daily,NSE_EQ|INE156C01018,1d,6,"6 older missing weekdays (longest run 2): 2011-10-26, 2017-10-19, 2018-11-07 (+3 more)"
WARN,GAP_DAILY_OLD,universe_daily,NSE_EQ|INE158A01026,1d,25,"25 older missing weekdays (longest run 22): 2004-05-24, 2004-05-25, 2004-05-26 (+22 more)"
WARN,GAP_DAILY_OLD,universe_daily,NSE_EQ|INE158B01016,1d,1064,"1064 older missing weekdays (longest run 252): 2007-02-22, 2007-05-10, 2007-05-22 (+1061 more)"
WARN,GAP_DAILY_OLD,universe_daily,NSE_EQ|INE159A01016,1d,25,"25 older missing weekdays (longest run 22): 2004-05-24, 2004-05-25, 2004-05-26 (+22 more)"
WARN,GAP_DAILY_OLD,universe_daily,NSE_EQ|INE160A01022,1d,25,"25 older missing weekdays (longest run 22): 2004-05-24, 2004-05-25, 2004-05-26 (+22 more)"
WARN,GAP_DAILY_OLD,universe_daily,NSE_EQ|INE161A01038,1d,25,"25 older missing weekdays (longest run 22): 2004-05-24, 2004-05-25, 2004-05-26 (+22 more)"
WARN,GAP_DAILY_OLD,universe_daily,NSE_EQ|INE162A01010,1d,25,"25 older missing weekdays (longest run 22): 2004-05-24, 2004-05-25, 2004-05-26 (+22 more)"
WARN,GAP_DAILY_OLD,universe_daily,NSE_EQ|INE162B01018,1d,25,"25 older missing weekdays (longest run 22): 2004-05-24, 2004-05-25, 2004-05-26 (+22 more)"
WARN,GAP_DAILY_OLD,universe_daily,NSE_EQ|INE162C01024,1d,1464,"1464 older missing weekdays (longest run 555): 2015-02-26, 2015-06-26, 2015-07-14 (+1461 more)"
WARN,GAP_DAILY_OLD,universe_daily,NSE_EQ|INE163A01018,1d,25,"25 older missing weekdays (longest run 22): 2004-05-24, 2004-05-25, 2004-05-26 (+22 more)"
WARN,GAP_DAILY_OLD,universe_daily,NSE_EQ|INE164A01016,1d,25,"25 older missing weekdays (longest run 22): 2004-05-24, 2004-05-25, 2004-05-26 (+22 more)"
WARN,GAP_DAILY_OLD,universe_daily,NSE_EQ|INE164B01030,1d,27,"27 older missing weekdays (longest run 25): 2017-10-19, 2018-11-07, 2019-01-17 (+24 more)"
WARN,GAP_DAILY_OLD,universe_daily,NSE_EQ|INE165B01029,1d,36,"36 older missing weekdays (longest run 22): 2004-05-24, 2004-05-25, 2004-05-26 (+33 more)"
WARN,GAP_DAILY_OLD,universe_daily,NSE_EQ|INE168A01041,1d,25,"25 older missing weekdays (longest run 22): 2004-05-24, 2004-05-25, 2004-05-26 (+22 more)"
WARN,GAP_DAILY_OLD,universe_daily,NSE_EQ|INE169A01031,1d,25,"25 older missing weekdays (longest run 22): 2004-05-24, 2004-05-25, 2004-05-26 (+22 more)"
WARN,GAP_DAILY_OLD,universe_daily,NSE_EQ|INE173A01025,1d,1059,"1059 older missing weekdays (longest run 252): 2009-05-18, 2011-01-03, 2011-01-04 (+1056 more)"
WARN,GAP_DAILY_OLD,universe_daily,NSE_EQ|INE175A01038,1d,25,"25 older missing weekdays (longest run 22): 2004-05-24, 2004-05-25, 2004-05-26 (+22 more)"
WARN,GAP_DAILY_OLD,universe_daily,NSE_EQ|INE176A01028,1d,25,"25 older missing weekdays (longest run 22): 2004-05-24, 2004-05-25, 2004-05-26 (+22 more)"
WARN,GAP_DAILY_OLD,universe_daily,NSE_EQ|INE176B01034,1d,25,"25 older missing weekdays (longest run 22): 2004-05-24, 2004-05-25, 2004-05-26 (+22 more)"
WARN,GAP_DAILY_OLD,universe_daily,NSE_EQ|INE177A01018,1d,25,"25 older missing weekdays (longest run 22): 2004-05-24, 2004-05-25, 2004-05-26 (+22 more)"
WARN,GAP_DAILY_OLD,universe_daily,NSE_EQ|INE178A01016,1d,25,"25 older missing weekdays (longest run 22): 2004-05-24, 2004-05-25, 2004-05-26 (+22 more)"
WARN,GAP_DAILY_OLD,universe_daily,NSE_EQ|INE179A01014,1d,25,"25 older missing weekdays (longest run 22): 2004-05-24, 2004-05-25, 2004-05-26 (+22 more)"
WARN,GAP_DAILY_OLD,universe_daily,NSE_EQ|INE180A01020,1d,25,"25 older missing weekdays (longest run 22): 2004-05-24, 2004-05-25, 2004-05-26 (+22 more)"
WARN,GAP_DAILY_OLD,universe_daily,NSE_EQ|INE182A01018,1d,25,"25 older missing weekdays (longest run 22): 2004-05-24, 2004-05-25, 2004-05-26 (+22 more)"
WARN,GAP_DAILY_OLD,universe_daily,NSE_EQ|INE183A01024,1d,25,"25 older missing weekdays (longest run 22): 2004-05-24, 2004-05-25, 2004-05-26 (+22 more)"
WARN,GAP_DAILY_OLD,universe_daily,NSE_EQ|INE185H01016,1d,5,"5 older missing weekdays (longest run 1): 2011-10-26, 2015-03-30, 2015-05-07 (+2 more)"
WARN,GAP_DAILY_OLD,universe_daily,NSE_EQ|INE186A01019,1d,25,"25 older missing weekdays (longest run 22): 2004-05-24, 2004-05-25, 2004-05-26 (+22 more)"
WARN,GAP_DAILY_OLD,universe_daily,NSE_EQ|INE188A01015,1d,25,"25 older missing weekdays (longest run 22): 2004-05-24, 2004-05-25, 2004-05-26 (+22 more)"
WARN,GAP_DAILY_OLD,universe_daily,NSE_EQ|INE188B01013,1d,25,"25 older missing weekdays (longest run 22): 2004-05-24, 2004-05-25, 2004-05-26 (+22 more)"
WARN,GAP_DAILY_OLD,universe_daily,NSE_EQ|INE189B01011,1d,25,"25 older missing weekdays (longest run 22): 2004-05-24, 2004-05-25, 2004-05-26 (+22 more)"
WARN,GAP_DAILY_OLD,universe_daily,NSE_EQ|INE190H01024,1d,6,"6 older missing weekdays (longest run 1): 2011-10-26, 2015-01-01, 2015-02-23 (+3 more)"
WARN,GAP_DAILY_OLD,universe_daily,NSE_EQ|INE191B01025,1d,25,"25 older missing weekdays (longest run 22): 2004-05-24, 2004-05-25, 2004-05-26 (+22 more)"
WARN,GAP_DAILY_OLD,universe_daily,NSE_EQ|INE192A01025,1d,25,"25 older missing weekdays (longest run 22): 2004-05-24, 2004-05-25, 2004-05-26 (+22 more)"
WARN,GAP_DAILY_OLD,universe_daily,NSE_EQ|INE192B01031,1d,25,"25 older missing weekdays (longest run 22): 2004-05-24, 2004-05-25, 2004-05-26 (+22 more)"
WARN,GAP_DAILY_OLD,universe_daily,NSE_EQ|INE195A01028,1d,25,"25 older missing weekdays (longest run 22): 2004-05-24, 2004-05-25, 2004-05-26 (+22 more)"
WARN,GAP_DAILY_OLD,universe_daily,NSE_EQ|INE196A01026,1d,25,"25 older missing weekdays (longest run 22): 2004-05-24, 2004-05-25, 2004-05-26 (+22 more)"
WARN,GAP_DAILY_OLD,universe_daily,NSE_EQ|INE196Y01018,1d,244,"244 older missing weekdays (longest run 58): 2017-10-19, 2018-02-16, 2018-03-07 (+241 more)"
WARN,GAP_DAILY_OLD,universe_daily,NSE_EQ|INE197A01024,1d,355,"355 older missing weekdays (longest run 57): 2004-05-24, 2004-05-25, 2004-05-26 (+352 more)"
WARN,GAP_DAILY_OLD,universe_daily,NSE_EQ|INE197D01010,1d,25,"25 older missing weekdays (longest run 22): 2004-05-24, 2004-05-25, 2004-05-26 (+22 more)"
WARN,GAP_DAILY_OLD,universe_daily,NSE_EQ|INE197J01017,1d,8,"8 older missing weekdays (longest run 2): 2011-10-26, 2017-10-19, 2018-11-07 (+5 more)"
WARN,GAP_DAILY_OLD,universe_daily,NSE_EQ|INE199A01012,1d,25,"25 older missing weekdays (longest run 22): 2004-05-24, 2004-05-25, 2004-05-26 (+22 more)"
WARN,GAP_DAILY_OLD,universe_daily,NSE_EQ|INE199C01026,1d,18,"18 older missing weekdays (longest run 2): 2011-10-26, 2013-05-06, 2015-03-17 (+15 more)"
WARN,GAP_DAILY_OLD,universe_daily,NSE_EQ|INE201A01024,1d,25,"25 older missing weekdays (longest run 22): 2004-05-24, 2004-05-25, 2004-05-26 (+22 more)"
WARN,GAP_DAILY_OLD,universe_daily,NSE_EQ|INE201K01015,1d,7,"7 older missing weekdays (longest run 4): 2011-10-26, 2017-08-08, 2017-08-09 (+4 more)"
WARN,GAP_DAILY_OLD,universe_daily,NSE_EQ|INE202H01019,1d,1046,"1046 older missing weekdays (longest run 252): 2009-05-18, 2011-01-03, 2011-01-04 (+1043 more)"
WARN,GAP_DAILY_OLD,universe_daily,NSE_EQ|INE203A01020,1d,25,"25 older missing weekdays (longest run 22): 2004-05-24, 2004-05-25, 2004-05-26 (+22 more)"
WARN,GAP_DAILY_OLD,universe_daily,NSE_EQ|INE203G01027,1d,25,"25 older missing weekdays (longest run 22): 2004-05-24, 2004-05-25, 2004-05-26 (+22 more)"
WARN,GAP_DAILY_OLD,universe_daily,NSE_EQ|INE203Y01012,1d,1062,"1062 older missing weekdays (longest run 410): 2015-01-06, 2015-01-07, 2015-01-09 (+1059 more)"
WARN,GAP_DAILY_OLD,universe_daily,NSE_EQ|INE205A01025,1d,25,"25 older missing weekdays (longest run 22): 2004-05-24, 2004-05-25, 2004-05-26 (+22 more)"
WARN,GAP_DAILY_OLD,universe_daily,NSE_EQ|INE206B01013,1d,38,"38 older missing weekdays (longest run 22): 2004-05-24, 2004-05-25, 2004-05-26 (+35 more)"
WARN,GAP_DAILY_OLD,universe_daily,NSE_EQ|INE208A01029,1d,25,"25 older missing weekdays (longest run 22): 2004-05-24, 2004-05-25, 2004-05-26 (+22 more)"
WARN,GAP_DAILY_OLD,universe_daily,NSE_EQ|INE208C01025,1d,25,"25 older missing weekdays (longest run 22): 2004-05-24, 2004-05-25, 2004-05-26 (+22 more)"
WARN,GAP_DAILY_OLD,universe_daily,NSE_EQ|INE209A01019,1d,25,"25 older missing weekdays (longest run 22): 2004-05-24, 2004-05-25, 2004-05-26 (+22 more)"
WARN,GAP_DAILY_OLD,universe_daily,NSE_EQ|INE209B01025,1d,25,"25 older missing weekdays (longest run 22): 2004-05-24, 2004-05-25, 2004-05-26 (+22 more)"
WARN,GAP_DAILY_OLD,universe_daily,NSE_EQ|INE209L01016,1d,60,"60 older missing weekdays (longest run 57): 2011-10-26, 2017-10-19, 2018-11-07 (+57 more)"
WARN,GAP_DAILY_OLD,universe_daily,NSE_EQ|INE210A01017,1d,56,"56 older missing weekdays (longest run 22): 2004-05-24, 2004-05-25, 2004-05-26 (+53 more)"
WARN,GAP_DAILY_OLD,universe_daily,NSE_EQ|INE213A01029,1d,25,"25 older missing weekdays (longest run 22): 2004-05-24, 2004-05-25, 2004-05-26 (+22 more)"
WARN,GAP_DAILY_OLD,universe_daily,NSE_EQ|INE215D01010,1d,1243,"1243 older missing weekdays (longest run 737): 2015-01-30, 2015-02-02, 2015-02-03 (+1240 more)"
WARN,GAP_DAILY_OLD,universe_daily,NSE_EQ|INE215F01023,1d,267,"267 older missing weekdays (longest run 58): 2017-04-24, 2017-06-30, 2017-07-04 (+264 more)"
WARN,GAP_DAILY_OLD,universe_daily,NSE_EQ|INE215I01027,1d,16,"16 older missing weekdays (longest run 1): 2011-10-26, 2015-07-13, 2015-07-24 (+13 more)"
WARN,GAP_DAILY_OLD,universe_daily,NSE_EQ|INE216A01030,1d,25,"25 older missing weekdays (longest run 22): 2004-05-24, 2004-05-25, 2004-05-26 (+22 more)"
WARN,GAP_DAILY_OLD,universe_daily,NSE_EQ|INE217A01012,1d,25,"25 older missing weekdays (longest run 22): 2004-05-24, 2004-05-25, 2004-05-26 (+22 more)"
WARN,GAP_DAILY_OLD,universe_daily,NSE_EQ|INE217B01036,1d,25,"25 older missing weekdays (longest run 22): 2004-05-24, 2004-05-25, 2004-05-26 (+22 more)"
WARN,GAP_DAILY_OLD,universe_daily,NSE_EQ|INE218C01016,1d,106,"106 older missing weekdays (longest run 22): 2004-05-24, 2004-05-25, 2004-05-26 (+103 more)"
WARN,GAP_DAILY_OLD,universe_daily,NSE_EQ|INE220B01022,1d,25,"25 older missing weekdays (longest run 22): 2004-05-24, 2004-05-25, 2004-05-26 (+22 more)"
WARN,GAP_DAILY_OLD,universe_daily,NSE_EQ|INE220G01021,1d,25,"25 older missing weekdays (longest run 22): 2004-05-24, 2004-05-25, 2004-05-26 (+22 more)"
WARN,GAP_DAILY_OLD,universe_daily,NSE_EQ|INE226A01021,1d,25,"25 older missing weekdays (longest run 22): 2004-05-24, 2004-05-25, 2004-05-26 (+22 more)"
WARN,GAP_DAILY_OLD,universe_daily,NSE_EQ|INE227C01017,1d,25,"25 older missing weekdays (longest run 22): 2004-05-24, 2004-05-25, 2004-05-26 (+22 more)"
WARN,GAP_DAILY_OLD,universe_daily,NSE_EQ|INE228A01035,1d,25,"25 older missing weekdays (longest run 22): 2004-05-24, 2004-05-25, 2004-05-26 (+22 more)"
WARN,GAP_DAILY_OLD,universe_daily,NSE_EQ|INE229A01017,1d,993,"993 older missing weekdays (longest run 252): 2009-03-17, 2009-05-18, 2009-07-01 (+990 more)"
WARN,GAP_DAILY_OLD,universe_daily,NSE_EQ|INE229C01021,1d,25,"25 older missing weekdays (longest run 22): 2004-05-24, 2004-05-25, 2004-05-26 (+22 more)"
WARN,GAP_DAILY_OLD,universe_daily,NSE_EQ|INE230A01023,1d,25,"25 older missing weekdays (longest run 22): 2004-05-24, 2004-05-25, 2004-05-26 (+22 more)"
WARN,GAP_DAILY_OLD,universe_daily,NSE_EQ|INE230B01021,1d,906,"906 older missing weekdays (longest run 524): 2004-05-24, 2004-05-25, 2004-05-26 (+903 more)"
WARN,GAP_DAILY_OLD,universe_daily,NSE_EQ|INE231C01019,1d,80,"80 older missing weekdays (longest run 22): 2004-05-24, 2004-05-25, 2004-05-26 (+77 more)"
WARN,GAP_DAILY_OLD,universe_daily,NSE_EQ|INE233A01035,1d,25,"25 older missing weekdays (longest run 22): 2004-05-24, 2004-05-25, 2004-05-26 (+22 more)"
WARN,GAP_DAILY_OLD,universe_daily,NSE_EQ|INE233B01017,1d,25,"25 older missing weekdays (longest run 22): 2004-05-24, 2004-05-25, 2004-05-26 (+22 more)"
WARN,GAP_DAILY_OLD,universe_daily,NSE_EQ|INE235A01022,1d,25,"25 older missing weekdays (longest run 22): 2004-05-24, 2004-05-25, 2004-05-26 (+22 more)"
WARN,GAP_DAILY_OLD,universe_daily,NSE_EQ|INE236A01020,1d,25,"25 older missing weekdays (longest run 22): 2004-05-24, 2004-05-25, 2004-05-26 (+22 more)"
WARN,GAP_DAILY_OLD,universe_daily,NSE_EQ|INE236G01019,1d,25,"25 older missing weekdays (longest run 22): 2004-05-24, 2004-05-25, 2004-05-26 (+22 more)"
WARN,GAP_DAILY_OLD,universe_daily,NSE_EQ|INE237A01036,1d,25,"25 older missing weekdays (longest run 22): 2004-05-24, 2004-05-25, 2004-05-26 (+22 more)"
WARN,GAP_DAILY_OLD,universe_daily,NSE_EQ|INE238A01034,1d,25,"25 older missing weekdays (longest run 22): 2004-05-24, 2004-05-25, 2004-05-26 (+22 more)"
WARN,GAP_DAILY_OLD,universe_daily,NSE_EQ|INE240C01028,1d,1021,"1021 older missing weekdays (longest run 536): 2004-05-24, 2004-05-25, 2004-05-26 (+1018 more)"
WARN,GAP_DAILY_OLD,universe_daily,NSE_EQ|INE242A01010,1d,25,"25 older missing weekdays (longest run 22): 2004-05-24, 2004-05-25, 2004-05-26 (+22 more)"
WARN,GAP_DAILY_OLD,universe_daily,NSE_EQ|INE244A01016,1d,25,"25 older missing weekdays (longest run 22): 2004-05-24, 2004-05-25, 2004-05-26 (+22 more)"
WARN,GAP_DAILY_OLD,universe_daily,NSE_EQ|INE245A01021,1d,25,"25 older missing weekdays (longest run 22): 2004-05-24, 2004-05-25, 2004-05-26 (+22 more)"
WARN,GAP_DAILY_OLD,universe_daily,NSE_EQ|INE245I01016,1d,253,"253 older missing weekdays (longest run 10): 2011-10-26, 2013-05-06, 2015-01-01 (+250 more)"
WARN,GAP_DAILY_OLD,universe_daily,NSE_EQ|INE246B01019,1d,25,"25 older missing weekdays (longest run 22): 2004-05-24, 2004-05-25, 2004-05-26 (+22 more)"
WARN,GAP_DAILY_OLD,universe_daily,NSE_EQ|INE247D01039,1d,15,"15 older missing weekdays (longest run 2): 2011-10-26, 2015-02-03, 2015-02-11 (+12 more)"
WARN,GAP_DAILY_OLD,universe_daily,NSE_EQ|INE248A01017,1d,25,"25 older missing weekdays (longest run 22): 2004-05-24, 2004-05-25, 2004-05-26 (+22 more)"
WARN,GAP_DAILY_OLD,universe_daily,NSE_EQ|INE249Z01020,1d,695,"695 older missing weekdays (longest run 321): 2017-12-05, 2017-12-06, 2017-12-07 (+692 more)"
WARN,GAP_DAILY_OLD,universe_daily,NSE_EQ|INE250A01039,1d,25,"25 older missing weekdays (longest run 22): 2004-05-24, 2004-05-25, 2004-05-26 (+22 more)"
WARN,GAP_DAILY_OLD,universe_daily,NSE_EQ|INE250B01029,1d,25,"25 older missing weekdays (longest run 22): 2004-05-24, 2004-05-25, 2004-05-26 (+22 more)"
WARN,GAP_DAILY_OLD,universe_daily,NSE_EQ|INE253B01015,1d,26,"26 older missing weekdays (longest run 3): 2018-03-07, 2018-03-09, 2018-03-12 (+23 more)"
WARN,GAP_DAILY_OLD,universe_daily,NSE_EQ|INE255A01020,1d,25,"25 older missing weekdays (longest run 22): 2004-05-24, 2004-05-25, 2004-05-26 (+22 more)"
WARN,GAP_DAILY_OLD,universe_daily,NSE_EQ|INE256A01028,1d,25,"25 older missing weekdays (longest run 22): 2004-05-24, 2004-05-25, 2004-05-26 (+22 more)"
WARN,GAP_DAILY_OLD,universe_daily,NSE_EQ|INE256C01024,1d,25,"25 older missing weekdays (longest run 22): 2004-05-24, 2004-05-25, 2004-05-26 (+22 more)"
WARN,GAP_DAILY_OLD,universe_daily,NSE_EQ|INE257A01026,1d,25,"25 older missing weekdays (longest run 22): 2004-05-24, 2004-05-25, 2004-05-26 (+22 more)"
WARN,GAP_DAILY_OLD,universe_daily,NSE_EQ|INE258A01024,1d,25,"25 older missing weekdays (longest run 22): 2004-05-24, 2004-05-25, 2004-05-26 (+22 more)"
WARN,GAP_DAILY_OLD,universe_daily,NSE_EQ|INE258B01022,1d,25,"25 older missing weekdays (longest run 22): 2004-05-24, 2004-05-25, 2004-05-26 (+22 more)"
WARN,GAP_DAILY_OLD,universe_daily,NSE_EQ|INE258Y01016,1d,761,"761 older missing weekdays (longest run 98): 2020-04-30, 2020-05-04, 2020-05-07 (+758 more)"
WARN,GAP_DAILY_OLD,universe_daily,NSE_EQ|INE259A01022,1d,25,"25 older missing weekdays (longest run 22): 2004-05-24, 2004-05-25, 2004-05-26 (+22 more)"
WARN,GAP_DAILY_OLD,universe_daily,NSE_EQ|INE260B01028,1d,25,"25 older missing weekdays (longest run 22): 2004-05-24, 2004-05-25, 2004-05-26 (+22 more)"
WARN,GAP_DAILY_OLD,universe_daily,NSE_EQ|INE260D01016,1d,990,"990 older missing weekdays (longest run 252): 2009-02-05, 2009-05-18, 2011-01-03 (+987 more)"
WARN,GAP_DAILY_OLD,universe_daily,NSE_EQ|INE262Z01023,1d,915,"915 older missing weekdays (longest run 103): 2018-06-13, 2018-06-15, 2018-06-18 (+912 more)"
WARN,GAP_DAILY_OLD,universe_daily,NSE_EQ|INE263A01024,1d,25,"25 older missing weekdays (longest run 22): 2004-05-24, 2004-05-25, 2004-05-26 (+22 more)"
WARN,GAP_DAILY_OLD,universe_daily,NSE_EQ|INE266Y01019,1d,337,"337 older missing weekdays (longest run 64): 2018-01-15, 2018-02-15, 2018-02-26 (+334 more)"
WARN,GAP_DAILY_OLD,universe_daily,NSE_EQ|INE267A01025,1d,910,"910 older missing weekdays (longest run 162): 2003-04-01, 2003-04-02, 2003-04-03 (+907 more)"
WARN,GAP_DAILY_OLD,universe_daily,NSE_EQ|INE268B01013,1d,55,"55 older missing weekdays (longest run 6): 2016-11-11, 2016-11-17, 2016-11-18 (+52 more)"
WARN,GAP_DAILY_OLD,universe_daily,NSE_EQ|INE269A01021,1d,25,"25 older missing weekdays (longest run 22): 2004-05-24, 2004-05-25, 2004-05-26 (+22 more)"
WARN,GAP_DAILY_OLD,universe_daily,NSE_EQ|INE269B01029,1d,25,"25 older missing weekdays (longest run 22): 2004-05-24, 2004-05-25, 2004-05-26 (+22 more)"
WARN,GAP_DAILY_OLD,universe_daily,NSE_EQ|INE271B01025,1d,25,"25 older missing weekdays (longest run 22): 2004-05-24, 2004-05-25, 2004-05-26 (+22 more)"
WARN,GAP_DAILY_OLD,universe_daily,NSE_EQ|INE273D01027,1d,7,"7 older missing weekdays (longest run 1): 2011-10-26, 2015-04-23, 2015-05-21 (+4 more)"
WARN,GAP_DAILY_OLD,universe_daily,NSE_EQ|INE274C01019,1d,25,"25 older missing weekdays (longest run 22): 2004-05-24, 2004-05-25, 2004-05-26 (+22 more)"
WARN,GAP_DAILY_OLD,universe_daily,NSE_EQ|INE275B01026,1d,25,"25 older missing weekdays (longest run 22): 2004-05-24, 2004-05-25, 2004-05-26 (+22 more)"
WARN,GAP_DAILY_OLD,universe_daily,NSE_EQ|INE276C01014,1d,6,"6 older missing weekdays (longest run 2): 2011-10-26, 2015-06-23, 2016-12-05 (+3 more)"
WARN,GAP_DAILY_OLD,universe_daily,NSE_EQ|INE276G01015,1d,957,"957 older missing weekdays (longest run 420): 2018-02-07, 2018-02-08, 2018-02-09 (+954 more)"
WARN,GAP_DAILY_OLD,universe_daily,NSE_EQ|INE277A01016,1d,25,"25 older missing weekdays (longest run 22): 2004-05-24, 2004-05-25, 2004-05-26 (+22 more)"
WARN,GAP_DAILY_OLD,universe_daily,NSE_EQ|INE277B01014,1d,25,"25 older missing weekdays (longest run 22): 2004-05-24, 2004-05-25, 2004-05-26 (+22 more)"
WARN,GAP_DAILY_OLD,universe_daily,NSE_EQ|INE277C01012,1d,1930,"1930 older missing weekdays (longest run 252): 2007-06-19, 2008-07-18, 2008-12-04 (+1927 more)"
WARN,GAP_DAILY_OLD,universe_daily,NSE_EQ|INE278B01020,1d,51,"51 older missing weekdays (longest run 26): 2004-05-24, 2004-05-25, 2004-05-26 (+48 more)"
WARN,GAP_DAILY_OLD,universe_daily,NSE_EQ|INE278G01037,1d,1773,"1773 older missing weekdays (longest run 252): 2008-11-14, 2009-02-25, 2009-02-27 (+1770 more)"
WARN,GAP_DAILY_OLD,universe_daily,NSE_EQ|INE279A01012,1d,38,"38 older missing weekdays (longest run 22): 2004-05-24, 2004-05-25, 2004-05-26 (+35 more)"
WARN,GAP_DAILY_OLD,universe_daily,NSE_EQ|INE280A01028,1d,25,"25 older missing weekdays (longest run 22): 2004-05-24, 2004-05-25, 2004-05-26 (+22 more)"
WARN,GAP_DAILY_OLD,universe_daily,NSE_EQ|INE281A01026,1d,989,"989 older missing weekdays (longest run 252): 2009-05-18, 2011-01-03, 2011-01-04 (+986 more)"
WARN,GAP_DAILY_OLD,universe_daily,NSE_EQ|INE283A01014,1d,1053,"1053 older missing weekdays (longest run 252): 2008-04-08, 2008-04-28, 2008-07-07 (+1050 more)"
WARN,GAP_DAILY_OLD,universe_daily,NSE_EQ|INE284A01012,1d,26,"26 older missing weekdays (longest run 22): 2004-05-24, 2004-05-25, 2004-05-26 (+23 more)"
WARN,GAP_DAILY_OLD,universe_daily,NSE_EQ|INE285A01027,1d,25,"25 older missing weekdays (longest run 22): 2004-05-24, 2004-05-25, 2004-05-26 (+22 more)"
WARN,GAP_DAILY_OLD,universe_daily,NSE_EQ|INE286H01012,1d,190,"190 older missing weekdays (longest run 5): 2011-10-26, 2017-10-19, 2018-11-07 (+187 more)"
WARN,GAP_DAILY_OLD,universe_daily,NSE_EQ|INE287B01021,1d,25,"25 older missing weekdays (longest run 22): 2004-05-24, 2004-05-25, 2004-05-26 (+22 more)"
WARN,GAP_DAILY_OLD,universe_daily,NSE_EQ|INE287Z01012,1d,198,"198 older missing weekdays (longest run 8): 2018-11-07, 2021-07-22, 2021-07-23 (+195 more)"
WARN,GAP_DAILY_OLD,universe_daily,NSE_EQ|INE288A01013,1d,25,"25 older missing weekdays (longest run 22): 2004-05-24, 2004-05-25, 2004-05-26 (+22 more)"
WARN,GAP_DAILY_OLD,universe_daily,NSE_EQ|INE289A01011,1d,25,"25 older missing weekdays (longest run 22): 2004-05-24, 2004-05-25, 2004-05-26 (+22 more)"
WARN,GAP_DAILY_OLD,universe_daily,NSE_EQ|INE289B01019,1d,25,"25 older missing weekdays (longest run 22): 2004-05-24, 2004-05-25, 2004-05-26 (+22 more)"
WARN,GAP_DAILY_OLD,universe_daily,NSE_EQ|INE289C01025,1d,1226,"1226 older missing weekdays (longest run 252): 2007-01-03, 2007-01-04, 2007-01-05 (+1223 more)"
WARN,GAP_DAILY_OLD,universe_daily,NSE_EQ|INE290A01027,1d,25,"25 older missing weekdays (longest run 22): 2004-05-24, 2004-05-25, 2004-05-26 (+22 more)"
WARN,GAP_DAILY_OLD,universe_daily,NSE_EQ|INE293B01029,1d,89,"89 older missing weekdays (longest run 57): 2018-06-04, 2018-07-03, 2018-07-05 (+86 more)"
WARN,GAP_DAILY_OLD,universe_daily,NSE_EQ|INE294B01019,1d,26,"26 older missing weekdays (longest run 22): 2004-05-24, 2004-05-25, 2004-05-26 (+23 more)"
WARN,GAP_DAILY_OLD,universe_daily,NSE_EQ|INE294G01026,1d,12,"12 older missing weekdays (longest run 4): 2020-10-15, 2020-11-02, 2020-11-12 (+9 more)"
WARN,GAP_DAILY_OLD,universe_daily,NSE_EQ|INE296A01032,1d,25,"25 older missing weekdays (longest run 22): 2004-05-24, 2004-05-25, 2004-05-26 (+22 more)"
WARN,GAP_DAILY_OLD,universe_daily,NSE_EQ|INE296H01011,1d,10,"10 older missing weekdays (longest run 2): 2011-10-26, 2015-05-07, 2015-07-15 (+7 more)"
WARN,GAP_DAILY_OLD,universe_daily,NSE_EQ|INE297H01019,1d,98,"98 older missing weekdays (longest run 42): 2011-10-26, 2017-08-08, 2017-08-09 (+95 more)"
WARN,GAP_DAILY_OLD,universe_daily,NSE_EQ|INE298A01020,1d,25,"25 older missing weekdays (longest run 22): 2004-05-24, 2004-05-25, 2004-05-26 (+22 more)"
WARN,GAP_DAILY_OLD,universe_daily,NSE_EQ|INE298G01035,1d,26,"26 older missing weekdays (longest run 22): 2004-05-24, 2004-05-25, 2004-05-26 (+23 more)"
WARN,GAP_DAILY_OLD,universe_daily,NSE_EQ|INE301A01014,1d,25,"25 older missing weekdays (longest run 22): 2004-05-24, 2004-05-25, 2004-05-26 (+22 more)"
WARN,GAP_DAILY_OLD,universe_daily,NSE_EQ|INE302A01020,1d,25,"25 older missing weekdays (longest run 22): 2004-05-24, 2004-05-25, 2004-05-26 (+22 more)"
WARN,GAP_DAILY_OLD,universe_daily,NSE_EQ|INE303A01010,1d,25,"25 older missing weekdays (longest run 22): 2004-05-24, 2004-05-25, 2004-05-26 (+22 more)"
WARN,GAP_DAILY_OLD,universe_daily,NSE_EQ|INE304A01026,1d,25,"25 older missing weekdays (longest run 22): 2004-05-24, 2004-05-25, 2004-05-26 (+22 more)"
WARN,GAP_DAILY_OLD,universe_daily,NSE_EQ|INE305A01023,1d,25,"25 older missing weekdays (longest run 22): 2004-05-24, 2004-05-25, 2004-05-26 (+22 more)"
WARN,GAP_DAILY_OLD,universe_daily,NSE_EQ|INE305C01029,1d,6,"6 older missing weekdays (longest run 1): 2011-10-26, 2015-05-18, 2015-05-22 (+3 more)"
WARN,GAP_DAILY_OLD,universe_daily,NSE_EQ|INE306A01021,1d,25,"25 older missing weekdays (longest run 22): 2004-05-24, 2004-05-25, 2004-05-26 (+22 more)"
WARN,GAP_DAILY_OLD,universe_daily,NSE_EQ|INE306C01019,1d,31,"31 older missing weekdays (longest run 26): 2011-10-26, 2015-04-24, 2015-06-26 (+28 more)"
WARN,GAP_DAILY_OLD,universe_daily,NSE_EQ|INE308A01027,1d,27,"27 older missing weekdays (longest run 22): 2004-05-24, 2004-05-25, 2004-05-26 (+24 more)"
WARN,GAP_DAILY_OLD,universe_daily,NSE_EQ|INE309M01020,1d,377,"377 older missing weekdays (longest run 23): 2004-05-24, 2004-05-25, 2004-05-26 (+374 more)"
WARN,GAP_DAILY_OLD,universe_daily,NSE_EQ|INE310A01015,1d,25,"25 older missing weekdays (longest run 22): 2004-05-24, 2004-05-25, 2004-05-26 (+22 more)"
WARN,GAP_DAILY_OLD,universe_daily,NSE_EQ|INE310C01029,1d,25,"25 older missing weekdays (longest run 22): 2004-05-24, 2004-05-25, 2004-05-26 (+22 more)"
WARN,GAP_DAILY_OLD,universe_daily,NSE_EQ|INE314C01013,1d,1132,"1132 older missing weekdays (longest run 252): 2008-07-01, 2008-09-17, 2008-09-23 (+1129 more)"
WARN,GAP_DAILY_OLD,universe_daily,NSE_EQ|INE314G01014,1d,1242,"1242 older missing weekdays (longest run 252): 2008-02-08, 2008-02-21, 2008-04-03 (+1239 more)"
WARN,GAP_DAILY_OLD,universe_daily,NSE_EQ|INE314T01033,1d,35,"35 older missing weekdays (longest run 32): 2016-04-29, 2017-10-19, 2018-11-07 (+32 more)"
WARN,GAP_DAILY_OLD,universe_daily,NSE_EQ|INE318A01026,1d,25,"25 older missing weekdays (longest run 22): 2004-05-24, 2004-05-25, 2004-05-26 (+22 more)"
WARN,GAP_DAILY_OLD,universe_daily,NSE_EQ|INE318D01020,1d,698,"698 older missing weekdays (longest run 143): 2011-10-26, 2015-09-09, 2015-10-13 (+695 more)"
WARN,GAP_DAILY_OLD,universe_daily,NSE_EQ|INE320L01011,1d,7,"7 older missing weekdays (longest run 1): 2011-10-26, 2013-05-06, 2015-03-19 (+4 more)"
WARN,GAP_DAILY_OLD,universe_daily,NSE_EQ|INE322A01010,1d,25,"25 older missing weekdays (longest run 22): 2004-05-24, 2004-05-25, 2004-05-26 (+22 more)"
WARN,GAP_DAILY_OLD,universe_daily,NSE_EQ|INE323A01026,1d,25,"25 older missing weekdays (longest run 22): 2004-05-24, 2004-05-25, 2004-05-26 (+22 more)"
WARN,GAP_DAILY_OLD,universe_daily,NSE_EQ|INE323C01030,1d,25,"25 older missing weekdays (longest run 22): 2004-05-24, 2004-05-25, 2004-05-26 (+22 more)"
WARN,GAP_DAILY_OLD,universe_daily,NSE_EQ|INE323J01019,1d,22,"22 older missing weekdays (longest run 5): 2016-07-26, 2016-08-05, 2016-08-08 (+19 more)"
WARN,GAP_DAILY_OLD,universe_daily,NSE_EQ|INE324A01032,1d,25,"25 older missing weekdays (longest run 22): 2004-05-24, 2004-05-25, 2004-05-26 (+22 more)"
WARN,GAP_DAILY_OLD,universe_daily,NSE_EQ|INE324X01026,1d,222,"222 older missing weekdays (longest run 58): 2018-04-27, 2018-05-10, 2018-06-04 (+219 more)"
WARN,GAP_DAILY_OLD,universe_daily,NSE_EQ|INE325A01013,1d,25,"25 older missing weekdays (longest run 22): 2004-05-24, 2004-05-25, 2004-05-26 (+22 more)"
WARN,GAP_DAILY_OLD,universe_daily,NSE_EQ|INE326A01037,1d,25,"25 older missing weekdays (longest run 22): 2004-05-24, 2004-05-25, 2004-05-26 (+22 more)"
WARN,GAP_DAILY_OLD,universe_daily,NSE_EQ|INE326B01035,1d,26,"26 older missing weekdays (longest run 3): 2011-10-26, 2015-07-31, 2015-09-10 (+23 more)"
WARN,GAP_DAILY_OLD,universe_daily,NSE_EQ|INE326T01011,1d,136,"136 older missing weekdays (longest run 73): 2024-03-12, 2024-03-13, 2024-03-15 (+133 more)"
WARN,GAP_DAILY_OLD,universe_daily,NSE_EQ|INE331A01037,1d,25,"25 older missing weekdays (longest run 22): 2004-05-24, 2004-05-25, 2004-05-26 (+22 more)"
WARN,GAP_DAILY_OLD,universe_daily,NSE_EQ|INE332A01027,1d,26,"26 older missing weekdays (longest run 22): 2004-05-24, 2004-05-25, 2004-05-26 (+23 more)"
WARN,GAP_DAILY_OLD,universe_daily,NSE_EQ|INE332H01014,1d,22,"22 older missing weekdays (longest run 4): 2011-10-26, 2017-10-19, 2018-11-07 (+19 more)"
WARN,GAP_DAILY_OLD,universe_daily,NSE_EQ|INE335A01020,1d,25,"25 older missing weekdays (longest run 22): 2004-05-24, 2004-05-25, 2004-05-26 (+22 more)"
WARN,GAP_DAILY_OLD,universe_daily,NSE_EQ|INE335W01016,1d,38,"38 older missing weekdays (longest run 26): 2017-10-19, 2018-10-26, 2018-11-07 (+35 more)"
WARN,GAP_DAILY_OLD,universe_daily,NSE_EQ|INE336X01012,1d,290,"290 older missing weekdays (longest run 58): 2017-10-03, 2017-10-23, 2017-11-09 (+287 more)"
WARN,GAP_DAILY_OLD,universe_daily,NSE_EQ|INE337A01034,1d,25,"25 older missing weekdays (longest run 22): 2004-05-24, 2004-05-25, 2004-05-26 (+22 more)"
WARN,GAP_DAILY_OLD,universe_daily,NSE_EQ|INE337M01021,1d,16,"16 older missing weekdays (longest run 1): 2014-11-27, 2015-02-10, 2015-02-23 (+13 more)"
WARN,GAP_DAILY_OLD,universe_daily,NSE_EQ|INE338A01024,1d,25,"25 older missing weekdays (longest run 22): 2004-05-24, 2004-05-25, 2004-05-26 (+22 more)"
WARN,GAP_DAILY_OLD,universe_daily,NSE_EQ|INE340A01012,1d,25,"25 older missing weekdays (longest run 22): 2004-05-24, 2004-05-25, 2004-05-26 (+22 more)"
WARN,GAP_DAILY_OLD,universe_daily,NSE_EQ|INE344S01016,1d,145,"145 older missing weekdays (longest run 57): 2017-09-05, 2017-09-07, 2017-10-19 (+142 more)"
WARN,GAP_DAILY_OLD,universe_daily,NSE_EQ|INE345A01011,1d,25,"25 older missing weekdays (longest run 22): 2004-05-24, 2004-05-25, 2004-05-26 (+22 more)"
WARN,GAP_DAILY_OLD,universe_daily,NSE_EQ|INE347A01017,1d,25,"25 older missing weekdays (longest run 22): 2004-05-24, 2004-05-25, 2004-05-26 (+22 more)"
WARN,GAP_DAILY_OLD,universe_daily,NSE_EQ|INE347G01014,1d,25,"25 older missing weekdays (longest run 22): 2004-05-24, 2004-05-25, 2004-05-26 (+22 more)"
WARN,GAP_DAILY_OLD,universe_daily,NSE_EQ|INE347W01011,1d,28,"28 older missing weekdays (longest run 26): 2017-10-19, 2018-11-07, 2018-12-03 (+25 more)"
WARN,GAP_DAILY_OLD,universe_daily,NSE_EQ|INE348A01023,1d,25,"25 older missing weekdays (longest run 22): 2004-05-24, 2004-05-25, 2004-05-26 (+22 more)"
WARN,GAP_DAILY_OLD,universe_daily,NSE_EQ|INE349A01021,1d,25,"25 older missing weekdays (longest run 22): 2004-05-24, 2004-05-25, 2004-05-26 (+22 more)"
WARN,GAP_DAILY_OLD,universe_daily,NSE_EQ|INE351A01035,1d,25,"25 older missing weekdays (longest run 22): 2004-05-24, 2004-05-25, 2004-05-26 (+22 more)"
WARN,GAP_DAILY_OLD,universe_daily,NSE_EQ|INE351Y01019,1d,199,"199 older missing weekdays (longest run 57): 2017-10-19, 2018-03-09, 2018-05-08 (+196 more)"
WARN,GAP_DAILY_OLD,universe_daily,NSE_EQ|INE353A01023,1d,25,"25 older missing weekdays (longest run 22): 2004-05-24, 2004-05-25, 2004-05-26 (+22 more)"
WARN,GAP_DAILY_OLD,universe_daily,NSE_EQ|INE353H01010,1d,154,"154 older missing weekdays (longest run 26): 2011-10-26, 2015-01-02, 2015-01-05 (+151 more)"
WARN,GAP_DAILY_OLD,universe_daily,NSE_EQ|INE355A01028,1d,28,"28 older missing weekdays (longest run 22): 2004-05-24, 2004-05-25, 2004-05-26 (+25 more)"
WARN,GAP_DAILY_OLD,universe_daily,NSE_EQ|INE356A01018,1d,25,"25 older missing weekdays (longest run 22): 2004-05-24, 2004-05-25, 2004-05-26 (+22 more)"
WARN,GAP_DAILY_OLD,universe_daily,NSE_EQ|INE358A01014,1d,25,"25 older missing weekdays (longest run 22): 2004-05-24, 2004-05-25, 2004-05-26 (+22 more)"
WARN,GAP_DAILY_OLD,universe_daily,NSE_EQ|INE358U01012,1d,82,"82 older missing weekdays (longest run 57): 2004-05-24, 2004-05-25, 2004-05-26 (+79 more)"
WARN,GAP_DAILY_OLD,universe_daily,NSE_EQ|INE360L01017,1d,5,"5 older missing weekdays (longest run 1): 2011-10-26, 2015-04-24, 2015-05-08 (+2 more)"
WARN,GAP_DAILY_OLD,universe_daily,NSE_EQ|INE361B01024,1d,25,"25 older missing weekdays (longest run 22): 2004-05-24, 2004-05-25, 2004-05-26 (+22 more)"
WARN,GAP_DAILY_OLD,universe_daily,NSE_EQ|INE362A01016,1d,1549,"1549 older missing weekdays (longest run 252): 2009-05-18, 2011-01-03, 2011-01-04 (+1546 more)"
WARN,GAP_DAILY_OLD,universe_daily,NSE_EQ|INE363A01022,1d,28,"28 older missing weekdays (longest run 22): 2004-05-24, 2004-05-25, 2004-05-26 (+25 more)"
WARN,GAP_DAILY_OLD,universe_daily,NSE_EQ|INE364A01020,1d,25,"25 older missing weekdays (longest run 22): 2004-05-24, 2004-05-25, 2004-05-26 (+22 more)"
WARN,GAP_DAILY_OLD,universe_daily,NSE_EQ|INE365B01017,1d,25,"25 older missing weekdays (longest run 22): 2004-05-24, 2004-05-25, 2004-05-26 (+22 more)"
WARN,GAP_DAILY_OLD,universe_daily,NSE_EQ|INE365I01020,1d,23,"23 older missing weekdays (longest run 5): 2016-12-14, 2016-12-16, 2016-12-19 (+20 more)"
WARN,GAP_DAILY_OLD,universe_daily,NSE_EQ|INE366A01041,1d,29,"29 older missing weekdays (longest run 26): 2011-10-26, 2017-10-19, 2018-11-07 (+26 more)"
WARN,GAP_DAILY_OLD,universe_daily,NSE_EQ|INE368U01029,1d,1013,"1013 older missing weekdays (longest run 82): 2016-06-15, 2016-06-17, 2016-06-22 (+1010 more)"
WARN,GAP_DAILY_OLD,universe_daily,NSE_EQ|INE369A01029,1d,25,"25 older missing weekdays (longest run 22): 2004-05-24, 2004-05-25, 2004-05-26 (+22 more)"
WARN,GAP_DAILY_OLD,universe_daily,NSE_EQ|INE369C01017,1d,986,"986 older missing weekdays (longest run 247): 2004-05-24, 2004-05-25, 2004-05-26 (+983 more)"
WARN,GAP_DAILY_OLD,universe_daily,NSE_EQ|INE371A01025,1d,25,"25 older missing weekdays (longest run 22): 2004-05-24, 2004-05-25, 2004-05-26 (+22 more)"
WARN,GAP_DAILY_OLD,universe_daily,NSE_EQ|INE372C01037,1d,25,"25 older missing weekdays (longest run 22): 2004-05-24, 2004-05-25, 2004-05-26 (+22 more)"
WARN,GAP_DAILY_OLD,universe_daily,NSE_EQ|INE373A01013,1d,25,"25 older missing weekdays (longest run 22): 2004-05-24, 2004-05-25, 2004-05-26 (+22 more)"
WARN,GAP_DAILY_OLD,universe_daily,NSE_EQ|INE375Y01018,1d,894,"894 older missing weekdays (longest run 57): 2017-10-19, 2017-11-16, 2017-11-17 (+891 more)"
WARN,GAP_DAILY_OLD,universe_daily,NSE_EQ|INE376G01013,1d,25,"25 older missing weekdays (longest run 22): 2004-05-24, 2004-05-25, 2004-05-26 (+22 more)"
WARN,GAP_DAILY_OLD,universe_daily,NSE_EQ|INE383A01012,1d,25,"25 older missing weekdays (longest run 22): 2004-05-24, 2004-05-25, 2004-05-26 (+22 more)"
WARN,GAP_DAILY_OLD,universe_daily,NSE_EQ|INE383H01017,1d,58,"58 older missing weekdays (longest run 3): 2011-10-26, 2015-01-02, 2015-01-06 (+55 more)"
WARN,GAP_DAILY_OLD,universe_daily,NSE_EQ|INE384A01010,1d,25,"25 older missing weekdays (longest run 22): 2004-05-24, 2004-05-25, 2004-05-26 (+22 more)"
WARN,GAP_DAILY_OLD,universe_daily,NSE_EQ|INE385I01010,1d,996,"996 older missing weekdays (longest run 252): 2009-05-18, 2011-01-03, 2011-01-04 (+993 more)"
WARN,GAP_DAILY_OLD,universe_daily,NSE_EQ|INE386A01023,1d,25,"25 older missing weekdays (longest run 22): 2004-05-24, 2004-05-25, 2004-05-26 (+22 more)"
WARN,GAP_DAILY_OLD,universe_daily,NSE_EQ|INE387A01021,1d,25,"25 older missing weekdays (longest run 22): 2004-05-24, 2004-05-25, 2004-05-26 (+22 more)"
WARN,GAP_DAILY_OLD,universe_daily,NSE_EQ|INE387I01016,1d,58,"58 older missing weekdays (longest run 4): 2011-10-26, 2015-01-14, 2015-05-04 (+55 more)"
WARN,GAP_DAILY_OLD,universe_daily,NSE_EQ|INE389C01015,1d,1219,"1219 older missing weekdays (longest run 656): 2017-02-27, 2017-02-28, 2017-03-01 (+1216 more)"
WARN,GAP_DAILY_OLD,universe_daily,NSE_EQ|INE391D01019,1d,41,"41 older missing weekdays (longest run 4): 2011-10-26, 2017-10-19, 2018-11-07 (+38 more)"
WARN,GAP_DAILY_OLD,universe_daily,NSE_EQ|INE392A01021,1d,25,"25 older missing weekdays (longest run 22): 2004-05-24, 2004-05-25, 2004-05-26 (+22 more)"
WARN,GAP_DAILY_OLD,universe_daily,NSE_EQ|INE392B01011,1d,35,"35 older missing weekdays (longest run 22): 2004-05-24, 2004-05-25, 2004-05-26 (+32 more)"
WARN,GAP_DAILY_OLD,universe_daily,NSE_EQ|INE393A01011,1d,319,"319 older missing weekdays (longest run 26): 2004-05-24, 2004-05-25, 2004-05-26 (+316 more)"
WARN,GAP_DAILY_OLD,universe_daily,NSE_EQ|INE395H01011,1d,318,"318 older missing weekdays (longest run 118): 2016-03-29, 2016-03-30, 2016-04-04 (+315 more)"
WARN,GAP_DAILY_OLD,universe_daily,NSE_EQ|INE395U01014,1d,20,"20 older missing weekdays (longest run 5): 2023-06-19, 2023-06-20, 2023-06-21 (+17 more)"
WARN,GAP_DAILY_OLD,universe_daily,NSE_EQ|INE397D01024,1d,25,"25 older missing weekdays (longest run 22): 2004-05-24, 2004-05-25, 2004-05-26 (+22 more)"
WARN,GAP_DAILY_OLD,universe_daily,NSE_EQ|INE398A01010,1d,25,"25 older missing weekdays (longest run 22): 2004-05-24, 2004-05-25, 2004-05-26 (+22 more)"
WARN,GAP_DAILY_OLD,universe_daily,NSE_EQ|INE398B01018,1d,183,"183 older missing weekdays (longest run 25): 2004-05-24, 2004-05-25, 2004-05-26 (+180 more)"
WARN,GAP_DAILY_OLD,universe_daily,NSE_EQ|INE399G01023,1d,25,"25 older missing weekdays (longest run 22): 2004-05-24, 2004-05-25, 2004-05-26 (+22 more)"
WARN,GAP_DAILY_OLD,universe_daily,NSE_EQ|INE401H01017,1d,5,"5 older missing weekdays (longest run 1): 2011-10-26, 2016-02-25, 2017-10-19 (+2 more)"
WARN,GAP_DAILY_OLD,universe_daily,NSE_EQ|INE403Y01018,1d,1059,"1059 older missing weekdays (longest run 357): 2015-05-21, 2015-05-22, 2015-05-25 (+1056 more)"
WARN,GAP_DAILY_OLD,universe_daily,NSE_EQ|INE406A01037,1d,25,"25 older missing weekdays (longest run 22): 2004-05-24, 2004-05-25, 2004-05-26 (+22 more)"
WARN,GAP_DAILY_OLD,universe_daily,NSE_EQ|INE411D01023,1d,988,"988 older missing weekdays (longest run 252): 2009-05-18, 2011-01-03, 2011-01-04 (+985 more)"
WARN,GAP_DAILY_OLD,universe_daily,NSE_EQ|INE411U01027,1d,1127,"1127 older missing weekdays (longest run 423): 2017-04-13, 2017-04-17, 2017-04-18 (+1124 more)"
WARN,GAP_DAILY_OLD,universe_daily,NSE_EQ|INE412C01023,1d,14,"14 older missing weekdays (longest run 1): 2015-12-07, 2016-04-26, 2016-04-28 (+11 more)"
WARN,GAP_DAILY_OLD,universe_daily,NSE_EQ|INE412U01025,1d,5,"5 older missing weekdays (longest run 2): 2017-10-19, 2018-11-07, 2020-01-03 (+2 more)"
WARN,GAP_DAILY_OLD,universe_daily,NSE_EQ|INE413B01023,1d,1097,"1097 older missing weekdays (longest run 252): 2009-01-13, 2009-02-17, 2009-02-20 (+1094 more)"
WARN,GAP_DAILY_OLD,universe_daily,NSE_EQ|INE413G01022,1d,10,"10 older missing weekdays (longest run 2): 2015-12-07, 2015-12-14, 2016-02-09 (+7 more)"
WARN,GAP_DAILY_OLD,universe_daily,NSE_EQ|INE414A01015,1d,987,"987 older missing weekdays (longest run 252): 2011-01-03, 2011-01-04, 2011-01-05 (+984 more)"
WARN,GAP_DAILY_OLD,universe_daily,NSE_EQ|INE414B01021,1d,1404,"1404 older missing weekdays (longest run 252): 2009-05-18, 2011-01-03, 2011-01-04 (+1401 more)"
WARN,GAP_DAILY_OLD,universe_daily,NSE_EQ|INE415A01038,1d,25,"25 older missing weekdays (longest run 22): 2004-05-24, 2004-05-25, 2004-05-26 (+22 more)"
WARN,GAP_DAILY_OLD,universe_daily,NSE_EQ|INE417B01040,1d,468,"468 older missing weekdays (longest run 203): 2003-09-24, 2004-05-24, 2004-05-25 (+465 more)"
WARN,GAP_DAILY_OLD,universe_daily,NSE_EQ|INE417C01014,1d,64,"64 older missing weekdays (longest run 57): 2016-12-13, 2016-12-14, 2016-12-19 (+61 more)"
WARN,GAP_DAILY_OLD,universe_daily,NSE_EQ|INE418N01035,1d,1031,"1031 older missing weekdays (longest run 66): 2015-01-14, 2015-01-15, 2015-01-16 (+1028 more)"
WARN,GAP_DAILY_OLD,universe_daily,NSE_EQ|INE419A01022,1d,51,"51 older missing weekdays (longest run 26): 2004-05-24, 2004-05-25, 2004-05-26 (+48 more)"
WARN,GAP_DAILY_OLD,universe_daily,NSE_EQ|INE420C01059,1d,7,"7 older missing weekdays (longest run 1): 2011-10-26, 2016-04-05, 2016-07-27 (+4 more)"
WARN,GAP_DAILY_OLD,universe_daily,NSE_EQ|INE421C01016,1d,25,"25 older missing weekdays (longest run 22): 2004-05-24, 2004-05-25, 2004-05-26 (+22 more)"
WARN,GAP_DAILY_OLD,universe_daily,NSE_EQ|INE421D01022,1d,25,"25 older missing weekdays (longest run 22): 2004-05-24, 2004-05-25, 2004-05-26 (+22 more)"
WARN,GAP_DAILY_OLD,universe_daily,NSE_EQ|INE425B01027,1d,65,"65 older missing weekdays (longest run 10): 2017-10-19, 2018-11-07, 2024-06-14 (+62 more)"
WARN,GAP_DAILY_OLD,universe_daily,NSE_EQ|INE426A01027,1d,25,"25 older missing weekdays (longest run 22): 2004-05-24, 2004-05-25, 2004-05-26 (+22 more)"
WARN,GAP_DAILY_OLD,universe_daily,NSE_EQ|INE428Q01011,1d,760,"760 older missing weekdays (longest run 196): 2004-05-24, 2004-05-25, 2004-05-26 (+757 more)"
WARN,GAP_DAILY_OLD,universe_daily,NSE_EQ|INE429I01024,1d,746,"746 older missing weekdays (longest run 117): 2019-04-09, 2019-04-10, 2019-04-11 (+743 more)"
WARN,GAP_DAILY_OLD,universe_daily,NSE_EQ|INE431F01018,1d,107,"107 older missing weekdays (longest run 57): 2015-12-04, 2015-12-07, 2015-12-23 (+104 more)"
WARN,GAP_DAILY_OLD,universe_daily,NSE_EQ|INE435A01051,1d,26,"26 older missing weekdays (longest run 22): 2004-05-24, 2004-05-25, 2004-05-26 (+23 more)"
WARN,GAP_DAILY_OLD,universe_daily,NSE_EQ|INE437A01024,1d,25,"25 older missing weekdays (longest run 22): 2004-05-24, 2004-05-25, 2004-05-26 (+22 more)"
WARN,GAP_DAILY_OLD,universe_daily,NSE_EQ|INE437B01014,1d,95,"95 older missing weekdays (longest run 22): 2004-05-24, 2004-05-25, 2004-05-26 (+92 more)"
WARN,GAP_DAILY_OLD,universe_daily,NSE_EQ|INE438A01022,1d,25,"25 older missing weekdays (longest run 22): 2004-05-24, 2004-05-25, 2004-05-26 (+22 more)"
WARN,GAP_DAILY_OLD,universe_daily,NSE_EQ|INE439A01020,1d,25,"25 older missing weekdays (longest run 22): 2004-05-24, 2004-05-25, 2004-05-26 (+22 more)"
WARN,GAP_DAILY_OLD,universe_daily,NSE_EQ|INE439T01012,1d,842,"842 older missing weekdays (longest run 112): 2016-05-06, 2016-05-09, 2016-05-10 (+839 more)"
WARN,GAP_DAILY_OLD,universe_daily,NSE_EQ|INE440A01010,1d,58,"58 older missing weekdays (longest run 32): 2004-05-24, 2004-05-25, 2004-05-26 (+55 more)"
WARN,GAP_DAILY_OLD,universe_daily,NSE_EQ|INE440L01017,1d,121,"121 older missing weekdays (longest run 13): 2015-01-27, 2015-01-29, 2015-01-30 (+118 more)"
WARN,GAP_DAILY_OLD,universe_daily,NSE_EQ|INE445C01015,1d,25,"25 older missing weekdays (longest run 22): 2004-05-24, 2004-05-25, 2004-05-26 (+22 more)"
WARN,GAP_DAILY_OLD,universe_daily,NSE_EQ|INE449A01011,1d,25,"25 older missing weekdays (longest run 22): 2004-05-24, 2004-05-25, 2004-05-26 (+22 more)"
WARN,GAP_DAILY_OLD,universe_daily,NSE_EQ|INE449G01018,1d,158,"158 older missing weekdays (longest run 61): 2015-04-16, 2015-04-24, 2015-04-30 (+155 more)"
WARN,GAP_DAILY_OLD,universe_daily,NSE_EQ|INE450U01017,1d,497,"497 older missing weekdays (longest run 220): 2016-01-01, 2016-01-04, 2016-01-14 (+494 more)"
WARN,GAP_DAILY_OLD,universe_daily,NSE_EQ|INE451A01017,1d,74,"74 older missing weekdays (longest run 47): 2023-10-26, 2023-10-27, 2023-10-30 (+71 more)"
WARN,GAP_DAILY_OLD,universe_daily,NSE_EQ|INE451D01029,1d,916,"916 older missing weekdays (longest run 667): 2016-01-04, 2016-01-05, 2016-01-06 (+913 more)"
WARN,GAP_DAILY_OLD,universe_daily,NSE_EQ|INE451F01024,1d,184,"184 older missing weekdays (longest run 32): 2015-04-08, 2015-05-05, 2015-05-06 (+181 more)"
WARN,GAP_DAILY_OLD,universe_daily,NSE_EQ|INE452L01012,1d,33,"33 older missing weekdays (longest run 17): 2017-08-08, 2017-08-09, 2017-08-10 (+30 more)"
WARN,GAP_DAILY_OLD,universe_daily,NSE_EQ|INE457A01014,1d,25,"25 older missing weekdays (longest run 22): 2004-05-24, 2004-05-25, 2004-05-26 (+22 more)"
WARN,GAP_DAILY_OLD,universe_daily,NSE_EQ|INE458F01011,1d,45,"45 older missing weekdays (longest run 6): 2011-10-26, 2015-01-02, 2015-01-07 (+42 more)"
WARN,GAP_DAILY_OLD,universe_daily,NSE_EQ|INE459A01010,1d,28,"28 older missing weekdays (longest run 22): 2004-05-24, 2004-05-25, 2004-05-26 (+25 more)"
WARN,GAP_DAILY_OLD,universe_daily,NSE_EQ|INE461C01038,1d,25,"25 older missing weekdays (longest run 22): 2004-05-24, 2004-05-25, 2004-05-26 (+22 more)"
WARN,GAP_DAILY_OLD,universe_daily,NSE_EQ|INE463A01038,1d,25,"25 older missing weekdays (longest run 22): 2004-05-24, 2004-05-25, 2004-05-26 (+22 more)"
WARN,GAP_DAILY_OLD,universe_daily,NSE_EQ|INE465A01025,1d,25,"25 older missing weekdays (longest run 22): 2004-05-24, 2004-05-25, 2004-05-26 (+22 more)"
WARN,GAP_DAILY_OLD,universe_daily,NSE_EQ|INE466L01038,1d,908,"908 older missing weekdays (longest run 713): 2016-01-14, 2016-01-15, 2016-01-18 (+905 more)"
WARN,GAP_DAILY_OLD,universe_daily,NSE_EQ|INE470A01017,1d,25,"25 older missing weekdays (longest run 22): 2004-05-24, 2004-05-25, 2004-05-26 (+22 more)"
WARN,GAP_DAILY_OLD,universe_daily,NSE_EQ|INE471W01019,1d,48,"48 older missing weekdays (longest run 26): 2017-10-19, 2018-10-16, 2018-10-17 (+45 more)"
WARN,GAP_DAILY_OLD,universe_daily,NSE_EQ|INE472A01039,1d,25,"25 older missing weekdays (longest run 22): 2004-05-24, 2004-05-25, 2004-05-26 (+22 more)"
WARN,GAP_DAILY_OLD,universe_daily,NSE_EQ|INE473A01011,1d,25,"25 older missing weekdays (longest run 22): 2004-05-24, 2004-05-25, 2004-05-26 (+22 more)"
WARN,GAP_DAILY_OLD,universe_daily,NSE_EQ|INE474C01023,1d,173,"173 older missing weekdays (longest run 22): 2004-05-24, 2004-05-25, 2004-05-26 (+170 more)"
WARN,GAP_DAILY_OLD,universe_daily,NSE_EQ|INE474Q01031,1d,1685,"1685 older missing weekdays (longest run 677): 2016-01-07, 2016-01-08, 2016-01-11 (+1682 more)"
WARN,GAP_DAILY_OLD,universe_daily,NSE_EQ|INE475B01022,1d,36,"36 older missing weekdays (longest run 22): 2003-02-05, 2003-02-17, 2003-02-25 (+33 more)"
WARN,GAP_DAILY_OLD,universe_daily,NSE_EQ|INE476A01022,1d,25,"25 older missing weekdays (longest run 22): 2004-05-24, 2004-05-25, 2004-05-26 (+22 more)"
WARN,GAP_DAILY_OLD,universe_daily,NSE_EQ|INE477A01020,1d,25,"25 older missing weekdays (longest run 22): 2004-05-24, 2004-05-25, 2004-05-26 (+22 more)"
WARN,GAP_DAILY_OLD,universe_daily,NSE_EQ|INE480M01011,1d,707,"707 older missing weekdays (longest run 58): 2015-01-06, 2015-01-08, 2015-01-14 (+704 more)"
WARN,GAP_DAILY_OLD,universe_daily,NSE_EQ|INE481N01025,1d,618,"618 older missing weekdays (longest run 302): 2018-07-30, 2018-07-31, 2018-08-01 (+615 more)"
WARN,GAP_DAILY_OLD,universe_daily,NSE_EQ|INE481Z01011,1d,320,"320 older missing weekdays (longest run 57): 2018-04-19, 2018-05-08, 2018-05-10 (+317 more)"
WARN,GAP_DAILY_OLD,universe_daily,NSE_EQ|INE482A01020,1d,25,"25 older missing weekdays (longest run 22): 2004-05-24, 2004-05-25, 2004-05-26 (+22 more)"
WARN,GAP_DAILY_OLD,universe_daily,NSE_EQ|INE482J01021,1d,5,"5 older missing weekdays (longest run 1): 2011-10-26, 2015-04-01, 2015-11-24 (+2 more)"
WARN,GAP_DAILY_OLD,universe_daily,NSE_EQ|INE485A01015,1d,25,"25 older missing weekdays (longest run 22): 2004-05-24, 2004-05-25, 2004-05-26 (+22 more)"
WARN,GAP_DAILY_OLD,universe_daily,NSE_EQ|INE486A01021,1d,25,"25 older missing weekdays (longest run 22): 2004-05-24, 2004-05-25, 2004-05-26 (+22 more)"
WARN,GAP_DAILY_OLD,universe_daily,NSE_EQ|INE486Y01013,1d,229,"229 older missing weekdays (longest run 57): 2018-03-01, 2018-03-15, 2018-03-22 (+226 more)"
WARN,GAP_DAILY_OLD,universe_daily,NSE_EQ|INE491A01021,1d,25,"25 older missing weekdays (longest run 22): 2004-05-24, 2004-05-25, 2004-05-26 (+22 more)"
WARN,GAP_DAILY_OLD,universe_daily,NSE_EQ|INE491V01019,1d,1010,"1010 older missing weekdays (longest run 79): 2016-10-03, 2016-10-21, 2016-10-25 (+1007 more)"
WARN,GAP_DAILY_OLD,universe_daily,NSE_EQ|INE492A01029,1d,25,"25 older missing weekdays (longest run 22): 2004-05-24, 2004-05-25, 2004-05-26 (+22 more)"
WARN,GAP_DAILY_OLD,universe_daily,NSE_EQ|INE494B01023,1d,25,"25 older missing weekdays (longest run 22): 2004-05-24, 2004-05-25, 2004-05-26 (+22 more)"
WARN,GAP_DAILY_OLD,universe_daily,NSE_EQ|INE495A01022,1d,25,"25 older missing weekdays (longest run 22): 2004-05-24, 2004-05-25, 2004-05-26 (+22 more)"
WARN,GAP_DAILY_OLD,universe_daily,NSE_EQ|INE495B01038,1d,25,"25 older missing weekdays (longest run 22): 2004-05-24, 2004-05-25, 2004-05-26 (+22 more)"
WARN,GAP_DAILY_OLD,universe_daily,NSE_EQ|INE495C01010,1d,25,"25 older missing weekdays (longest run 22): 2004-05-24, 2004-05-25, 2004-05-26 (+22 more)"
WARN,GAP_DAILY_OLD,universe_daily,NSE_EQ|INE495P01020,1d,1050,"1050 older missing weekdays (longest run 234): 2016-08-17, 2016-08-18, 2016-08-19 (+1047 more)"
WARN,GAP_DAILY_OLD,universe_daily,NSE_EQ|INE497B01018,1d,25,"25 older missing weekdays (longest run 22): 2004-05-24, 2004-05-25, 2004-05-26 (+22 more)"
WARN,GAP_DAILY_OLD,universe_daily,NSE_EQ|INE498E01010,1d,41,"41 older missing weekdays (longest run 3): 2016-06-20, 2016-06-22, 2016-06-23 (+38 more)"
WARN,GAP_DAILY_OLD,universe_daily,NSE_EQ|INE499A01024,1d,25,"25 older missing weekdays (longest run 22): 2004-05-24, 2004-05-25, 2004-05-26 (+22 more)"
WARN,GAP_DAILY_OLD,universe_daily,NSE_EQ|INE500A01029,1d,25,"25 older missing weekdays (longest run 22): 2004-05-24, 2004-05-25, 2004-05-26 (+22 more)"
WARN,GAP_DAILY_OLD,universe_daily,NSE_EQ|INE500X01013,1d,359,"359 older missing weekdays (longest run 57): 2017-10-12, 2017-10-25, 2017-11-09 (+356 more)"
WARN,GAP_DAILY_OLD,universe_daily,NSE_EQ|INE501A01019,1d,25,"25 older missing weekdays (longest run 22): 2004-05-24, 2004-05-25, 2004-05-26 (+22 more)"
WARN,GAP_DAILY_OLD,universe_daily,NSE_EQ|INE505V01016,1d,25,"25 older missing weekdays (longest run 2): 2022-06-06, 2022-06-10, 2022-07-06 (+22 more)"
WARN,GAP_DAILY_OLD,universe_daily,NSE_EQ|INE505Y01010,1d,812,"812 older missing weekdays (longest run 196): 2004-05-24, 2004-05-25, 2004-05-26 (+809 more)"
WARN,GAP_DAILY_OLD,universe_daily,NSE_EQ|INE506A01018,1d,25,"25 older missing weekdays (longest run 22): 2004-05-24, 2004-05-25, 2004-05-26 (+22 more)"
WARN,GAP_DAILY_OLD,universe_daily,NSE_EQ|INE506W01020,1d,313,"313 older missing weekdays (longest run 58): 2017-04-26, 2017-06-06, 2017-06-13 (+310 more)"
WARN,GAP_DAILY_OLD,universe_daily,NSE_EQ|INE506Z01015,1d,1195,"1195 older missing weekdays (longest run 300): 2017-01-05, 2017-01-06, 2017-01-09 (+1192 more)"
WARN,GAP_DAILY_OLD,universe_daily,NSE_EQ|INE508K01013,1d,1767,"1767 older missing weekdays (longest run 602): 2016-02-08, 2016-02-09, 2016-02-10 (+1764 more)"
WARN,GAP_DAILY_OLD,universe_daily,NSE_EQ|INE510A01028,1d,25,"25 older missing weekdays (longest run 22): 2004-05-24, 2004-05-25, 2004-05-26 (+22 more)"
WARN,GAP_DAILY_OLD,universe_daily,NSE_EQ|INE511C01022,1d,25,"25 older missing weekdays (longest run 22): 2004-05-24, 2004-05-25, 2004-05-26 (+22 more)"
WARN,GAP_DAILY_OLD,universe_daily,NSE_EQ|INE511Y01018,1d,175,"175 older missing weekdays (longest run 59): 2018-09-10, 2018-11-07, 2018-11-29 (+172 more)"
WARN,GAP_DAILY_OLD,universe_daily,NSE_EQ|INE512B01022,1d,1128,"1128 older missing weekdays (longest run 252): 2009-05-18, 2011-01-03, 2011-01-04 (+1125 more)"
WARN,GAP_DAILY_OLD,universe_daily,NSE_EQ|INE513A01022,1d,25,"25 older missing weekdays (longest run 22): 2004-05-24, 2004-05-25, 2004-05-26 (+22 more)"
WARN,GAP_DAILY_OLD,universe_daily,NSE_EQ|INE516A01017,1d,25,"25 older missing weekdays (longest run 22): 2004-05-24, 2004-05-25, 2004-05-26 (+22 more)"
WARN,GAP_DAILY_OLD,universe_daily,NSE_EQ|INE517B01013,1d,25,"25 older missing weekdays (longest run 22): 2004-05-24, 2004-05-25, 2004-05-26 (+22 more)"
WARN,GAP_DAILY_OLD,universe_daily,NSE_EQ|INE519A01011,1d,26,"26 older missing weekdays (longest run 22): 2004-05-24, 2004-05-25, 2004-05-26 (+23 more)"
WARN,GAP_DAILY_OLD,universe_daily,NSE_EQ|INE519C01017,1d,25,"25 older missing weekdays (longest run 22): 2004-05-24, 2004-05-25, 2004-05-26 (+22 more)"
WARN,GAP_DAILY_OLD,universe_daily,NSE_EQ|INE520A01027,1d,25,"25 older missing weekdays (longest run 22): 2004-05-24, 2004-05-25, 2004-05-26 (+22 more)"
WARN,GAP_DAILY_OLD,universe_daily,NSE_EQ|INE520H01022,1d,1188,"1188 older missing weekdays (longest run 252): 2010-02-19, 2010-02-23, 2010-02-25 (+1185 more)"
WARN,GAP_DAILY_OLD,universe_daily,NSE_EQ|INE520Y01019,1d,174,"174 older missing weekdays (longest run 57): 2018-04-04, 2018-04-06, 2018-06-13 (+171 more)"
WARN,GAP_DAILY_OLD,universe_daily,NSE_EQ|INE524B01027,1d,5,"5 older missing weekdays (longest run 1): 2011-10-26, 2015-11-11, 2016-02-17 (+2 more)"
WARN,GAP_DAILY_OLD,universe_daily,NSE_EQ|INE526B01014,1d,460,"460 older missing weekdays (longest run 172): 2004-05-24, 2004-05-25, 2004-05-26 (+457 more)"
WARN,GAP_DAILY_OLD,universe_daily,NSE_EQ|INE526E01018,1d,74,"74 older missing weekdays (longest run 57): 2016-12-21, 2017-01-02, 2017-10-19 (+71 more)"
WARN,GAP_DAILY_OLD,universe_daily,NSE_EQ|INE528A01020,1d,40,"40 older missing weekdays (longest run 22): 2004-05-24, 2004-05-25, 2004-05-26 (+37 more)"
WARN,GAP_DAILY_OLD,universe_daily,NSE_EQ|INE529A01010,1d,25,"25 older missing weekdays (longest run 22): 2004-05-24, 2004-05-25, 2004-05-26 (+22 more)"
WARN,GAP_DAILY_OLD,universe_daily,NSE_EQ|INE531A01024,1d,26,"26 older missing weekdays (longest run 22): 2004-05-24, 2004-05-25, 2004-05-26 (+23 more)"
WARN,GAP_DAILY_OLD,universe_daily,NSE_EQ|INE535D01037,1d,1463,"1463 older missing weekdays (longest run 376): 2016-01-08, 2016-01-12, 2016-01-13 (+1460 more)"
WARN,GAP_DAILY_OLD,universe_daily,NSE_EQ|INE538A01037,1d,25,"25 older missing weekdays (longest run 22): 2004-05-24, 2004-05-25, 2004-05-26 (+22 more)"
WARN,GAP_DAILY_OLD,universe_daily,NSE_EQ|INE539A01019,1d,25,"25 older missing weekdays (longest run 22): 2004-05-24, 2004-05-25, 2004-05-26 (+22 more)"
WARN,GAP_DAILY_OLD,universe_daily,NSE_EQ|INE540A01017,1d,2162,"2162 older missing weekdays (longest run 252): 2007-08-24, 2007-10-03, 2009-01-15 (+2159 more)"
WARN,GAP_DAILY_OLD,universe_daily,NSE_EQ|INE542C01019,1d,580,"580 older missing weekdays (longest run 267): 2004-05-24, 2004-05-25, 2004-05-26 (+577 more)"
WARN,GAP_DAILY_OLD,universe_daily,NSE_EQ|INE542Z01028,1d,798,"798 older missing weekdays (longest run 226): 2016-01-06, 2016-01-08, 2016-01-11 (+795 more)"
WARN,GAP_DAILY_OLD,universe_daily,NSE_EQ|INE543V01017,1d,1343,"1343 older missing weekdays (longest run 174): 2016-02-25, 2016-02-26, 2016-02-29 (+1340 more)"
WARN,GAP_DAILY_OLD,universe_daily,NSE_EQ|INE544A01019,1d,25,"25 older missing weekdays (longest run 22): 2004-05-24, 2004-05-25, 2004-05-26 (+22 more)"
WARN,GAP_DAILY_OLD,universe_daily,NSE_EQ|INE544H01014,1d,1224,"1224 older missing weekdays (longest run 252): 2008-11-24, 2008-12-05, 2008-12-10 (+1221 more)"
WARN,GAP_DAILY_OLD,universe_daily,NSE_EQ|INE545A01024,1d,25,"25 older missing weekdays (longest run 22): 2004-05-24, 2004-05-25, 2004-05-26 (+22 more)"
WARN,GAP_DAILY_OLD,universe_daily,NSE_EQ|INE546Y01022,1d,53,"53 older missing weekdays (longest run 6): 2018-11-07, 2020-01-28, 2020-01-29 (+50 more)"
WARN,GAP_DAILY_OLD,universe_daily,NSE_EQ|INE547E01014,1d,6,"6 older missing weekdays (longest run 1): 2011-10-26, 2016-01-27, 2016-05-16 (+3 more)"
WARN,GAP_DAILY_OLD,universe_daily,NSE_EQ|INE548A01028,1d,25,"25 older missing weekdays (longest run 22): 2004-05-24, 2004-05-25, 2004-05-26 (+22 more)"
WARN,GAP_DAILY_OLD,universe_daily,NSE_EQ|INE548Z01017,1d,975,"975 older missing weekdays (longest run 468): 2016-02-17, 2016-02-18, 2016-02-19 (+972 more)"
WARN,GAP_DAILY_OLD,universe_daily,NSE_EQ|INE549A01026,1d,25,"25 older missing weekdays (longest run 22): 2004-05-24, 2004-05-25, 2004-05-26 (+22 more)"
WARN,GAP_DAILY_OLD,universe_daily,NSE_EQ|INE550B01022,1d,127,"127 older missing weekdays (longest run 9): 2018-11-07, 2019-07-11, 2019-07-15 (+124 more)"
WARN,GAP_DAILY_OLD,universe_daily,NSE_EQ|INE550C01020,1d,28,"28 older missing weekdays (longest run 26): 2017-10-19, 2018-11-07, 2018-12-03 (+25 more)"
WARN,GAP_DAILY_OLD,universe_daily,NSE_EQ|INE550H01011,1d,187,"187 older missing weekdays (longest run 62): 2011-10-26, 2017-10-19, 2018-11-07 (+184 more)"
WARN,GAP_DAILY_OLD,universe_daily,NSE_EQ|INE555B01013,1d,25,"25 older missing weekdays (longest run 22): 2004-05-24, 2004-05-25, 2004-05-26 (+22 more)"
WARN,GAP_DAILY_OLD,universe_daily,NSE_EQ|INE555Z01020,1d,459,"459 older missing weekdays (longest run 58): 2018-04-20, 2018-05-02, 2018-05-22 (+456 more)"
WARN,GAP_DAILY_OLD,universe_daily,NSE_EQ|INE557A01011,1d,25,"25 older missing weekdays (longest run 22): 2004-05-24, 2004-05-25, 2004-05-26 (+22 more)"
WARN,GAP_DAILY_OLD,universe_daily,NSE_EQ|INE557B01019,1d,25,"25 older missing weekdays (longest run 22): 2004-05-24, 2004-05-25, 2004-05-26 (+22 more)"
WARN,GAP_DAILY_OLD,universe_daily,NSE_EQ|INE557Z01018,1d,800,"800 older missing weekdays (longest run 73): 2018-04-30, 2018-05-07, 2018-05-14 (+797 more)"
WARN,GAP_DAILY_OLD,universe_daily,NSE_EQ|INE558R01013,1d,1226,"1226 older missing weekdays (longest run 196): 2016-04-08, 2016-04-13, 2016-04-18 (+1223 more)"
WARN,GAP_DAILY_OLD,universe_daily,NSE_EQ|INE559A01017,1d,25,"25 older missing weekdays (longest run 22): 2004-05-24, 2004-05-25, 2004-05-26 (+22 more)"
WARN,GAP_DAILY_OLD,universe_daily,NSE_EQ|INE559D01011,1d,1031,"1031 older missing weekdays (longest run 252): 2007-01-15, 2007-01-31, 2007-09-26 (+1028 more)"
WARN,GAP_DAILY_OLD,universe_daily,NSE_EQ|INE562B01019,1d,51,"51 older missing weekdays (longest run 26): 2004-05-24, 2004-05-25, 2004-05-26 (+48 more)"
WARN,GAP_DAILY_OLD,universe_daily,NSE_EQ|INE565A01014,1d,25,"25 older missing weekdays (longest run 22): 2004-05-24, 2004-05-25, 2004-05-26 (+22 more)"
WARN,GAP_DAILY_OLD,universe_daily,NSE_EQ|INE566K01011,1d,29,"29 older missing weekdays (longest run 26): 2011-10-26, 2017-10-19, 2018-11-07 (+26 more)"
WARN,GAP_DAILY_OLD,universe_daily,NSE_EQ|INE567A01028,1d,25,"25 older missing weekdays (longest run 22): 2004-05-24, 2004-05-25, 2004-05-26 (+22 more)"
WARN,GAP_DAILY_OLD,universe_daily,NSE_EQ|INE571A01038,1d,25,"25 older missing weekdays (longest run 22): 2004-05-24, 2004-05-25, 2004-05-26 (+22 more)"
WARN,GAP_DAILY_OLD,universe_daily,NSE_EQ|INE571B01036,1d,25,"25 older missing weekdays (longest run 22): 2004-05-24, 2004-05-25, 2004-05-26 (+22 more)"
WARN,GAP_DAILY_OLD,universe_daily,NSE_EQ|INE573A01042,1d,25,"25 older missing weekdays (longest run 22): 2004-05-24, 2004-05-25, 2004-05-26 (+22 more)"
WARN,GAP_DAILY_OLD,universe_daily,NSE_EQ|INE575C01027,1d,1148,"1148 older missing weekdays (longest run 488): 2016-01-04, 2016-01-07, 2016-01-11 (+1145 more)"
WARN,GAP_DAILY_OLD,universe_daily,NSE_EQ|INE575P01011,1d,1404,"1404 older missing weekdays (longest run 412): 2016-01-05, 2016-01-06, 2016-01-07 (+1401 more)"
WARN,GAP_DAILY_OLD,universe_daily,NSE_EQ|INE576I01022,1d,6,"6 older missing weekdays (longest run 3): 2011-10-26, 2017-08-08, 2017-08-09 (+3 more)"
WARN,GAP_DAILY_OLD,universe_daily,NSE_EQ|INE577A01027,1d,25,"25 older missing weekdays (longest run 22): 2004-05-24, 2004-05-25, 2004-05-26 (+22 more)"
WARN,GAP_DAILY_OLD,universe_daily,NSE_EQ|INE577L01016,1d,7,"7 older missing weekdays (longest run 1): 2011-10-26, 2015-04-16, 2015-06-16 (+4 more)"
WARN,GAP_DAILY_OLD,universe_daily,NSE_EQ|INE578A01017,1d,25,"25 older missing weekdays (longest run 22): 2004-05-24, 2004-05-25, 2004-05-26 (+22 more)"
WARN,GAP_DAILY_OLD,universe_daily,NSE_EQ|INE581X01021,1d,27,"27 older missing weekdays (longest run 4): 2021-02-18, 2021-02-22, 2021-02-23 (+24 more)"
WARN,GAP_DAILY_OLD,universe_daily,NSE_EQ|INE583B01015,1d,26,"26 older missing weekdays (longest run 22): 2004-05-24, 2004-05-25, 2004-05-26 (+23 more)"
WARN,GAP_DAILY_OLD,universe_daily,NSE_EQ|INE585B01010,1d,25,"25 older missing weekdays (longest run 22): 2004-05-24, 2004-05-25, 2004-05-26 (+22 more)"
WARN,GAP_DAILY_OLD,universe_daily,NSE_EQ|INE586B01026,1d,25,"25 older missing weekdays (longest run 22): 2004-05-24, 2004-05-25, 2004-05-26 (+22 more)"
WARN,GAP_DAILY_OLD,universe_daily,NSE_EQ|INE589A01014,1d,25,"25 older missing weekdays (longest run 22): 2004-05-24, 2004-05-25, 2004-05-26 (+22 more)"
WARN,GAP_DAILY_OLD,universe_daily,NSE_EQ|INE590L01019,1d,82,"82 older missing weekdays (longest run 8): 2011-10-26, 2015-01-07, 2015-01-27 (+79 more)"
WARN,GAP_DAILY_OLD,universe_daily,NSE_EQ|INE592A01026,1d,25,"25 older missing weekdays (longest run 22): 2004-05-24, 2004-05-25, 2004-05-26 (+22 more)"
WARN,GAP_DAILY_OLD,universe_daily,NSE_EQ|INE594B01012,1d,25,"25 older missing weekdays (longest run 22): 2004-05-24, 2004-05-25, 2004-05-26 (+22 more)"
WARN,GAP_DAILY_OLD,universe_daily,NSE_EQ|INE597I01028,1d,10,"10 older missing weekdays (longest run 2): 2015-09-08, 2015-09-16, 2015-09-18 (+7 more)"
WARN,GAP_DAILY_OLD,universe_daily,NSE_EQ|INE600A01035,1d,34,"34 older missing weekdays (longest run 32): 2017-10-19, 2018-11-07, 2019-01-08 (+31 more)"
WARN,GAP_DAILY_OLD,universe_daily,NSE_EQ|INE602A01031,1d,25,"25 older missing weekdays (longest run 22): 2004-05-24, 2004-05-25, 2004-05-26 (+22 more)"
WARN,GAP_DAILY_OLD,universe_daily,NSE_EQ|INE603A01013,1d,28,"28 older missing weekdays (longest run 22): 2004-05-24, 2004-05-25, 2004-05-26 (+25 more)"
WARN,GAP_DAILY_OLD,universe_daily,NSE_EQ|INE606A01024,1d,29,"29 older missing weekdays (longest run 22): 2004-05-24, 2004-05-25, 2004-05-26 (+26 more)"
WARN,GAP_DAILY_OLD,universe_daily,NSE_EQ|INE610B01024,1d,245,"245 older missing weekdays (longest run 57): 2018-01-12, 2018-02-06, 2018-02-08 (+242 more)"
WARN,GAP_DAILY_OLD,universe_daily,NSE_EQ|INE610C01014,1d,483,"483 older missing weekdays (longest run 64): 2017-11-08, 2017-11-09, 2017-11-10 (+480 more)"
WARN,GAP_DAILY_OLD,universe_daily,NSE_EQ|INE613A01020,1d,25,"25 older missing weekdays (longest run 22): 2004-05-24, 2004-05-25, 2004-05-26 (+22 more)"
WARN,GAP_DAILY_OLD,universe_daily,NSE_EQ|INE613B01010,1d,9,"9 older missing weekdays (longest run 1): 2022-06-15, 2023-08-04, 2023-10-03 (+6 more)"
WARN,GAP_DAILY_OLD,universe_daily,NSE_EQ|INE614A01028,1d,25,"25 older missing weekdays (longest run 22): 2004-05-24, 2004-05-25, 2004-05-26 (+22 more)"
WARN,GAP_DAILY_OLD,universe_daily,NSE_EQ|INE614B01018,1d,25,"25 older missing weekdays (longest run 22): 2004-05-24, 2004-05-25, 2004-05-26 (+22 more)"
WARN,GAP_DAILY_OLD,universe_daily,NSE_EQ|INE615R01029,1d,35,"35 older missing weekdays (longest run 35): 2023-05-02, 2023-05-03, 2023-05-04 (+32 more)"
WARN,GAP_DAILY_OLD,universe_daily,NSE_EQ|INE617A01013,1d,23,"23 older missing weekdays (longest run 2): 2011-10-26, 2015-01-22, 2015-01-28 (+20 more)"
WARN,GAP_DAILY_OLD,universe_daily,NSE_EQ|INE618N01022,1d,575,"575 older missing weekdays (longest run 171): 2015-12-04, 2015-12-08, 2016-02-02 (+572 more)"
WARN,GAP_DAILY_OLD,universe_daily,NSE_EQ|INE623A01011,1d,51,"51 older missing weekdays (longest run 26): 2004-05-24, 2004-05-25, 2004-05-26 (+48 more)"
WARN,GAP_DAILY_OLD,universe_daily,NSE_EQ|INE625B01014,1d,51,"51 older missing weekdays (longest run 26): 2004-05-24, 2004-05-25, 2004-05-26 (+48 more)"
WARN,GAP_DAILY_OLD,universe_daily,NSE_EQ|INE625X01026,1d,438,"438 older missing weekdays (longest run 57): 2018-02-16, 2018-05-03, 2018-07-20 (+435 more)"
WARN,GAP_DAILY_OLD,universe_daily,NSE_EQ|INE628A01036,1d,25,"25 older missing weekdays (longest run 22): 2004-05-24, 2004-05-25, 2004-05-26 (+22 more)"
WARN,GAP_DAILY_OLD,universe_daily,NSE_EQ|INE629D01020,1d,6,"6 older missing weekdays (longest run 1): 2011-10-26, 2015-02-10, 2015-05-07 (+3 more)"
WARN,GAP_DAILY_OLD,universe_daily,NSE_EQ|INE630A01024,1d,30,"30 older missing weekdays (longest run 22): 2004-05-24, 2004-05-25, 2004-05-26 (+27 more)"
WARN,GAP_DAILY_OLD,universe_daily,NSE_EQ|INE631A01022,1d,25,"25 older missing weekdays (longest run 22): 2004-05-24, 2004-05-25, 2004-05-26 (+22 more)"
WARN,GAP_DAILY_OLD,universe_daily,NSE_EQ|INE633B01018,1d,25,"25 older missing weekdays (longest run 22): 2004-05-24, 2004-05-25, 2004-05-26 (+22 more)"
WARN,GAP_DAILY_OLD,universe_daily,NSE_EQ|INE634A01018,1d,25,"25 older missing weekdays (longest run 22): 2004-05-24, 2004-05-25, 2004-05-26 (+22 more)"
WARN,GAP_DAILY_OLD,universe_daily,NSE_EQ|INE635A01023,1d,703,"703 older missing weekdays (longest run 35): 2004-05-24, 2004-05-25, 2004-05-26 (+700 more)"
WARN,GAP_DAILY_OLD,universe_daily,NSE_EQ|INE636A01039,1d,29,"29 older missing weekdays (longest run 26): 2011-10-26, 2017-10-19, 2018-11-07 (+26 more)"
WARN,GAP_DAILY_OLD,universe_daily,NSE_EQ|INE640A01023,1d,25,"25 older missing weekdays (longest run 22): 2004-05-24, 2004-05-25, 2004-05-26 (+22 more)"
WARN,GAP_DAILY_OLD,universe_daily,NSE_EQ|INE640C01011,1d,1184,"1184 older missing weekdays (longest run 252): 2008-07-24, 2008-07-29, 2008-08-08 (+1181 more)"
WARN,GAP_DAILY_OLD,universe_daily,NSE_EQ|INE641C01019,1d,360,"360 older missing weekdays (longest run 170): 2011-10-26, 2015-11-11, 2016-04-01 (+357 more)"
WARN,GAP_DAILY_OLD,universe_daily,NSE_EQ|INE642Y01029,1d,524,"524 older missing weekdays (longest run 64): 2018-04-05, 2018-04-10, 2018-04-17 (+521 more)"
WARN,GAP_DAILY_OLD,universe_daily,NSE_EQ|INE643A01035,1d,25,"25 older missing weekdays (longest run 22): 2004-05-24, 2004-05-25, 2004-05-26 (+22 more)"
WARN,GAP_DAILY_OLD,universe_daily,NSE_EQ|INE645W01026,1d,85,"85 older missing weekdays (longest run 57): 2017-07-17, 2017-07-24, 2017-07-27 (+82 more)"
WARN,GAP_DAILY_OLD,universe_daily,NSE_EQ|INE646C01018,1d,57,"57 older missing weekdays (longest run 4): 2016-09-19, 2016-09-22, 2016-09-23 (+54 more)"
WARN,GAP_DAILY_OLD,universe_daily,NSE_EQ|INE647A01010,1d,25,"25 older missing weekdays (longest run 22): 2004-05-24, 2004-05-25, 2004-05-26 (+22 more)"
WARN,GAP_DAILY_OLD,universe_daily,NSE_EQ|INE650K01021,1d,186,"186 older missing weekdays (longest run 73): 2017-10-19, 2018-11-07, 2019-11-04 (+183 more)"
WARN,GAP_DAILY_OLD,universe_daily,NSE_EQ|INE652Z01025,1d,677,"677 older missing weekdays (longest run 63): 2018-08-01, 2018-08-02, 2018-08-06 (+674 more)"
WARN,GAP_DAILY_OLD,universe_daily,NSE_EQ|INE655A01013,1d,25,"25 older missing weekdays (longest run 22): 2004-05-24, 2004-05-25, 2004-05-26 (+22 more)"
WARN,GAP_DAILY_OLD,universe_daily,NSE_EQ|INE655B01011,1d,17,"17 older missing weekdays (longest run 2): 2015-07-23, 2015-08-26, 2015-10-14 (+14 more)"
WARN,GAP_DAILY_OLD,universe_daily,NSE_EQ|INE657B01025,1d,1514,"1514 older missing weekdays (longest run 79): 2015-01-13, 2015-01-14, 2015-01-23 (+1511 more)"
WARN,GAP_DAILY_OLD,universe_daily,NSE_EQ|INE658G01014,1d,989,"989 older missing weekdays (longest run 252): 2009-05-18, 2011-01-03, 2011-01-04 (+986 more)"
WARN,GAP_DAILY_OLD,universe_daily,NSE_EQ|INE658T01017,1d,1073,"1073 older missing weekdays (longest run 85): 2016-01-04, 2016-01-05, 2016-01-06 (+1070 more)"
WARN,GAP_DAILY_OLD,universe_daily,NSE_EQ|INE659A01023,1d,25,"25 older missing weekdays (longest run 22): 2004-05-24, 2004-05-25, 2004-05-26 (+22 more)"
WARN,GAP_DAILY_OLD,universe_daily,NSE_EQ|INE660A01013,1d,25,"25 older missing weekdays (longest run 22): 2004-05-24, 2004-05-25, 2004-05-26 (+22 more)"
WARN,GAP_DAILY_OLD,universe_daily,NSE_EQ|INE667G01023,1d,195,"195 older missing weekdays (longest run 19): 2008-01-14, 2008-04-25, 2008-05-21 (+192 more)"
WARN,GAP_DAILY_OLD,universe_daily,NSE_EQ|INE669A01022,1d,1880,"1880 older missing weekdays (longest run 252): 2008-08-19, 2009-05-18, 2011-01-03 (+1877 more)"
WARN,GAP_DAILY_OLD,universe_daily,NSE_EQ|INE669X01032,1d,475,"475 older missing weekdays (longest run 114): 2017-09-12, 2017-09-27, 2017-10-09 (+472 more)"
WARN,GAP_DAILY_OLD,universe_daily,NSE_EQ|INE670A01012,1d,25,"25 older missing weekdays (longest run 22): 2004-05-24, 2004-05-25, 2004-05-26 (+22 more)"
WARN,GAP_DAILY_OLD,universe_daily,NSE_EQ|INE670X01014,1d,34,"34 older missing weekdays (longest run 32): 2017-10-19, 2018-11-07, 2019-01-08 (+31 more)"
WARN,GAP_DAILY_OLD,universe_daily,NSE_EQ|INE671A01010,1d,25,"25 older missing weekdays (longest run 22): 2004-05-24, 2004-05-25, 2004-05-26 (+22 more)"
WARN,GAP_DAILY_OLD,universe_daily,NSE_EQ|INE672A01026,1d,25,"25 older missing weekdays (longest run 22): 2004-05-24, 2004-05-25, 2004-05-26 (+22 more)"
WARN,GAP_DAILY_OLD,universe_daily,NSE_EQ|INE672B01032,1d,25,"25 older missing weekdays (longest run 22): 2004-05-24, 2004-05-25, 2004-05-26 (+22 more)"
WARN,GAP_DAILY_OLD,universe_daily,NSE_EQ|INE676A01027,1d,25,"25 older missing weekdays (longest run 22): 2004-05-24, 2004-05-25, 2004-05-26 (+22 more)"
WARN,GAP_DAILY_OLD,universe_daily,NSE_EQ|INE680A01011,1d,51,"51 older missing weekdays (longest run 26): 2004-05-24, 2004-05-25, 2004-05-26 (+48 more)"
WARN,GAP_DAILY_OLD,universe_daily,NSE_EQ|INE681B01017,1d,25,"25 older missing weekdays (longest run 22): 2004-05-24, 2004-05-25, 2004-05-26 (+22 more)"
WARN,GAP_DAILY_OLD,universe_daily,NSE_EQ|INE681C01015,1d,831,"831 older missing weekdays (longest run 92): 2004-05-24, 2004-05-25, 2004-05-26 (+828 more)"
WARN,GAP_DAILY_OLD,universe_daily,NSE_EQ|INE683A01023,1d,25,"25 older missing weekdays (longest run 22): 2004-05-24, 2004-05-25, 2004-05-26 (+22 more)"
WARN,GAP_DAILY_OLD,universe_daily,NSE_EQ|INE685A01028,1d,25,"25 older missing weekdays (longest run 22): 2004-05-24, 2004-05-25, 2004-05-26 (+22 more)"
WARN,GAP_DAILY_OLD,universe_daily,NSE_EQ|INE686A01026,1d,25,"25 older missing weekdays (longest run 22): 2004-05-24, 2004-05-25, 2004-05-26 (+22 more)"
WARN,GAP_DAILY_OLD,universe_daily,NSE_EQ|INE688A01022,1d,25,"25 older missing weekdays (longest run 22): 2004-05-24, 2004-05-25, 2004-05-26 (+22 more)"
WARN,GAP_DAILY_OLD,universe_daily,NSE_EQ|INE688D01026,1d,9,"9 older missing weekdays (longest run 1): 2011-10-26, 2016-04-05, 2016-05-26 (+6 more)"
WARN,GAP_DAILY_OLD,universe_daily,NSE_EQ|INE688J01023,1d,5,"5 older missing weekdays (longest run 1): 2011-10-26, 2017-10-19, 2018-11-07 (+2 more)"
WARN,GAP_DAILY_OLD,universe_daily,NSE_EQ|INE690A01028,1d,25,"25 older missing weekdays (longest run 22): 2004-05-24, 2004-05-25, 2004-05-26 (+22 more)"
WARN,GAP_DAILY_OLD,universe_daily,NSE_EQ|INE691A01018,1d,25,"25 older missing weekdays (longest run 22): 2004-05-24, 2004-05-25, 2004-05-26 (+22 more)"
WARN,GAP_DAILY_OLD,universe_daily,NSE_EQ|INE691Z01023,1d,9,"9 older missing weekdays (longest run 4): 2023-07-07, 2023-07-11, 2023-07-12 (+6 more)"
WARN,GAP_DAILY_OLD,universe_daily,NSE_EQ|INE692A01016,1d,25,"25 older missing weekdays (longest run 22): 2004-05-24, 2004-05-25, 2004-05-26 (+22 more)"
WARN,GAP_DAILY_OLD,universe_daily,NSE_EQ|INE692B01014,1d,988,"988 older missing weekdays (longest run 252): 2009-05-18, 2011-01-03, 2011-01-04 (+985 more)"
WARN,GAP_DAILY_OLD,universe_daily,NSE_EQ|INE694A01020,1d,82,"82 older missing weekdays (longest run 57): 2004-05-24, 2004-05-25, 2004-05-26 (+79 more)"
WARN,GAP_DAILY_OLD,universe_daily,NSE_EQ|INE696K01024,1d,249,"249 older missing weekdays (longest run 26): 2011-10-26, 2017-09-20, 2017-09-21 (+246 more)"
WARN,GAP_DAILY_OLD,universe_daily,NSE_EQ|INE696V01013,1d,677,"677 older missing weekdays (longest run 63): 2016-11-01, 2016-11-03, 2016-11-10 (+674 more)"
WARN,GAP_DAILY_OLD,universe_daily,NSE_EQ|INE697V01011,1d,1203,"1203 older missing weekdays (longest run 177): 2016-01-27, 2016-01-28, 2016-01-29 (+1200 more)"
WARN,GAP_DAILY_OLD,universe_daily,NSE_EQ|INE699B01027,1d,1216,"1216 older missing weekdays (longest run 252): 2007-02-13, 2007-02-22, 2007-02-28 (+1213 more)"
WARN,GAP_DAILY_OLD,universe_daily,NSE_EQ|INE699H01024,1d,71,"71 older missing weekdays (longest run 71): 2022-05-05, 2022-05-06, 2022-05-09 (+68 more)"
WARN,GAP_DAILY_OLD,universe_daily,NSE_EQ|INE700A01033,1d,25,"25 older missing weekdays (longest run 22): 2004-05-24, 2004-05-25, 2004-05-26 (+22 more)"
WARN,GAP_DAILY_OLD,universe_daily,NSE_EQ|INE701A01023,1d,71,"71 older missing weekdays (longest run 22): 2004-05-24, 2004-05-25, 2004-05-26 (+68 more)"
WARN,GAP_DAILY_OLD,universe_daily,NSE_EQ|INE704H01022,1d,5,"5 older missing weekdays (longest run 1): 2011-10-26, 2015-06-26, 2015-09-23 (+2 more)"
WARN,GAP_DAILY_OLD,universe_daily,NSE_EQ|INE705X01026,1d,1646,"1646 older missing weekdays (longest run 737): 2016-02-25, 2016-02-26, 2016-02-29 (+1643 more)"
WARN,GAP_DAILY_OLD,universe_daily,NSE_EQ|INE707A01012,1d,26,"26 older missing weekdays (longest run 22): 2004-05-24, 2004-05-25, 2004-05-26 (+23 more)"
WARN,GAP_DAILY_OLD,universe_daily,NSE_EQ|INE709A01018,1d,25,"25 older missing weekdays (longest run 22): 2004-05-24, 2004-05-25, 2004-05-26 (+22 more)"
WARN,GAP_DAILY_OLD,universe_daily,NSE_EQ|INE710A01016,1d,25,"25 older missing weekdays (longest run 22): 2004-05-24, 2004-05-25, 2004-05-26 (+22 more)"
WARN,GAP_DAILY_OLD,universe_daily,NSE_EQ|INE711A01022,1d,35,"35 older missing weekdays (longest run 22): 2004-05-24, 2004-05-25, 2004-05-26 (+32 more)"
WARN,GAP_DAILY_OLD,universe_daily,NSE_EQ|INE713B01026,1d,25,"25 older missing weekdays (longest run 22): 2004-05-24, 2004-05-25, 2004-05-26 (+22 more)"
WARN,GAP_DAILY_OLD,universe_daily,NSE_EQ|INE715A01015,1d,25,"25 older missing weekdays (longest run 22): 2004-05-24, 2004-05-25, 2004-05-26 (+22 more)"
WARN,GAP_DAILY_OLD,universe_daily,NSE_EQ|INE715B01021,1d,25,"25 older missing weekdays (longest run 22): 2004-05-24, 2004-05-25, 2004-05-26 (+22 more)"
WARN,GAP_DAILY_OLD,universe_daily,NSE_EQ|INE715Y01031,1d,1170,"1170 older missing weekdays (longest run 737): 2016-02-05, 2016-02-08, 2016-02-09 (+1167 more)"
WARN,GAP_DAILY_OLD,universe_daily,NSE_EQ|INE716B01029,1d,28,"28 older missing weekdays (longest run 22): 2004-05-24, 2004-05-25, 2004-05-26 (+25 more)"
WARN,GAP_DAILY_OLD,universe_daily,NSE_EQ|INE719F01016,1d,1689,"1689 older missing weekdays (longest run 581): 2011-10-26, 2015-06-11, 2017-05-25 (+1686 more)"
WARN,GAP_DAILY_OLD,universe_daily,NSE_EQ|INE720A01015,1d,25,"25 older missing weekdays (longest run 22): 2004-05-24, 2004-05-25, 2004-05-26 (+22 more)"
WARN,GAP_DAILY_OLD,universe_daily,NSE_EQ|INE721A01047,1d,25,"25 older missing weekdays (longest run 22): 2004-05-24, 2004-05-25, 2004-05-26 (+22 more)"
WARN,GAP_DAILY_OLD,universe_daily,NSE_EQ|INE721Z01010,1d,114,"114 older missing weekdays (longest run 57): 2018-10-01, 2018-10-04, 2018-10-09 (+111 more)"
WARN,GAP_DAILY_OLD,universe_daily,NSE_EQ|INE722J01012,1d,101,"101 older missing weekdays (longest run 4): 2011-10-26, 2017-10-19, 2018-11-07 (+98 more)"
WARN,GAP_DAILY_OLD,universe_daily,NSE_EQ|INE725A01030,1d,25,"25 older missing weekdays (longest run 22): 2004-05-24, 2004-05-25, 2004-05-26 (+22 more)"
WARN,GAP_DAILY_OLD,universe_daily,NSE_EQ|INE725L01011,1d,47,"47 older missing weekdays (longest run 4): 2011-10-26, 2015-04-09, 2015-04-21 (+44 more)"
WARN,GAP_DAILY_OLD,universe_daily,NSE_EQ|INE727B01026,1d,27,"27 older missing weekdays (longest run 22): 2004-05-24, 2004-05-25, 2004-05-26 (+24 more)"
WARN,GAP_DAILY_OLD,universe_daily,NSE_EQ|INE728Z01015,1d,1170,"1170 older missing weekdays (longest run 410): 2015-01-16, 2015-01-19, 2015-01-20 (+1167 more)"
WARN,GAP_DAILY_OLD,universe_daily,NSE_EQ|INE731A01020,1d,25,"25 older missing weekdays (longest run 22): 2004-05-24, 2004-05-25, 2004-05-26 (+22 more)"
WARN,GAP_DAILY_OLD,universe_daily,NSE_EQ|INE731C01018,1d,2265,"2265 older missing weekdays (longest run 252): 2007-03-09, 2007-03-12, 2007-04-25 (+2262 more)"
WARN,GAP_DAILY_OLD,universe_daily,NSE_EQ|INE731U01028,1d,100,"100 older missing weekdays (longest run 5): 2022-07-28, 2022-07-29, 2022-08-02 (+97 more)"
WARN,GAP_DAILY_OLD,universe_daily,NSE_EQ|INE732I01021,1d,1111,"1111 older missing weekdays (longest run 222): 2016-01-15, 2016-01-18, 2016-01-19 (+1108 more)"
WARN,GAP_DAILY_OLD,universe_daily,NSE_EQ|INE732S01012,1d,317,"317 older missing weekdays (longest run 57): 2016-11-04, 2016-11-10, 2016-11-16 (+314 more)"
WARN,GAP_DAILY_OLD,universe_daily,NSE_EQ|INE733A01018,1d,25,"25 older missing weekdays (longest run 22): 2004-05-24, 2004-05-25, 2004-05-26 (+22 more)"
WARN,GAP_DAILY_OLD,universe_daily,NSE_EQ|INE735M01018,1d,80,"80 older missing weekdays (longest run 26): 2015-02-26, 2015-03-18, 2015-06-09 (+77 more)"
WARN,GAP_DAILY_OLD,universe_daily,NSE_EQ|INE737B01033,1d,252,"252 older missing weekdays (longest run 153): 2004-05-24, 2004-05-25, 2004-05-26 (+249 more)"
WARN,GAP_DAILY_OLD,universe_daily,NSE_EQ|INE737W01013,1d,597,"597 older missing weekdays (longest run 144): 2016-03-30, 2016-03-31, 2016-04-01 (+594 more)"
WARN,GAP_DAILY_OLD,universe_daily,NSE_EQ|INE738V01013,1d,1130,"1130 older missing weekdays (longest run 196): 2016-10-27, 2016-11-01, 2016-11-02 (+1127 more)"
WARN,GAP_DAILY_OLD,universe_daily,NSE_EQ|INE739E01017,1d,74,"74 older missing weekdays (longest run 7): 2007-11-09, 2008-02-04, 2008-02-21 (+71 more)"
WARN,GAP_DAILY_OLD,universe_daily,NSE_EQ|INE740V01019,1d,100,"100 older missing weekdays (longest run 57): 2016-12-05, 2016-12-16, 2017-03-02 (+97 more)"
WARN,GAP_DAILY_OLD,universe_daily,NSE_EQ|INE742C01031,1d,25,"25 older missing weekdays (longest run 22): 2004-05-24, 2004-05-25, 2004-05-26 (+22 more)"
WARN,GAP_DAILY_OLD,universe_daily,NSE_EQ|INE747B01016,1d,90,"90 older missing weekdays (longest run 44): 2017-10-19, 2018-11-07, 2018-12-20 (+87 more)"
WARN,GAP_DAILY_OLD,universe_daily,NSE_EQ|INE747K01017,1d,452,"452 older missing weekdays (longest run 170): 2015-09-10, 2015-09-29, 2015-11-11 (+449 more)"
WARN,GAP_DAILY_OLD,universe_daily,NSE_EQ|INE748Z01013,1d,112,"112 older missing weekdays (longest run 59): 2018-10-15, 2018-10-22, 2018-11-12 (+109 more)"
WARN,GAP_DAILY_OLD,universe_daily,NSE_EQ|INE749A01030,1d,25,"25 older missing weekdays (longest run 22): 2004-05-24, 2004-05-25, 2004-05-26 (+22 more)"
WARN,GAP_DAILY_OLD,universe_daily,NSE_EQ|INE749B01020,1d,1326,"1326 older missing weekdays (longest run 473): 2004-05-24, 2004-05-25, 2004-05-26 (+1323 more)"
WARN,GAP_DAILY_OLD,universe_daily,NSE_EQ|INE750A01020,1d,26,"26 older missing weekdays (longest run 22): 2004-05-24, 2004-05-25, 2004-05-26 (+23 more)"
WARN,GAP_DAILY_OLD,universe_daily,NSE_EQ|INE750C01026,1d,25,"25 older missing weekdays (longest run 22): 2004-05-24, 2004-05-25, 2004-05-26 (+22 more)"
WARN,GAP_DAILY_OLD,universe_daily,NSE_EQ|INE750M01017,1d,59,"59 older missing weekdays (longest run 57): 2017-10-19, 2018-12-03, 2018-12-04 (+56 more)"
WARN,GAP_DAILY_OLD,universe_daily,NSE_EQ|INE751B01018,1d,1445,"1445 older missing weekdays (longest run 357): 2016-01-06, 2016-01-07, 2016-01-08 (+1442 more)"
WARN,GAP_DAILY_OLD,universe_daily,NSE_EQ|INE754A01055,1d,138,"138 older missing weekdays (longest run 53): 2004-05-24, 2004-05-25, 2004-05-26 (+135 more)"
WARN,GAP_DAILY_OLD,universe_daily,NSE_EQ|INE754X01016,1d,978,"978 older missing weekdays (longest run 410): 2015-01-06, 2015-01-09, 2015-01-14 (+975 more)"
WARN,GAP_DAILY_OLD,universe_daily,NSE_EQ|INE756C01015,1d,37,"37 older missing weekdays (longest run 3): 2016-12-22, 2016-12-23, 2016-12-26 (+34 more)"
WARN,GAP_DAILY_OLD,universe_daily,NSE_EQ|INE757A01017,1d,25,"25 older missing weekdays (longest run 22): 2004-05-24, 2004-05-25, 2004-05-26 (+22 more)"
WARN,GAP_DAILY_OLD,universe_daily,NSE_EQ|INE759A01021,1d,25,"25 older missing weekdays (longest run 22): 2004-05-24, 2004-05-25, 2004-05-26 (+22 more)"
WARN,GAP_DAILY_OLD,universe_daily,NSE_EQ|INE761Y01019,1d,429,"429 older missing weekdays (longest run 64): 2018-01-23, 2018-02-26, 2018-04-04 (+426 more)"
WARN,GAP_DAILY_OLD,universe_daily,NSE_EQ|INE767A01016,1d,25,"25 older missing weekdays (longest run 22): 2004-05-24, 2004-05-25, 2004-05-26 (+22 more)"
WARN,GAP_DAILY_OLD,universe_daily,NSE_EQ|INE769A01020,1d,25,"25 older missing weekdays (longest run 22): 2004-05-24, 2004-05-25, 2004-05-26 (+22 more)"
WARN,GAP_DAILY_OLD,universe_daily,NSE_EQ|INE771A01026,1d,25,"25 older missing weekdays (longest run 22): 2004-05-24, 2004-05-25, 2004-05-26 (+22 more)"
WARN,GAP_DAILY_OLD,universe_daily,NSE_EQ|INE775A01035,1d,25,"25 older missing weekdays (longest run 22): 2004-05-24, 2004-05-25, 2004-05-26 (+22 more)"
WARN,GAP_DAILY_OLD,universe_daily,NSE_EQ|INE778K01012,1d,987,"987 older missing weekdays (longest run 252): 2011-01-03, 2011-01-04, 2011-01-05 (+984 more)"
WARN,GAP_DAILY_OLD,universe_daily,NSE_EQ|INE780C01023,1d,25,"25 older missing weekdays (longest run 22): 2004-05-24, 2004-05-25, 2004-05-26 (+22 more)"
WARN,GAP_DAILY_OLD,universe_daily,NSE_EQ|INE781B01015,1d,25,"25 older missing weekdays (longest run 22): 2004-05-24, 2004-05-25, 2004-05-26 (+22 more)"
WARN,GAP_DAILY_OLD,universe_daily,NSE_EQ|INE782A01015,1d,25,"25 older missing weekdays (longest run 22): 2004-05-24, 2004-05-25, 2004-05-26 (+22 more)"
WARN,GAP_DAILY_OLD,universe_daily,NSE_EQ|INE784W01015,1d,7,"7 older missing weekdays (longest run 2): 2023-05-29, 2023-06-08, 2023-06-23 (+4 more)"
WARN,GAP_DAILY_OLD,universe_daily,NSE_EQ|INE785A01026,1d,25,"25 older missing weekdays (longest run 22): 2004-05-24, 2004-05-25, 2004-05-26 (+22 more)"
WARN,GAP_DAILY_OLD,universe_daily,NSE_EQ|INE786A01032,1d,25,"25 older missing weekdays (longest run 22): 2004-05-24, 2004-05-25, 2004-05-26 (+22 more)"
WARN,GAP_DAILY_OLD,universe_daily,NSE_EQ|INE786W01010,1d,209,"209 older missing weekdays (longest run 64): 2017-10-19, 2018-03-01, 2018-04-05 (+206 more)"
WARN,GAP_DAILY_OLD,universe_daily,NSE_EQ|INE788H01017,1d,138,"138 older missing weekdays (longest run 10): 2009-05-18, 2011-09-16, 2011-10-18 (+135 more)"
WARN,GAP_DAILY_OLD,universe_daily,NSE_EQ|INE791A01024,1d,1036,"1036 older missing weekdays (longest run 252): 2007-03-30, 2007-04-02, 2008-12-05 (+1033 more)"
WARN,GAP_DAILY_OLD,universe_daily,NSE_EQ|INE792B01012,1d,2746,"2746 older missing weekdays (longest run 737): 2009-05-18, 2009-09-09, 2009-09-10 (+2743 more)"
WARN,GAP_DAILY_OLD,universe_daily,NSE_EQ|INE792Z01011,1d,67,"67 older missing weekdays (longest run 58): 2018-07-09, 2018-09-26, 2018-10-15 (+64 more)"
WARN,GAP_DAILY_OLD,universe_daily,NSE_EQ|INE793A01012,1d,25,"25 older missing weekdays (longest run 22): 2004-05-24, 2004-05-25, 2004-05-26 (+22 more)"
WARN,GAP_DAILY_OLD,universe_daily,NSE_EQ|INE794A01010,1d,25,"25 older missing weekdays (longest run 22): 2004-05-24, 2004-05-25, 2004-05-26 (+22 more)"
WARN,GAP_DAILY_OLD,universe_daily,NSE_EQ|INE794B01026,1d,25,"25 older missing weekdays (longest run 22): 2004-05-24, 2004-05-25, 2004-05-26 (+22 more)"
WARN,GAP_DAILY_OLD,universe_daily,NSE_EQ|INE794W01014,1d,11,"11 older missing weekdays (longest run 8): 2024-02-15, 2024-03-22, 2024-03-26 (+8 more)"
WARN,GAP_DAILY_OLD,universe_daily,NSE_EQ|INE796G01012,1d,989,"989 older missing weekdays (longest run 252): 2009-05-18, 2011-01-03, 2011-01-04 (+986 more)"
WARN,GAP_DAILY_OLD,universe_daily,NSE_EQ|INE797H01018,1d,6,"6 older missing weekdays (longest run 1): 2011-10-26, 2012-10-16, 2017-10-19 (+3 more)"
WARN,GAP_DAILY_OLD,universe_daily,NSE_EQ|INE801L01010,1d,480,"480 older missing weekdays (longest run 58): 2017-10-19, 2017-12-06, 2018-02-21 (+477 more)"
WARN,GAP_DAILY_OLD,universe_daily,NSE_EQ|INE801V01019,1d,693,"693 older missing weekdays (longest run 58): 2017-04-18, 2017-05-15, 2017-05-18 (+690 more)"
WARN,GAP_DAILY_OLD,universe_daily,NSE_EQ|INE802W01023,1d,82,"82 older missing weekdays (longest run 13): 2023-01-20, 2023-02-20, 2023-03-13 (+79 more)"
WARN,GAP_DAILY_OLD,universe_daily,NSE_EQ|INE804H01012,1d,171,"171 older missing weekdays (longest run 5): 2011-10-26, 2015-02-09, 2015-02-18 (+168 more)"
WARN,GAP_DAILY_OLD,universe_daily,NSE_EQ|INE804L01022,1d,578,"578 older missing weekdays (longest run 272): 2004-05-24, 2004-05-25, 2004-05-26 (+575 more)"
WARN,GAP_DAILY_OLD,universe_daily,NSE_EQ|INE805C01028,1d,25,"25 older missing weekdays (longest run 22): 2004-05-24, 2004-05-25, 2004-05-26 (+22 more)"
WARN,GAP_DAILY_OLD,universe_daily,NSE_EQ|INE809A01032,1d,786,"786 older missing weekdays (longest run 427): 2017-10-19, 2018-11-07, 2019-06-07 (+783 more)"
WARN,GAP_DAILY_OLD,universe_daily,NSE_EQ|INE813A01018,1d,25,"25 older missing weekdays (longest run 22): 2004-05-24, 2004-05-25, 2004-05-26 (+22 more)"
WARN,GAP_DAILY_OLD,universe_daily,NSE_EQ|INE813V01022,1d,237,"237 older missing weekdays (longest run 58): 2017-03-01, 2017-03-16, 2017-03-22 (+234 more)"
WARN,GAP_DAILY_OLD,universe_daily,NSE_EQ|INE816B01035,1d,9,"9 older missing weekdays (longest run 2): 2011-10-26, 2015-01-15, 2015-03-26 (+6 more)"
WARN,GAP_DAILY_OLD,universe_daily,NSE_EQ|INE819L01012,1d,25,"25 older missing weekdays (longest run 22): 2004-05-24, 2004-05-25, 2004-05-26 (+22 more)"
WARN,GAP_DAILY_OLD,universe_daily,NSE_EQ|INE820Y01021,1d,1230,"1230 older missing weekdays (longest run 412): 2016-04-28, 2016-04-29, 2016-05-02 (+1227 more)"
WARN,GAP_DAILY_OLD,universe_daily,NSE_EQ|INE823A01017,1d,25,"25 older missing weekdays (longest run 22): 2004-05-24, 2004-05-25, 2004-05-26 (+22 more)"
WARN,GAP_DAILY_OLD,universe_daily,NSE_EQ|INE825A01020,1d,25,"25 older missing weekdays (longest run 22): 2004-05-24, 2004-05-25, 2004-05-26 (+22 more)"
WARN,GAP_DAILY_OLD,universe_daily,NSE_EQ|INE828A01016,1d,26,"26 older missing weekdays (longest run 22): 2004-05-24, 2004-05-25, 2004-05-26 (+23 more)"
WARN,GAP_DAILY_OLD,universe_daily,NSE_EQ|INE829A01014,1d,70,"70 older missing weekdays (longest run 57): 2017-10-19, 2018-07-17, 2018-10-26 (+67 more)"
WARN,GAP_DAILY_OLD,universe_daily,NSE_EQ|INE830Q01018,1d,16,"16 older missing weekdays (longest run 2): 2015-04-06, 2015-06-09, 2015-08-25 (+13 more)"
WARN,GAP_DAILY_OLD,universe_daily,NSE_EQ|INE831A01028,1d,25,"25 older missing weekdays (longest run 22): 2004-05-24, 2004-05-25, 2004-05-26 (+22 more)"
WARN,GAP_DAILY_OLD,universe_daily,NSE_EQ|INE832A01018,1d,171,"171 older missing weekdays (longest run 58): 2018-06-25, 2018-06-28, 2018-06-29 (+168 more)"
WARN,GAP_DAILY_OLD,universe_daily,NSE_EQ|INE834M01019,1d,27,"27 older missing weekdays (longest run 5): 2017-10-19, 2018-11-07, 2020-02-06 (+24 more)"
WARN,GAP_DAILY_OLD,universe_daily,NSE_EQ|INE835A01029,1d,43,"43 older missing weekdays (longest run 22): 2004-05-24, 2004-05-25, 2004-05-26 (+40 more)"
WARN,GAP_DAILY_OLD,universe_daily,NSE_EQ|INE836A01035,1d,25,"25 older missing weekdays (longest run 22): 2004-05-24, 2004-05-25, 2004-05-26 (+22 more)"
WARN,GAP_DAILY_OLD,universe_daily,NSE_EQ|INE838B01021,1d,25,"25 older missing weekdays (longest run 22): 2004-05-24, 2004-05-25, 2004-05-26 (+22 more)"
WARN,GAP_DAILY_OLD,universe_daily,NSE_EQ|INE838E01017,1d,34,"34 older missing weekdays (longest run 22): 2004-05-24, 2004-05-25, 2004-05-26 (+31 more)"
WARN,GAP_DAILY_OLD,universe_daily,NSE_EQ|INE843B01013,1d,104,"104 older missing weekdays (longest run 57): 2018-06-05, 2018-11-07, 2018-11-26 (+101 more)"
WARN,GAP_DAILY_OLD,universe_daily,NSE_EQ|INE844A01013,1d,1067,"1067 older missing weekdays (longest run 252): 2007-06-25, 2007-07-12, 2008-09-10 (+1064 more)"
WARN,GAP_DAILY_OLD,universe_daily,NSE_EQ|INE844K01012,1d,29,"29 older missing weekdays (longest run 26): 2011-10-26, 2017-10-19, 2018-11-07 (+26 more)"
WARN,GAP_DAILY_OLD,universe_daily,NSE_EQ|INE844O01030,1d,201,"201 older missing weekdays (longest run 136): 2004-05-24, 2004-05-25, 2004-05-26 (+198 more)"
WARN,GAP_DAILY_OLD,universe_daily,NSE_EQ|INE849A01020,1d,25,"25 older missing weekdays (longest run 22): 2004-05-24, 2004-05-25, 2004-05-26 (+22 more)"
WARN,GAP_DAILY_OLD,universe_daily,NSE_EQ|INE850E01012,1d,350,"350 older missing weekdays (longest run 58): 2015-04-23, 2015-05-05, 2015-05-06 (+347 more)"
WARN,GAP_DAILY_OLD,universe_daily,NSE_EQ|INE854B01010,1d,69,"69 older missing weekdays (longest run 44): 2004-05-24, 2004-05-25, 2004-05-26 (+66 more)"
WARN,GAP_DAILY_OLD,universe_daily,NSE_EQ|INE854D01024,1d,26,"26 older missing weekdays (longest run 22): 2004-05-24, 2004-05-25, 2004-05-26 (+23 more)"
WARN,GAP_DAILY_OLD,universe_daily,NSE_EQ|INE855C01023,1d,988,"988 older missing weekdays (longest run 252): 2009-05-18, 2011-01-03, 2011-01-04 (+985 more)"
WARN,GAP_DAILY_OLD,universe_daily,NSE_EQ|INE859A01011,1d,25,"25 older missing weekdays (longest run 22): 2004-05-24, 2004-05-25, 2004-05-26 (+22 more)"
WARN,GAP_DAILY_OLD,universe_daily,NSE_EQ|INE859Q01017,1d,7,"7 older missing weekdays (longest run 1): 2015-04-01, 2015-08-12, 2015-08-24 (+4 more)"
WARN,GAP_DAILY_OLD,universe_daily,NSE_EQ|INE860A01027,1d,25,"25 older missing weekdays (longest run 22): 2004-05-24, 2004-05-25, 2004-05-26 (+22 more)"
WARN,GAP_DAILY_OLD,universe_daily,NSE_EQ|INE862Y01015,1d,456,"456 older missing weekdays (longest run 66): 2018-03-16, 2018-03-19, 2018-03-21 (+453 more)"
WARN,GAP_DAILY_OLD,universe_daily,NSE_EQ|INE863I01016,1d,1095,"1095 older missing weekdays (longest run 252): 2008-10-13, 2008-10-20, 2008-10-21 (+1092 more)"
WARN,GAP_DAILY_OLD,universe_daily,NSE_EQ|INE863T01013,1d,64,"64 older missing weekdays (longest run 57): 2017-10-19, 2018-11-07, 2018-12-03 (+61 more)"
WARN,GAP_DAILY_OLD,universe_daily,NSE_EQ|INE865C01022,1d,1019,"1019 older missing weekdays (longest run 252): 2011-01-03, 2011-01-04, 2011-01-05 (+1016 more)"
WARN,GAP_DAILY_OLD,universe_daily,NSE_EQ|INE868B01028,1d,25,"25 older missing weekdays (longest run 22): 2004-05-24, 2004-05-25, 2004-05-26 (+22 more)"
WARN,GAP_DAILY_OLD,universe_daily,NSE_EQ|INE869Y01028,1d,472,"472 older missing weekdays (longest run 61): 2018-06-07, 2018-06-08, 2018-06-11 (+469 more)"
WARN,GAP_DAILY_OLD,universe_daily,NSE_EQ|INE874F01027,1d,1126,"1126 older missing weekdays (longest run 517): 2004-05-24, 2004-05-25, 2004-05-26 (+1123 more)"
WARN,GAP_DAILY_OLD,universe_daily,NSE_EQ|INE875R01011,1d,32,"32 older missing weekdays (longest run 18): 2017-10-19, 2018-11-07, 2020-01-06 (+29 more)"
WARN,GAP_DAILY_OLD,universe_daily,NSE_EQ|INE877F01012,1d,25,"25 older missing weekdays (longest run 22): 2004-05-24, 2004-05-25, 2004-05-26 (+22 more)"
WARN,GAP_DAILY_OLD,universe_daily,NSE_EQ|INE878A01011,1d,25,"25 older missing weekdays (longest run 22): 2004-05-24, 2004-05-25, 2004-05-26 (+22 more)"
WARN,GAP_DAILY_OLD,universe_daily,NSE_EQ|INE879A01019,1d,48,"48 older missing weekdays (longest run 22): 2004-05-24, 2004-05-25, 2004-05-26 (+45 more)"
WARN,GAP_DAILY_OLD,universe_daily,NSE_EQ|INE879E01037,1d,27,"27 older missing weekdays (longest run 3): 2015-01-02, 2015-01-05, 2015-01-06 (+24 more)"
WARN,GAP_DAILY_OLD,universe_daily,NSE_EQ|INE879I01012,1d,35,"35 older missing weekdays (longest run 32): 2011-10-26, 2017-10-19, 2018-11-07 (+32 more)"
WARN,GAP_DAILY_OLD,universe_daily,NSE_EQ|INE880L01014,1d,94,"94 older missing weekdays (longest run 22): 2016-12-01, 2016-12-02, 2016-12-05 (+91 more)"
WARN,GAP_DAILY_OLD,universe_daily,NSE_EQ|INE880Y01017,1d,666,"666 older missing weekdays (longest run 60): 2018-02-22, 2018-02-28, 2018-03-13 (+663 more)"
WARN,GAP_DAILY_OLD,universe_daily,NSE_EQ|INE881D01027,1d,25,"25 older missing weekdays (longest run 22): 2004-05-24, 2004-05-25, 2004-05-26 (+22 more)"
WARN,GAP_DAILY_OLD,universe_daily,NSE_EQ|INE882A01013,1d,26,"26 older missing weekdays (longest run 22): 2004-05-24, 2004-05-25, 2004-05-26 (+23 more)"
WARN,GAP_DAILY_OLD,universe_daily,NSE_EQ|INE883A01011,1d,25,"25 older missing weekdays (longest run 22): 2004-05-24, 2004-05-25, 2004-05-26 (+22 more)"
WARN,GAP_DAILY_OLD,universe_daily,NSE_EQ|INE884A01027,1d,988,"988 older missing weekdays (longest run 252): 2009-05-18, 2011-01-03, 2011-01-04 (+985 more)"
WARN,GAP_DAILY_OLD,universe_daily,NSE_EQ|INE885A01032,1d,25,"25 older missing weekdays (longest run 22): 2004-05-24, 2004-05-25, 2004-05-26 (+22 more)"
WARN,GAP_DAILY_OLD,universe_daily,NSE_EQ|INE885F01015,1d,895,"895 older missing weekdays (longest run 102): 2016-10-17, 2016-10-18, 2016-10-19 (+892 more)"
WARN,GAP_DAILY_OLD,universe_daily,NSE_EQ|INE886A01014,1d,228,"228 older missing weekdays (longest run 6): 2011-10-26, 2015-01-02, 2015-01-14 (+225 more)"
WARN,GAP_DAILY_OLD,universe_daily,NSE_EQ|INE887G01027,1d,989,"989 older missing weekdays (longest run 252): 2009-01-22, 2009-05-18, 2011-01-03 (+986 more)"
WARN,GAP_DAILY_OLD,universe_daily,NSE_EQ|INE891B01012,1d,2289,"2289 older missing weekdays (longest run 410): 2007-11-12, 2008-11-28, 2009-02-26 (+2286 more)"
WARN,GAP_DAILY_OLD,universe_daily,NSE_EQ|INE893I01013,1d,5,"5 older missing weekdays (longest run 1): 2011-10-26, 2015-04-30, 2015-05-14 (+2 more)"
WARN,GAP_DAILY_OLD,universe_daily,NSE_EQ|INE899L01030,1d,74,"74 older missing weekdays (longest run 4): 2024-04-26, 2024-04-30, 2024-05-02 (+71 more)"
WARN,GAP_DAILY_OLD,universe_daily,NSE_EQ|INE900B01029,1d,25,"25 older missing weekdays (longest run 22): 2004-05-24, 2004-05-25, 2004-05-26 (+22 more)"
WARN,GAP_DAILY_OLD,universe_daily,NSE_EQ|INE900C01027,1d,48,"48 older missing weekdays (longest run 22): 2003-10-10, 2004-05-24, 2004-05-25 (+45 more)"
WARN,GAP_DAILY_OLD,universe_daily,NSE_EQ|INE900L01028,1d,391,"391 older missing weekdays (longest run 63): 2016-10-28, 2016-11-24, 2016-12-02 (+388 more)"
WARN,GAP_DAILY_OLD,universe_daily,NSE_EQ|INE902B01017,1d,189,"189 older missing weekdays (longest run 68): 2020-10-12, 2020-10-13, 2020-10-14 (+186 more)"
WARN,GAP_DAILY_OLD,universe_daily,NSE_EQ|INE908D01010,1d,5,"5 older missing weekdays (longest run 1): 2011-10-26, 2012-06-21, 2012-07-24 (+2 more)"
WARN,GAP_DAILY_OLD,universe_daily,NSE_EQ|INE908V01012,1d,252,"252 older missing weekdays (longest run 58): 2017-01-30, 2017-02-21, 2017-02-28 (+249 more)"
WARN,GAP_DAILY_OLD,universe_daily,NSE_EQ|INE910C01018,1d,230,"230 older missing weekdays (longest run 186): 2011-10-26, 2015-01-01, 2015-01-02 (+227 more)"
WARN,GAP_DAILY_OLD,universe_daily,NSE_EQ|INE915B01019,1d,25,"25 older missing weekdays (longest run 22): 2004-05-24, 2004-05-25, 2004-05-26 (+22 more)"
WARN,GAP_DAILY_OLD,universe_daily,NSE_EQ|INE919I01024,1d,10,"10 older missing weekdays (longest run 4): 2017-10-19, 2018-11-07, 2023-07-11 (+7 more)"
WARN,GAP_DAILY_OLD,universe_daily,NSE_EQ|INE922A01025,1d,5,"5 older missing weekdays (longest run 1): 2011-10-26, 2015-06-16, 2015-06-18 (+2 more)"
WARN,GAP_DAILY_OLD,universe_daily,NSE_EQ|INE922B01023,1d,25,"25 older missing weekdays (longest run 22): 2004-05-24, 2004-05-25, 2004-05-26 (+22 more)"
WARN,GAP_DAILY_OLD,universe_daily,NSE_EQ|INE923A01015,1d,75,"75 older missing weekdays (longest run 22): 2004-05-24, 2004-05-25, 2004-05-26 (+72 more)"
WARN,GAP_DAILY_OLD,universe_daily,NSE_EQ|INE924H01018,1d,1025,"1025 older missing weekdays (longest run 252): 2009-05-18, 2011-01-03, 2011-01-04 (+1022 more)"
WARN,GAP_DAILY_OLD,universe_daily,NSE_EQ|INE926K01017,1d,14,"14 older missing weekdays (longest run 1): 2011-10-26, 2015-05-12, 2015-05-14 (+11 more)"
WARN,GAP_DAILY_OLD,universe_daily,NSE_EQ|INE932C01012,1d,27,"27 older missing weekdays (longest run 22): 2004-05-24, 2004-05-25, 2004-05-26 (+24 more)"
WARN,GAP_DAILY_OLD,universe_daily,NSE_EQ|INE933B01012,1d,47,"47 older missing weekdays (longest run 44): 2011-10-26, 2017-10-19, 2018-11-07 (+44 more)"
WARN,GAP_DAILY_OLD,universe_daily,NSE_EQ|INE933X01016,1d,960,"960 older missing weekdays (longest run 137): 2016-01-05, 2016-01-06, 2016-01-07 (+957 more)"
WARN,GAP_DAILY_OLD,universe_daily,NSE_EQ|INE935A01035,1d,25,"25 older missing weekdays (longest run 22): 2004-05-24, 2004-05-25, 2004-05-26 (+22 more)"
WARN,GAP_DAILY_OLD,universe_daily,NSE_EQ|INE937A01023,1d,1006,"1006 older missing weekdays (longest run 252): 2011-01-03, 2011-01-04, 2011-01-05 (+1003 more)"
WARN,GAP_DAILY_OLD,universe_daily,NSE_EQ|INE938A01021,1d,2016,"2016 older missing weekdays (longest run 321): 2007-11-09, 2009-05-18, 2011-01-03 (+2013 more)"
WARN,GAP_DAILY_OLD,universe_daily,NSE_EQ|INE939A01011,1d,25,"25 older missing weekdays (longest run 22): 2004-05-24, 2004-05-25, 2004-05-26 (+22 more)"
WARN,GAP_DAILY_OLD,universe_daily,NSE_EQ|INE943D01017,1d,25,"25 older missing weekdays (longest run 22): 2004-05-24, 2004-05-25, 2004-05-26 (+22 more)"
WARN,GAP_DAILY_OLD,universe_daily,NSE_EQ|INE944F01028,1d,25,"25 older missing weekdays (longest run 22): 2004-05-24, 2004-05-25, 2004-05-26 (+22 more)"
WARN,GAP_DAILY_OLD,universe_daily,NSE_EQ|INE947A01014,1d,25,"25 older missing weekdays (longest run 22): 2004-05-24, 2004-05-25, 2004-05-26 (+22 more)"
WARN,GAP_DAILY_OLD,universe_daily,NSE_EQ|INE947I01017,1d,27,"27 older missing weekdays (longest run 17): 2011-10-26, 2017-08-08, 2017-08-09 (+24 more)"
WARN,GAP_DAILY_OLD,universe_daily,NSE_EQ|INE947T01022,1d,1230,"1230 older missing weekdays (longest run 120): 2016-11-02, 2016-11-16, 2016-11-25 (+1227 more)"
WARN,GAP_DAILY_OLD,universe_daily,NSE_EQ|INE948A01012,1d,25,"25 older missing weekdays (longest run 22): 2004-05-24, 2004-05-25, 2004-05-26 (+22 more)"
WARN,GAP_DAILY_OLD,universe_daily,NSE_EQ|INE952H01027,1d,35,"35 older missing weekdays (longest run 26): 2011-10-26, 2017-10-19, 2018-11-07 (+32 more)"
WARN,GAP_DAILY_OLD,universe_daily,NSE_EQ|INE954E01012,1d,96,"96 older missing weekdays (longest run 8): 2017-10-19, 2018-11-07, 2019-10-17 (+93 more)"
WARN,GAP_DAILY_OLD,universe_daily,NSE_EQ|INE955I01044,1d,924,"924 older missing weekdays (longest run 264): 2016-01-01, 2016-01-15, 2016-01-25 (+921 more)"
WARN,GAP_DAILY_OLD,universe_daily,NSE_EQ|INE961O01016,1d,726,"726 older missing weekdays (longest run 364): 2019-05-13, 2019-05-16, 2019-05-21 (+723 more)"
WARN,GAP_DAILY_OLD,universe_daily,NSE_EQ|INE964W01021,1d,954,"954 older missing weekdays (longest run 71): 2017-05-02, 2017-05-10, 2017-05-15 (+951 more)"
WARN,GAP_DAILY_OLD,universe_daily,NSE_EQ|INE967C01018,1d,28,"28 older missing weekdays (longest run 22): 2004-05-24, 2004-05-25, 2004-05-26 (+25 more)"
WARN,GAP_DAILY_OLD,universe_daily,NSE_EQ|INE970N01027,1d,1195,"1195 older missing weekdays (longest run 410): 2015-01-01, 2015-01-02, 2015-01-05 (+1192 more)"
WARN,GAP_DAILY_OLD,universe_daily,NSE_EQ|INE972X01022,1d,533,"533 older missing weekdays (longest run 199): 2015-05-26, 2015-06-05, 2015-08-05 (+530 more)"
WARN,GAP_DAILY_OLD,universe_daily,NSE_EQ|INE976A01021,1d,25,"25 older missing weekdays (longest run 22): 2004-05-24, 2004-05-25, 2004-05-26 (+22 more)"
WARN,GAP_DAILY_OLD,universe_daily,NSE_EQ|INE976T01013,1d,611,"611 older missing weekdays (longest run 42): 2016-05-19, 2016-05-20, 2016-05-23 (+608 more)"
WARN,GAP_DAILY_OLD,universe_daily,NSE_EQ|INE977Y01011,1d,482,"482 older missing weekdays (longest run 58): 2018-02-15, 2018-02-22, 2018-03-23 (+479 more)"
WARN,GAP_DAILY_OLD,universe_daily,NSE_EQ|INE978A01027,1d,25,"25 older missing weekdays (longest run 22): 2004-05-24, 2004-05-25, 2004-05-26 (+22 more)"
WARN,GAP_DAILY_OLD,universe_daily,NSE_EQ|INE978G01016,1d,8,"8 older missing weekdays (longest run 1): 2011-10-26, 2015-02-02, 2015-03-30 (+5 more)"
WARN,GAP_DAILY_OLD,universe_daily,NSE_EQ|INE979A01025,1d,25,"25 older missing weekdays (longest run 22): 2004-05-24, 2004-05-25, 2004-05-26 (+22 more)"
WARN,GAP_DAILY_OLD,universe_daily,NSE_EQ|INE980Y01015,1d,87,"87 older missing weekdays (longest run 62): 2018-04-24, 2018-05-02, 2018-05-11 (+84 more)"
WARN,GAP_DAILY_OLD,universe_daily,NSE_EQ|INE985W01018,1d,296,"296 older missing weekdays (longest run 57): 2017-10-17, 2017-10-18, 2017-10-19 (+293 more)"
WARN,GAP_DAILY_OLD,universe_daily,NSE_EQ|INE987B01026,1d,25,"25 older missing weekdays (longest run 22): 2004-05-24, 2004-05-25, 2004-05-26 (+22 more)"
WARN,GAP_DAILY_OLD,universe_daily,NSE_EQ|INE992I01013,1d,7,"7 older missing weekdays (longest run 2): 2023-08-10, 2023-10-16, 2023-10-19 (+4 more)"
WARN,GAP_DAILY_OLD,universe_daily,NSE_EQ|INE993A01026,1d,25,"25 older missing weekdays (longest run 22): 2004-05-24, 2004-05-25, 2004-05-26 (+22 more)"
WARN,GAP_DAILY_OLD,universe_daily,NSE_EQ|INE995D01025,1d,682,"682 older missing weekdays (longest run 667): 2017-02-09, 2017-02-10, 2017-02-13 (+679 more)"
WARN,GAP_DAILY_OLD,universe_daily,NSE_EQ|INE997Y01027,1d,214,"214 older missing weekdays (longest run 58): 2018-04-06, 2018-04-10, 2018-04-11 (+211 more)"
WARN,GAP_DAILY_OLD,universe_daily,NSE_EQ|INE998H01012,1d,1226,"1226 older missing weekdays (longest run 252): 2008-12-22, 2009-05-18, 2011-01-03 (+1223 more)"
WARN,GAP_DAILY_OLD,universe_daily,NSE_EQ|INE999A01023,1d,25,"25 older missing weekdays (longest run 22): 2004-05-24, 2004-05-25, 2004-05-26 (+22 more)"
WARN,GAP_DAILY_OLD,universe_daily,NSE_EQ|INF082J01408,1d,989,"989 older missing weekdays (longest run 252): 2009-05-18, 2011-01-03, 2011-01-04 (+986 more)"
WARN,GAP_DAILY_OLD,universe_daily,NSE_EQ|INF082J01499,1d,1404,"1404 older missing weekdays (longest run 252): 2008-07-25, 2008-08-19, 2008-08-27 (+1401 more)"
WARN,GAP_DAILY_OLD,universe_daily,NSE_EQ|INF109KC11V0,1d,136,"136 older missing weekdays (longest run 10): 2016-06-30, 2016-07-01, 2016-07-04 (+133 more)"
WARN,GAP_DAILY_OLD,universe_daily,NSE_EQ|INF109KC14A8,1d,5,"5 older missing weekdays (longest run 1): 2023-01-25, 2023-02-15, 2023-03-27 (+2 more)"
WARN,GAP_DAILY_OLD,universe_daily,NSE_EQ|INF109KC16V9,1d,21,"21 older missing weekdays (longest run 5): 2015-02-26, 2015-03-26, 2015-11-11 (+18 more)"
WARN,GAP_DAILY_OLD,universe_daily,NSE_EQ|INF109KC18O0,1d,88,"88 older missing weekdays (longest run 5): 2022-12-22, 2023-01-13, 2023-01-16 (+85 more)"
WARN,GAP_DAILY_OLD,universe_daily,NSE_EQ|INF109KC19U5,1d,107,"107 older missing weekdays (longest run 8): 2017-07-13, 2017-07-18, 2017-07-19 (+104 more)"
WARN,GAP_DAILY_OLD,universe_daily,NSE_EQ|INF109KC1KT9,1d,687,"687 older missing weekdays (longest run 473): 2016-01-13, 2016-01-14, 2016-01-15 (+684 more)"
WARN,GAP_DAILY_OLD,universe_daily,NSE_EQ|INF174K014P6,1d,987,"987 older missing weekdays (longest run 252): 2011-01-03, 2011-01-04, 2011-01-05 (+984 more)"
WARN,GAP_DAILY_OLD,universe_daily,NSE_EQ|INF174KA1A86,1d,1023,"1023 older missing weekdays (longest run 252): 2008-03-13, 2008-03-28, 2008-04-01 (+1020 more)"
WARN,GAP_DAILY_OLD,universe_daily,NSE_EQ|INF174KA1HJ8,1d,988,"988 older missing weekdays (longest run 252): 2011-01-03, 2011-01-04, 2011-01-05 (+985 more)"
WARN,GAP_DAILY_OLD,universe_daily,NSE_EQ|INF174KA1JF2,1d,1610,"1610 older missing weekdays (longest run 737): 2016-01-05, 2016-01-06, 2016-01-07 (+1607 more)"
WARN,GAP_DAILY_OLD,universe_daily,NSE_EQ|INF174KA1LV5,1d,1035,"1035 older missing weekdays (longest run 548): 2018-11-07, 2018-11-26, 2018-12-03 (+1032 more)"
WARN,GAP_DAILY_OLD,universe_daily,NSE_EQ|INF174KA1ZE1,1d,90,"90 older missing weekdays (longest run 5): 2016-01-01, 2016-01-04, 2016-01-21 (+87 more)"
WARN,GAP_DAILY_OLD,universe_daily,NSE_EQ|INF174KA1ZF8,1d,14,"14 older missing weekdays (longest run 2): 2023-02-09, 2023-03-22, 2023-04-19 (+11 more)"
WARN,GAP_DAILY_OLD,universe_daily,NSE_EQ|INF179KC1981,1d,988,"988 older missing weekdays (longest run 252): 2011-01-03, 2011-01-04, 2011-01-05 (+985 more)"
WARN,GAP_DAILY_OLD,universe_daily,NSE_EQ|INF179KC1DK8,1d,1347,"1347 older missing weekdays (longest run 553): 2017-04-17, 2017-04-18, 2017-04-19 (+1344 more)"
WARN,GAP_DAILY_OLD,universe_daily,NSE_EQ|INF179KC1HU8,1d,10,"10 older missing weekdays (longest run 2): 2023-04-21, 2023-05-12, 2023-05-23 (+7 more)"
WARN,GAP_DAILY_OLD,universe_daily,NSE_EQ|INF179KC1HX2,1d,260,"260 older missing weekdays (longest run 9): 2015-12-17, 2015-12-18, 2015-12-21 (+257 more)"
WARN,GAP_DAILY_OLD,universe_daily,NSE_EQ|INF194KA1U07,1d,108,"108 older missing weekdays (longest run 6): 2016-10-28, 2016-11-03, 2016-11-08 (+105 more)"
WARN,GAP_DAILY_OLD,universe_daily,NSE_EQ|INF200KA1580,1d,23,"23 older missing weekdays (longest run 3): 2015-04-01, 2015-05-05, 2015-05-06 (+20 more)"
WARN,GAP_DAILY_OLD,universe_daily,NSE_EQ|INF200KA1598,1d,84,"84 older missing weekdays (longest run 17): 2015-03-30, 2015-04-06, 2015-04-08 (+81 more)"
WARN,GAP_DAILY_OLD,universe_daily,NSE_EQ|INF200KA16D8,1d,988,"988 older missing weekdays (longest run 252): 2011-01-03, 2011-01-04, 2011-01-05 (+985 more)"
WARN,GAP_DAILY_OLD,universe_daily,NSE_EQ|INF200KA1FS1,1d,5,"5 older missing weekdays (longest run 2): 2015-07-28, 2015-08-05, 2015-08-06 (+2 more)"
WARN,GAP_DAILY_OLD,universe_daily,NSE_EQ|INF200KA1JT1,1d,461,"461 older missing weekdays (longest run 14): 2016-06-24, 2016-06-27, 2016-06-28 (+458 more)"
WARN,GAP_DAILY_OLD,universe_daily,NSE_EQ|INF204K014N5,1d,97,"97 older missing weekdays (longest run 2): 2015-01-27, 2015-03-04, 2015-03-11 (+94 more)"
WARN,GAP_DAILY_OLD,universe_daily,NSE_EQ|INF204KA1LD7,1d,104,"104 older missing weekdays (longest run 7): 2015-03-11, 2015-03-12, 2015-03-13 (+101 more)"
WARN,GAP_DAILY_OLD,universe_daily,NSE_EQ|INF204KA1MS3,1d,202,"202 older missing weekdays (longest run 6): 2015-01-13, 2015-01-22, 2015-01-23 (+199 more)"
WARN,GAP_DAILY_OLD,universe_daily,NSE_EQ|INF204KB15I9,1d,349,"349 older missing weekdays (longest run 19): 2004-06-08, 2004-06-11, 2004-06-16 (+346 more)"
WARN,GAP_DAILY_OLD,universe_daily,NSE_EQ|INF204KB16I7,1d,997,"997 older missing weekdays (longest run 252): 2008-01-17, 2008-01-30, 2008-07-08 (+994 more)"
WARN,GAP_DAILY_OLD,universe_daily,NSE_EQ|INF204KB17I5,1d,988,"988 older missing weekdays (longest run 252): 2011-01-03, 2011-01-04, 2011-01-05 (+985 more)"
WARN,GAP_DAILY_OLD,universe_daily,NSE_EQ|INF204KB1882,1d,204,"204 older missing weekdays (longest run 13): 2016-07-15, 2016-07-18, 2016-07-19 (+201 more)"
WARN,GAP_DAILY_OLD,universe_daily,NSE_EQ|INF204KB18I3,1d,379,"379 older missing weekdays (longest run 8): 2015-07-06, 2015-07-10, 2015-07-15 (+376 more)"
WARN,GAP_DAILY_OLD,universe_daily,NSE_EQ|INF204KB19I1,1d,117,"117 older missing weekdays (longest run 3): 2011-05-24, 2012-01-05, 2012-03-05 (+114 more)"
WARN,GAP_DAILY_OLD,universe_daily,NSE_EQ|INF204KC1030,1d,1423,"1423 older missing weekdays (longest run 737): 2015-04-16, 2015-05-14, 2015-06-02 (+1420 more)"
WARN,GAP_DAILY_OLD,universe_daily,NSE_EQ|INF205KA1BP1,1d,1084,"1084 older missing weekdays (longest run 252): 2011-01-03, 2011-01-04, 2011-01-05 (+1081 more)"
WARN,GAP_DAILY_OLD,universe_daily,NSE_EQ|INF205KA1CC7,1d,797,"797 older missing weekdays (longest run 11): 2011-10-26, 2015-01-01, 2015-01-05 (+794 more)"
WARN,GAP_DAILY_OLD,universe_daily,NSE_EQ|INF209KB16D7,1d,61,"61 older missing weekdays (longest run 4): 2019-01-04, 2019-01-11, 2019-01-18 (+58 more)"
WARN,GAP_DAILY_OLD,universe_daily,NSE_EQ|INF209KB17D5,1d,15,"15 older missing weekdays (longest run 2): 2019-10-31, 2019-11-01, 2019-11-25 (+12 more)"
WARN,GAP_DAILY_OLD,universe_daily,NSE_EQ|INF209KB18D3,1d,32,"32 older missing weekdays (longest run 2): 2015-02-10, 2015-05-29, 2015-08-31 (+29 more)"
WARN,GAP_DAILY_OLD,universe_daily,NSE_EQ|INF209KB18T9,1d,1455,"1455 older missing weekdays (longest run 595): 2017-05-29, 2017-05-30, 2017-05-31 (+1452 more)"
WARN,GAP_DAILY_OLD,universe_daily,NSE_EQ|INF209KB19D1,1d,97,"97 older missing weekdays (longest run 5): 2015-02-20, 2015-02-25, 2015-03-03 (+94 more)"
WARN,GAP_DAILY_OLD,universe_daily,NSE_EQ|INF247L01536,1d,987,"987 older missing weekdays (longest run 252): 2011-01-03, 2011-01-04, 2011-01-05 (+984 more)"
WARN,GAP_DAILY_OLD,universe_daily,NSE_EQ|INF247L01BH8,1d,45,"45 older missing weekdays (longest run 4): 2022-09-09, 2022-11-02, 2022-11-17 (+42 more)"
WARN,GAP_DAILY_OLD,universe_daily,NSE_EQ|INF247L01BL0,1d,1103,"1103 older missing weekdays (longest run 394): 2017-06-19, 2017-06-20, 2017-06-21 (+1100 more)"
WARN,GAP_DAILY_OLD,universe_daily,NSE_EQ|INF277K010X4,1d,5,"5 older missing weekdays (longest run 2): 2020-01-23, 2020-02-19, 2020-03-25 (+2 more)"
WARN,GAP_DAILY_OLD,universe_daily,NSE_EQ|INF277K015R5,1d,62,"62 older missing weekdays (longest run 4): 2019-01-17, 2019-01-22, 2019-01-23 (+59 more)"
WARN,GAP_DAILY_OLD,universe_daily,NSE_EQ|INF346A01034,1d,325,"325 older missing weekdays (longest run 35): 2015-01-05, 2015-01-07, 2015-01-08 (+322 more)"
WARN,GAP_DAILY_OLD,universe_daily,NSE_EQ|INF732E01037,1d,988,"988 older missing weekdays (longest run 252): 2009-05-18, 2011-01-03, 2011-01-04 (+985 more)"
WARN,GAP_DAILY_OLD,universe_daily,NSE_EQ|INF732E01045,1d,989,"989 older missing weekdays (longest run 252): 2007-02-21, 2009-05-18, 2011-01-03 (+986 more)"
WARN,GAP_DAILY_OLD,universe_daily,NSE_EQ|INF732E01128,1d,1165,"1165 older missing weekdays (longest run 252): 2009-08-21, 2009-08-25, 2009-09-18 (+1162 more)"
WARN,GAP_DAILY_OLD,universe_daily,NSE_EQ|INF732E01268,1d,988,"988 older missing weekdays (longest run 252): 2011-01-03, 2011-01-04, 2011-01-05 (+985 more)"
WARN,GAP_DAILY_OLD,universe_daily,NSE_EQ|INF767K01MV5,1d,94,"94 older missing weekdays (longest run 3): 2015-01-30, 2015-05-19, 2015-05-22 (+91 more)"
WARN,GAP_DAILY_OLD,universe_daily,NSE_EQ|INF767K01OS7,1d,216,"216 older missing weekdays (longest run 19): 2015-12-08, 2015-12-09, 2015-12-10 (+213 more)"
WARN,GAP_DAILY_OLD,universe_daily,NSE_EQ|INF767K01OT5,1d,526,"526 older missing weekdays (longest run 21): 2016-08-04, 2016-08-05, 2016-08-09 (+523 more)"
WARN,GAP_DAILY_OLD,universe_daily,NSE_EQ|INF767K01PC8,1d,412,"412 older missing weekdays (longest run 26): 2016-05-27, 2016-05-30, 2016-05-31 (+409 more)"
WARN,GAP_DAILY_OLD,universe_daily,NSE_EQ|INF767K01SM1,1d,18,"18 older missing weekdays (longest run 1): 2015-09-29, 2015-11-24, 2015-12-09 (+15 more)"
WARN,GAP_DAILY_OLD,universe_daily,NSE_EQ|INF769K01EG9,1d,21,"21 older missing weekdays (longest run 3): 2018-12-14, 2018-12-31, 2019-01-03 (+18 more)"
WARN,GAP_DAILY_OLD,universe_daily,NSE_EQ|INF769K01JP9,1d,1502,"1502 older missing weekdays (longest run 565): 2015-01-09, 2015-01-12, 2015-01-13 (+1499 more)"
WARN,GAP_DAILY_OLD,universe_daily,NSE_EQ|INF769K01JU9,1d,14,"14 older missing weekdays (longest run 1): 2023-05-10, 2023-05-19, 2023-05-25 (+11 more)"
WARN,GAP_DAILY_OLD,universe_daily,NSE_EQ|INF769K01KF8,1d,38,"38 older missing weekdays (longest run 3): 2023-04-24, 2023-05-04, 2023-05-05 (+35 more)"
WARN,GAP_DAILY_OLD,universe_daily,NSE_EQ|INF789F1AUU3,1d,87,"87 older missing weekdays (longest run 5): 2019-03-14, 2019-03-15, 2019-03-22 (+84 more)"
WARN,GAP_DAILY_OLD,universe_daily,NSE_EQ|INF789F1AUX7,1d,988,"988 older missing weekdays (longest run 252): 2011-01-03, 2011-01-04, 2011-01-05 (+985 more)"
WARN,GAP_DAILY_OLD,universe_daily,NSE_EQ|INF789F1AZC0,1d,37,"37 older missing weekdays (longest run 2): 2015-11-02, 2015-11-24, 2015-12-15 (+34 more)"
WARN,GAP_DAILY_OLD,universe_daily,NSE_EQ|INF789FB1X58,1d,104,"104 older missing weekdays (longest run 4): 2015-10-29, 2015-11-09, 2015-11-11 (+101 more)"
WARN,GAP_DAILY_OLD,universe_daily,NSE_EQ|INF846K01W80,1d,989,"989 older missing weekdays (longest run 252): 2011-01-03, 2011-01-04, 2011-01-05 (+986 more)"
WARN,GAP_DAILY_OLD,universe_daily,NSE_EQ|INF846K01W98,1d,17,"17 older missing weekdays (longest run 2): 2017-10-19, 2018-02-15, 2018-04-03 (+14 more)"
WARN,GAP_DAILY_OLD,indices_daily,NSE_INDEX|India VIX,1d,14,"14 older missing weekdays (longest run 8): 2009-12-07, 2009-12-08, 2009-12-09 (+11 more)"
WARN,GAP_DAILY_OLD,indices_daily,NSE_INDEX|NIFTY AlphaLowVol,1d,7,"7 older missing weekdays (longest run 5): 2021-04-26, 2021-04-28, 2022-02-24 (+4 more)"
WARN,GAP_DAILY_OLD,indices_daily,NSE_INDEX|NIFTY HEALTHCARE,1d,12,"12 older missing weekdays (longest run 5): 2022-02-24, 2022-02-25, 2022-02-28 (+9 more)"
WARN,GAP_DAILY_OLD,indices_daily,NSE_INDEX|NIFTY IND DIGITAL,1d,12,"12 older missing weekdays (longest run 5): 2022-02-24, 2022-02-25, 2022-02-28 (+9 more)"
WARN,GAP_DAILY_OLD,indices_daily,NSE_INDEX|NIFTY INDIA MFG,1d,12,"12 older missing weekdays (longest run 5): 2022-02-24, 2022-02-25, 2022-02-28 (+9 more)"
WARN,GAP_DAILY_OLD,indices_daily,NSE_INDEX|NIFTY LARGEMID250,1d,637,"637 older missing weekdays (longest run 446): 2018-01-01, 2018-01-02, 2018-01-03 (+634 more)"
WARN,GAP_DAILY_OLD,indices_daily,NSE_INDEX|NIFTY M150 QLTY50,1d,168,"168 older missing weekdays (longest run 108): 2022-02-24, 2022-02-25, 2022-02-28 (+165 more)"
WARN,GAP_DAILY_OLD,indices_daily,NSE_INDEX|NIFTY MICROCAP250,1d,12,"12 older missing weekdays (longest run 5): 2022-02-24, 2022-02-25, 2022-02-28 (+9 more)"
WARN,GAP_DAILY_OLD,indices_daily,NSE_INDEX|NIFTY OIL AND GAS,1d,12,"12 older missing weekdays (longest run 5): 2022-02-24, 2022-02-25, 2022-02-28 (+9 more)"
WARN,GAP_DAILY_OLD,indices_daily,NSE_INDEX|NIFTY TOTAL MKT,1d,12,"12 older missing weekdays (longest run 5): 2022-02-24, 2022-02-25, 2022-02-28 (+9 more)"
WARN,GAP_DAILY_OLD,indices_daily,NSE_INDEX|NIFTY100 ESG,1d,5,"5 older missing weekdays (longest run 5): 2022-09-29, 2022-09-30, 2022-10-03 (+2 more)"
WARN,GAP_DAILY_OLD,indices_daily,NSE_INDEX|NIFTY100 Qualty30,1d,134,"134 older missing weekdays (longest run 134): 2018-01-01, 2018-01-02, 2018-01-03 (+131 more)"
WARN,GAP_DAILY_OLD,indices_daily,NSE_INDEX|NIFTY50 EQL Wgt,1d,1054,"1054 older missing weekdays (longest run 315): 2015-11-10, 2015-11-11, 2015-11-13 (+1051 more)"
WARN,GAP_DAILY_OLD,indices_daily,NSE_INDEX|NIFTY500 MULTICAP,1d,12,"12 older missing weekdays (longest run 5): 2022-02-24, 2022-02-25, 2022-02-28 (+9 more)"
WARN,GAP_DAILY_OLD,indices_daily,NSE_INDEX|Nifty Bank,1d,14,"14 older missing weekdays (longest run 8): 2006-11-06, 2009-02-16, 2009-02-17 (+11 more)"
WARN,GAP_DAILY_OLD,indices_daily,NSE_INDEX|Nifty Div Opps 50,1d,58,"58 older missing weekdays (longest run 57): 2015-11-09, 2018-12-03, 2018-12-04 (+55 more)"
WARN,GAP_DAILY_OLD,indices_daily,NSE_INDEX|Nifty FinSrv25 50,1d,13,"13 older missing weekdays (longest run 5): 2021-04-26, 2022-02-24, 2022-02-25 (+10 more)"
WARN,GAP_DAILY_OLD,indices_daily,NSE_INDEX|Nifty GS 10Yr,1d,10,"10 older missing weekdays (longest run 5): 2015-11-09, 2015-11-10, 2015-11-11 (+7 more)"
WARN,GAP_DAILY_OLD,indices_daily,NSE_INDEX|Nifty GS 10Yr Cln,1d,26,"26 older missing weekdays (longest run 23): 2021-04-26, 2021-04-28, 2022-06-14 (+23 more)"
WARN,GAP_DAILY_OLD,indices_daily,NSE_INDEX|Nifty GS 15YrPlus,1d,525,"525 older missing weekdays (longest run 291): 2015-11-10, 2015-11-11, 2015-11-13 (+522 more)"
WARN,GAP_DAILY_OLD,indices_daily,NSE_INDEX|Nifty GS 4 8Yr,1d,26,"26 older missing weekdays (longest run 23): 2021-04-26, 2021-04-28, 2022-06-14 (+23 more)"
WARN,GAP_DAILY_OLD,indices_daily,NSE_INDEX|Nifty GS 8 13Yr,1d,26,"26 older missing weekdays (longest run 23): 2021-04-26, 2021-04-28, 2022-06-14 (+23 more)"
WARN,GAP_DAILY_OLD,indices_daily,NSE_INDEX|Nifty GS Compsite,1d,2023,"2023 older missing weekdays (longest run 740): 2015-11-10, 2015-11-11, 2015-11-13 (+2020 more)"
WARN,GAP_DAILY_OLD,indices_daily,NSE_INDEX|Nifty GrowSect 15,1d,228,"228 older missing weekdays (longest run 196): 2020-01-01, 2020-01-02, 2020-01-03 (+225 more)"
WARN,GAP_DAILY_OLD,indices_daily,NSE_INDEX|Nifty IT,1d,22,"22 older missing weekdays (longest run 8): 2006-11-06, 2009-02-16, 2009-02-17 (+19 more)"
WARN,GAP_DAILY_OLD,indices_daily,NSE_INDEX|Nifty Infra,1d,58,"58 older missing weekdays (longest run 57): 2015-11-09, 2018-12-03, 2018-12-04 (+55 more)"
WARN,GAP_DAILY_OLD,indices_daily,NSE_INDEX|Nifty MNC,1d,9,"9 older missing weekdays (longest run 8): 2013-04-22, 2013-04-23, 2013-04-25 (+6 more)"
WARN,GAP_DAILY_OLD,indices_daily,NSE_INDEX|Nifty Midcap 50,1d,21,"21 older missing weekdays (longest run 8): 2009-02-16, 2009-02-17, 2009-02-18 (+18 more)"
WARN,GAP_DAILY_OLD,indices_daily,NSE_INDEX|Nifty PSE,1d,8,"8 older missing weekdays (longest run 8): 2013-04-22, 2013-04-23, 2013-04-25 (+5 more)"
WARN,GAP_DAILY_OLD,indices_daily,NSE_INDEX|Nifty PSU Bank,1d,12,"12 older missing weekdays (longest run 11): 2010-06-08, 2010-06-09, 2010-06-10 (+9 more)"
WARN,GAP_DAILY_OLD,indices_daily,NSE_INDEX|Nifty Serv Sector,1d,58,"58 older missing weekdays (longest run 57): 2015-11-09, 2018-12-03, 2018-12-04 (+55 more)"
WARN,GAP_DAILY_OLD,indices_daily,NSE_INDEX|Nifty Tata 25 Cap,1d,25,"25 older missing weekdays (longest run 14): 2024-04-29, 2024-04-30, 2024-05-02 (+22 more)"
WARN,GAP_DAILY_OLD,indices_daily,NSE_INDEX|Nifty100ESGSecLdr,1d,172,"172 older missing weekdays (longest run 108): 2021-04-26, 2021-04-28, 2022-02-24 (+169 more)"
WARN,GAP_DAILY_OLD,indices_daily,NSE_INDEX|Nifty200Momentm30,1d,14,"14 older missing weekdays (longest run 5): 2021-04-26, 2021-04-28, 2022-02-24 (+11 more)"
WARN,GAP_DAILY_OLD,indices_daily,NSE_INDEX|Nifty50 Div Point,1d,72,"72 older missing weekdays (longest run 57): 2015-04-06, 2015-04-07, 2015-04-08 (+69 more)"
WARN,INTRADAY_DAILY_CLOSE,stocks_intraday,NSE_EQ|INE00H001014,5m,29,29/268 full days: last intraday close vs daily close > 0.5%; worst 2025-09-19 intraday 471.00 vs daily 458.45 (+2.74%)
WARN,INTRADAY_DAILY_CLOSE,stocks_intraday,NSE_EQ|INE00H001014,15m,29,29/268 full days: last intraday close vs daily close > 0.5%; worst 2025-09-19 intraday 471.00 vs daily 458.45 (+2.74%)
WARN,INTRADAY_DAILY_CLOSE,stocks_intraday,NSE_EQ|INE00H001014,60m,29,29/268 full days: last intraday close vs daily close > 0.5%; worst 2025-09-19 intraday 471.00 vs daily 458.45 (+2.74%)
WARN,INTRADAY_DAILY_CLOSE,stocks_intraday,NSE_EQ|INE00R701025,5m,33,33/268 full days: last intraday close vs daily close > 0.5%; worst 2026-03-13 intraday 1890.00 vs daily 1839.90 (+2.72%)
WARN,INTRADAY_DAILY_CLOSE,stocks_intraday,NSE_EQ|INE00R701025,15m,33,33/268 full days: last intraday close vs daily close > 0.5%; worst 2026-03-13 intraday 1890.00 vs daily 1839.90 (+2.72%)
WARN,INTRADAY_DAILY_CLOSE,stocks_intraday,NSE_EQ|INE00R701025,60m,33,33/268 full days: last intraday close vs daily close > 0.5%; worst 2026-03-13 intraday 1890.00 vs daily 1839.90 (+2.72%)
WARN,INTRADAY_DAILY_CLOSE,stocks_intraday,NSE_EQ|INE021A01026,5m,6,6/268 full days: last intraday close vs daily close > 0.5%; worst 2025-11-12 intraday 2832.00 vs daily 2769.80 (+2.25%)
WARN,INTRADAY_DAILY_CLOSE,stocks_intraday,NSE_EQ|INE021A01026,15m,6,6/268 full days: last intraday close vs daily close > 0.5%; worst 2025-11-12 intraday 2832.00 vs daily 2769.80 (+2.25%)
WARN,INTRADAY_DAILY_CLOSE,stocks_intraday,NSE_EQ|INE021A01026,60m,6,6/268 full days: last intraday close vs daily close > 0.5%; worst 2025-11-12 intraday 2832.00 vs daily 2769.80 (+2.25%)
WARN,INTRADAY_DAILY_CLOSE,stocks_intraday,NSE_EQ|INE070A01015,5m,20,20/268 full days: last intraday close vs daily close > 0.5%; worst 2026-07-31 intraday 26590.00 vs daily 26055.00 (+2.05%)
WARN,INTRADAY_DAILY_CLOSE,stocks_intraday,NSE_EQ|INE070A01015,15m,20,20/268 full days: last intraday close vs daily close > 0.5%; worst 2026-07-31 intraday 26590.00 vs daily 26055.00 (+2.05%)
WARN,INTRADAY_DAILY_CLOSE,stocks_intraday,NSE_EQ|INE070A01015,60m,20,20/268 full days: last intraday close vs daily close > 0.5%; worst 2026-07-31 intraday 26590.00 vs daily 26055.00 (+2.05%)
WARN,INTRADAY_DAILY_CLOSE,stocks_intraday,NSE_EQ|INE0V6F01027,5m,20,20/268 full days: last intraday close vs daily close > 0.5%; worst 2026-05-29 intraday 1982.00 vs daily 1924.00 (+3.01%)
WARN,INTRADAY_DAILY_CLOSE,stocks_intraday,NSE_EQ|INE0V6F01027,15m,20,20/268 full days: last intraday close vs daily close > 0.5%; worst 2026-05-29 intraday 1982.00 vs daily 1924.00 (+3.01%)
WARN,INTRADAY_DAILY_CLOSE,stocks_intraday,NSE_EQ|INE0V6F01027,60m,20,20/268 full days: last intraday close vs daily close > 0.5%; worst 2026-05-29 intraday 1982.00 vs daily 1924.00 (+3.01%)
WARN,INTRADAY_DAILY_CLOSE,stocks_intraday,NSE_EQ|INE118A01012,5m,19,19/268 full days: last intraday close vs daily close > 0.5%; worst 2025-09-30 intraday 12000.00 vs daily 12247.00 (-2.02%)
WARN,INTRADAY_DAILY_CLOSE,stocks_intraday,NSE_EQ|INE118A01012,15m,19,19/268 full days: last intraday close vs daily close > 0.5%; worst 2025-09-30 intraday 12000.00 vs daily 12247.00 (-2.02%)
WARN,INTRADAY_DAILY_CLOSE,stocks_intraday,NSE_EQ|INE118A01012,60m,19,19/268 full days: last intraday close vs daily close > 0.5%; worst 2025-09-30 intraday 12000.00 vs daily 12247.00 (-2.02%)
WARN,INTRADAY_DAILY_CLOSE,stocks_intraday,NSE_EQ|INE123W01016,5m,10,10/268 full days: last intraday close vs daily close > 0.5%; worst 2025-11-24 intraday 2075.00 vs daily 2014.80 (+2.99%)
WARN,INTRADAY_DAILY_CLOSE,stocks_intraday,NSE_EQ|INE123W01016,15m,10,10/268 full days: last intraday close vs daily close > 0.5%; worst 2025-11-24 intraday 2075.00 vs daily 2014.80 (+2.99%)
WARN,INTRADAY_DAILY_CLOSE,stocks_intraday,NSE_EQ|INE123W01016,60m,10,10/268 full days: last intraday close vs daily close > 0.5%; worst 2025-11-24 intraday 2075.00 vs daily 2014.80 (+2.99%)
WARN,INTRADAY_DAILY_CLOSE,stocks_intraday,NSE_EQ|INE200A01026,5m,37,37/268 full days: last intraday close vs daily close > 0.5%; worst 2026-05-29 intraday 5000.00 vs daily 5148.60 (-2.89%)
WARN,INTRADAY_DAILY_CLOSE,stocks_intraday,NSE_EQ|INE200A01026,15m,37,37/268 full days: last intraday close vs daily close > 0.5%; worst 2026-05-29 intraday 5000.00 vs daily 5148.60 (-2.89%)
WARN,INTRADAY_DAILY_CLOSE,stocks_intraday,NSE_EQ|INE200A01026,60m,37,37/268 full days: last intraday close vs daily close > 0.5%; worst 2026-05-29 intraday 5000.00 vs daily 5148.60 (-2.89%)
WARN,INTRADAY_DAILY_CLOSE,stocks_intraday,NSE_EQ|INE262H01021,5m,11,11/268 full days: last intraday close vs daily close > 0.5%; worst 2026-03-16 intraday 4848.90 vs daily 4638.80 (+4.53%)
WARN,INTRADAY_DAILY_CLOSE,stocks_intraday,NSE_EQ|INE262H01021,15m,11,11/268 full days: last intraday close vs daily close > 0.5%; worst 2026-03-16 intraday 4848.90 vs daily 4638.80 (+4.53%)
WARN,INTRADAY_DAILY_CLOSE,stocks_intraday,NSE_EQ|INE262H01021,60m,11,11/268 full days: last intraday close vs daily close > 0.5%; worst 2026-03-16 intraday 4848.90 vs daily 4638.80 (+4.53%)
WARN,INTRADAY_DAILY_CLOSE,stocks_intraday,NSE_EQ|INE298J01013,5m,41,41/268 full days: last intraday close vs daily close > 0.5%; worst 2025-12-18 intraday 888.30 vs daily 915.65 (-2.99%)
WARN,INTRADAY_DAILY_CLOSE,stocks_intraday,NSE_EQ|INE298J01013,15m,41,41/268 full days: last intraday close vs daily close > 0.5%; worst 2025-12-18 intraday 888.30 vs daily 915.65 (-2.99%)
WARN,INTRADAY_DAILY_CLOSE,stocks_intraday,NSE_EQ|INE298J01013,60m,41,41/268 full days: last intraday close vs daily close > 0.5%; worst 2025-12-18 intraday 888.30 vs daily 915.65 (-2.99%)
WARN,INTRADAY_DAILY_CLOSE,stocks_intraday,NSE_EQ|INE343H01029,5m,12,12/268 full days: last intraday close vs daily close > 0.5%; worst 2025-12-30 intraday 12290.00 vs daily 12028.00 (+2.18%)
WARN,INTRADAY_DAILY_CLOSE,stocks_intraday,NSE_EQ|INE343H01029,15m,12,12/268 full days: last intraday close vs daily close > 0.5%; worst 2025-12-30 intraday 12290.00 vs daily 12028.00 (+2.18%)
WARN,INTRADAY_DAILY_CLOSE,stocks_intraday,NSE_EQ|INE343H01029,60m,12,12/268 full days: last intraday close vs daily close > 0.5%; worst 2025-12-30 intraday 12290.00 vs daily 12028.00 (+2.18%)
WARN,INTRADAY_DAILY_CLOSE,stocks_intraday,NSE_EQ|INE417T01026,5m,26,26/268 full days: last intraday close vs daily close > 0.5%; worst 2026-01-23 intraday 1712.00 vs daily 1673.90 (+2.28%)
WARN,INTRADAY_DAILY_CLOSE,stocks_intraday,NSE_EQ|INE417T01026,15m,26,26/268 full days: last intraday close vs daily close > 0.5%; worst 2026-01-23 intraday 1712.00 vs daily 1673.90 (+2.28%)
WARN,INTRADAY_DAILY_CLOSE,stocks_intraday,NSE_EQ|INE417T01026,60m,26,26/268 full days: last intraday close vs daily close > 0.5%; worst 2026-01-23 intraday 1712.00 vs daily 1673.90 (+2.28%)
WARN,INTRADAY_DAILY_CLOSE,stocks_intraday,NSE_EQ|INE481G01011,5m,5,5/268 full days: last intraday close vs daily close > 0.5%; worst 2025-12-01 intraday 12013.00 vs daily 11662.00 (+3.01%)
WARN,INTRADAY_DAILY_CLOSE,stocks_intraday,NSE_EQ|INE481G01011,15m,5,5/268 full days: last intraday close vs daily close > 0.5%; worst 2025-12-01 intraday 12013.00 vs daily 11662.00 (+3.01%)
WARN,INTRADAY_DAILY_CLOSE,stocks_intraday,NSE_EQ|INE481G01011,60m,5,5/268 full days: last intraday close vs daily close > 0.5%; worst 2025-12-01 intraday 12013.00 vs daily 11662.00 (+3.01%)
WARN,INTRADAY_DAILY_CLOSE,stocks_intraday,NSE_EQ|INE522D01027,5m,18,18/268 full days: last intraday close vs daily close > 0.5%; worst 2026-01-09 intraday 293.00 vs daily 285.85 (+2.50%)
WARN,INTRADAY_DAILY_CLOSE,stocks_intraday,NSE_EQ|INE522D01027,15m,18,18/268 full days: last intraday close vs daily close > 0.5%; worst 2026-01-09 intraday 293.00 vs daily 285.85 (+2.50%)
WARN,INTRADAY_DAILY_CLOSE,stocks_intraday,NSE_EQ|INE522D01027,60m,18,18/268 full days: last intraday close vs daily close > 0.5%; worst 2026-01-09 intraday 293.00 vs daily 285.85 (+2.50%)
WARN,INTRADAY_DAILY_CLOSE,stocks_intraday,NSE_EQ|INE646L01027,5m,8,8/268 full days: last intraday close vs daily close > 0.5%; worst 2025-09-29 intraday 5571.00 vs daily 5707.00 (-2.38%)
WARN,INTRADAY_DAILY_CLOSE,stocks_intraday,NSE_EQ|INE646L01027,15m,8,8/268 full days: last intraday close vs daily close > 0.5%; worst 2025-09-29 intraday 5571.00 vs daily 5707.00 (-2.38%)
WARN,INTRADAY_DAILY_CLOSE,stocks_intraday,NSE_EQ|INE646L01027,60m,8,8/268 full days: last intraday close vs daily close > 0.5%; worst 2025-09-29 intraday 5571.00 vs daily 5707.00 (-2.38%)
WARN,INTRADAY_DAILY_CLOSE,stocks_intraday,NSE_EQ|INE669C01036,5m,4,4/268 full days: last intraday close vs daily close > 0.5%; worst 2026-03-30 intraday 1414.70 vs daily 1384.00 (+2.22%)
WARN,INTRADAY_DAILY_CLOSE,stocks_intraday,NSE_EQ|INE669C01036,15m,4,4/268 full days: last intraday close vs daily close > 0.5%; worst 2026-03-30 intraday 1414.70 vs daily 1384.00 (+2.22%)
WARN,INTRADAY_DAILY_CLOSE,stocks_intraday,NSE_EQ|INE669C01036,60m,4,4/268 full days: last intraday close vs daily close > 0.5%; worst 2026-03-30 intraday 1414.70 vs daily 1384.00 (+2.22%)
WARN,INTRADAY_DAILY_CLOSE,stocks_intraday,NSE_EQ|INE758T01015,5m,11,11/268 full days: last intraday close vs daily close > 0.5%; worst 2025-10-16 intraday 340.50 vs daily 347.85 (-2.11%)
WARN,INTRADAY_DAILY_CLOSE,stocks_intraday,NSE_EQ|INE758T01015,15m,11,11/268 full days: last intraday close vs daily close > 0.5%; worst 2025-10-16 intraday 340.50 vs daily 347.85 (-2.11%)
WARN,INTRADAY_DAILY_CLOSE,stocks_intraday,NSE_EQ|INE758T01015,60m,11,11/268 full days: last intraday close vs daily close > 0.5%; worst 2025-10-16 intraday 340.50 vs daily 347.85 (-2.11%)
WARN,INTRADAY_DAILY_CLOSE,stocks_intraday,NSE_EQ|INE775A01035,5m,11,11/268 full days: last intraday close vs daily close > 0.5%; worst 2026-05-29 intraday 151.01 vs daily 145.74 (+3.62%)
WARN,INTRADAY_DAILY_CLOSE,stocks_intraday,NSE_EQ|INE775A01035,15m,11,11/268 full days: last intraday close vs daily close > 0.5%; worst 2026-05-29 intraday 151.01 vs daily 145.74 (+3.62%)
WARN,INTRADAY_DAILY_CLOSE,stocks_intraday,NSE_EQ|INE775A01035,60m,11,11/268 full days: last intraday close vs daily close > 0.5%; worst 2026-05-29 intraday 151.01 vs daily 145.74 (+3.62%)
WARN,INTRADAY_DAILY_CLOSE,stocks_intraday,NSE_EQ|INE935N01020,5m,11,11/268 full days: last intraday close vs daily close > 0.5%; worst 2026-07-31 intraday 13751.00 vs daily 14049.00 (-2.12%)
WARN,INTRADAY_DAILY_CLOSE,stocks_intraday,NSE_EQ|INE935N01020,15m,11,11/268 full days: last intraday close vs daily close > 0.5%; worst 2026-07-31 intraday 13751.00 vs daily 14049.00 (-2.12%)
WARN,INTRADAY_DAILY_CLOSE,stocks_intraday,NSE_EQ|INE935N01020,60m,11,11/268 full days: last intraday close vs daily close > 0.5%; worst 2026-07-31 intraday 13751.00 vs daily 14049.00 (-2.12%)
WARN,INTRADAY_DAILY_HL,stocks_intraday,NSE_EQ|INE195A01028,5m,1,1/268 full days: intraday high/low != daily; worst 2026-09-04 low intraday 3482.20 vs daily 3475.00 (+0.21%)
WARN,INTRADAY_DAILY_HL,stocks_intraday,NSE_EQ|INE195A01028,15m,1,1/268 full days: intraday high/low != daily; worst 2026-09-04 low intraday 3482.20 vs daily 3475.00 (+0.21%)
WARN,INTRADAY_DAILY_HL,stocks_intraday,NSE_EQ|INE195A01028,60m,1,1/268 full days: intraday high/low != daily; worst 2026-09-04 low intraday 3482.20 vs daily 3475.00 (+0.21%)
WARN,INTRADAY_DAILY_HL,index_intraday,NSE_INDEX|Nifty 50,5m,3,3/1088 full days: intraday high/low != daily; worst 2022-03-07 high intraday 16174.45 vs daily 15944.60 (+1.44%)
WARN,INTRADAY_DAILY_HL,index_intraday,NSE_INDEX|Nifty 50,15m,3,3/1088 full days: intraday high/low != daily; worst 2022-03-07 high intraday 16174.45 vs daily 15944.60 (+1.44%)
WARN,INTRADAY_DAILY_HL,index_intraday,NSE_INDEX|Nifty 50,60m,3,3/1088 full days: intraday high/low != daily; worst 2022-03-07 high intraday 16174.45 vs daily 15944.60 (+1.44%)
WARN,LEDGER_FAILED,universe_daily,NSE_EQ|INE0K9O01026,,1,fetch returned no candles; R2 left untouched
WARN,LEDGER_FAILED,universe_daily,NSE_EQ|INE685T01010,,1,fetch returned no candles; R2 left untouched
WARN,LEDGER_STALE,universe_daily,NSE_EQ|INE0LZF01013,,1,last_success_at 2026-08-24T14:46:22
WARN,LEDGER_STALE,universe_daily,NSE_EQ|INE0NLT01010,,1,last_success_at 2026-09-16T15:14:34
WARN,LEDGER_STALE,universe_daily,NSE_EQ|INE105I01020,,1,last_success_at 2026-09-14T13:18:16
WARN,LEDGER_STALE,universe_daily,NSE_EQ|INE24OJ01011,,1,last_success_at 2026-09-16T15:21:24
WARN,LEDGER_STALE,universe_daily,NSE_EQ|INE252A01019,,1,last_success_at 2026-09-14T13:20:06
WARN,LEDGER_STALE,universe_daily,NSE_EQ|INE524T01011,,1,last_success_at 2026-09-16T15:16:10
WARN,LEDGER_STALE,universe_daily,NSE_EQ|INE657B01025,,1,last_success_at 2026-09-14T13:10:26
WARN,LEDGER_STALE,universe_daily,NSE_EQ|INE670X01014,,1,last_success_at 2026-09-14T13:17:18
WARN,LEDGER_STALE,universe_daily,NSE_EQ|INE887D01016,,1,last_success_at 2026-08-24T14:47:17
WARN,OHLC_INVALID,universe_daily,NSE_EQ|INE005I01014,1d,1,"1 invalid bars, first on 2013-04-08"
WARN,OHLC_INVALID,universe_daily,NSE_EQ|INE047B01011,1d,3,"3 invalid bars, first on 2013-04-08"
WARN,OHLC_INVALID,universe_daily,NSE_EQ|INE050M01012,1d,3,"3 invalid bars, first on 2013-04-10"
WARN,OHLC_INVALID,universe_daily,NSE_EQ|INE083C01022,1d,3,"3 invalid bars, first on 2013-04-08"
WARN,OHLC_INVALID,universe_daily,NSE_EQ|INE083D01012,1d,3,"3 invalid bars, first on 2013-04-08"
WARN,OHLC_INVALID,universe_daily,NSE_EQ|INE090A01021,1d,1,"1 invalid bars, first on 2004-11-29"
WARN,OHLC_INVALID,universe_daily,NSE_EQ|INE123C01018,1d,3,"3 invalid bars, first on 2013-04-08"
WARN,OHLC_INVALID,universe_daily,NSE_EQ|INE150B01039,1d,1,"1 invalid bars, first on 2011-01-05"
WARN,OHLC_INVALID,universe_daily,NSE_EQ|INE157H01023,1d,1,"1 invalid bars, first on 2011-01-05"
WARN,OHLC_INVALID,universe_daily,NSE_EQ|INE187D01029,1d,3,"3 invalid bars, first on 2013-04-09"
WARN,OHLC_INVALID,universe_daily,NSE_EQ|INE210C01013,1d,3,"3 invalid bars, first on 2013-04-08"
WARN,OHLC_INVALID,universe_daily,NSE_EQ|INE230B01021,1w,1,"1 invalid bars, first on 2013-04-08"
WARN,OHLC_INVALID,universe_daily,NSE_EQ|INE236G01019,1d,1,"1 invalid bars, first on 2011-01-05"
WARN,OHLC_INVALID,universe_daily,NSE_EQ|INE239D01028,1d,3,"3 invalid bars, first on 2013-04-08"
WARN,OHLC_INVALID,universe_daily,NSE_EQ|INE246B01019,1d,1,"1 invalid bars, first on 2011-01-05"
WARN,OHLC_INVALID,universe_daily,NSE_EQ|INE250B01029,1w,1,"1 invalid bars, first on 2013-04-08"
WARN,OHLC_INVALID,universe_daily,NSE_EQ|INE279A01012,1d,2,"2 invalid bars, first on 2013-04-10"
WARN,OHLC_INVALID,universe_daily,NSE_EQ|INE288B01029,1d,1,"1 invalid bars, first on 2013-04-10"
WARN,OHLC_INVALID,universe_daily,NSE_EQ|INE289A01011,1d,3,"3 invalid bars, first on 2013-04-08"
WARN,OHLC_INVALID,universe_daily,NSE_EQ|INE360L01017,1d,2,"2 invalid bars, first on 2013-04-09"
WARN,OHLC_INVALID,universe_daily,NSE_EQ|INE392B01011,1d,2,"2 invalid bars, first on 2013-04-10"
WARN,OHLC_INVALID,universe_daily,NSE_EQ|INE428Q01011,1d,3,"3 invalid bars, first on 2013-04-09"
WARN,OHLC_INVALID,universe_daily,NSE_EQ|INE459A01010,1d,1,"1 invalid bars, first on 2013-04-10"
WARN,OHLC_INVALID,universe_daily,NSE_EQ|INE505C01016,1d,1,"1 invalid bars, first on 2011-01-05"
WARN,OHLC_INVALID,universe_daily,NSE_EQ|INE526B01014,1d,3,"3 invalid bars, first on 2013-04-08"
WARN,OHLC_INVALID,universe_daily,NSE_EQ|INE545H01011,1d,2,"2 invalid bars, first on 2013-04-09"
WARN,OHLC_INVALID,universe_daily,NSE_EQ|INE577A01027,1d,1,"1 invalid bars, first on 2011-01-05"
WARN,OHLC_INVALID,universe_daily,NSE_EQ|INE577L01016,1d,3,"3 invalid bars, first on 2013-04-08"
WARN,OHLC_INVALID,universe_daily,NSE_EQ|INE640A01023,1d,1,"1 invalid bars, first on 2003-07-18"
WARN,OHLC_INVALID,universe_daily,NSE_EQ|INE640A01023,1w,1,"1 invalid bars, first on 2003-07-14"
WARN,OHLC_INVALID,universe_daily,NSE_EQ|INE667G01023,1d,1,"1 invalid bars, first on 2005-07-13"
WARN,OHLC_INVALID,universe_daily,NSE_EQ|INE696K01024,1d,1,"1 invalid bars, first on 2012-06-19"
WARN,OHLC_INVALID,universe_daily,NSE_EQ|INE701A01023,1d,3,"3 invalid bars, first on 2011-01-05"
WARN,OHLC_INVALID,universe_daily,NSE_EQ|INE749B01020,1d,1,"1 invalid bars, first on 2011-01-05"
WARN,OHLC_INVALID,universe_daily,NSE_EQ|INE813A01018,1d,1,"1 invalid bars, first on 2012-10-16"
WARN,OHLC_INVALID,universe_daily,NSE_EQ|INE822G01016,1d,2,"2 invalid bars, first on 2013-04-08"
WARN,OHLC_INVALID,universe_daily,NSE_EQ|INE835G01018,1d,3,"3 invalid bars, first on 2013-04-10"
WARN,OHLC_INVALID,universe_daily,NSE_EQ|INE838E01017,1d,2,"2 invalid bars, first on 2013-04-09"
WARN,OHLC_INVALID,universe_daily,NSE_EQ|INE847C01020,1d,1,"1 invalid bars, first on 2013-04-09"
WARN,OHLC_INVALID,universe_daily,NSE_EQ|INE882A01013,1d,1,"1 invalid bars, first on 2011-01-05"
WARN,OHLC_INVALID,universe_daily,NSE_EQ|INE926K01017,1d,2,"2 invalid bars, first on 2013-04-10"
WARN,OHLC_INVALID,universe_daily,NSE_EQ|INE933B01012,1d,1,"1 invalid bars, first on 2011-01-05"
WARN,OHLC_INVALID,universe_daily,NSE_EQ|INE948A01012,1d,3,"3 invalid bars, first on 2013-04-08"
WARN,OHLC_INVALID,indices_daily,NSE_INDEX|India VIX,1d,1,"1 invalid bars, first on 2013-08-22"
WARN,OHLC_INVALID,indices_daily,NSE_INDEX|NIFTY MIDCAP 100,1d,2,"2 invalid bars, first on 2009-04-29"
WARN,OHLC_INVALID,indices_daily,NSE_INDEX|NIFTY MIDCAP 100,1w,1,"1 invalid bars, first on 2010-05-31"
WARN,OHLC_INVALID,indices_daily,NSE_INDEX|NIFTY SMLCAP 100,1d,1,"1 invalid bars, first on 2015-08-20"
WARN,OHLC_INVALID,indices_daily,NSE_INDEX|Nifty 100,1d,3,"3 invalid bars, first on 2009-04-29"
WARN,OHLC_INVALID,indices_daily,NSE_INDEX|Nifty Div Opps 50,1d,1,"1 invalid bars, first on 2015-05-26"
WARN,OHLC_INVALID,indices_daily,NSE_INDEX|Nifty Energy,1d,1,"1 invalid bars, first on 2015-05-26"
WARN,OHLC_INVALID,indices_daily,NSE_INDEX|Nifty FMCG,1d,1,"1 invalid bars, first on 2015-05-26"
WARN,OHLC_INVALID,indices_daily,NSE_INDEX|Nifty GS 10Yr,1mo,2,"2 invalid bars, first on 2019-05-01"
WARN,OHLC_INVALID,indices_daily,NSE_INDEX|Nifty GS 10Yr Cln,1mo,1,"1 invalid bars, first on 2019-05-01"
WARN,OHLC_INVALID,indices_daily,NSE_INDEX|Nifty GS 11 15Yr,1mo,2,"2 invalid bars, first on 2018-10-01"
WARN,OHLC_INVALID,indices_daily,NSE_INDEX|Nifty GS 4 8Yr,1mo,2,"2 invalid bars, first on 2019-01-01"
WARN,OHLC_INVALID,indices_daily,NSE_INDEX|Nifty IT,1d,1,"1 invalid bars, first on 2005-07-01"
WARN,OHLC_INVALID,indices_daily,NSE_INDEX|Nifty IT,1mo,1,"1 invalid bars, first on 2005-07-01"
WARN,OHLC_INVALID,indices_daily,NSE_INDEX|Nifty MNC,1d,1,"1 invalid bars, first on 2015-05-26"
WARN,OHLC_INVALID,indices_daily,NSE_INDEX|Nifty PSE,1d,1,"1 invalid bars, first on 2015-05-26"
WARN,OHLC_INVALID,indices_daily,NSE_INDEX|Nifty Pharma,1d,1,"1 invalid bars, first on 2015-05-26"
WARN,POST_CLOSE_BARS,index_intraday,NSE_INDEX|Nifty 50,5m,130,130 bars at/after 15:30 on 92 days (2022-03-24 .. 2025-05-21); drop when reading
WARN,POST_CLOSE_BARS,index_intraday,NSE_INDEX|Nifty 50,15m,106,106 bars at/after 15:30 on 92 days (2022-03-24 .. 2025-05-21); drop when reading
WARN,POST_CLOSE_BARS,index_intraday,NSE_INDEX|Nifty 50,60m,3,3 bars at/after 15:30 on 3 days (2022-10-24 .. 2024-11-01); drop when reading
WARN,PRICE_JUMP,universe_daily,NSE_EQ|INE003A01024,1d,1,1 daily moves >25%; latest: 2025-04-07 -42.9%
WARN,PRICE_JUMP,universe_daily,NSE_EQ|INE009A01021,1d,1,1 daily moves >25%; latest: 2003-04-10 -26.6%
WARN,PRICE_JUMP,universe_daily,NSE_EQ|INE00LM01029,1d,2,"2 daily moves >25%; latest: 2018-06-14 -96.3%, 2022-07-14 -49.1%"
WARN,PRICE_JUMP,universe_daily,NSE_EQ|INE00PV01013,1d,1,1 daily moves >25%; latest: 2018-09-27 -85.8%
WARN,PRICE_JUMP,universe_daily,NSE_EQ|INE00Y801016,1d,1,1 daily moves >25%; latest: 2018-10-10 -36.0%
WARN,PRICE_JUMP,universe_daily,NSE_EQ|INE010A01011,1d,1,1 daily moves >25%; latest: 2004-06-23 -25.7%
WARN,PRICE_JUMP,universe_daily,NSE_EQ|INE013801027,1d,1,1 daily moves >25%; latest: 2022-08-25 -79.0%
WARN,PRICE_JUMP,universe_daily,NSE_EQ|INE016M01021,1d,1,1 daily moves >25%; latest: 2019-02-21 -54.2%
WARN,PRICE_JUMP,universe_daily,NSE_EQ|INE018E01016,1d,1,1 daily moves >25%; latest: 2020-03-16 +117.7%
WARN,PRICE_JUMP,universe_daily,NSE_EQ|INE019A01038,1d,1,1 daily moves >25%; latest: 2008-10-31 +33.7%
WARN,PRICE_JUMP,universe_daily,NSE_EQ|INE01EE01011,1d,7,"7 daily moves >25%; latest: 2016-12-28 -27.1%, 2017-01-19 +39.0%, 2018-10-15 -96.2%"
WARN,PRICE_JUMP,universe_daily,NSE_EQ|INE01GN01025,1d,2,"2 daily moves >25%; latest: 2018-11-16 -73.5%, 2019-02-21 +49.2%"
WARN,PRICE_JUMP,universe_daily,NSE_EQ|INE01JE01028,1d,1,1 daily moves >25%; latest: 2020-12-02 -98.1%
WARN,PRICE_JUMP,universe_daily,NSE_EQ|INE01KI01027,1d,1,1 daily moves >25%; latest: 2023-01-12 -95.4%
WARN,PRICE_JUMP,universe_daily,NSE_EQ|INE020B01018,1d,1,1 daily moves >25%; latest: 2024-06-04 -25.2%
WARN,PRICE_JUMP,universe_daily,NSE_EQ|INE022I01019,1d,1,1 daily moves >25%; latest: 2009-10-20 +27.8%
WARN,PRICE_JUMP,universe_daily,NSE_EQ|INE022Q01020,1d,1,1 daily moves >25%; latest: 2025-07-24 -29.6%
WARN,PRICE_JUMP,universe_daily,NSE_EQ|INE023A01030,1d,1,1 daily moves >25%; latest: 2003-11-17 -84.2%
WARN,PRICE_JUMP,universe_daily,NSE_EQ|INE028A01039,1d,1,1 daily moves >25%; latest: 2017-10-25 +31.4%
WARN,PRICE_JUMP,universe_daily,NSE_EQ|INE029A01011,1d,1,1 daily moves >25%; latest: 2007-11-15 +28.0%
WARN,PRICE_JUMP,universe_daily,NSE_EQ|INE02A801020,1d,1,1 daily moves >25%; latest: 2020-07-23 +2592.0%
WARN,PRICE_JUMP,universe_daily,NSE_EQ|INE02PY01013,1d,1,1 daily moves >25%; latest: 2023-12-05 +57.6%
WARN,PRICE_JUMP,universe_daily,NSE_EQ|INE02WG01024,1d,1,1 daily moves >25%; latest: 2019-08-22 -35.9%
WARN,PRICE_JUMP,universe_daily,NSE_EQ|INE02YR01019,1d,1,1 daily moves >25%; latest: 2022-10-17 +136.4%
WARN,PRICE_JUMP,universe_daily,NSE_EQ|INE032B01021,1d,1,1 daily moves >25%; latest: 2005-06-17 +56.1%
WARN,PRICE_JUMP,universe_daily,NSE_EQ|INE032Z01020,1d,6,"6 daily moves >25%; latest: 2021-10-12 -90.1%, 2022-03-29 +883.8%, 2022-06-21 -89.9%"
WARN,PRICE_JUMP,universe_daily,NSE_EQ|INE034A01011,1d,2,"2 daily moves >25%; latest: 2008-01-21 -25.3%, 2018-11-28 -56.4%"
WARN,PRICE_JUMP,universe_daily,NSE_EQ|INE034D01049,1d,3,"3 daily moves >25%; latest: 2013-11-05 +45.1%, 2015-01-01 +154.4%, 2017-03-27 -62.8%"
WARN,PRICE_JUMP,universe_daily,NSE_EQ|INE039A01010,1d,2,"2 daily moves >25%; latest: 2007-01-11 +28.3%, 2009-05-18 +26.3%"
WARN,PRICE_JUMP,universe_daily,NSE_EQ|INE039O01029,1d,1,1 daily moves >25%; latest: 2017-10-11 -49.5%
WARN,PRICE_JUMP,universe_daily,NSE_EQ|INE03Q201024,1d,1,1 daily moves >25%; latest: 2021-08-06 +40.4%
WARN,PRICE_JUMP,universe_daily,NSE_EQ|INE03QK01018,1d,2,"2 daily moves >25%; latest: 2020-03-09 +112250.0%, 2020-03-24 -52.7%"
WARN,PRICE_JUMP,universe_daily,NSE_EQ|INE03RS01027,1d,3,"3 daily moves >25%; latest: 2004-01-12 +726.1%, 2021-03-10 -38.6%, 2022-03-21 -89.5%"
WARN,PRICE_JUMP,universe_daily,NSE_EQ|INE040A01034,1d,1,1 daily moves >25%; latest: 2004-05-18 +25.7%
WARN,PRICE_JUMP,universe_daily,NSE_EQ|INE040H01021,1d,4,"4 daily moves >25%; latest: 2013-02-28 -33.9%, 2019-02-22 +29.3%, 2019-03-05 +25.7%"
WARN,PRICE_JUMP,universe_daily,NSE_EQ|INE043A01012,1d,3,"3 daily moves >25%; latest: 2011-06-20 -62.2%, 2011-09-09 +32.9%, 2019-02-21 -39.6%"
WARN,PRICE_JUMP,universe_daily,NSE_EQ|INE046A01015,1d,5,"5 daily moves >25%; latest: 2009-04-08 +46.0%, 2009-04-09 +33.8%, 2009-04-24 +30.2%"
WARN,PRICE_JUMP,universe_daily,NSE_EQ|INE048B01035,1d,2,"2 daily moves >25%; latest: 2004-07-20 +700.0%, 2004-07-21 -84.0%"
WARN,PRICE_JUMP,universe_daily,NSE_EQ|INE04LG01015,1d,1,1 daily moves >25%; latest: 2019-05-30 -50.2%
WARN,PRICE_JUMP,universe_daily,NSE_EQ|INE050401020,1d,1,1 daily moves >25%; latest: 2022-12-30 +966.3%
WARN,PRICE_JUMP,universe_daily,NSE_EQ|INE050M01012,1d,2,"2 daily moves >25%; latest: 2015-01-01 +39.8%, 2017-04-07 -32.3%"
WARN,PRICE_JUMP,universe_daily,NSE_EQ|INE052A01021,1d,2,"2 daily moves >25%; latest: 2003-11-12 -27.3%, 2008-10-15 -27.8%"
WARN,PRICE_JUMP,universe_daily,NSE_EQ|INE052T01021,1d,1,1 daily moves >25%; latest: 2024-04-10 -42.0%
WARN,PRICE_JUMP,universe_daily,NSE_EQ|INE055A01016,1d,1,1 daily moves >25%; latest: 2019-10-11 -55.4%
WARN,PRICE_JUMP,universe_daily,NSE_EQ|INE058A01010,1d,1,1 daily moves >25%; latest: 2024-06-13 -35.3%
WARN,PRICE_JUMP,universe_daily,NSE_EQ|INE058B01018,1d,3,"3 daily moves >25%; latest: 2008-03-31 +29.2%, 2011-12-02 -30.5%, 2012-01-05 -36.3%"
WARN,PRICE_JUMP,universe_daily,NSE_EQ|INE059B01024,1d,1,1 daily moves >25%; latest: 2004-03-09 +300.9%
WARN,PRICE_JUMP,universe_daily,NSE_EQ|INE060901027,1d,1,1 daily moves >25%; latest: 2020-10-29 -50.3%
WARN,PRICE_JUMP,universe_daily,NSE_EQ|INE060X01034,1d,2,"2 daily moves >25%; latest: 2022-05-06 +90.1%, 2022-06-21 -47.9%"
WARN,PRICE_JUMP,universe_daily,NSE_EQ|INE061A01014,1d,1,1 daily moves >25%; latest: 2003-11-17 +26.4%
WARN,PRICE_JUMP,universe_daily,NSE_EQ|INE062A01020,1d,1,1 daily moves >25%; latest: 2017-10-25 +27.7%
WARN,PRICE_JUMP,universe_daily,NSE_EQ|INE063E01061,1d,3,"3 daily moves >25%; latest: 2018-01-04 -32.3%, 2018-10-25 -56.2%, 2023-03-06 +5558.3%"
WARN,PRICE_JUMP,universe_daily,NSE_EQ|INE067A01029,1d,3,"3 daily moves >25%; latest: 2015-01-01 +190.7%, 2016-03-15 -71.7%, 2019-02-13 -29.8%"
WARN,PRICE_JUMP,universe_daily,NSE_EQ|INE069I01010,1d,4,"4 daily moves >25%; latest: 2009-05-18 +28.1%, 2015-06-22 +30.1%, 2017-04-17 +40.0%"
WARN,PRICE_JUMP,universe_daily,NSE_EQ|INE070D01027,1d,1,1 daily moves >25%; latest: 2003-08-19 +183.0%
WARN,PRICE_JUMP,universe_daily,NSE_EQ|INE073G01016,1d,1,1 daily moves >25%; latest: 2020-02-12 -88.6%
WARN,PRICE_JUMP,universe_daily,NSE_EQ|INE074B01023,1d,2,"2 daily moves >25%; latest: 2007-01-25 -79.0%, 2015-01-01 -58.5%"
WARN,PRICE_JUMP,universe_daily,NSE_EQ|INE076B01028,1d,1,1 daily moves >25%; latest: 2007-01-29 +702.2%
WARN,PRICE_JUMP,universe_daily,NSE_EQ|INE077F01035,1d,1,1 daily moves >25%; latest: 2014-06-26 +257.4%
WARN,PRICE_JUMP,universe_daily,NSE_EQ|INE080A01014,1d,2,"2 daily moves >25%; latest: 2003-10-03 -32.4%, 2020-03-16 -40.0%"
WARN,PRICE_JUMP,universe_daily,NSE_EQ|INE082W01014,1d,136,"136 daily moves >25%; latest: 2020-03-16 +104.5%, 2020-03-18 -51.8%, 2020-03-19 +98.4%"
WARN,PRICE_JUMP,universe_daily,NSE_EQ|INE084A01016,1d,2,"2 daily moves >25%; latest: 2004-06-23 -26.5%, 2017-10-25 +34.1%"
WARN,PRICE_JUMP,universe_daily,NSE_EQ|INE085A01013,1d,2,"2 daily moves >25%; latest: 2007-11-16 +28.1%, 2008-01-21 -27.3%"
WARN,PRICE_JUMP,universe_daily,NSE_EQ|INE087B01017,1d,1,1 daily moves >25%; latest: 2015-01-01 -46.0%
WARN,PRICE_JUMP,universe_daily,NSE_EQ|INE087H01022,1d,1,1 daily moves >25%; latest: 2011-11-14 -25.6%
WARN,PRICE_JUMP,universe_daily,NSE_EQ|INE092A01019,1d,1,1 daily moves >25%; latest: 2020-03-04 -56.2%
WARN,PRICE_JUMP,universe_daily,NSE_EQ|INE094A01015,1d,1,1 daily moves >25%; latest: 2018-10-05 -25.8%
WARN,PRICE_JUMP,universe_daily,NSE_EQ|INE095A01012,1d,2,"2 daily moves >25%; latest: 2020-03-26 +44.7%, 2025-03-11 -27.2%"
WARN,PRICE_JUMP,universe_daily,NSE_EQ|INE09VQ01012,1d,1,1 daily moves >25%; latest: 2021-02-02 +228.1%
WARN,PRICE_JUMP,universe_daily,NSE_EQ|INE0A1101019,1d,1,1 daily moves >25%; latest: 2022-01-10 -54.6%
WARN,PRICE_JUMP,universe_daily,NSE_EQ|INE0BTI01037,1d,10,"10 daily moves >25%; latest: 2016-12-19 +33.3%, 2017-02-21 +33.3%, 2023-01-24 +37720.0%"
WARN,PRICE_JUMP,universe_daily,NSE_EQ|INE0CHO01012,1d,3,"3 daily moves >25%; latest: 2017-03-07 +28.6%, 2018-11-13 -63.4%, 2020-10-01 +814.0%"
WARN,PRICE_JUMP,universe_daily,NSE_EQ|INE0CU601026,1d,1,1 daily moves >25%; latest: 2022-03-23 +776.9%
WARN,PRICE_JUMP,universe_daily,NSE_EQ|INE0D6I01023,1d,2,"2 daily moves >25%; latest: 2020-07-20 -75.2%, 2021-09-06 -48.5%"
WARN,PRICE_JUMP,universe_daily,NSE_EQ|INE0EK901012,1d,1,1 daily moves >25%; latest: 2020-12-18 +44000.0%
WARN,PRICE_JUMP,universe_daily,NSE_EQ|INE0I7C01011,1d,1,1 daily moves >25%; latest: 2021-11-23 +651.2%
WARN,PRICE_JUMP,universe_daily,NSE_EQ|INE0IQ001011,1d,1,1 daily moves >25%; latest: 2026-10-06 -86.0%
WARN,PRICE_JUMP,universe_daily,NSE_EQ|INE0LCL01028,1d,1,1 daily moves >25%; latest: 2023-04-18 +198900.0%
WARN,PRICE_JUMP,universe_daily,NSE_EQ|INE0LRU01027,1d,1,1 daily moves >25%; latest: 2023-01-30 +2768.2%
WARN,PRICE_JUMP,universe_daily,NSE_EQ|INE100D01014,1d,2,"2 daily moves >25%; latest: 2007-08-01 +548.5%, 2019-02-22 -32.9%"
WARN,PRICE_JUMP,universe_daily,NSE_EQ|INE102I01027,1d,1,1 daily moves >25%; latest: 2015-01-01 -88.0%
WARN,PRICE_JUMP,universe_daily,NSE_EQ|INE103A01014,1d,3,"3 daily moves >25%; latest: 2004-06-23 -29.6%, 2007-10-30 +26.6%, 2008-01-21 -27.5%"
WARN,PRICE_JUMP,universe_daily,NSE_EQ|INE105A01035,1d,3,"3 daily moves >25%; latest: 2008-06-20 -57.2%, 2012-10-23 +31.2%, 2023-08-24 +60.6%"
WARN,PRICE_JUMP,universe_daily,NSE_EQ|INE105C01023,1d,2,"2 daily moves >25%; latest: 2007-04-03 +34.9%, 2009-01-19 -25.6%"
WARN,PRICE_JUMP,universe_daily,NSE_EQ|INE107F01022,1d,2,"2 daily moves >25%; latest: 2015-01-01 -42.7%, 2019-02-21 -29.3%"
WARN,PRICE_JUMP,universe_daily,NSE_EQ|INE109A01011,1d,2,"2 daily moves >25%; latest: 2003-10-03 +27.2%, 2023-03-31 +30.0%"
WARN,PRICE_JUMP,universe_daily,NSE_EQ|INE111A01025,1d,1,1 daily moves >25%; latest: 2015-01-01 +25.4%
WARN,PRICE_JUMP,universe_daily,NSE_EQ|INE111B01023,1d,3,"3 daily moves >25%; latest: 2013-08-01 -64.5%, 2013-08-05 +34.3%, 2013-09-11 +27.0%"
WARN,PRICE_JUMP,universe_daily,NSE_EQ|INE113A01013,1d,33,"33 daily moves >25%; latest: 2004-05-18 +30.7%, 2008-10-10 -27.3%, 2015-11-04 +30.5%"
WARN,PRICE_JUMP,universe_daily,NSE_EQ|INE114A01011,1d,2,"2 daily moves >25%; latest: 2003-08-18 +30.1%, 2004-06-23 -25.8%"
WARN,PRICE_JUMP,universe_daily,NSE_EQ|INE115A01026,1d,4,"4 daily moves >25%; latest: 2003-06-19 +28.4%, 2007-10-29 +36.7%, 2008-12-03 +28.4%"
WARN,PRICE_JUMP,universe_daily,NSE_EQ|INE117Z01029,1d,2,"2 daily moves >25%; latest: 2018-04-19 -36.1%, 2018-05-04 -44.5%"
WARN,PRICE_JUMP,universe_daily,NSE_EQ|INE120A01034,1d,2,"2 daily moves >25%; latest: 2004-08-16 +400.1%, 2004-08-17 -80.3%"
WARN,PRICE_JUMP,universe_daily,NSE_EQ|INE121A01024,1d,1,1 daily moves >25%; latest: 2020-03-23 -29.6%
WARN,PRICE_JUMP,universe_daily,NSE_EQ|INE123B01028,1d,2,"2 daily moves >25%; latest: 2005-12-22 +998.5%, 2007-06-18 -43.0%"
WARN,PRICE_JUMP,universe_daily,NSE_EQ|INE123C01018,1d,3,"3 daily moves >25%; latest: 2003-04-21 +30.4%, 2003-12-09 +25.7%, 2005-01-24 -26.5%"
WARN,PRICE_JUMP,universe_daily,NSE_EQ|INE128X01021,1d,1,1 daily moves >25%; latest: 2022-11-21 +18989.6%
WARN,PRICE_JUMP,universe_daily,NSE_EQ|INE129A01019,1d,2,"2 daily moves >25%; latest: 2004-05-17 -30.4%, 2004-05-18 +48.8%"
WARN,PRICE_JUMP,universe_daily,NSE_EQ|INE129Z01016,1d,1,1 daily moves >25%; latest: 2018-02-15 +609.1%
WARN,PRICE_JUMP,universe_daily,NSE_EQ|INE130B01031,1d,1,1 daily moves >25%; latest: 2010-08-17 -56.5%
WARN,PRICE_JUMP,universe_daily,NSE_EQ|INE134B01017,1d,1,1 daily moves >25%; latest: 2014-03-24 +27.1%
WARN,PRICE_JUMP,universe_daily,NSE_EQ|INE138Y01010,1d,1,1 daily moves >25%; latest: 2022-12-29 +2944.8%
WARN,PRICE_JUMP,universe_daily,NSE_EQ|INE139I01011,1d,1,1 daily moves >25%; latest: 2015-01-01 -51.6%
WARN,PRICE_JUMP,universe_daily,NSE_EQ|INE139R01012,1d,1,1 daily moves >25%; latest: 2022-11-15 +9595.5%
WARN,PRICE_JUMP,universe_daily,NSE_EQ|INE141D01018,1d,2,"2 daily moves >25%; latest: 2015-01-01 -46.4%, 2019-02-21 -46.0%"
WARN,PRICE_JUMP,universe_daily,NSE_EQ|INE141K01013,1d,1,1 daily moves >25%; latest: 2015-01-01 -66.7%
WARN,PRICE_JUMP,universe_daily,NSE_EQ|INE143A01010,1d,5,"5 daily moves >25%; latest: 2008-01-23 +36.6%, 2009-02-04 +25.5%, 2015-01-01 -26.7%"
WARN,PRICE_JUMP,universe_daily,NSE_EQ|INE144D01012,1d,2,"2 daily moves >25%; latest: 2015-01-02 -38.9%, 2019-01-09 -25.7%"
WARN,PRICE_JUMP,universe_daily,NSE_EQ|INE148I01020,1d,3,"3 daily moves >25%; latest: 2019-09-30 -34.4%, 2020-03-19 -33.7%, 2020-06-19 +31.1%"
WARN,PRICE_JUMP,universe_daily,NSE_EQ|INE148O01028,1d,2,"2 daily moves >25%; latest: 2016-03-08 -34.3%, 2022-05-24 +9227.8%"
WARN,PRICE_JUMP,universe_daily,NSE_EQ|INE151A01013,1d,1,1 daily moves >25%; latest: 2019-09-17 -34.8%
WARN,PRICE_JUMP,universe_daily,NSE_EQ|INE155A01022,1d,1,1 daily moves >25%; latest: 2025-10-14 -40.2%
WARN,PRICE_JUMP,universe_daily,NSE_EQ|INE155G01029,1d,1,1 daily moves >25%; latest: 2008-12-04 +26.5%
WARN,PRICE_JUMP,universe_daily,NSE_EQ|INE157H01023,1d,1,1 daily moves >25%; latest: 2010-08-30 +54.2%
WARN,PRICE_JUMP,universe_daily,NSE_EQ|INE160A01022,1d,1,1 daily moves >25%; latest: 2017-10-25 +46.2%
WARN,PRICE_JUMP,universe_daily,NSE_EQ|INE161A01038,1d,1,1 daily moves >25%; latest: 2023-06-08 -76.1%
WARN,PRICE_JUMP,universe_daily,NSE_EQ|INE162B01018,1d,1,1 daily moves >25%; latest: 2003-11-17 +26.5%
WARN,PRICE_JUMP,universe_daily,NSE_EQ|INE162C01024,1d,43,"43 daily moves >25%; latest: 2017-05-08 -25.0%, 2017-07-17 -33.3%, 2022-12-23 +1400.0%"
WARN,PRICE_JUMP,universe_daily,NSE_EQ|INE164B01030,1d,2,"2 daily moves >25%; latest: 2017-11-14 +97.0%, 2018-02-07 -47.5%"
WARN,PRICE_JUMP,universe_daily,NSE_EQ|INE168A01041,1d,1,1 daily moves >25%; latest: 2004-06-23 -27.7%
WARN,PRICE_JUMP,universe_daily,NSE_EQ|INE170I01016,1d,2,"2 daily moves >25%; latest: 2008-01-21 -25.0%, 2008-01-23 +26.8%"
WARN,PRICE_JUMP,universe_daily,NSE_EQ|INE171A01029,1d,1,1 daily moves >25%; latest: 2004-11-29 -65.1%
WARN,PRICE_JUMP,universe_daily,NSE_EQ|INE173A01025,1d,1,1 daily moves >25%; latest: 2015-01-01 -40.5%
WARN,PRICE_JUMP,universe_daily,NSE_EQ|INE175A01038,1d,1,1 daily moves >25%; latest: 2019-06-19 -28.1%
WARN,PRICE_JUMP,universe_daily,NSE_EQ|INE176A01028,1d,1,1 daily moves >25%; latest: 2003-11-17 +26.6%
WARN,PRICE_JUMP,universe_daily,NSE_EQ|INE176B01034,1d,3,"3 daily moves >25%; latest: 2003-12-30 +104.6%, 2003-12-31 -49.8%, 2009-05-06 +36.0%"
WARN,PRICE_JUMP,universe_daily,NSE_EQ|INE177A01018,1d,1,1 daily moves >25%; latest: 2018-05-24 -28.4%
WARN,PRICE_JUMP,universe_daily,NSE_EQ|INE179A01014,1d,1,1 daily moves >25%; latest: 2004-07-09 +62.5%
WARN,PRICE_JUMP,universe_daily,NSE_EQ|INE180A01020,1d,4,"4 daily moves >25%; latest: 2015-01-01 +33.5%, 2016-01-27 -26.1%, 2020-03-23 -29.2%"
WARN,PRICE_JUMP,universe_daily,NSE_EQ|INE185H01016,1d,1,1 daily moves >25%; latest: 2013-10-28 -39.5%
WARN,PRICE_JUMP,universe_daily,NSE_EQ|INE186A01019,1d,3,"3 daily moves >25%; latest: 2004-01-07 +56.7%, 2004-01-08 -34.8%, 2004-06-23 -25.4%"
WARN,PRICE_JUMP,universe_daily,NSE_EQ|INE188A01015,1d,1,1 daily moves >25%; latest: 2012-01-09 +29.9%
WARN,PRICE_JUMP,universe_daily,NSE_EQ|INE190H01024,1d,2,"2 daily moves >25%; latest: 2017-11-14 +850.3%, 2018-02-07 -89.7%"
WARN,PRICE_JUMP,universe_daily,NSE_EQ|INE191B01025,1d,2,"2 daily moves >25%; latest: 2005-05-24 +63.3%, 2010-12-03 -27.0%"
WARN,PRICE_JUMP,universe_daily,NSE_EQ|INE192B01031,1d,1,1 daily moves >25%; latest: 2003-12-04 +84.2%
WARN,PRICE_JUMP,universe_daily,NSE_EQ|INE193E01025,1d,1,1 daily moves >25%; latest: 2023-09-14 +38.8%
WARN,PRICE_JUMP,universe_daily,NSE_EQ|INE197A01024,1d,1,1 daily moves >25%; latest: 2019-02-21 -65.3%
WARN,PRICE_JUMP,universe_daily,NSE_EQ|INE201A01024,1d,1,1 daily moves >25%; latest: 2006-12-06 +39.6%
WARN,PRICE_JUMP,universe_daily,NSE_EQ|INE202H01019,1d,1,1 daily moves >25%; latest: 2015-01-01 -62.6%
WARN,PRICE_JUMP,universe_daily,NSE_EQ|INE203G01027,1d,2,"2 daily moves >25%; latest: 2012-04-10 -33.9%, 2012-06-01 +28.7%"
WARN,PRICE_JUMP,universe_daily,NSE_EQ|INE203Y01012,1d,1,1 daily moves >25%; latest: 2018-01-18 +178.5%
WARN,PRICE_JUMP,universe_daily,NSE_EQ|INE205A01025,1d,23,"23 daily moves >25%; latest: 2008-01-21 -26.1%, 2016-02-15 +28.5%, 2026-04-30 -64.9%"
WARN,PRICE_JUMP,universe_daily,NSE_EQ|INE208A01029,1d,52,"52 daily moves >25%; latest: 2009-05-19 +25.6%, 2020-03-19 -27.3%, 2020-03-26 +28.5%"
WARN,PRICE_JUMP,universe_daily,NSE_EQ|INE210A01017,1d,1,1 daily moves >25%; latest: 2003-09-30 -31.8%
WARN,PRICE_JUMP,universe_daily,NSE_EQ|INE213C01025,1d,1,1 daily moves >25%; latest: 2020-03-18 -29.4%
WARN,PRICE_JUMP,universe_daily,NSE_EQ|INE215D01010,1d,1,1 daily moves >25%; latest: 2020-02-14 +949.6%
WARN,PRICE_JUMP,universe_daily,NSE_EQ|INE215F01023,1d,1,1 daily moves >25%; latest: 2019-02-21 +42.9%
WARN,PRICE_JUMP,universe_daily,NSE_EQ|INE218C01016,1d,5,"5 daily moves >25%; latest: 2004-08-23 +50.0%, 2004-12-28 +57.9%, 2008-10-16 -29.5%"
WARN,PRICE_JUMP,universe_daily,NSE_EQ|INE220G01021,1d,2,"2 daily moves >25%; latest: 2015-01-01 +140.2%, 2015-11-19 -60.9%"
WARN,PRICE_JUMP,universe_daily,NSE_EQ|INE221H01019,1d,1,1 daily moves >25%; latest: 2011-06-20 -42.7%
WARN,PRICE_JUMP,universe_daily,NSE_EQ|INE227C01017,1d,1,1 daily moves >25%; latest: 2006-12-20 +545.7%
WARN,PRICE_JUMP,universe_daily,NSE_EQ|INE229A01017,1d,1,1 daily moves >25%; latest: 2015-01-01 +25.7%
WARN,PRICE_JUMP,universe_daily,NSE_EQ|INE229C01021,1d,1,1 daily moves >25%; latest: 2007-01-29 +1455.0%
WARN,PRICE_JUMP,universe_daily,NSE_EQ|INE230B01021,1d,1,1 daily moves >25%; latest: 2018-12-12 -27.2%
WARN,PRICE_JUMP,universe_daily,NSE_EQ|INE231C01019,1d,2,"2 daily moves >25%; latest: 2006-06-23 +237.2%, 2008-03-17 -29.6%"
WARN,PRICE_JUMP,universe_daily,NSE_EQ|INE231F01020,1d,2,"2 daily moves >25%; latest: 2008-01-21 -28.8%, 2008-04-21 +32.3%"
WARN,PRICE_JUMP,universe_daily,NSE_EQ|INE233A01035,1d,1,1 daily moves >25%; latest: 2003-03-24 -26.4%
WARN,PRICE_JUMP,universe_daily,NSE_EQ|INE235C01036,1d,1,1 daily moves >25%; latest: 2025-06-20 -79.0%
WARN,PRICE_JUMP,universe_daily,NSE_EQ|INE236A01020,1d,1,1 daily moves >25%; latest: 2006-02-20 -30.1%
WARN,PRICE_JUMP,universe_daily,NSE_EQ|INE238A01034,1d,1,1 daily moves >25%; latest: 2020-03-23 -27.9%
WARN,PRICE_JUMP,universe_daily,NSE_EQ|INE240C01028,1d,2,"2 daily moves >25%; latest: 2004-10-11 +32.7%, 2019-02-11 -36.0%"
WARN,PRICE_JUMP,universe_daily,NSE_EQ|INE244A01016,1d,1,1 daily moves >25%; latest: 2006-05-02 +35.2%
WARN,PRICE_JUMP,universe_daily,NSE_EQ|INE245A01021,1d,1,1 daily moves >25%; latest: 2004-06-23 -25.2%
WARN,PRICE_JUMP,universe_daily,NSE_EQ|INE248A01017,1d,1,1 daily moves >25%; latest: 2005-07-18 +29.8%
WARN,PRICE_JUMP,universe_daily,NSE_EQ|INE249Z01020,1d,1,1 daily moves >25%; latest: 2020-10-12 +inf%
WARN,PRICE_JUMP,universe_daily,NSE_EQ|INE250B01029,1d,1,1 daily moves >25%; latest: 2008-07-21 -32.2%
WARN,PRICE_JUMP,universe_daily,NSE_EQ|INE256A01028,1d,4,"4 daily moves >25%; latest: 2021-09-14 +40.0%, 2021-09-22 +31.7%, 2024-01-23 -32.6%"
WARN,PRICE_JUMP,universe_daily,NSE_EQ|INE256C01024,1d,2,"2 daily moves >25%; latest: 2005-12-13 +4456.1%, 2026-07-22 -41.6%"
WARN,PRICE_JUMP,universe_daily,NSE_EQ|INE256Z01025,1d,1,1 daily moves >25%; latest: 2024-08-23 -27.3%
WARN,PRICE_JUMP,universe_daily,NSE_EQ|INE258B01022,1d,1,1 daily moves >25%; latest: 2004-06-23 -28.1%
WARN,PRICE_JUMP,universe_daily,NSE_EQ|INE262Z01023,1d,1,1 daily moves >25%; latest: 2018-06-20 -78.8%
WARN,PRICE_JUMP,universe_daily,NSE_EQ|INE267A01025,1d,1,1 daily moves >25%; latest: 2006-11-21 +5906.9%
WARN,PRICE_JUMP,universe_daily,NSE_EQ|INE269B01029,1d,1,1 daily moves >25%; latest: 2009-06-04 +28.1%
WARN,PRICE_JUMP,universe_daily,NSE_EQ|INE271C01023,1d,2,"2 daily moves >25%; latest: 2009-05-18 +25.0%, 2014-10-14 -28.6%"
WARN,PRICE_JUMP,universe_daily,NSE_EQ|INE274C01019,1d,1,1 daily moves >25%; latest: 2006-08-07 +625.9%
WARN,PRICE_JUMP,universe_daily,NSE_EQ|INE274V01019,1d,1,1 daily moves >25%; latest: 2025-09-24 -75.5%
WARN,PRICE_JUMP,universe_daily,NSE_EQ|INE276G01015,1d,1,1 daily moves >25%; latest: 2021-12-09 +1688.1%
WARN,PRICE_JUMP,universe_daily,NSE_EQ|INE277B01014,1d,1,1 daily moves >25%; latest: 2007-11-06 +1049.3%
WARN,PRICE_JUMP,universe_daily,NSE_EQ|INE277C01012,1d,1,1 daily moves >25%; latest: 2015-01-02 -48.7%
WARN,PRICE_JUMP,universe_daily,NSE_EQ|INE278G01037,1d,1,1 daily moves >25%; latest: 2015-01-05 -59.0%
WARN,PRICE_JUMP,universe_daily,NSE_EQ|INE280A01028,1d,1,1 daily moves >25%; latest: 2005-10-31 +25.7%
WARN,PRICE_JUMP,universe_daily,NSE_EQ|INE281A01026,1d,1,1 daily moves >25%; latest: 2015-01-01 -53.6%
WARN,PRICE_JUMP,universe_daily,NSE_EQ|INE283A01014,1d,1,1 daily moves >25%; latest: 2015-01-01 -67.5%
WARN,PRICE_JUMP,universe_daily,NSE_EQ|INE285H01022,1d,1,1 daily moves >25%; latest: 2007-02-26 +350.0%
WARN,PRICE_JUMP,universe_daily,NSE_EQ|INE287B01021,1d,1,1 daily moves >25%; latest: 2005-07-13 +978.5%
WARN,PRICE_JUMP,universe_daily,NSE_EQ|INE289A01011,1d,1,1 daily moves >25%; latest: 2005-12-15 +2186.3%
WARN,PRICE_JUMP,universe_daily,NSE_EQ|INE289C01025,1d,1,1 daily moves >25%; latest: 2015-01-01 -54.2%
WARN,PRICE_JUMP,universe_daily,NSE_EQ|INE290A01027,1d,1,1 daily moves >25%; latest: 2007-03-23 -45.4%
WARN,PRICE_JUMP,universe_daily,NSE_EQ|INE291W01037,1d,2,"2 daily moves >25%; latest: 2022-06-21 +109.2%, 2022-09-13 -47.5%"
WARN,PRICE_JUMP,universe_daily,NSE_EQ|INE293B01029,1d,1,1 daily moves >25%; latest: 2019-02-21 -33.3%
WARN,PRICE_JUMP,universe_daily,NSE_EQ|INE296A01032,1d,35,"35 daily moves >25%; latest: 2009-05-29 +50.0%, 2009-07-17 +33.3%, 2009-07-27 +33.3%"
WARN,PRICE_JUMP,universe_daily,NSE_EQ|INE296Q01012,1d,1,1 daily moves >25%; latest: 2025-10-16 -45.9%
WARN,PRICE_JUMP,universe_daily,NSE_EQ|INE298G01035,1d,1,1 daily moves >25%; latest: 2006-09-26 +6863.6%
WARN,PRICE_JUMP,universe_daily,NSE_EQ|INE2FMX01012,1d,1,1 daily moves >25%; latest: 2026-08-17 -50.7%
WARN,PRICE_JUMP,universe_daily,NSE_EQ|INE301A01014,1d,2,"2 daily moves >25%; latest: 2024-07-11 -36.6%, 2025-05-14 -64.8%"
WARN,PRICE_JUMP,universe_daily,NSE_EQ|INE302A01020,1d,1,1 daily moves >25%; latest: 2004-06-23 -25.2%
WARN,PRICE_JUMP,universe_daily,NSE_EQ|INE304A01026,1d,1,1 daily moves >25%; latest: 2004-02-23 -61.4%
WARN,PRICE_JUMP,universe_daily,NSE_EQ|INE306A01021,1d,5,"5 daily moves >25%; latest: 2008-01-21 -28.3%, 2008-01-22 -25.0%, 2008-01-25 +28.7%"
WARN,PRICE_JUMP,universe_daily,NSE_EQ|INE308A01027,1d,1,1 daily moves >25%; latest: 2007-03-23 -39.9%
WARN,PRICE_JUMP,universe_daily,NSE_EQ|INE309M01020,1d,1,1 daily moves >25%; latest: 2012-08-16 +6300.0%
WARN,PRICE_JUMP,universe_daily,NSE_EQ|INE310C01029,1d,1,1 daily moves >25%; latest: 2008-11-06 -42.5%
WARN,PRICE_JUMP,universe_daily,NSE_EQ|INE314C01013,1d,1,1 daily moves >25%; latest: 2015-01-01 -70.9%
WARN,PRICE_JUMP,universe_daily,NSE_EQ|INE314G01014,1d,1,1 daily moves >25%; latest: 2015-01-01 +41.0%
WARN,PRICE_JUMP,universe_daily,NSE_EQ|INE318D01020,1d,1,1 daily moves >25%; latest: 2017-12-04 -28.6%
WARN,PRICE_JUMP,universe_daily,NSE_EQ|INE323A01026,1d,2,"2 daily moves >25%; latest: 2004-07-08 +861.3%, 2004-07-09 -89.6%"
WARN,PRICE_JUMP,universe_daily,NSE_EQ|INE323I01011,1d,1,1 daily moves >25%; latest: 2008-10-24 -45.5%
WARN,PRICE_JUMP,universe_daily,NSE_EQ|INE323J01019,1d,1,1 daily moves >25%; latest: 2017-10-23 +38.1%
WARN,PRICE_JUMP,universe_daily,NSE_EQ|INE325A01013,1d,1,1 daily moves >25%; latest: 2007-02-06 +497.1%
WARN,PRICE_JUMP,universe_daily,NSE_EQ|INE331A01037,1d,2,"2 daily moves >25%; latest: 2003-11-06 +912.0%, 2003-11-07 -89.9%"
WARN,PRICE_JUMP,universe_daily,NSE_EQ|INE332A01027,1d,1,1 daily moves >25%; latest: 2019-12-05 -43.1%
WARN,PRICE_JUMP,universe_daily,NSE_EQ|INE337A01034,1d,3,"3 daily moves >25%; latest: 2003-12-09 +2000.0%, 2003-12-10 -94.7%, 2004-06-23 -28.7%"
WARN,PRICE_JUMP,universe_daily,NSE_EQ|INE340A01012,1d,2,"2 daily moves >25%; latest: 2004-06-23 -30.9%, 2008-01-23 +25.8%"
WARN,PRICE_JUMP,universe_daily,NSE_EQ|INE345A01011,1d,1,1 daily moves >25%; latest: 2008-01-25 +26.3%
WARN,PRICE_JUMP,universe_daily,NSE_EQ|INE347G01014,1d,11,"11 daily moves >25%; latest: 2005-01-07 +30.7%, 2006-10-05 +28.2%, 2008-01-21 -25.5%"
WARN,PRICE_JUMP,universe_daily,NSE_EQ|INE347W01011,1d,3,"3 daily moves >25%; latest: 2017-11-22 -29.3%, 2018-10-16 +46.0%, 2019-01-09 -30.2%"
WARN,PRICE_JUMP,universe_daily,NSE_EQ|INE349W01017,1d,1,1 daily moves >25%; latest: 2017-11-22 -49.3%
WARN,PRICE_JUMP,universe_daily,NSE_EQ|INE351F01018,1d,3,"3 daily moves >25%; latest: 2007-09-25 +26.9%, 2008-01-23 +26.1%, 2014-05-19 +29.2%"
WARN,PRICE_JUMP,universe_daily,NSE_EQ|INE353A01023,1d,3,"3 daily moves >25%; latest: 2006-06-15 +28.0%, 2007-11-16 +28.0%, 2022-11-22 -84.2%"
WARN,PRICE_JUMP,universe_daily,NSE_EQ|INE356A01018,1d,1,1 daily moves >25%; latest: 2011-02-25 -28.1%
WARN,PRICE_JUMP,universe_daily,NSE_EQ|INE358A01014,1d,1,1 daily moves >25%; latest: 2010-01-08 +199.3%
WARN,PRICE_JUMP,universe_daily,NSE_EQ|INE358U01012,1d,2,"2 daily moves >25%; latest: 2017-05-10 -59.4%, 2019-07-25 -27.6%"
WARN,PRICE_JUMP,universe_daily,NSE_EQ|INE362A01016,1d,3,"3 daily moves >25%; latest: 2015-01-01 -31.7%, 2019-01-09 -27.8%, 2021-07-22 +238.2%"
WARN,PRICE_JUMP,universe_daily,NSE_EQ|INE365I01020,1d,1,1 daily moves >25%; latest: 2017-05-30 -51.5%
WARN,PRICE_JUMP,universe_daily,NSE_EQ|INE366I01010,1d,1,1 daily moves >25%; latest: 2025-08-14 -49.7%
WARN,PRICE_JUMP,universe_daily,NSE_EQ|INE368U01029,1d,1,1 daily moves >25%; latest: 2019-02-22 -52.9%
WARN,PRICE_JUMP,universe_daily,NSE_EQ|INE369A01029,1d,1,1 daily moves >25%; latest: 2004-06-23 -59.7%
WARN,PRICE_JUMP,universe_daily,NSE_EQ|INE369C01017,1d,1,1 daily moves >25%; latest: 2004-06-23 -31.1%
WARN,PRICE_JUMP,universe_daily,NSE_EQ|INE370E01029,1d,30,"30 daily moves >25%; latest: 2020-04-21 +33.3%, 2020-05-21 -25.0%, 2020-05-22 +33.3%"
WARN,PRICE_JUMP,universe_daily,NSE_EQ|INE372C01037,1d,1,1 daily moves >25%; latest: 2005-06-06 +25.6%
WARN,PRICE_JUMP,universe_daily,NSE_EQ|INE382T01030,1d,2,"2 daily moves >25%; latest: 2022-09-22 +448.1%, 2022-12-06 -79.7%"
WARN,PRICE_JUMP,universe_daily,NSE_EQ|INE384A01010,1d,1,1 daily moves >25%; latest: 2005-05-11 -34.9%
WARN,PRICE_JUMP,universe_daily,NSE_EQ|INE387A01021,1d,2,"2 daily moves >25%; latest: 2004-01-23 -89.2%, 2004-01-27 +914.9%"
WARN,PRICE_JUMP,universe_daily,NSE_EQ|INE389C01015,1d,1,1 daily moves >25%; latest: 2022-02-02 +49262.2%
WARN,PRICE_JUMP,universe_daily,NSE_EQ|INE393A01011,1d,5,"5 daily moves >25%; latest: 2008-05-14 +28.9%, 2008-07-22 -25.2%, 2011-04-18 +27.3%"
WARN,PRICE_JUMP,universe_daily,NSE_EQ|INE395H01011,1d,1,1 daily moves >25%; latest: 2017-02-17 -27.1%
WARN,PRICE_JUMP,universe_daily,NSE_EQ|INE397D01024,1d,1,1 daily moves >25%; latest: 2009-05-18 +25.4%
WARN,PRICE_JUMP,universe_daily,NSE_EQ|INE399G01023,1d,1,1 daily moves >25%; latest: 2004-06-23 -32.6%
WARN,PRICE_JUMP,universe_daily,NSE_EQ|INE403Y01018,1d,1,1 daily moves >25%; latest: 2017-12-12 +203.6%
WARN,PRICE_JUMP,universe_daily,NSE_EQ|INE406A01037,1d,2,"2 daily moves >25%; latest: 2003-10-23 +88.0%, 2003-10-27 -49.3%"
WARN,PRICE_JUMP,universe_daily,NSE_EQ|INE411D01023,1d,1,1 daily moves >25%; latest: 2015-01-01 +578.7%
WARN,PRICE_JUMP,universe_daily,NSE_EQ|INE411U01027,1d,1,1 daily moves >25%; latest: 2021-11-25 +3736.7%
WARN,PRICE_JUMP,universe_daily,NSE_EQ|INE413B01023,1d,2,"2 daily moves >25%; latest: 2015-01-01 -55.8%, 2019-02-21 -36.0%"
WARN,PRICE_JUMP,universe_daily,NSE_EQ|INE414B01021,1d,89,"89 daily moves >25%; latest: 2015-11-27 +33.3%, 2015-11-30 -25.0%, 2015-12-07 +33.3%"
WARN,PRICE_JUMP,universe_daily,NSE_EQ|INE415A01038,1d,4,"4 daily moves >25%; latest: 2004-02-10 +103.0%, 2004-06-23 -26.3%, 2019-08-19 -68.2%"
WARN,PRICE_JUMP,universe_daily,NSE_EQ|INE417B01040,1d,7,"7 daily moves >25%; latest: 2004-04-13 +33.3%, 2005-06-07 +27.3%, 2016-12-13 +30.0%"
WARN,PRICE_JUMP,universe_daily,NSE_EQ|INE417T01026,1d,1,1 daily moves >25%; latest: 2026-09-24 -36.0%
WARN,PRICE_JUMP,universe_daily,NSE_EQ|INE418H01029,1d,1,1 daily moves >25%; latest: 2025-11-12 -64.9%
WARN,PRICE_JUMP,universe_daily,NSE_EQ|INE418N01035,1d,39,"39 daily moves >25%; latest: 2020-06-11 +50.0%, 2020-06-22 +33.3%, 2022-02-07 -65.3%"
WARN,PRICE_JUMP,universe_daily,NSE_EQ|INE419A01022,1d,2,"2 daily moves >25%; latest: 2004-04-19 +27.0%, 2004-12-13 +2380.8%"
WARN,PRICE_JUMP,universe_daily,NSE_EQ|INE421C01016,1d,1,1 daily moves >25%; latest: 2007-02-13 +169.8%
WARN,PRICE_JUMP,universe_daily,NSE_EQ|INE423A01024,1d,5,"5 daily moves >25%; latest: 2019-05-20 +27.4%, 2023-02-01 -28.2%, 2023-02-02 -26.7%"
WARN,PRICE_JUMP,universe_daily,NSE_EQ|INE424H01027,1d,1,1 daily moves >25%; latest: 2011-06-02 -27.8%
WARN,PRICE_JUMP,universe_daily,NSE_EQ|INE425B01027,1d,1,1 daily moves >25%; latest: 2025-07-14 +102.0%
WARN,PRICE_JUMP,universe_daily,NSE_EQ|INE428Q01011,1d,3,"3 daily moves >25%; latest: 2013-05-13 +31.8%, 2019-01-09 -28.7%, 2021-03-26 +1727.6%"
WARN,PRICE_JUMP,universe_daily,NSE_EQ|INE429I01024,1d,5,"5 daily moves >25%; latest: 2020-10-22 -25.0%, 2020-10-23 +33.3%, 2024-09-03 +662.7%"
WARN,PRICE_JUMP,universe_daily,NSE_EQ|INE438A01022,1d,1,1 daily moves >25%; latest: 2013-06-13 -25.4%
WARN,PRICE_JUMP,universe_daily,NSE_EQ|INE439T01012,1d,1,1 daily moves >25%; latest: 2017-03-09 +652.5%
WARN,PRICE_JUMP,universe_daily,NSE_EQ|INE440A01010,1d,2,"2 daily moves >25%; latest: 2013-04-16 -30.2%, 2015-01-01 +54.0%"
WARN,PRICE_JUMP,universe_daily,NSE_EQ|INE440L01017,1d,1,1 daily moves >25%; latest: 2016-01-11 +30.7%
WARN,PRICE_JUMP,universe_daily,NSE_EQ|INE449G01018,1d,1,1 daily moves >25%; latest: 2016-07-11 +54.7%
WARN,PRICE_JUMP,universe_daily,NSE_EQ|INE450E01029,1d,1,1 daily moves >25%; latest: 2024-10-25 -52.6%
WARN,PRICE_JUMP,universe_daily,NSE_EQ|INE450U01017,1d,1,1 daily moves >25%; latest: 2020-09-21 -34.9%
WARN,PRICE_JUMP,universe_daily,NSE_EQ|INE451A01017,1d,1,1 daily moves >25%; latest: 2024-02-14 +31.9%
WARN,PRICE_JUMP,universe_daily,NSE_EQ|INE451D01029,1d,1,1 daily moves >25%; latest: 2020-05-22 -98.1%
WARN,PRICE_JUMP,universe_daily,NSE_EQ|INE451F01024,1d,4,"4 daily moves >25%; latest: 2016-02-22 -51.0%, 2016-12-06 +109.8%, 2017-05-30 -49.4%"
WARN,PRICE_JUMP,universe_daily,NSE_EQ|INE461C01038,1d,1,1 daily moves >25%; latest: 2003-07-30 +95.2%
WARN,PRICE_JUMP,universe_daily,NSE_EQ|INE463A01038,1d,2,"2 daily moves >25%; latest: 2004-08-24 +401.1%, 2004-08-25 -78.8%"
WARN,PRICE_JUMP,universe_daily,NSE_EQ|INE466L01038,1d,1,1 daily moves >25%; latest: 2019-09-19 +464.1%
WARN,PRICE_JUMP,universe_daily,NSE_EQ|INE473A01011,1d,1,1 daily moves >25%; latest: 2018-11-09 +28.5%
WARN,PRICE_JUMP,universe_daily,NSE_EQ|INE474C01023,1d,2,"2 daily moves >25%; latest: 2003-08-18 -67.5%, 2007-12-04 +30.2%"
WARN,PRICE_JUMP,universe_daily,NSE_EQ|INE474Q01031,1d,1,1 daily moves >25%; latest: 2022-11-16 +589.9%
WARN,PRICE_JUMP,universe_daily,NSE_EQ|INE476A01022,1d,1,1 daily moves >25%; latest: 2017-10-25 +38.8%
WARN,PRICE_JUMP,universe_daily,NSE_EQ|INE477B01010,1d,1,1 daily moves >25%; latest: 2008-04-09 -38.4%
WARN,PRICE_JUMP,universe_daily,NSE_EQ|INE480M01011,1d,1,1 daily moves >25%; latest: 2019-02-21 -29.3%
WARN,PRICE_JUMP,universe_daily,NSE_EQ|INE481N01025,1d,1,1 daily moves >25%; latest: 2021-02-03 +57.2%
WARN,PRICE_JUMP,universe_daily,NSE_EQ|INE481Z01011,1d,1,1 daily moves >25%; latest: 2019-02-21 +30.3%
WARN,PRICE_JUMP,universe_daily,NSE_EQ|INE483S01020,1d,3,"3 daily moves >25%; latest: 2018-09-28 -70.8%, 2018-10-22 -26.1%, 2018-11-09 +33.5%"
WARN,PRICE_JUMP,universe_daily,NSE_EQ|INE485C01029,1d,1,1 daily moves >25%; latest: 2017-10-23 +25.4%
WARN,PRICE_JUMP,universe_daily,NSE_EQ|INE486Y01013,1d,1,1 daily moves >25%; latest: 2019-08-26 -58.2%
WARN,PRICE_JUMP,universe_daily,NSE_EQ|INE492A01029,1d,1,1 daily moves >25%; latest: 2015-01-01 +28.2%
WARN,PRICE_JUMP,universe_daily,NSE_EQ|INE494B01023,1d,1,1 daily moves >25%; latest: 2009-04-23 +28.2%
WARN,PRICE_JUMP,universe_daily,NSE_EQ|INE495B01038,1d,2,"2 daily moves >25%; latest: 2004-06-23 -27.6%, 2020-01-21 -94.7%"
WARN,PRICE_JUMP,universe_daily,NSE_EQ|INE495P01020,1d,1,1 daily moves >25%; latest: 2020-12-24 -99.4%
WARN,PRICE_JUMP,universe_daily,NSE_EQ|INE505Y01010,1d,12,"12 daily moves >25%; latest: 2018-02-07 +21201.7%, 2018-05-30 -99.5%, 2021-06-15 +366.7%"
WARN,PRICE_JUMP,universe_daily,NSE_EQ|INE506Z01015,1d,1,1 daily moves >25%; latest: 2021-11-25 +692.0%
WARN,PRICE_JUMP,universe_daily,NSE_EQ|INE508K01013,1d,1,1 daily moves >25%; latest: 2023-04-25 -99.1%
WARN,PRICE_JUMP,universe_daily,NSE_EQ|INE511Y01018,1d,1,1 daily moves >25%; latest: 2018-04-26 -35.6%
WARN,PRICE_JUMP,universe_daily,NSE_EQ|INE512B01022,1d,29,"29 daily moves >25%; latest: 2020-04-01 +33.3%, 2020-04-03 -25.0%, 2020-04-08 +33.3%"
WARN,PRICE_JUMP,universe_daily,NSE_EQ|INE519C01017,1d,2,"2 daily moves >25%; latest: 2006-02-07 -83.5%, 2011-01-28 +1058.1%"
WARN,PRICE_JUMP,universe_daily,NSE_EQ|INE520H01022,1d,6,"6 daily moves >25%; latest: 2016-12-06 -82.9%, 2017-03-30 +470.2%, 2017-05-04 -82.5%"
WARN,PRICE_JUMP,universe_daily,NSE_EQ|INE521J01018,1d,1,1 daily moves >25%; latest: 2025-05-09 -37.5%
WARN,PRICE_JUMP,universe_daily,NSE_EQ|INE526B01014,1d,2,"2 daily moves >25%; latest: 2003-03-25 -41.9%, 2025-01-15 -39.3%"
WARN,PRICE_JUMP,universe_daily,NSE_EQ|INE528A01020,1d,1,1 daily moves >25%; latest: 2009-07-20 +260.2%
WARN,PRICE_JUMP,universe_daily,NSE_EQ|INE528G01035,1d,11,"11 daily moves >25%; latest: 2020-03-11 +35.5%, 2020-03-16 +45.2%, 2020-03-17 +58.1%"
WARN,PRICE_JUMP,universe_daily,NSE_EQ|INE530B01024,1d,3,"3 daily moves >25%; latest: 2007-05-28 +27.8%, 2008-10-31 +26.7%, 2019-05-30 -52.2%"
WARN,PRICE_JUMP,universe_daily,NSE_EQ|INE532F01054,1d,1,1 daily moves >25%; latest: 2008-01-23 +28.0%
WARN,PRICE_JUMP,universe_daily,NSE_EQ|INE535D01037,1d,1,1 daily moves >25%; latest: 2022-04-21 -54.9%
WARN,PRICE_JUMP,universe_daily,NSE_EQ|INE538A01037,1d,2,"2 daily moves >25%; latest: 2019-08-06 -89.1%, 2021-03-26 +172.8%"
WARN,PRICE_JUMP,universe_daily,NSE_EQ|INE540A01017,1d,3,"3 daily moves >25%; latest: 2015-01-02 -45.0%, 2016-12-13 +48.1%, 2017-04-10 +130.0%"
WARN,PRICE_JUMP,universe_daily,NSE_EQ|INE542C01019,1d,1,1 daily moves >25%; latest: 2016-03-31 +335.5%
WARN,PRICE_JUMP,universe_daily,NSE_EQ|INE542Z01028,1d,17,"17 daily moves >25%; latest: 2017-03-29 +48.7%, 2017-04-05 -36.8%, 2018-04-04 -90.3%"
WARN,PRICE_JUMP,universe_daily,NSE_EQ|INE543V01017,1d,1,1 daily moves >25%; latest: 2017-07-13 -31.2%
WARN,PRICE_JUMP,universe_daily,NSE_EQ|INE544H01014,1d,1,1 daily moves >25%; latest: 2015-12-10 -87.5%
WARN,PRICE_JUMP,universe_daily,NSE_EQ|INE545A01024,1d,1,1 daily moves >25%; latest: 2026-09-07 -62.6%
WARN,PRICE_JUMP,universe_daily,NSE_EQ|INE545U01014,1d,2,"2 daily moves >25%; latest: 2020-03-23 -25.0%, 2020-03-26 +39.3%"
WARN,PRICE_JUMP,universe_daily,NSE_EQ|INE548A01028,1d,1,1 daily moves >25%; latest: 2004-06-23 -25.9%
WARN,PRICE_JUMP,universe_daily,NSE_EQ|INE548Z01017,1d,1,1 daily moves >25%; latest: 2018-09-18 -61.0%
WARN,PRICE_JUMP,universe_daily,NSE_EQ|INE549A01026,1d,1,1 daily moves >25%; latest: 2018-05-03 -25.4%
WARN,PRICE_JUMP,universe_daily,NSE_EQ|INE555B01013,1d,1,1 daily moves >25%; latest: 2004-06-23 -27.0%
WARN,PRICE_JUMP,universe_daily,NSE_EQ|INE558D01021,1d,1,1 daily moves >25%; latest: 2017-06-29 -79.5%
WARN,PRICE_JUMP,universe_daily,NSE_EQ|INE559D01011,1d,2,"2 daily moves >25%; latest: 2015-01-01 -37.6%, 2016-11-01 +34.1%"
WARN,PRICE_JUMP,universe_daily,NSE_EQ|INE560A01023,1d,1,1 daily moves >25%; latest: 2026-09-02 -78.8%
WARN,PRICE_JUMP,universe_daily,NSE_EQ|INE573A01042,1d,1,1 daily moves >25%; latest: 2004-06-23 +66.8%
WARN,PRICE_JUMP,universe_daily,NSE_EQ|INE575C01027,1d,1,1 daily moves >25%; latest: 2021-09-16 +632.5%
WARN,PRICE_JUMP,universe_daily,NSE_EQ|INE578A01017,1d,1,1 daily moves >25%; latest: 2004-06-23 -30.3%
WARN,PRICE_JUMP,universe_daily,NSE_EQ|INE581X01021,1d,1,1 daily moves >25%; latest: 2021-02-02 -67.2%
WARN,PRICE_JUMP,universe_daily,NSE_EQ|INE584A01023,1d,1,1 daily moves >25%; latest: 2022-10-27 +95.7%
WARN,PRICE_JUMP,universe_daily,NSE_EQ|INE589A01014,1d,1,1 daily moves >25%; latest: 2008-01-22 -30.6%
WARN,PRICE_JUMP,universe_daily,NSE_EQ|INE590L01019,1d,1,1 daily moves >25%; latest: 2016-01-11 +30.8%
WARN,PRICE_JUMP,universe_daily,NSE_EQ|INE592A01026,1d,7,"7 daily moves >25%; latest: 2003-04-11 -25.0%, 2003-04-15 +33.3%, 2018-01-11 -49.9%"
WARN,PRICE_JUMP,universe_daily,NSE_EQ|INE600A01035,1d,1,1 daily moves >25%; latest: 2019-02-21 -32.8%
WARN,PRICE_JUMP,universe_daily,NSE_EQ|INE602A01031,1d,1,1 daily moves >25%; latest: 2003-03-03 +40.0%
WARN,PRICE_JUMP,universe_daily,NSE_EQ|INE606A01024,1d,2,"2 daily moves >25%; latest: 2015-01-01 +29.9%, 2016-02-11 -28.9%"
WARN,PRICE_JUMP,universe_daily,NSE_EQ|INE614B01018,1d,1,1 daily moves >25%; latest: 2003-01-30 +25.2%
WARN,PRICE_JUMP,universe_daily,NSE_EQ|INE614G01033,1d,2,"2 daily moves >25%; latest: 2019-02-04 -34.8%, 2019-02-05 -30.2%"
WARN,PRICE_JUMP,universe_daily,NSE_EQ|INE615P01015,1d,1,1 daily moves >25%; latest: 2025-04-15 -50.7%
WARN,PRICE_JUMP,universe_daily,NSE_EQ|INE617A01013,1d,1,1 daily moves >25%; latest: 2024-05-03 -35.3%
WARN,PRICE_JUMP,universe_daily,NSE_EQ|INE618N01022,1d,1,1 daily moves >25%; latest: 2017-07-10 +105.9%
WARN,PRICE_JUMP,universe_daily,NSE_EQ|INE625B01014,1d,1,1 daily moves >25%; latest: 2005-02-24 +613.2%
WARN,PRICE_JUMP,universe_daily,NSE_EQ|INE626Z01029,1d,2,"2 daily moves >25%; latest: 2022-05-06 +1165.2%, 2022-06-21 -92.6%"
WARN,PRICE_JUMP,universe_daily,NSE_EQ|INE628A01036,1d,1,1 daily moves >25%; latest: 2008-10-31 +25.6%
WARN,PRICE_JUMP,universe_daily,NSE_EQ|INE635A01023,1d,1,1 daily moves >25%; latest: 2006-11-06 +127.7%
WARN,PRICE_JUMP,universe_daily,NSE_EQ|INE636A01039,1d,1,1 daily moves >25%; latest: 2009-03-20 -44.3%
WARN,PRICE_JUMP,universe_daily,NSE_EQ|INE640A01023,1d,3,"3 daily moves >25%; latest: 2003-07-18 +92.6%, 2003-07-21 -49.6%, 2025-10-15 -54.8%"
WARN,PRICE_JUMP,universe_daily,NSE_EQ|INE640C01011,1d,1,1 daily moves >25%; latest: 2015-01-01 -60.6%
WARN,PRICE_JUMP,universe_daily,NSE_EQ|INE643A01035,1d,1,1 daily moves >25%; latest: 2004-01-12 +603.4%
WARN,PRICE_JUMP,universe_daily,NSE_EQ|INE645W01026,1d,2,"2 daily moves >25%; latest: 2018-08-14 -79.7%, 2019-04-22 -49.0%"
WARN,PRICE_JUMP,universe_daily,NSE_EQ|INE647O01011,1d,1,1 daily moves >25%; latest: 2025-05-22 -66.6%
WARN,PRICE_JUMP,universe_daily,NSE_EQ|INE657B01025,1d,56,"56 daily moves >25%; latest: 2021-03-22 +33.3%, 2021-03-26 -25.0%, 2021-04-09 +33.3%"
WARN,PRICE_JUMP,universe_daily,NSE_EQ|INE658G01014,1d,1,1 daily moves >25%; latest: 2015-01-01 -69.8%
WARN,PRICE_JUMP,universe_daily,NSE_EQ|INE658T01017,1d,2,"2 daily moves >25%; latest: 2016-03-30 -92.3%, 2020-10-26 -40.9%"
WARN,PRICE_JUMP,universe_daily,NSE_EQ|INE659A01023,1d,1,1 daily moves >25%; latest: 2006-05-16 +353.5%
WARN,PRICE_JUMP,universe_daily,NSE_EQ|INE663A01033,1d,1,1 daily moves >25%; latest: 2022-06-07 -49.1%
WARN,PRICE_JUMP,universe_daily,NSE_EQ|INE669A01022,1d,2,"2 daily moves >25%; latest: 2009-12-18 -32.3%, 2015-01-01 -86.4%"
WARN,PRICE_JUMP,universe_daily,NSE_EQ|INE669C01036,1d,1,1 daily moves >25%; latest: 2009-06-09 +25.6%
WARN,PRICE_JUMP,universe_daily,NSE_EQ|INE669E01016,1d,8,"8 daily moves >25%; latest: 2020-03-18 -35.1%, 2020-09-03 +26.8%, 2021-09-16 +25.7%"
WARN,PRICE_JUMP,universe_daily,NSE_EQ|INE670X01014,1d,1,1 daily moves >25%; latest: 2019-02-21 -35.9%
WARN,PRICE_JUMP,universe_daily,NSE_EQ|INE672B01032,1d,1,1 daily moves >25%; latest: 2006-07-20 -47.6%
WARN,PRICE_JUMP,universe_daily,NSE_EQ|INE680A01011,1d,1,1 daily moves >25%; latest: 2024-12-27 -27.3%
WARN,PRICE_JUMP,universe_daily,NSE_EQ|INE681C01015,1d,4,"4 daily moves >25%; latest: 2009-04-28 -57.1%, 2009-07-24 -33.0%, 2012-03-13 +32.6%"
WARN,PRICE_JUMP,universe_daily,NSE_EQ|INE683A01023,1d,1,1 daily moves >25%; latest: 2017-03-06 +26.8%
WARN,PRICE_JUMP,universe_daily,NSE_EQ|INE688A01022,1d,2,"2 daily moves >25%; latest: 2015-01-01 +87.0%, 2016-08-26 -47.0%"
WARN,PRICE_JUMP,universe_daily,NSE_EQ|INE688J01023,1d,40,"40 daily moves >25%; latest: 2022-03-29 -93.7%, 2022-04-21 +1540.0%, 2022-06-21 -93.5%"
WARN,PRICE_JUMP,universe_daily,NSE_EQ|INE692A01016,1d,1,1 daily moves >25%; latest: 2017-10-25 +34.2%
WARN,PRICE_JUMP,universe_daily,NSE_EQ|INE694A01020,1d,5,"5 daily moves >25%; latest: 2009-05-18 +26.6%, 2015-06-03 -35.7%, 2019-02-21 -40.5%"
WARN,PRICE_JUMP,universe_daily,NSE_EQ|INE696K01024,1d,21,"21 daily moves >25%; latest: 2019-11-20 +33.3%, 2020-03-30 -25.0%, 2020-04-03 +33.3%"
WARN,PRICE_JUMP,universe_daily,NSE_EQ|INE696V01013,1d,1,1 daily moves >25%; latest: 2019-04-30 -58.1%
WARN,PRICE_JUMP,universe_daily,NSE_EQ|INE697V01011,1d,15,"15 daily moves >25%; latest: 2017-11-09 +89.6%, 2017-11-27 -47.3%, 2017-11-28 +91.7%"
WARN,PRICE_JUMP,universe_daily,NSE_EQ|INE701A01023,1d,1,1 daily moves >25%; latest: 2005-06-30 +35.0%
WARN,PRICE_JUMP,universe_daily,NSE_EQ|INE703H01016,1d,3,"3 daily moves >25%; latest: 2009-03-18 +27.5%, 2009-03-20 -27.1%, 2009-03-26 -45.3%"
WARN,PRICE_JUMP,universe_daily,NSE_EQ|INE704H01022,1d,1,1 daily moves >25%; latest: 2012-06-13 -54.5%
WARN,PRICE_JUMP,universe_daily,NSE_EQ|INE705X01026,1d,2,"2 daily moves >25%; latest: 2022-11-04 +9436.7%, 2023-03-10 -89.9%"
WARN,PRICE_JUMP,universe_daily,NSE_EQ|INE709A01018,1d,1,1 daily moves >25%; latest: 2004-03-04 -35.3%
WARN,PRICE_JUMP,universe_daily,NSE_EQ|INE713B01026,1d,1,1 daily moves >25%; latest: 2005-06-15 +82.2%
WARN,PRICE_JUMP,universe_daily,NSE_EQ|INE715A01015,1d,2,"2 daily moves >25%; latest: 2012-03-05 +29.0%, 2014-02-13 +28.0%"
WARN,PRICE_JUMP,universe_daily,NSE_EQ|INE715Y01031,1d,5,"5 daily moves >25%; latest: 2021-04-27 -49.8%, 2022-09-22 +99.7%, 2022-12-06 -50.7%"
WARN,PRICE_JUMP,universe_daily,NSE_EQ|INE719F01016,1d,1,1 daily moves >25%; latest: 2019-10-01 -83.2%
WARN,PRICE_JUMP,universe_daily,NSE_EQ|INE721Z01010,1d,1,1 daily moves >25%; latest: 2018-09-18 -55.0%
WARN,PRICE_JUMP,universe_daily,NSE_EQ|INE725A01030,1d,1,1 daily moves >25%; latest: 2009-05-19 +30.6%
WARN,PRICE_JUMP,universe_daily,NSE_EQ|INE726G01019,1d,1,1 daily moves >25%; latest: 2020-03-25 +25.9%
WARN,PRICE_JUMP,universe_daily,NSE_EQ|INE727B01026,1d,1,1 daily moves >25%; latest: 2026-08-06 -30.3%
WARN,PRICE_JUMP,universe_daily,NSE_EQ|INE728Z01015,1d,1,1 daily moves >25%; latest: 2018-05-11 -47.2%
WARN,PRICE_JUMP,universe_daily,NSE_EQ|INE731C01018,1d,3,"3 daily moves >25%; latest: 2015-01-06 -68.7%, 2017-04-10 +36.5%, 2018-01-08 +149.1%"
WARN,PRICE_JUMP,universe_daily,NSE_EQ|INE731H01025,1d,1,1 daily moves >25%; latest: 2012-09-10 +30.8%
WARN,PRICE_JUMP,universe_daily,NSE_EQ|INE732I01021,1d,1,1 daily moves >25%; latest: 2020-10-05 -71.5%
WARN,PRICE_JUMP,universe_daily,NSE_EQ|INE737B01033,1d,1,1 daily moves >25%; latest: 2015-10-13 -30.0%
WARN,PRICE_JUMP,universe_daily,NSE_EQ|INE737W01013,1d,2,"2 daily moves >25%; latest: 2017-03-15 +893.8%, 2019-02-21 -30.0%"
WARN,PRICE_JUMP,universe_daily,NSE_EQ|INE742C01031,1d,2,"2 daily moves >25%; latest: 2004-09-23 +75.6%, 2006-12-22 +82.7%"
WARN,PRICE_JUMP,universe_daily,NSE_EQ|INE748Z01013,1d,1,1 daily moves >25%; latest: 2019-07-17 -55.2%
WARN,PRICE_JUMP,universe_daily,NSE_EQ|INE749A01030,1d,6,"6 daily moves >25%; latest: 2008-01-21 -26.8%, 2015-02-19 +25.7%, 2020-04-07 +28.9%"
WARN,PRICE_JUMP,universe_daily,NSE_EQ|INE749B01020,1d,3,"3 daily moves >25%; latest: 2016-03-09 -29.4%, 2016-05-10 -35.7%, 2021-03-30 +6400.0%"
WARN,PRICE_JUMP,universe_daily,NSE_EQ|INE750C01026,1d,1,1 daily moves >25%; latest: 2003-05-28 -55.8%
WARN,PRICE_JUMP,universe_daily,NSE_EQ|INE750M01017,1d,1,1 daily moves >25%; latest: 2019-02-21 -26.7%
WARN,PRICE_JUMP,universe_daily,NSE_EQ|INE754A01055,1d,1,1 daily moves >25%; latest: 2020-08-18 +37.3%
WARN,PRICE_JUMP,universe_daily,NSE_EQ|INE759A01021,1d,4,"4 daily moves >25%; latest: 2003-07-15 -34.9%, 2015-01-01 +195.0%, 2015-06-12 -66.0%"
WARN,PRICE_JUMP,universe_daily,NSE_EQ|INE760A01029,1d,1,1 daily moves >25%; latest: 2008-08-22 -89.7%
WARN,PRICE_JUMP,universe_daily,NSE_EQ|INE771A01026,1d,1,1 daily moves >25%; latest: 2023-03-29 -76.6%
WARN,PRICE_JUMP,universe_daily,NSE_EQ|INE771F01041,1d,1,1 daily moves >25%; latest: 2025-07-11 -89.1%
WARN,PRICE_JUMP,universe_daily,NSE_EQ|INE774D01024,1d,1,1 daily moves >25%; latest: 2020-03-23 -28.7%
WARN,PRICE_JUMP,universe_daily,NSE_EQ|INE778K01012,1d,1,1 daily moves >25%; latest: 2015-01-01 -27.9%
WARN,PRICE_JUMP,universe_daily,NSE_EQ|INE780C01023,1d,1,1 daily moves >25%; latest: 2006-10-10 +22035.7%
WARN,PRICE_JUMP,universe_daily,NSE_EQ|INE785M01021,1d,4,"4 daily moves >25%; latest: 2018-05-07 +37.6%, 2018-07-16 -25.6%, 2018-11-02 +27.1%"
WARN,PRICE_JUMP,universe_daily,NSE_EQ|INE786A01032,1d,1,1 daily moves >25%; latest: 2006-06-19 +828.3%
WARN,PRICE_JUMP,universe_daily,NSE_EQ|INE791A01024,1d,1,1 daily moves >25%; latest: 2015-01-01 -61.9%
WARN,PRICE_JUMP,universe_daily,NSE_EQ|INE791I01019,1d,2,"2 daily moves >25%; latest: 2008-01-25 +33.6%, 2008-11-03 +25.6%"
WARN,PRICE_JUMP,universe_daily,NSE_EQ|INE792B01012,1d,1,1 daily moves >25%; latest: 2010-03-10 +32.7%
WARN,PRICE_JUMP,universe_daily,NSE_EQ|INE792Z01011,1d,1,1 daily moves >25%; latest: 2019-07-09 -27.0%
WARN,PRICE_JUMP,universe_daily,NSE_EQ|INE794A01010,1d,1,1 daily moves >25%; latest: 2008-10-13 +137.6%
WARN,PRICE_JUMP,universe_daily,NSE_EQ|INE794B01026,1d,1,1 daily moves >25%; latest: 2009-03-16 +26.1%
WARN,PRICE_JUMP,universe_daily,NSE_EQ|INE796G01012,1d,1,1 daily moves >25%; latest: 2016-05-12 -47.1%
WARN,PRICE_JUMP,universe_daily,NSE_EQ|INE800H01010,1d,2,"2 daily moves >25%; latest: 2008-01-22 -29.6%, 2008-01-23 +40.0%"
WARN,PRICE_JUMP,universe_daily,NSE_EQ|INE804L01022,1d,1,1 daily moves >25%; latest: 2021-12-23 -49.8%
WARN,PRICE_JUMP,universe_daily,NSE_EQ|INE809A01032,1d,1,1 daily moves >25%; latest: 2022-08-05 +335.6%
WARN,PRICE_JUMP,universe_daily,NSE_EQ|INE813A01018,1d,1,1 daily moves >25%; latest: 2008-01-23 +25.3%
WARN,PRICE_JUMP,universe_daily,NSE_EQ|INE813V01022,1d,4,"4 daily moves >25%; latest: 2019-02-21 +104.0%, 2019-05-02 -47.6%, 2019-05-06 +103.2%"
WARN,PRICE_JUMP,universe_daily,NSE_EQ|INE814H01029,1d,1,1 daily moves >25%; latest: 2020-03-12 -26.7%
WARN,PRICE_JUMP,universe_daily,NSE_EQ|INE819L01012,1d,1,1 daily moves >25%; latest: 2011-08-10 +284.2%
WARN,PRICE_JUMP,universe_daily,NSE_EQ|INE820Y01021,1d,4,"4 daily moves >25%; latest: 2021-05-07 -98.9%, 2021-05-20 +416.7%, 2021-07-20 -80.5%"
WARN,PRICE_JUMP,universe_daily,NSE_EQ|INE835A01029,1d,2,"2 daily moves >25%; latest: 2019-11-06 -25.0%, 2019-11-07 +33.3%"
WARN,PRICE_JUMP,universe_daily,NSE_EQ|INE836F01026,1d,2,"2 daily moves >25%; latest: 2019-01-25 -33.2%, 2019-11-01 +29.6%"
WARN,PRICE_JUMP,universe_daily,NSE_EQ|INE842C01021,1d,2,"2 daily moves >25%; latest: 2015-01-01 -79.0%, 2015-01-05 -47.5%"
WARN,PRICE_JUMP,universe_daily,NSE_EQ|INE843B01013,1d,1,1 daily moves >25%; latest: 2026-03-20 -55.5%
WARN,PRICE_JUMP,universe_daily,NSE_EQ|INE843D01027,1d,1,1 daily moves >25%; latest: 2025-12-26 -68.3%
WARN,PRICE_JUMP,universe_daily,NSE_EQ|INE847C01020,1d,1,1 daily moves >25%; latest: 2024-09-20 -72.5%
WARN,PRICE_JUMP,universe_daily,NSE_EQ|INE854B01010,1d,3,"3 daily moves >25%; latest: 2003-03-31 +51.8%, 2004-06-23 -40.0%, 2019-02-21 -40.5%"
WARN,PRICE_JUMP,universe_daily,NSE_EQ|INE854D01024,1d,1,1 daily moves >25%; latest: 2012-11-12 +34.7%
WARN,PRICE_JUMP,universe_daily,NSE_EQ|INE855C01023,1d,1,1 daily moves >25%; latest: 2015-01-01 -80.8%
WARN,PRICE_JUMP,universe_daily,NSE_EQ|INE862Y01015,1d,3,"3 daily moves >25%; latest: 2019-02-26 -46.5%, 2020-09-03 +162.5%, 2020-09-09 -58.2%"
WARN,PRICE_JUMP,universe_daily,NSE_EQ|INE863I01016,1d,1,1 daily moves >25%; latest: 2015-01-01 -74.5%
WARN,PRICE_JUMP,universe_daily,NSE_EQ|INE865C01022,1d,1,1 daily moves >25%; latest: 2019-02-21 -27.3%
WARN,PRICE_JUMP,universe_daily,NSE_EQ|INE868B01028,1d,1,1 daily moves >25%; latest: 2003-10-14 +144.5%
WARN,PRICE_JUMP,universe_daily,NSE_EQ|INE869Y01028,1d,3,"3 daily moves >25%; latest: 2018-08-13 +4533.3%, 2018-08-29 -49.6%, 2019-02-21 +32.9%"
WARN,PRICE_JUMP,universe_daily,NSE_EQ|INE874F01027,1d,1,1 daily moves >25%; latest: 2004-06-23 -43.7%
WARN,PRICE_JUMP,universe_daily,NSE_EQ|INE879I01012,1d,1,1 daily moves >25%; latest: 2019-02-21 -36.0%
WARN,PRICE_JUMP,universe_daily,NSE_EQ|INE881D01027,1d,9,"9 daily moves >25%; latest: 2008-12-16 +29.3%, 2009-01-27 +35.6%, 2024-01-18 +30.1%"
WARN,PRICE_JUMP,universe_daily,NSE_EQ|INE884A01027,1d,1,1 daily moves >25%; latest: 2015-01-01 +2466.0%
WARN,PRICE_JUMP,universe_daily,NSE_EQ|INE885F01015,1d,2,"2 daily moves >25%; latest: 2019-02-22 -42.8%, 2024-10-28 +46.9%"
WARN,PRICE_JUMP,universe_daily,NSE_EQ|INE886A01014,1d,1,1 daily moves >25%; latest: 2011-10-10 +27.8%
WARN,PRICE_JUMP,universe_daily,NSE_EQ|INE887G01027,1d,1,1 daily moves >25%; latest: 2015-01-01 -45.4%
WARN,PRICE_JUMP,universe_daily,NSE_EQ|INE891B01012,1d,2,"2 daily moves >25%; latest: 2018-04-26 -42.7%, 2018-12-03 -28.9%"
WARN,PRICE_JUMP,universe_daily,NSE_EQ|INE898S01029,1d,1,1 daily moves >25%; latest: 2020-12-23 -98.8%
WARN,PRICE_JUMP,universe_daily,NSE_EQ|INE899L01030,1d,3,"3 daily moves >25%; latest: 2024-05-27 +267.5%, 2025-06-02 -37.5%, 2025-10-13 -65.0%"
WARN,PRICE_JUMP,universe_daily,NSE_EQ|INE907A01026,1d,1,1 daily moves >25%; latest: 2008-10-28 +27.9%
WARN,PRICE_JUMP,universe_daily,NSE_EQ|INE908V01012,1d,1,1 daily moves >25%; latest: 2018-09-21 -30.1%
WARN,PRICE_JUMP,universe_daily,NSE_EQ|INE910C01018,1d,1,1 daily moves >25%; latest: 2015-12-02 +25.7%
WARN,PRICE_JUMP,universe_daily,NSE_EQ|INE918I01026,1d,1,1 daily moves >25%; latest: 2020-03-23 -25.9%
WARN,PRICE_JUMP,universe_daily,NSE_EQ|INE923A01015,1d,1,1 daily moves >25%; latest: 2006-06-12 -60.6%
WARN,PRICE_JUMP,universe_daily,NSE_EQ|INE924H01018,1d,1,1 daily moves >25%; latest: 2015-01-01 -39.3%
WARN,PRICE_JUMP,universe_daily,NSE_EQ|INE932C01012,1d,2,"2 daily moves >25%; latest: 2004-01-06 +47.1%, 2006-02-13 -26.2%"
WARN,PRICE_JUMP,universe_daily,NSE_EQ|INE933B01012,1d,1,1 daily moves >25%; latest: 2019-02-21 -33.7%
WARN,PRICE_JUMP,universe_daily,NSE_EQ|INE933X01016,1d,9,"9 daily moves >25%; latest: 2018-11-28 -91.6%, 2018-11-30 +1018.6%, 2019-02-25 -92.0%"
WARN,PRICE_JUMP,universe_daily,NSE_EQ|INE935A01035,1d,1,1 daily moves >25%; latest: 2020-06-22 +27.0%
WARN,PRICE_JUMP,universe_daily,NSE_EQ|INE937A01023,1d,1,1 daily moves >25%; latest: 2015-01-01 -59.2%
WARN,PRICE_JUMP,universe_daily,NSE_EQ|INE937C01029,1d,1,1 daily moves >25%; latest: 2018-06-14 +408.1%
WARN,PRICE_JUMP,universe_daily,NSE_EQ|INE938A01021,1d,6,"6 daily moves >25%; latest: 2017-06-29 -25.0%, 2017-06-30 +33.3%, 2021-03-31 +2080.0%"
WARN,PRICE_JUMP,universe_daily,NSE_EQ|INE939A01011,1d,2,"2 daily moves >25%; latest: 2003-08-19 +32.4%, 2024-12-06 -54.0%"
WARN,PRICE_JUMP,universe_daily,NSE_EQ|INE940H01022,1d,2,"2 daily moves >25%; latest: 2014-06-02 -29.1%, 2026-08-17 -52.0%"
WARN,PRICE_JUMP,universe_daily,NSE_EQ|INE944F01028,1d,1,1 daily moves >25%; latest: 2003-06-24 +31.3%
WARN,PRICE_JUMP,universe_daily,NSE_EQ|INE947A01014,1d,1,1 daily moves >25%; latest: 2005-09-29 +726.3%
WARN,PRICE_JUMP,universe_daily,NSE_EQ|INE954E01012,1d,2,"2 daily moves >25%; latest: 2015-01-01 +35.8%, 2016-03-30 -28.2%"
WARN,PRICE_JUMP,universe_daily,NSE_EQ|INE955I01044,1d,4,"4 daily moves >25%; latest: 2018-01-19 +33.4%, 2018-01-25 -25.0%, 2021-12-13 -98.6%"
WARN,PRICE_JUMP,universe_daily,NSE_EQ|INE959A01019,1d,51,"51 daily moves >25%; latest: 2020-07-24 -33.3%, 2020-08-07 +50.0%, 2020-08-21 +368800.0%"
WARN,PRICE_JUMP,universe_daily,NSE_EQ|INE961O01016,1d,1,1 daily moves >25%; latest: 2022-05-10 +59926.7%
WARN,PRICE_JUMP,universe_daily,NSE_EQ|INE966H01019,1d,1,1 daily moves >25%; latest: 2010-04-15 +27.8%
WARN,PRICE_JUMP,universe_daily,NSE_EQ|INE967C01018,1d,1,1 daily moves >25%; latest: 2004-10-11 +33.0%
WARN,PRICE_JUMP,universe_daily,NSE_EQ|INE970N01027,1d,10,"10 daily moves >25%; latest: 2017-12-11 +50.0%, 2017-12-26 +33.3%, 2019-02-21 +200.0%"
WARN,PRICE_JUMP,universe_daily,NSE_EQ|INE972X01022,1d,2,"2 daily moves >25%; latest: 2017-08-22 -96.6%, 2019-10-29 -38.7%"
WARN,PRICE_JUMP,universe_daily,NSE_EQ|INE980Y01015,1d,1,1 daily moves >25%; latest: 2019-04-04 -46.3%
WARN,PRICE_JUMP,universe_daily,NSE_EQ|INE985W01018,1d,2,"2 daily moves >25%; latest: 2019-02-21 +25.9%, 2019-06-25 -47.5%"
WARN,PRICE_JUMP,universe_daily,NSE_EQ|INE993A01026,1d,1,1 daily moves >25%; latest: 2005-06-24 +2320.8%
WARN,PRICE_JUMP,universe_daily,NSE_EQ|INE995D01025,1d,2,"2 daily moves >25%; latest: 2019-11-20 +99.9%, 2025-05-09 -37.6%"
WARN,PRICE_JUMP,universe_daily,NSE_EQ|INE997Y01027,1d,2,"2 daily moves >25%; latest: 2019-02-22 +167.1%, 2019-06-20 -40.3%"
WARN,PRICE_JUMP,universe_daily,NSE_EQ|INE998H01012,1d,3,"3 daily moves >25%; latest: 2015-01-01 -74.4%, 2016-01-11 +28.7%, 2016-07-11 +97.7%"
WARN,PRICE_JUMP,universe_daily,NSE_EQ|INF082J01408,1d,1,1 daily moves >25%; latest: 2015-01-01 -97.5%
WARN,PRICE_JUMP,universe_daily,NSE_EQ|INF082J01499,1d,1,1 daily moves >25%; latest: 2015-01-01 +40.3%
WARN,PRICE_JUMP,universe_daily,NSE_EQ|INF109KC10W0,1d,7,"7 daily moves >25%; latest: 2016-12-08 -77.7%, 2016-12-12 +351.5%, 2016-12-13 -78.3%"
WARN,PRICE_JUMP,universe_daily,NSE_EQ|INF109KC17C7,1d,1,1 daily moves >25%; latest: 2022-08-12 -89.9%
WARN,PRICE_JUMP,universe_daily,NSE_EQ|INF109KC1KT9,1d,1,1 daily moves >25%; latest: 2018-09-26 +8990.9%
WARN,PRICE_JUMP,universe_daily,NSE_EQ|INF174K014P6,1d,2,"2 daily moves >25%; latest: 2015-01-01 +34.0%, 2017-07-27 -90.0%"
WARN,PRICE_JUMP,universe_daily,NSE_EQ|INF174KA1HJ8,1d,1,1 daily moves >25%; latest: 2015-01-01 -87.8%
WARN,PRICE_JUMP,universe_daily,NSE_EQ|INF174KA1JF2,1d,11,"11 daily moves >25%; latest: 2016-05-30 +197.2%, 2016-06-06 -66.4%, 2022-08-16 +1019.4%"
WARN,PRICE_JUMP,universe_daily,NSE_EQ|INF174KA1LV5,1d,2,"2 daily moves >25%; latest: 2019-06-25 +58.6%, 2023-02-01 +3131.0%"
WARN,PRICE_JUMP,universe_daily,NSE_EQ|INF179KC1981,1d,1,1 daily moves >25%; latest: 2015-01-01 -98.8%
WARN,PRICE_JUMP,universe_daily,NSE_EQ|INF179KC1DK8,1d,1,1 daily moves >25%; latest: 2022-09-29 -92.9%
WARN,PRICE_JUMP,universe_daily,NSE_EQ|INF200KA16D8,1d,1,1 daily moves >25%; latest: 2015-01-01 -98.8%
WARN,PRICE_JUMP,universe_daily,NSE_EQ|INF200KA1JT1,1d,1,1 daily moves >25%; latest: 2016-09-08 +27.0%
WARN,PRICE_JUMP,universe_daily,NSE_EQ|INF204KB16I7,1d,1,1 daily moves >25%; latest: 2015-01-01 -89.6%
WARN,PRICE_JUMP,universe_daily,NSE_EQ|INF204KC1030,1d,1,1 daily moves >25%; latest: 2021-04-08 +377.0%
WARN,PRICE_JUMP,universe_daily,NSE_EQ|INF209KB16D7,1d,1,1 daily moves >25%; latest: 2020-03-13 +25.5%
WARN,PRICE_JUMP,universe_daily,NSE_EQ|INF209KB18T9,1d,1,1 daily moves >25%; latest: 2023-03-16 +25874.3%
WARN,PRICE_JUMP,universe_daily,NSE_EQ|INF247L01BL0,1d,1,1 daily moves >25%; latest: 2022-03-30 +601.6%
WARN,PRICE_JUMP,universe_daily,NSE_EQ|INF346A01034,1d,1,1 daily moves >25%; latest: 2015-09-14 +28.3%
WARN,PRICE_JUMP,universe_daily,NSE_EQ|INF732E01045,1d,1,1 daily moves >25%; latest: 2015-01-01 +54.8%
WARN,PRICE_JUMP,universe_daily,NSE_EQ|INF732E01128,1d,1,1 daily moves >25%; latest: 2015-01-01 +29.8%
WARN,PRICE_JUMP,universe_daily,NSE_EQ|INF767K01OS7,1d,1,1 daily moves >25%; latest: 2016-04-27 +25.5%
WARN,PRICE_JUMP,universe_daily,NSE_EQ|INF767K01OT5,1d,1,1 daily moves >25%; latest: 2017-02-15 +28.8%
WARN,PRICE_JUMP,universe_daily,NSE_EQ|INF767K01PC8,1d,1,1 daily moves >25%; latest: 2017-01-20 +48.1%
WARN,PRICE_JUMP,universe_daily,NSE_EQ|INF769K01JP9,1d,2,"2 daily moves >25%; latest: 2015-12-31 +1109.8%, 2023-02-24 +350.6%"
WARN,PRICE_JUMP,universe_daily,NSE_EQ|INF789F1AUX7,1d,1,1 daily moves >25%; latest: 2015-01-01 -98.8%
WARN,PRICE_JUMP,universe_daily,NSE_EQ|INF846K01W80,1d,1,1 daily moves >25%; latest: 2015-01-01 -98.8%
WARN,PRICE_JUMP,indices_daily,NSE_INDEX|NIFTY AlphaLowVol,1d,4,"4 daily moves >25%; latest: 2015-11-10 +208.6%, 2015-11-16 -25.2%, 2015-11-23 +34.6%"
WARN,PRICE_JUMP,indices_daily,NSE_INDEX|NIFTY MIDSML 400,1d,2,"2 daily moves >25%; latest: 2015-11-16 -56.4%, 2015-11-23 +132.9%"
WARN,PRICE_JUMP,indices_daily,NSE_INDEX|NIFTY100 EQL Wgt,1d,6,"6 daily moves >25%; latest: 2018-03-28 +1350.3%, 2018-04-04 -87.4%, 2018-04-05 +699.3%"
WARN,PRICE_JUMP,indices_daily,NSE_INDEX|NIFTY100 LowVol30,1d,6,"6 daily moves >25%; latest: 2015-11-23 +103.0%, 2018-04-16 -39.8%, 2018-12-03 +74.2%"
WARN,PRICE_JUMP,indices_daily,NSE_INDEX|NIFTY100 Qualty30,1d,4,"4 daily moves >25%; latest: 2015-11-10 -82.9%, 2015-11-16 +56.3%, 2015-11-23 -33.9%"
WARN,PRICE_JUMP,indices_daily,NSE_INDEX|NIFTY200 QUALTY30,1d,2,"2 daily moves >25%; latest: 2015-11-23 -55.2%, 2015-11-24 +97.2%"
WARN,PRICE_JUMP,indices_daily,NSE_INDEX|Nifty Commodities,1d,1,1 daily moves >25%; latest: 2015-11-10 +46.7%
WARN,PRICE_JUMP,indices_daily,NSE_INDEX|Nifty GS 10Yr,1d,2,"2 daily moves >25%; latest: 2015-11-16 -66.7%, 2015-12-01 +202.9%"
WARN,PRICE_JUMP,indices_daily,NSE_INDEX|Nifty GS 15YrPlus,1d,2,"2 daily moves >25%; latest: 2015-11-16 +377.7%, 2018-01-01 -88.9%"
WARN,PRICE_JUMP,indices_daily,NSE_INDEX|Nifty GS 4 8Yr,1d,1,1 daily moves >25%; latest: 2018-12-03 -49.5%
WARN,PRICE_JUMP,indices_daily,NSE_INDEX|Nifty GS Compsite,1d,2,"2 daily moves >25%; latest: 2015-11-16 +4116.4%, 2024-01-29 -86.6%"
WARN,PRICE_JUMP,indices_daily,NSE_INDEX|Nifty GrowSect 15,1d,2,"2 daily moves >25%; latest: 2015-11-09 -31.9%, 2018-12-03 +26.5%"
WARN,PRICE_JUMP,indices_daily,NSE_INDEX|Nifty IT,1d,1,1 daily moves >25%; latest: 2004-05-28 -90.5%
WARN,PRICE_JUMP,indices_daily,NSE_INDEX|Nifty Metal,1d,1,1 daily moves >25%; latest: 2006-11-21 +31.6%
WARN,PRICE_JUMP,indices_daily,NSE_INDEX|Nifty Mid Liq 15,1d,2,"2 daily moves >25%; latest: 2015-11-09 +593.4%, 2018-12-03 -85.7%"
WARN,PRICE_JUMP,indices_daily,NSE_INDEX|Nifty PSU Bank,1d,1,1 daily moves >25%; latest: 2017-10-25 +29.6%
WARN,PRICE_JUMP,indices_daily,NSE_INDEX|Nifty50 Div Point,1d,90,"90 daily moves >25%; latest: 2026-05-22 +45.9%, 2026-05-25 +26.9%, 2026-06-19 +72.9%"
WARN,PRICE_JUMP,indices_daily,NSE_INDEX|Nifty50 PR 2x Lev,1d,2,"2 daily moves >25%; latest: 2009-05-18 +35.5%, 2020-03-23 -26.0%"
WARN,PRICE_JUMP,indices_daily,NSE_INDEX|Nifty50 TR 2x Lev,1d,2,"2 daily moves >25%; latest: 2009-05-18 +35.5%, 2020-03-23 -25.9%"
WARN,ROLLUP_MISMATCH,universe_daily,NSE_EQ|INE00LM01029,1w,2,"2/454 periods differ (2016-01-18/2016-01-24, 2016-02-01/2016-02-07); worst 2016-01-18/2016-01-24: 1w high 550.00 vs daily-derived 537.50 (+2.33%)"
WARN,ROLLUP_MISMATCH,universe_daily,NSE_EQ|INE00LM01029,1mo,1,1/114 periods differ (2016-01); worst 2016-01: 1mo high 550.00 vs daily-derived 537.50 (+2.33%)
WARN,ROLLUP_MISMATCH,universe_daily,NSE_EQ|INE00PV01013,1w,2,"2/402 periods differ (2018-10-15/2018-10-21, 2018-11-19/2018-11-25); worst 2018-11-19/2018-11-25: 1w high 1020.00 vs daily-derived 144.50 (+605.88%)"
WARN,ROLLUP_MISMATCH,universe_daily,NSE_EQ|INE00PV01013,1mo,2,"2/95 periods differ (2018-10, 2018-11); worst 2018-10: 1mo high 1020.00 vs daily-derived 145.00 (+603.45%)"
WARN,ROLLUP_MISMATCH,universe_daily,NSE_EQ|INE01EE01011,1w,1,1/413 periods differ (2016-04-25/2016-05-01); worst 2016-04-25/2016-05-01: 1w high 1275.00 vs daily-derived 1050.00 (+21.43%)
WARN,ROLLUP_MISMATCH,universe_daily,NSE_EQ|INE01EE01011,1mo,1,1/106 periods differ (2016-04); worst 2016-04: 1mo high 1275.00 vs daily-derived 1050.00 (+21.43%)
WARN,ROLLUP_MISMATCH,universe_daily,NSE_EQ|INE040H01021,1w,1,1/1094 periods differ (2015-12-28/2016-01-03); worst 2015-12-28/2016-01-03: 1w low 18.70 vs daily-derived 18.75 (-0.27%)
WARN,ROLLUP_MISMATCH,universe_daily,NSE_EQ|INE040H01021,1mo,1,1/252 periods differ (2015-12); worst 2015-12: 1mo low 18.70 vs daily-derived 18.75 (-0.27%)
WARN,ROLLUP_MISMATCH,universe_daily,NSE_EQ|INE082W01014,1w,32,"32/1192 periods differ (2017-08-14/2017-08-20, 2017-09-11/2017-09-17, 2017-09-18/2017-09-24); worst 2017-10-16/2017-10-22: 1w high 56.15 vs daily-derived 12.15 (+362.14%)"
WARN,ROLLUP_MISMATCH,universe_daily,NSE_EQ|INE082W01014,1mo,7,"7/281 periods differ (2017-09, 2017-10, 2017-12); worst 2018-02: 1mo high 52.90 vs daily-derived 49.30 (+7.30%)"
WARN,ROLLUP_MISMATCH,universe_daily,NSE_EQ|INE2FMX01012,1mo,1,1/3 periods differ (2026-08); worst 2026-08: 1mo high 46.04 vs daily-derived 92.09 (-50.01%)
WARN,ROLLUP_MISMATCH,universe_daily,NSE_EQ|INE358U01012,1w,3,"3/1157 periods differ (2017-05-15/2017-05-21, 2017-05-22/2017-05-28, 2017-05-29/2017-06-04); worst 2017-05-15/2017-05-21: 1w high 303.00 vs daily-derived 132.45 (+128.77%)"
WARN,ROLLUP_MISMATCH,universe_daily,NSE_EQ|INE451D01029,1w,10,"10/383 periods differ (2016-01-11/2016-01-17, 2016-02-01/2016-02-07, 2016-02-29/2016-03-06); worst 2016-01-11/2016-01-17: 1w low 1610.00 vs daily-derived 1801.00 (-10.61%)"
WARN,ROLLUP_MISMATCH,universe_daily,NSE_EQ|INE451D01029,1mo,7,"7/91 periods differ (2016-01, 2016-02, 2016-03); worst 2016-01: 1mo low 1610.00 vs daily-derived 1799.99 (-10.56%)"
WARN,ROLLUP_MISMATCH,universe_daily,NSE_EQ|INE505Y01010,1w,11,"11/1076 periods differ (2016-06-13/2016-06-19, 2016-06-27/2016-07-03, 2016-08-29/2016-09-04); worst 2018-04-30/2018-05-06: 1w low 9.00 vs daily-derived 1944.00 (-99.54%)"
WARN,ROLLUP_MISMATCH,universe_daily,NSE_EQ|INE505Y01010,1mo,8,"8/254 periods differ (2016-08, 2016-09, 2016-11); worst 2018-04: 1mo low 9.00 vs daily-derived 1728.05 (-99.48%)"
WARN,ROLLUP_MISMATCH,universe_daily,NSE_EQ|INE524T01011,1w,1,1/21 periods differ (2026-08-24/2026-08-30); worst 2026-08-24/2026-08-30: 1w low 4250.00 vs daily-derived 4352.10 (-2.35%)
WARN,ROLLUP_MISMATCH,universe_daily,NSE_EQ|INE542Z01028,1w,4,"4/465 periods differ (2016-03-28/2016-04-03, 2016-05-30/2016-06-05, 2016-08-01/2016-08-07); worst 2016-03-28/2016-04-03: 1w high 504.05 vs daily-derived 334.00 (+50.91%)"
WARN,ROLLUP_MISMATCH,universe_daily,NSE_EQ|INE542Z01028,1mo,2,"2/117 periods differ (2016-03, 2016-10); worst 2016-03: 1mo high 504.05 vs daily-derived 399.70 (+26.11%)"
WARN,ROLLUP_MISMATCH,universe_daily,NSE_EQ|INE600L01024,1w,1,1/563 periods differ (2015-12-28/2016-01-03); worst 2015-12-28/2016-01-03: 1w low 392.50 vs daily-derived 393.60 (-0.28%)
WARN,ROLLUP_MISMATCH,universe_daily,NSE_EQ|INE683A01023,1w,7,"7/1236 periods differ (2017-02-13/2017-02-19, 2017-02-20/2017-02-26, 2017-03-06/2017-03-12); worst 2017-02-13/2017-02-19: 1w low 18.10 vs daily-derived 20.55 (-11.92%)"
WARN,ROLLUP_MISMATCH,universe_daily,NSE_EQ|INE683A01023,1mo,3,"3/285 periods differ (2017-02, 2017-03, 2017-05); worst 2017-05: 1mo low 22.25 vs daily-derived 22.75 (-2.20%)"
WARN,ROLLUP_MISMATCH,universe_daily,NSE_EQ|INE697V01011,1w,1,1/363 periods differ (2017-12-25/2017-12-31); worst 2017-12-25/2017-12-31: 1w low 9.65 vs daily-derived 16.25 (-40.62%)
WARN,ROLLUP_MISMATCH,universe_daily,NSE_EQ|INE697V01011,1mo,1,1/106 periods differ (2017-12); worst 2017-12: 1mo low 9.65 vs daily-derived 16.25 (-40.62%)
WARN,ROLLUP_MISMATCH,universe_daily,NSE_EQ|INE869Y01028,1w,1,1/378 periods differ (2018-11-12/2018-11-18); worst 2018-11-12/2018-11-18: 1w low 0.15 vs daily-derived 3.45 (-95.65%)
WARN,ROLLUP_MISMATCH,universe_daily,NSE_EQ|INE869Y01028,1mo,1,1/97 periods differ (2018-11); worst 2018-11: 1mo low 0.15 vs daily-derived 3.45 (-95.65%)
WARN,ROLLUP_MISMATCH,universe_daily,NSE_EQ|INE933X01016,1w,1,1/439 periods differ (2018-10-29/2018-11-04); worst 2018-10-29/2018-11-04: 1w high 285.00 vs daily-derived 283.00 (+0.71%)
WARN,ROLLUP_MISMATCH,universe_daily,NSE_EQ|INE933X01016,1mo,1,1/112 periods differ (2018-11); worst 2018-11: 1mo high 285.00 vs daily-derived 284.50 (+0.18%)
WARN,ROLLUP_MISMATCH,universe_daily,NSE_EQ|INE940H01022,1mo,1,1/236 periods differ (2026-08); worst 2026-08: 1mo high 1269.80 vs daily-derived 2539.60 (-50.00%)
WARN,ROLLUP_MISMATCH,universe_daily,NSE_EQ|INE955I01044,1w,18,"18/446 periods differ (2016-01-11/2016-01-17, 2016-07-18/2016-07-24, 2016-08-08/2016-08-14); worst 2017-11-20/2017-11-26: 1w high 1312.00 vs daily-derived 1050.00 (+24.95%)"
WARN,ROLLUP_MISMATCH,universe_daily,NSE_EQ|INE955I01044,1mo,8,"8/107 periods differ (2016-09, 2016-10, 2016-12); worst 2016-10: 1mo high 1300.00 vs daily-derived 1097.80 (+18.42%)"
WARN,ROLLUP_MISMATCH,universe_daily,NSE_EQ|INF109K1A476,1w,1,1/15 periods differ (2026-08-24/2026-08-30); worst 2026-08-24/2026-08-30: 1w high 18.74 vs daily-derived 18.68 (+0.32%)
WARN,ROLLUP_MISMATCH,universe_daily,NSE_EQ|INF109KC10W0,1w,35,"35/614 periods differ (2016-07-11/2016-07-17, 2016-07-18/2016-07-24, 2016-07-25/2016-07-31); worst 2017-01-02/2017-01-08: 1w high 26.20 vs daily-derived 5.30 (+394.34%)"
WARN,ROLLUP_MISMATCH,universe_daily,NSE_EQ|INF109KC10W0,1mo,9,"9/141 periods differ (2016-07, 2016-08, 2016-09); worst 2017-01: 1mo high 26.44 vs daily-derived 5.59 (+372.99%)"
WARN,ROLLUP_MISMATCH,universe_daily,NSE_EQ|INF109KC11V0,1w,1,1/529 periods differ (2026-08-24/2026-08-30); worst 2026-08-24/2026-08-30: 1w high 13.74 vs daily-derived 13.69 (+0.37%)
WARN,ROLLUP_MISMATCH,universe_daily,NSE_EQ|INF109KC11W8,1w,1,1/349 periods differ (2026-08-24/2026-08-30); worst 2026-08-24/2026-08-30: 1w high 24.65 vs daily-derived 24.48 (+0.69%)
WARN,ROLLUP_MISMATCH,universe_daily,NSE_EQ|INF109KC16E5,1w,1,1/215 periods differ (2026-08-24/2026-08-30); worst 2026-08-24/2026-08-30: 1w high 97.99 vs daily-derived 97.06 (+0.96%)
WARN,ROLLUP_MISMATCH,universe_daily,NSE_EQ|INF109KC1Q72,1w,1,1/280 periods differ (2026-08-24/2026-08-30); worst 2026-08-24/2026-08-30: 1w low 167.61 vs daily-derived 167.82 (-0.13%)
WARN,ROLLUP_MISMATCH,universe_daily,NSE_EQ|INF174K014P6,1w,1,1/661 periods differ (2026-08-24/2026-08-30); worst 2026-08-24/2026-08-30: 1w high 276.70 vs daily-derived 275.64 (+0.38%)
WARN,ROLLUP_MISMATCH,universe_daily,NSE_EQ|INF174KA1A86,1w,1,1/778 periods differ (2026-08-24/2026-08-30); worst 2026-08-24/2026-08-30: 1w high 87.90 vs daily-derived 87.77 (+0.15%)
WARN,ROLLUP_MISMATCH,universe_daily,NSE_EQ|INF174KA1GC5,1w,1,1/292 periods differ (2026-08-24/2026-08-30); worst 2026-08-24/2026-08-30: 1w low 32.88 vs daily-derived 33.55 (-2.00%)
WARN,ROLLUP_MISMATCH,universe_daily,NSE_EQ|INF174KA1GC5,1mo,1,1/67 periods differ (2026-08); worst 2026-08: 1mo low 32.88 vs daily-derived 33.15 (-0.81%)
WARN,ROLLUP_MISMATCH,universe_daily,NSE_EQ|INF174KA1JF2,1w,17,"17/240 periods differ (2016-01-04/2016-01-10, 2016-01-11/2016-01-17, 2016-01-18/2016-01-24); worst 2016-01-11/2016-01-17: 1w high 12.15 vs daily-derived 2.95 (+311.86%)"
WARN,ROLLUP_MISMATCH,universe_daily,NSE_EQ|INF174KA1JF2,1mo,4,"4/56 periods differ (2016-01, 2016-02, 2016-03); worst 2016-06: 1mo high 5.60 vs daily-derived 1.90 (+194.74%)"
WARN,ROLLUP_MISMATCH,universe_daily,NSE_EQ|INF174KA1UW4,1w,1,1/83 periods differ (2026-08-24/2026-08-30); worst 2026-08-24/2026-08-30: 1w high 36.24 vs daily-derived 36.08 (+0.44%)
WARN,ROLLUP_MISMATCH,universe_daily,NSE_EQ|INF174KA1VD2,1w,1,1/84 periods differ (2026-08-24/2026-08-30); worst 2026-08-24/2026-08-30: 1w low 29.79 vs daily-derived 29.90 (-0.37%)
WARN,ROLLUP_MISMATCH,universe_daily,NSE_EQ|INF174KA1XS6,1w,1,1/51 periods differ (2026-08-24/2026-08-30); worst 2026-08-24/2026-08-30: 1w low 30.90 vs daily-derived 30.94 (-0.13%)
WARN,ROLLUP_MISMATCH,universe_daily,NSE_EQ|INF174KA1ZF8,1w,1,1/218 periods differ (2026-08-24/2026-08-30); worst 2026-08-24/2026-08-30: 1w high 12.63 vs daily-derived 12.54 (+0.72%)
WARN,ROLLUP_MISMATCH,universe_daily,NSE_EQ|INF179KC1981,1w,1,1/634 periods differ (2026-08-24/2026-08-30); worst 2026-08-24/2026-08-30: 1w low 132.22 vs daily-derived 132.56 (-0.26%)
WARN,ROLLUP_MISMATCH,universe_daily,NSE_EQ|INF179KC1DJ0,1w,1,1/210 periods differ (2026-08-24/2026-08-30); worst 2026-08-24/2026-08-30: 1w low 119.63 vs daily-derived 120.29 (-0.55%)
WARN,ROLLUP_MISMATCH,universe_daily,NSE_EQ|INF179KC1DJ0,1mo,1,1/49 periods differ (2026-08); worst 2026-08: 1mo low 119.63 vs daily-derived 120.00 (-0.31%)
WARN,ROLLUP_MISMATCH,universe_daily,NSE_EQ|INF179KC1HS2,1w,1,1/217 periods differ (2026-08-24/2026-08-30); worst 2026-08-24/2026-08-30: 1w low 75.17 vs daily-derived 75.31 (-0.19%)
WARN,ROLLUP_MISMATCH,universe_daily,NSE_EQ|INF179KC1HU8,1w,1,1/207 periods differ (2026-08-24/2026-08-30); worst 2026-08-24/2026-08-30: 1w high 21.29 vs daily-derived 20.95 (+1.62%)
WARN,ROLLUP_MISMATCH,universe_daily,NSE_EQ|INF179KC1KT4,1w,1,1/10 periods differ (2026-08-24/2026-08-30); worst 2026-08-24/2026-08-30: 1w low 130.45 vs daily-derived 132.28 (-1.38%)
WARN,ROLLUP_MISMATCH,universe_daily,NSE_EQ|INF194KB1KI9,1w,1,1/43 periods differ (2026-08-24/2026-08-30); worst 2026-08-24/2026-08-30: 1w high 245.99 vs daily-derived 243.55 (+1.00%)
WARN,ROLLUP_MISMATCH,universe_daily,NSE_EQ|INF194KB1KI9,1mo,1,1/10 periods differ (2026-08); worst 2026-08: 1mo high 245.99 vs daily-derived 244.90 (+0.45%)
WARN,ROLLUP_MISMATCH,universe_daily,NSE_EQ|INF1J2R01171,1w,1,1/31 periods differ (2026-08-24/2026-08-30); worst 2026-08-24/2026-08-30: 1w high 9.45 vs daily-derived 9.36 (+0.96%)
WARN,ROLLUP_MISMATCH,universe_daily,NSE_EQ|INF1J2R01171,1mo,1,1/7 periods differ (2026-08); worst 2026-08: 1mo high 9.45 vs daily-derived 9.36 (+0.96%)
WARN,ROLLUP_MISMATCH,universe_daily,NSE_EQ|INF200KA1FS1,1w,1,1/584 periods differ (2026-08-24/2026-08-30); worst 2026-08-24/2026-08-30: 1w high 268.09 vs daily-derived 267.37 (+0.27%)
WARN,ROLLUP_MISMATCH,universe_daily,NSE_EQ|INF200KA1JT1,1w,1,1/515 periods differ (2026-08-24/2026-08-30); worst 2026-08-24/2026-08-30: 1w low 259.40 vs daily-derived 262.50 (-1.18%)
WARN,ROLLUP_MISMATCH,universe_daily,NSE_EQ|INF200KB1282,1w,1,1/115 periods differ (2026-08-24/2026-08-30); worst 2026-08-24/2026-08-30: 1w low 33.02 vs daily-derived 33.22 (-0.60%)
WARN,ROLLUP_MISMATCH,universe_daily,NSE_EQ|INF200KB1282,1mo,1,1/27 periods differ (2026-08); worst 2026-08: 1mo low 33.02 vs daily-derived 33.22 (-0.60%)
WARN,ROLLUP_MISMATCH,universe_daily,NSE_EQ|INF200KB1AJ0,1w,1,1/31 periods differ (2026-08-24/2026-08-30); worst 2026-08-24/2026-08-30: 1w low 63.82 vs daily-derived 63.92 (-0.16%)
WARN,ROLLUP_MISMATCH,universe_daily,NSE_EQ|INF200KB1AX1,1w,1,1/19 periods differ (2026-08-24/2026-08-30); worst 2026-08-24/2026-08-30: 1w high 15.08 vs daily-derived 14.95 (+0.87%)
WARN,ROLLUP_MISMATCH,universe_daily,NSE_EQ|INF204KB15I9,1w,1,1/1144 periods differ (2026-08-24/2026-08-30); worst 2026-08-24/2026-08-30: 1w low 580.00 vs daily-derived 593.01 (-2.19%)
WARN,ROLLUP_MISMATCH,universe_daily,NSE_EQ|INF204KB15I9,1mo,1,1/268 periods differ (2026-08); worst 2026-08: 1mo low 580.00 vs daily-derived 591.72 (-1.98%)
WARN,ROLLUP_MISMATCH,universe_daily,NSE_EQ|INF204KB17I5,1w,1,1/812 periods differ (2026-08-24/2026-08-30); worst 2026-08-24/2026-08-30: 1w high 133.61 vs daily-derived 133.45 (+0.12%)
WARN,ROLLUP_MISMATCH,universe_daily,NSE_EQ|INF204KB17I5,1mo,1,1/187 periods differ (2026-08); worst 2026-08: 1mo high 133.61 vs daily-derived 133.45 (+0.12%)
WARN,ROLLUP_MISMATCH,universe_daily,NSE_EQ|INF204KB1V68,1w,1,1/400 periods differ (2026-08-24/2026-08-30); worst 2026-08-24/2026-08-30: 1w high 247.15 vs daily-derived 246.30 (+0.35%)
WARN,ROLLUP_MISMATCH,universe_daily,NSE_EQ|INF204KB1V68,1mo,1,1/92 periods differ (2026-08); worst 2026-08: 1mo high 247.15 vs daily-derived 246.30 (+0.35%)
WARN,ROLLUP_MISMATCH,universe_daily,NSE_EQ|INF204KC1030,1w,1,1/315 periods differ (2026-08-24/2026-08-30); worst 2026-08-24/2026-08-30: 1w low 64.84 vs daily-derived 66.01 (-1.77%)
WARN,ROLLUP_MISMATCH,universe_daily,NSE_EQ|INF204KC1030,1mo,1,1/73 periods differ (2026-08); worst 2026-08: 1mo low 64.84 vs daily-derived 65.20 (-0.55%)
WARN,ROLLUP_MISMATCH,universe_daily,NSE_EQ|INF204KC1089,1w,1,1/274 periods differ (2026-08-24/2026-08-30); worst 2026-08-24/2026-08-30: 1w low 26.92 vs daily-derived 26.95 (-0.11%)
WARN,ROLLUP_MISMATCH,universe_daily,NSE_EQ|INF204KC1402,1w,1,1/243 periods differ (2026-08-24/2026-08-30); worst 2026-08-24/2026-08-30: 1w high 233.50 vs daily-derived 232.45 (+0.45%)
WARN,ROLLUP_MISMATCH,universe_daily,NSE_EQ|INF209KB10E8,1w,1,1/261 periods differ (2026-08-24/2026-08-30); worst 2026-08-24/2026-08-30: 1w low 76.60 vs daily-derived 76.99 (-0.51%)
WARN,ROLLUP_MISMATCH,universe_daily,NSE_EQ|INF209KB11D8,1w,1,1/257 periods differ (2026-08-24/2026-08-30); worst 2026-08-24/2026-08-30: 1w low 33.04 vs daily-derived 33.08 (-0.12%)
WARN,ROLLUP_MISMATCH,universe_daily,NSE_EQ|INF209KB14K7,1w,1,1/215 periods differ (2026-08-24/2026-08-30); worst 2026-08-24/2026-08-30: 1w low 31.16 vs daily-derived 31.29 (-0.42%)
WARN,ROLLUP_MISMATCH,universe_daily,NSE_EQ|INF209KB15K4,1w,1,1/215 periods differ (2026-08-24/2026-08-30); worst 2026-08-24/2026-08-30: 1w low 21.23 vs daily-derived 21.42 (-0.89%)
WARN,ROLLUP_MISMATCH,universe_daily,NSE_EQ|INF209KB16D7,1w,1,1/406 periods differ (2026-08-24/2026-08-30); worst 2026-08-24/2026-08-30: 1w low 77.22 vs daily-derived 77.49 (-0.35%)
WARN,ROLLUP_MISMATCH,universe_daily,NSE_EQ|INF209KB17D5,1w,1,1/362 periods differ (2026-08-24/2026-08-30); worst 2026-08-24/2026-08-30: 1w high 60.35 vs daily-derived 59.54 (+1.36%)
WARN,ROLLUP_MISMATCH,universe_daily,NSE_EQ|INF209KB17D5,1mo,1,1/84 periods differ (2026-08); worst 2026-08: 1mo low 58.30 vs daily-derived 58.51 (-0.36%)
WARN,ROLLUP_MISMATCH,universe_daily,NSE_EQ|INF209KB19F6,1w,1,1/244 periods differ (2026-08-24/2026-08-30); worst 2026-08-24/2026-08-30: 1w high 245.30 vs daily-derived 242.95 (+0.97%)
WARN,ROLLUP_MISMATCH,universe_daily,NSE_EQ|INF209KB19F6,1mo,1,1/56 periods differ (2026-08); worst 2026-08: 1mo high 245.30 vs daily-derived 244.29 (+0.41%)
WARN,ROLLUP_MISMATCH,universe_daily,NSE_EQ|INF209KC1142,1w,1,1/109 periods differ (2026-08-24/2026-08-30); worst 2026-08-24/2026-08-30: 1w low 110.58 vs daily-derived 112.05 (-1.31%)
WARN,ROLLUP_MISMATCH,universe_daily,NSE_EQ|INF209KC1662,1w,1,1/33 periods differ (2026-08-24/2026-08-30); worst 2026-08-24/2026-08-30: 1w high 30.80 vs daily-derived 30.33 (+1.55%)
WARN,ROLLUP_MISMATCH,universe_daily,NSE_EQ|INF209KC1662,1mo,1,1/8 periods differ (2026-08); worst 2026-08: 1mo high 30.80 vs daily-derived 30.70 (+0.33%)
WARN,ROLLUP_MISMATCH,universe_daily,NSE_EQ|INF247L01023,1w,1,1/614 periods differ (2026-08-24/2026-08-30); worst 2026-08-24/2026-08-30: 1w high 69.95 vs daily-derived 69.80 (+0.21%)
WARN,ROLLUP_MISMATCH,universe_daily,NSE_EQ|INF247L01AK4,1w,1,1/303 periods differ (2026-08-24/2026-08-30); worst 2026-08-24/2026-08-30: 1w high 66.00 vs daily-derived 65.75 (+0.38%)
WARN,ROLLUP_MISMATCH,universe_daily,NSE_EQ|INF247L01BB1,1w,1,1/218 periods differ (2026-08-24/2026-08-30); worst 2026-08-24/2026-08-30: 1w low 50.75 vs daily-derived 51.00 (-0.49%)
WARN,ROLLUP_MISMATCH,universe_daily,NSE_EQ|INF247L01BE5,1w,1,1/215 periods differ (2026-08-24/2026-08-30); worst 2026-08-24/2026-08-30: 1w low 111.75 vs daily-derived 112.92 (-1.04%)
WARN,ROLLUP_MISMATCH,universe_daily,NSE_EQ|INF247L01BL0,1w,1,1/264 periods differ (2026-08-24/2026-08-30); worst 2026-08-24/2026-08-30: 1w low 35.88 vs daily-derived 36.30 (-1.16%)
WARN,ROLLUP_MISMATCH,universe_daily,NSE_EQ|INF247L01BL0,1mo,1,1/63 periods differ (2026-08); worst 2026-08: 1mo low 35.88 vs daily-derived 36.28 (-1.10%)
WARN,ROLLUP_MISMATCH,universe_daily,NSE_EQ|INF247L01DK8,1w,1,1/105 periods differ (2026-08-24/2026-08-30); worst 2026-08-24/2026-08-30: 1w low 54.08 vs daily-derived 54.26 (-0.33%)
WARN,ROLLUP_MISMATCH,universe_daily,NSE_EQ|INF247L01EV3,1w,1,1/82 periods differ (2026-08-24/2026-08-30); worst 2026-08-24/2026-08-30: 1w low 54.45 vs daily-derived 54.67 (-0.40%)
WARN,ROLLUP_MISMATCH,universe_daily,NSE_EQ|INF247L01FC0,1w,1,1/74 periods differ (2026-08-24/2026-08-30); worst 2026-08-24/2026-08-30: 1w high 35.50 vs daily-derived 33.81 (+5.00%)
WARN,ROLLUP_MISMATCH,universe_daily,NSE_EQ|INF247L01FO5,1w,1,1/70 periods differ (2026-08-24/2026-08-30); worst 2026-08-24/2026-08-30: 1w high 104.00 vs daily-derived 103.00 (+0.97%)
WARN,ROLLUP_MISMATCH,universe_daily,NSE_EQ|INF247L01FQ0,1w,1,1/66 periods differ (2026-08-24/2026-08-30); worst 2026-08-24/2026-08-30: 1w low 64.42 vs daily-derived 64.71 (-0.45%)
WARN,ROLLUP_MISMATCH,universe_daily,NSE_EQ|INF247L01FR8,1w,1,1/65 periods differ (2026-08-24/2026-08-30); worst 2026-08-24/2026-08-30: 1w low 55.11 vs daily-derived 56.10 (-1.76%)
WARN,ROLLUP_MISMATCH,universe_daily,NSE_EQ|INF247L01FY4,1w,1,1/62 periods differ (2026-08-24/2026-08-30); worst 2026-08-24/2026-08-30: 1w high 161.00 vs daily-derived 159.65 (+0.85%)
WARN,ROLLUP_MISMATCH,universe_daily,NSE_EQ|INF247L01FY4,1mo,1,1/15 periods differ (2026-08); worst 2026-08: 1mo high 161.00 vs daily-derived 159.65 (+0.85%)
WARN,ROLLUP_MISMATCH,universe_daily,NSE_EQ|INF247L01FZ1,1w,1,1/60 periods differ (2026-08-24/2026-08-30); worst 2026-08-24/2026-08-30: 1w high 241.28 vs daily-derived 239.99 (+0.54%)
WARN,ROLLUP_MISMATCH,universe_daily,NSE_EQ|INF247L01GV8,1w,1,1/26 periods differ (2026-08-24/2026-08-30); worst 2026-08-24/2026-08-30: 1w high 17.28 vs daily-derived 17.20 (+0.47%)
WARN,ROLLUP_MISMATCH,universe_daily,NSE_EQ|INF251K01SU9,1w,1,1/146 periods differ (2026-08-24/2026-08-30); worst 2026-08-24/2026-08-30: 1w high 157.30 vs daily-derived 157.00 (+0.19%)
WARN,ROLLUP_MISMATCH,universe_daily,NSE_EQ|INF251K01SU9,1mo,1,1/34 periods differ (2026-08); worst 2026-08: 1mo high 157.30 vs daily-derived 157.00 (+0.19%)
WARN,ROLLUP_MISMATCH,universe_daily,NSE_EQ|INF277KA1364,1w,1,1/235 periods differ (2026-08-24/2026-08-30); worst 2026-08-24/2026-08-30: 1w low 88.53 vs daily-derived 89.25 (-0.81%)
WARN,ROLLUP_MISMATCH,universe_daily,NSE_EQ|INF277KA1984,1w,1,1/142 periods differ (2026-08-24/2026-08-30); worst 2026-08-24/2026-08-30: 1w high 24.21 vs daily-derived 23.94 (+1.13%)
WARN,ROLLUP_MISMATCH,universe_daily,NSE_EQ|INF277KA1984,1mo,1,1/33 periods differ (2026-08); worst 2026-08: 1mo high 24.21 vs daily-derived 23.94 (+1.13%)
WARN,ROLLUP_MISMATCH,universe_daily,NSE_EQ|INF2F0001370,1w,1,1/40 periods differ (2026-08-24/2026-08-30); worst 2026-08-24/2026-08-30: 1w high 160.66 vs daily-derived 160.18 (+0.30%)
WARN,ROLLUP_MISMATCH,universe_daily,NSE_EQ|INF2F0001370,1mo,1,1/9 periods differ (2026-08); worst 2026-08: 1mo high 160.66 vs daily-derived 160.18 (+0.30%)
WARN,ROLLUP_MISMATCH,universe_daily,NSE_EQ|INF2KCX01012,1w,1,1/47 periods differ (2026-08-24/2026-08-30); worst 2026-08-24/2026-08-30: 1w high 160.64 vs daily-derived 160.12 (+0.32%)
WARN,ROLLUP_MISMATCH,universe_daily,NSE_EQ|INF2KCX01012,1mo,1,1/11 periods differ (2026-08); worst 2026-08: 1mo high 160.64 vs daily-derived 160.12 (+0.32%)
WARN,ROLLUP_MISMATCH,universe_daily,NSE_EQ|INF579M01BC3,1w,1,1/79 periods differ (2026-08-24/2026-08-30); worst 2026-08-24/2026-08-30: 1w high 239.85 vs daily-derived 239.50 (+0.15%)
WARN,ROLLUP_MISMATCH,universe_daily,NSE_EQ|INF579M01BP5,1w,1,1/19 periods differ (2026-08-24/2026-08-30); worst 2026-08-24/2026-08-30: 1w high 12.24 vs daily-derived 10.77 (+13.65%)
WARN,ROLLUP_MISMATCH,universe_daily,NSE_EQ|INF579M01BP5,1mo,1,1/5 periods differ (2026-08); worst 2026-08: 1mo high 12.24 vs daily-derived 10.77 (+13.65%)
WARN,ROLLUP_MISMATCH,universe_daily,NSE_EQ|INF582M01KS4,1w,1,1/85 periods differ (2026-08-24/2026-08-30); worst 2026-08-24/2026-08-30: 1w high 158.95 vs daily-derived 158.25 (+0.44%)
WARN,ROLLUP_MISMATCH,universe_daily,NSE_EQ|INF582M01KS4,1mo,1,1/20 periods differ (2026-08); worst 2026-08: 1mo high 158.95 vs daily-derived 158.25 (+0.44%)
WARN,ROLLUP_MISMATCH,universe_daily,NSE_EQ|INF666M01IO8,1w,1,1/104 periods differ (2026-08-24/2026-08-30); worst 2026-08-24/2026-08-30: 1w high 99.08 vs daily-derived 98.73 (+0.35%)
WARN,ROLLUP_MISMATCH,universe_daily,NSE_EQ|INF666M01JJ6,1w,1,1/87 periods differ (2026-08-24/2026-08-30); worst 2026-08-24/2026-08-30: 1w high 29.08 vs daily-derived 29.00 (+0.28%)
WARN,ROLLUP_MISMATCH,universe_daily,NSE_EQ|INF666M01LL8,1w,1,1/63 periods differ (2026-08-24/2026-08-30); worst 2026-08-24/2026-08-30: 1w high 10.05 vs daily-derived 9.98 (+0.70%)
WARN,ROLLUP_MISMATCH,universe_daily,NSE_EQ|INF666M01NI0,1w,1,1/41 periods differ (2026-08-24/2026-08-30); worst 2026-08-24/2026-08-30: 1w low 12.14 vs daily-derived 12.50 (-2.88%)
WARN,ROLLUP_MISMATCH,universe_daily,NSE_EQ|INF666M01NP5,1w,1,1/38 periods differ (2026-08-24/2026-08-30); worst 2026-08-24/2026-08-30: 1w low 29.28 vs daily-derived 29.86 (-1.94%)
WARN,ROLLUP_MISMATCH,universe_daily,NSE_EQ|INF666M01NP5,1mo,1,1/9 periods differ (2026-08); worst 2026-08: 1mo low 29.28 vs daily-derived 29.74 (-1.55%)
WARN,ROLLUP_MISMATCH,universe_daily,NSE_EQ|INF666M01NQ3,1w,1,1/34 periods differ (2026-08-24/2026-08-30); worst 2026-08-24/2026-08-30: 1w low 95.53 vs daily-derived 95.90 (-0.39%)
WARN,ROLLUP_MISMATCH,universe_daily,NSE_EQ|INF666M01NQ3,1mo,1,1/8 periods differ (2026-08); worst 2026-08: 1mo low 95.53 vs daily-derived 95.90 (-0.39%)
WARN,ROLLUP_MISMATCH,universe_daily,NSE_EQ|INF666M01OD9,1w,1,1/31 periods differ (2026-08-24/2026-08-30); worst 2026-08-24/2026-08-30: 1w low 51.45 vs daily-derived 51.51 (-0.12%)
WARN,ROLLUP_MISMATCH,universe_daily,NSE_EQ|INF666M01OD9,1mo,1,1/7 periods differ (2026-08); worst 2026-08: 1mo low 51.45 vs daily-derived 51.51 (-0.12%)
WARN,ROLLUP_MISMATCH,universe_daily,NSE_EQ|INF732E01045,1w,1,1/823 periods differ (2026-08-24/2026-08-30); worst 2026-08-24/2026-08-30: 1w low 794.27 vs daily-derived 797.20 (-0.37%)
WARN,ROLLUP_MISMATCH,universe_daily,NSE_EQ|INF732E01268,1w,1,1/627 periods differ (2026-08-24/2026-08-30); worst 2026-08-24/2026-08-30: 1w high 976.86 vs daily-derived 973.42 (+0.35%)
WARN,ROLLUP_MISMATCH,universe_daily,NSE_EQ|INF740KA1SY9,1w,1,1/166 periods differ (2026-08-24/2026-08-30); worst 2026-08-24/2026-08-30: 1w low 85.66 vs daily-derived 86.00 (-0.40%)
WARN,ROLLUP_MISMATCH,universe_daily,NSE_EQ|INF740KA1VE5,1w,1,1/87 periods differ (2026-08-24/2026-08-30); worst 2026-08-24/2026-08-30: 1w high 45.00 vs daily-derived 43.77 (+2.81%)
WARN,ROLLUP_MISMATCH,universe_daily,NSE_EQ|INF740KA1WU9,1w,1,1/51 periods differ (2026-08-24/2026-08-30); worst 2026-08-24/2026-08-30: 1w high 10.53 vs daily-derived 10.30 (+2.23%)
WARN,ROLLUP_MISMATCH,universe_daily,NSE_EQ|INF754K01LE1,1w,1,1/323 periods differ (2026-08-24/2026-08-30); worst 2026-08-24/2026-08-30: 1w high 1448.00 vs daily-derived 1441.92 (+0.42%)
WARN,ROLLUP_MISMATCH,universe_daily,NSE_EQ|INF754K01SF3,1w,1,1/150 periods differ (2026-08-24/2026-08-30); worst 2026-08-24/2026-08-30: 1w high 244.91 vs daily-derived 242.98 (+0.79%)
WARN,ROLLUP_MISMATCH,universe_daily,NSE_EQ|INF754K01SF3,1mo,1,1/35 periods differ (2026-08); worst 2026-08: 1mo high 244.91 vs daily-derived 243.91 (+0.41%)
WARN,ROLLUP_MISMATCH,universe_daily,NSE_EQ|INF754K01TX4,1w,1,1/91 periods differ (2026-08-24/2026-08-30); worst 2026-08-24/2026-08-30: 1w high 24.81 vs daily-derived 24.64 (+0.69%)
WARN,ROLLUP_MISMATCH,universe_daily,NSE_EQ|INF754K01TX4,1mo,1,1/21 periods differ (2026-08); worst 2026-08: 1mo high 24.81 vs daily-derived 24.64 (+0.69%)
WARN,ROLLUP_MISMATCH,universe_daily,NSE_EQ|INF754K01VX0,1w,1,1/45 periods differ (2026-08-24/2026-08-30); worst 2026-08-24/2026-08-30: 1w low 23.84 vs daily-derived 24.23 (-1.61%)
WARN,ROLLUP_MISMATCH,universe_daily,NSE_EQ|INF754K01VY8,1w,1,1/45 periods differ (2026-08-24/2026-08-30); worst 2026-08-24/2026-08-30: 1w low 76.60 vs daily-derived 77.56 (-1.24%)
WARN,ROLLUP_MISMATCH,universe_daily,NSE_EQ|INF754K01XF3,1w,1,1/19 periods differ (2026-08-24/2026-08-30); worst 2026-08-24/2026-08-30: 1w low 73.30 vs daily-derived 73.44 (-0.19%)
WARN,ROLLUP_MISMATCH,universe_daily,NSE_EQ|INF767K01MV5,1w,1,1/614 periods differ (2026-08-24/2026-08-30); worst 2026-08-24/2026-08-30: 1w low 29.30 vs daily-derived 29.33 (-0.10%)
WARN,ROLLUP_MISMATCH,universe_daily,NSE_EQ|INF769K01GS9,1w,1,1/306 periods differ (2026-08-24/2026-08-30); worst 2026-08-24/2026-08-30: 1w high 42.54 vs daily-derived 42.10 (+1.05%)
WARN,ROLLUP_MISMATCH,universe_daily,NSE_EQ|INF769K01KG6,1w,1,1/173 periods differ (2026-08-24/2026-08-30); worst 2026-08-24/2026-08-30: 1w high 239.00 vs daily-derived 236.54 (+1.04%)
WARN,ROLLUP_MISMATCH,universe_daily,NSE_EQ|INF769K01KG6,1mo,1,1/40 periods differ (2026-08); worst 2026-08: 1mo high 239.00 vs daily-derived 238.28 (+0.30%)
WARN,ROLLUP_MISMATCH,universe_daily,NSE_EQ|INF769K01KU7,1w,1,1/154 periods differ (2026-08-24/2026-08-30); worst 2026-08-24/2026-08-30: 1w low 26.80 vs daily-derived 26.87 (-0.26%)
WARN,ROLLUP_MISMATCH,universe_daily,NSE_EQ|INF769K01LY7,1w,1,1/104 periods differ (2026-08-24/2026-08-30); worst 2026-08-24/2026-08-30: 1w low 13.32 vs daily-derived 13.36 (-0.30%)
WARN,ROLLUP_MISMATCH,universe_daily,NSE_EQ|INF769K01LZ4,1w,1,1/104 periods differ (2026-08-24/2026-08-30); worst 2026-08-24/2026-08-30: 1w low 85.78 vs daily-derived 86.08 (-0.35%)
WARN,ROLLUP_MISMATCH,universe_daily,NSE_EQ|INF769K01NS5,1w,1,1/92 periods differ (2026-08-24/2026-08-30); worst 2026-08-24/2026-08-30: 1w high 12.74 vs daily-derived 12.64 (+0.79%)
WARN,ROLLUP_MISMATCH,universe_daily,NSE_EQ|INF769K01NS5,1mo,1,1/21 periods differ (2026-08); worst 2026-08: 1mo high 12.74 vs daily-derived 12.64 (+0.79%)
WARN,ROLLUP_MISMATCH,universe_daily,NSE_EQ|INF769K01ON4,1w,1,1/81 periods differ (2026-08-24/2026-08-30); worst 2026-08-24/2026-08-30: 1w low 48.76 vs daily-derived 48.86 (-0.20%)
WARN,ROLLUP_MISMATCH,universe_daily,NSE_EQ|INF769K01PB6,1w,1,1/65 periods differ (2026-08-24/2026-08-30); worst 2026-08-24/2026-08-30: 1w high 15.45 vs daily-derived 15.33 (+0.78%)
WARN,ROLLUP_MISMATCH,universe_daily,NSE_EQ|INF769K01PB6,1mo,1,1/15 periods differ (2026-08); worst 2026-08: 1mo high 15.45 vs daily-derived 15.33 (+0.78%)
WARN,ROLLUP_MISMATCH,universe_daily,NSE_EQ|INF769K01PQ4,1w,1,1/47 periods differ (2026-08-24/2026-08-30); worst 2026-08-24/2026-08-30: 1w low 18.06 vs daily-derived 18.29 (-1.26%)
WARN,ROLLUP_MISMATCH,universe_daily,NSE_EQ|INF769K01RJ5,1w,1,1/10 periods differ (2026-08-24/2026-08-30); worst 2026-08-24/2026-08-30: 1w low 9.80 vs daily-derived 9.87 (-0.71%)
WARN,ROLLUP_MISMATCH,universe_daily,NSE_EQ|INF769K01RJ5,1mo,1,1/3 periods differ (2026-08); worst 2026-08: 1mo low 9.80 vs daily-derived 9.87 (-0.71%)
WARN,ROLLUP_MISMATCH,universe_daily,NSE_EQ|INF789F1AUX7,1w,1,1/808 periods differ (2026-08-24/2026-08-30); worst 2026-08-24/2026-08-30: 1w low 130.40 vs daily-derived 130.60 (-0.15%)
WARN,ROLLUP_MISMATCH,universe_daily,NSE_EQ|INF789F1AYK6,1w,1,1/181 periods differ (2026-08-24/2026-08-30); worst 2026-08-24/2026-08-30: 1w high 235.77 vs daily-derived 234.71 (+0.45%)
WARN,ROLLUP_MISMATCH,universe_daily,NSE_EQ|INF789F1AZC0,1w,1,1/579 periods differ (2026-08-24/2026-08-30); worst 2026-08-24/2026-08-30: 1w low 267.00 vs daily-derived 267.42 (-0.16%)
WARN,ROLLUP_MISMATCH,universe_daily,NSE_EQ|INF846K011K1,1w,1,1/210 periods differ (2026-08-24/2026-08-30); worst 2026-08-24/2026-08-30: 1w high 242.70 vs daily-derived 241.49 (+0.50%)
WARN,ROLLUP_MISMATCH,universe_daily,NSE_EQ|INF846K01W98,1w,1,1/482 periods differ (2026-08-24/2026-08-30); worst 2026-08-24/2026-08-30: 1w low 264.60 vs daily-derived 266.59 (-0.75%)
WARN,ROLLUP_MISMATCH,universe_daily,NSE_EQ|INF846K01W98,1mo,1,1/111 periods differ (2026-08); worst 2026-08: 1mo low 264.60 vs daily-derived 265.55 (-0.36%)
WARN,ROLLUP_MISMATCH,indices_daily,NSE_INDEX|India VIX,1w,1,1/915 periods differ (2015-06-29/2015-07-05); worst 2015-06-29/2015-07-05: 1w high 18.78 vs daily-derived 18.31 (+2.57%)
WARN,ROLLUP_MISMATCH,indices_daily,NSE_INDEX|NIFTY AlphaLowVol,1w,2,"2/1123 periods differ (2015-11-09/2015-11-15, 2015-11-16/2015-11-22); worst 2015-11-16/2015-11-22: 1w high 7219.90 vs daily-derived 5420.00 (+33.21%)"
WARN,ROLLUP_MISMATCH,indices_daily,NSE_INDEX|NIFTY MIDCAP 100,1w,1,1/1344 periods differ (2015-06-29/2015-07-05); worst 2015-06-29/2015-07-05: 1w low 12700.45 vs daily-derived 12717.90 (-0.14%)
WARN,ROLLUP_MISMATCH,indices_daily,NSE_INDEX|NIFTY MIDSML 400,1w,1,1/1123 periods differ (2015-11-16/2015-11-22); worst 2015-11-16/2015-11-22: 1w high 4377.80 vs daily-derived 1896.80 (+130.80%)
WARN,ROLLUP_MISMATCH,indices_daily,NSE_INDEX|NIFTY SMLCAP 50,1w,1,1/1122 periods differ (2015-11-16/2015-11-22); worst 2015-11-16/2015-11-22: 1w high 2918.77 vs daily-derived 2358.55 (+23.75%)
WARN,ROLLUP_MISMATCH,indices_daily,NSE_INDEX|NIFTY100 EQL Wgt,1w,2,"2/1240 periods differ (2015-11-16/2015-11-22, 2018-03-26/2018-04-01); worst 2015-11-16/2015-11-22: 1w low 9902.29 vs daily-derived 11576.75 (-14.46%)"
WARN,ROLLUP_MISMATCH,indices_daily,NSE_INDEX|NIFTY100 EQL Wgt,1mo,1,1/285 periods differ (2015-11); worst 2015-11: 1mo low 9902.29 vs daily-derived 9919.60 (-0.17%)
WARN,ROLLUP_MISMATCH,indices_daily,NSE_INDEX|NIFTY100 LowVol30,1w,35,"35/1123 periods differ (2015-11-16/2015-11-22, 2018-04-09/2018-04-15, 2018-04-16/2018-04-22); worst 2015-11-16/2015-11-22: 1w high 6170.40 vs daily-derived 3063.05 (+101.45%)"
WARN,ROLLUP_MISMATCH,indices_daily,NSE_INDEX|NIFTY100 LowVol30,1mo,8,"8/258 periods differ (2018-04, 2018-05, 2018-06); worst 2018-10: 1mo high 8684.29 vs daily-derived 4814.05 (+80.39%)"
WARN,ROLLUP_MISMATCH,indices_daily,NSE_INDEX|NIFTY100 Qualty30,1w,1,1/860 periods differ (2015-11-16/2015-11-22); worst 2015-11-16/2015-11-22: 1w low 2038.40 vs daily-derived 3079.50 (-33.81%)
WARN,ROLLUP_MISMATCH,indices_daily,NSE_INDEX|NIFTY100 Qualty30,1mo,1,1/198 periods differ (2015-11); worst 2015-11: 1mo low 2038.40 vs daily-derived 2043.70 (-0.26%)
WARN,ROLLUP_MISMATCH,indices_daily,NSE_INDEX|NIFTY200 QUALTY30,1w,2,"2/1123 periods differ (2015-11-16/2015-11-22, 2015-11-23/2015-11-29); worst 2015-11-16/2015-11-22: 1w low 6794.40 vs daily-derived 7714.15 (-11.92%)"
WARN,ROLLUP_MISMATCH,indices_daily,NSE_INDEX|Nifty 100,1w,1,1/1240 periods differ (2015-06-29/2015-07-05); worst 2015-06-29/2015-07-05: 1w low 8262.04 vs daily-derived 8274.50 (-0.15%)
WARN,ROLLUP_MISMATCH,indices_daily,NSE_INDEX|Nifty 200,1w,1,1/1188 periods differ (2015-06-29/2015-07-05); worst 2015-06-29/2015-07-05: 1w low 4265.70 vs daily-derived 4271.80 (-0.14%)
WARN,ROLLUP_MISMATCH,indices_daily,NSE_INDEX|Nifty Auto,1w,1,1/1188 periods differ (2015-06-29/2015-07-05); worst 2015-06-29/2015-07-05: 1w low 8220.54 vs daily-derived 8240.65 (-0.24%)
WARN,ROLLUP_MISMATCH,indices_daily,NSE_INDEX|Nifty Bank,1w,1,1/1395 periods differ (2015-06-29/2015-07-05); worst 2015-06-29/2015-07-05: 1w low 17821.90 vs daily-derived 17866.20 (-0.25%)
WARN,ROLLUP_MISMATCH,indices_daily,NSE_INDEX|Nifty CPSE,1w,1,1/1188 periods differ (2015-06-29/2015-07-05); worst 2015-06-29/2015-07-05: 1w low 2397.00 vs daily-derived 2405.60 (-0.36%)
WARN,ROLLUP_MISMATCH,indices_daily,NSE_INDEX|Nifty Commodities,1w,128,"128/983 periods differ (2015-06-29/2015-07-05, 2015-11-09/2015-11-15, 2015-11-16/2015-11-22); worst 2015-12-07/2015-12-13: 1w low 2256.05 vs daily-derived 3430.75 (-34.24%)"
WARN,ROLLUP_MISMATCH,indices_daily,NSE_INDEX|Nifty Commodities,1mo,30,"30/226 periods differ (2015-11, 2015-12, 2016-01); worst 2015-12: 1mo low 2256.05 vs daily-derived 3425.35 (-34.14%)"
WARN,ROLLUP_MISMATCH,indices_daily,NSE_INDEX|Nifty Div Opps 50,1w,1,1/981 periods differ (2015-06-29/2015-07-05); worst 2015-06-29/2015-07-05: 1w low 1971.40 vs daily-derived 1977.30 (-0.30%)
WARN,ROLLUP_MISMATCH,indices_daily,NSE_INDEX|Nifty Energy,1w,1,1/1344 periods differ (2015-06-29/2015-07-05); worst 2015-06-29/2015-07-05: 1w low 8736.10 vs daily-derived 8775.80 (-0.45%)
WARN,ROLLUP_MISMATCH,indices_daily,NSE_INDEX|Nifty FMCG,1w,1,1/1396 periods differ (2015-06-29/2015-07-05); worst 2015-06-29/2015-07-05: 1w low 19445.05 vs daily-derived 19530.50 (-0.44%)
WARN,ROLLUP_MISMATCH,indices_daily,NSE_INDEX|Nifty Fin Service,1w,2,"2/1188 periods differ (2015-06-29/2015-07-05, 2015-08-10/2015-08-16); worst 2015-08-10/2015-08-16: 1w high 7797.20 vs daily-derived 7785.65 (+0.15%)"
WARN,ROLLUP_MISMATCH,indices_daily,NSE_INDEX|Nifty Fin Service,1mo,1,1/273 periods differ (2015-08); worst 2015-08: 1mo high 7797.20 vs daily-derived 7785.65 (+0.15%)
WARN,ROLLUP_MISMATCH,indices_daily,NSE_INDEX|Nifty GS 4 8Yr,1w,49,"49/566 periods differ (2015-11-16/2015-11-22, 2018-01-01/2018-01-07, 2018-01-08/2018-01-14); worst 2015-11-16/2015-11-22: 1w low 492.55 vs daily-derived 3085.05 (-84.03%)"
WARN,ROLLUP_MISMATCH,indices_daily,NSE_INDEX|Nifty GS 4 8Yr,1mo,12,"12/131 periods differ (2015-11, 2018-01, 2018-02); worst 2015-11: 1mo low 492.55 vs daily-derived 3062.10 (-83.91%)"
WARN,ROLLUP_MISMATCH,indices_daily,NSE_INDEX|Nifty GS 8 13Yr,1w,49,"49/566 periods differ (2015-11-16/2015-11-22, 2018-01-01/2018-01-07, 2018-01-08/2018-01-14); worst 2015-11-16/2015-11-22: 1w high 3579.85 vs daily-derived 2052.90 (+74.38%)"
WARN,ROLLUP_MISMATCH,indices_daily,NSE_INDEX|Nifty GS 8 13Yr,1mo,12,"12/131 periods differ (2015-11, 2018-01, 2018-02); worst 2015-11: 1mo high 3579.85 vs daily-derived 2083.05 (+71.86%)"
WARN,ROLLUP_MISMATCH,indices_daily,NSE_INDEX|Nifty GrowSect 15,1w,160,"160/880 periods differ (2015-11-09/2015-11-15, 2015-11-16/2015-11-22, 2015-11-23/2015-11-29); worst 2015-11-16/2015-11-22: 1w high 8030.40 vs daily-derived 3538.20 (+126.96%)"
WARN,ROLLUP_MISMATCH,indices_daily,NSE_INDEX|Nifty GrowSect 15,1mo,37,"37/202 periods differ (2015-11, 2015-12, 2016-01); worst 2015-11: 1mo high 8030.40 vs daily-derived 5342.20 (+50.32%)"
WARN,ROLLUP_MISMATCH,indices_daily,NSE_INDEX|Nifty IT,1w,1,1/1392 periods differ (2015-08-10/2015-08-16); worst 2015-08-10/2015-08-16: 1w low 11500.40 vs daily-derived 11605.90 (-0.91%)
WARN,ROLLUP_MISMATCH,indices_daily,NSE_INDEX|Nifty Infra,1w,1,1/1177 periods differ (2015-06-29/2015-07-05); worst 2015-06-29/2015-07-05: 1w low 3182.60 vs daily-derived 3199.90 (-0.54%)
WARN,ROLLUP_MISMATCH,indices_daily,NSE_INDEX|Nifty MNC,1w,1,1/1394 periods differ (2015-06-29/2015-07-05); worst 2015-06-29/2015-07-05: 1w low 9706.10 vs daily-derived 9717.20 (-0.11%)
WARN,ROLLUP_MISMATCH,indices_daily,NSE_INDEX|Nifty Media,1w,1,1/1084 periods differ (2015-08-10/2015-08-16); worst 2015-08-10/2015-08-16: 1w high 2520.75 vs daily-derived 2517.20 (+0.14%)
WARN,ROLLUP_MISMATCH,indices_daily,NSE_INDEX|Nifty Metal,1w,1,1/1188 periods differ (2015-06-29/2015-07-05); worst 2015-06-29/2015-07-05: 1w low 2210.65 vs daily-derived 2216.05 (-0.24%)
WARN,ROLLUP_MISMATCH,indices_daily,NSE_INDEX|Nifty Metal,1mo,1,1/273 periods differ (2015-06); worst 2015-06: 1mo low 2210.65 vs daily-derived 2216.05 (-0.24%)
WARN,ROLLUP_MISMATCH,indices_daily,NSE_INDEX|Nifty Mid Liq 15,1w,160,"160/927 periods differ (2015-11-09/2015-11-15, 2015-11-16/2015-11-22, 2015-11-23/2015-11-29); worst 2015-11-16/2015-11-22: 1w low 163.45 vs daily-derived 19104.00 (-99.14%)"
WARN,ROLLUP_MISMATCH,indices_daily,NSE_INDEX|Nifty Mid Liq 15,1mo,37,"37/213 periods differ (2015-11, 2015-12, 2016-01); worst 2015-11: 1mo low 163.45 vs daily-derived 2838.22 (-94.24%)"
WARN,ROLLUP_MISMATCH,indices_daily,NSE_INDEX|Nifty PSE,1w,1,1/1394 periods differ (2015-06-29/2015-07-05); worst 2015-06-29/2015-07-05: 1w low 3461.00 vs daily-derived 3468.00 (-0.20%)
WARN,ROLLUP_MISMATCH,indices_daily,NSE_INDEX|Nifty PSU Bank,1w,1,1/1187 periods differ (2015-06-29/2015-07-05); worst 2015-06-29/2015-07-05: 1w low 3133.60 vs daily-derived 3151.45 (-0.57%)
WARN,ROLLUP_MISMATCH,indices_daily,NSE_INDEX|Nifty Realty,1w,2,"2/1032 periods differ (2015-06-29/2015-07-05, 2015-08-10/2015-08-16); worst 2015-06-29/2015-07-05: 1w low 176.65 vs daily-derived 178.40 (-0.98%)"
WARN,ROLLUP_MISMATCH,indices_daily,NSE_INDEX|Nifty Realty,1mo,1,1/238 periods differ (2015-08); worst 2015-08: 1mo high 186.30 vs daily-derived 185.35 (+0.51%)
WARN,ROLLUP_MISMATCH,indices_daily,NSE_INDEX|Nifty100 Liq 15,1w,160,"160/927 periods differ (2015-11-09/2015-11-15, 2015-11-16/2015-11-22, 2015-11-23/2015-11-29); worst 2015-11-23/2015-11-29: 1w high 3195.35 vs daily-derived 2383.05 (+34.09%)"
WARN,ROLLUP_MISMATCH,indices_daily,NSE_INDEX|Nifty100 Liq 15,1mo,37,"37/213 periods differ (2015-11, 2015-12, 2016-01); worst 2015-12: 1mo high 3203.45 vs daily-derived 2435.05 (+31.56%)"
WARN,ROLLUP_MISMATCH,indices_daily,NSE_INDEX|Nifty50 PR 1x Inv,1w,2,"2/914 periods differ (2015-06-29/2015-07-05, 2016-10-03/2016-10-09); worst 2016-10-03/2016-10-09: 1w low 459.70 vs daily-derived 460.90 (-0.26%)"
WARN,ROLLUP_MISMATCH,indices_daily,NSE_INDEX|Nifty50 PR 1x Inv,1mo,1,1/210 periods differ (2016-10); worst 2016-10: 1mo low 459.70 vs daily-derived 460.90 (-0.26%)
WARN,ROLLUP_MISMATCH,indices_daily,NSE_INDEX|Nifty50 PR 2x Lev,1w,2,"2/914 periods differ (2015-06-29/2015-07-05, 2016-10-03/2016-10-09); worst 2016-10-03/2016-10-09: 1w high 3520.00 vs daily-derived 3500.65 (+0.55%)"
WARN,ROLLUP_MISMATCH,indices_daily,NSE_INDEX|Nifty50 PR 2x Lev,1mo,1,1/210 periods differ (2016-10); worst 2016-10: 1mo high 3520.00 vs daily-derived 3500.65 (+0.55%)
WARN,ROLLUP_MISMATCH,indices_daily,NSE_INDEX|Nifty50 TR 1x Inv,1w,2,"2/914 periods differ (2015-06-29/2015-07-05, 2016-10-03/2016-10-09); worst 2016-10-03/2016-10-09: 1w low 420.10 vs daily-derived 421.20 (-0.26%)"
WARN,ROLLUP_MISMATCH,indices_daily,NSE_INDEX|Nifty50 TR 1x Inv,1mo,1,1/210 periods differ (2016-10); worst 2016-10: 1mo low 420.10 vs daily-derived 421.20 (-0.26%)
WARN,ROLLUP_MISMATCH,indices_daily,NSE_INDEX|Nifty50 TR 2x Lev,1w,1,1/914 periods differ (2015-06-29/2015-07-05); worst 2015-06-29/2015-07-05: 1w low 3966.30 vs daily-derived 3979.05 (-0.32%)
WARN,SHORT_INTRADAY_DAYS,stocks_intraday,NSE_EQ|INE030A01027,5m,1,1/270 days short: 2025-12-05=66/75
WARN,SHORT_INTRADAY_DAYS,stocks_intraday,NSE_EQ|INE030A01027,15m,1,1/270 days short: 2025-12-05=22/25
WARN,SHORT_INTRADAY_DAYS,stocks_intraday,NSE_EQ|INE155A01022,5m,1,1/270 days short: 2025-10-14=66/75
WARN,SHORT_INTRADAY_DAYS,stocks_intraday,NSE_EQ|INE155A01022,15m,1,1/270 days short: 2025-10-14=22/25
WARN,SHORT_INTRADAY_DAYS,stocks_intraday,NSE_EQ|INE205A01025,5m,1,1/270 days short: 2026-04-30=66/75
WARN,SHORT_INTRADAY_DAYS,stocks_intraday,NSE_EQ|INE205A01025,15m,1,1/270 days short: 2026-04-30=22/25
WARN,STALE,universe_daily,NSE_EQ|INE0LZF01013,1w,7,"last 1w bar 2026-08-17, 7 weeks behind"
WARN,STALE,universe_daily,NSE_EQ|INE0LZF01013,1mo,2,"last 1mo bar 2026-08-01, 2 months behind"
WARN,STALE,universe_daily,NSE_EQ|INE0NLT01010,1w,3,"last 1w bar 2026-09-14, 3 weeks behind"
WARN,STALE,universe_daily,NSE_EQ|INE0NLT01010,1mo,1,"last 1mo bar 2026-09-01, 1 months behind"
WARN,STALE,universe_daily,NSE_EQ|INE105I01020,1w,4,"last 1w bar 2026-09-07, 4 weeks behind"
WARN,STALE,universe_daily,NSE_EQ|INE105I01020,1mo,1,"last 1mo bar 2026-09-01, 1 months behind"
WARN,STALE,universe_daily,NSE_EQ|INE137M01017,1d,1,"last bar 2026-10-06, 1 trading days behind"
WARN,STALE,universe_daily,NSE_EQ|INE217S01014,1d,1,"last bar 2026-10-06, 1 trading days behind"
WARN,STALE,universe_daily,NSE_EQ|INE24OJ01011,1w,3,"last 1w bar 2026-09-14, 3 weeks behind"
WARN,STALE,universe_daily,NSE_EQ|INE24OJ01011,1mo,1,"last 1mo bar 2026-09-01, 1 months behind"
WARN,STALE,universe_daily,NSE_EQ|INE252A01019,1w,4,"last 1w bar 2026-09-07, 4 weeks behind"
WARN,STALE,universe_daily,NSE_EQ|INE252A01019,1mo,1,"last 1mo bar 2026-09-01, 1 months behind"
WARN,STALE,universe_daily,NSE_EQ|INE524T01011,1w,3,"last 1w bar 2026-09-14, 3 weeks behind"
WARN,STALE,universe_daily,NSE_EQ|INE524T01011,1mo,1,"last 1mo bar 2026-09-01, 1 months behind"
WARN,STALE,universe_daily,NSE_EQ|INE574G01013,1d,1,"last bar 2026-10-06, 1 trading days behind"
WARN,STALE,universe_daily,NSE_EQ|INE605D01012,1d,1,"last bar 2026-10-06, 1 trading days behind"
WARN,STALE,universe_daily,NSE_EQ|INE657B01025,1w,4,"last 1w bar 2026-09-07, 4 weeks behind"
WARN,STALE,universe_daily,NSE_EQ|INE657B01025,1mo,1,"last 1mo bar 2026-09-01, 1 months behind"
WARN,STALE,universe_daily,NSE_EQ|INE670X01014,1w,4,"last 1w bar 2026-09-07, 4 weeks behind"
WARN,STALE,universe_daily,NSE_EQ|INE670X01014,1mo,1,"last 1mo bar 2026-09-01, 1 months behind"
WARN,STALE,universe_daily,NSE_EQ|INE726E01014,1d,3,"last bar 2026-10-01, 3 trading days behind"
WARN,STALE,universe_daily,NSE_EQ|INE726E01014,1w,1,"last 1w bar 2026-09-28, 1 weeks behind"
WARN,STALE,universe_daily,NSE_EQ|INE738V01013,1d,1,"last bar 2026-10-06, 1 trading days behind"
WARN,STALE,universe_daily,NSE_EQ|INE887D01016,1w,7,"last 1w bar 2026-08-17, 7 weeks behind"
WARN,STALE,universe_daily,NSE_EQ|INE887D01016,1mo,2,"last 1mo bar 2026-08-01, 2 months behind"
INFO,DAILY_BARS_LT_100,universe_daily,NSE_EQ|INE00WV01027,1d,83,83 daily bars
INFO,DAILY_BARS_LT_100,universe_daily,NSE_EQ|INE0I0T01010,1d,69,69 daily bars
INFO,DAILY_BARS_LT_100,universe_daily,NSE_EQ|INE0ISX01025,1d,59,59 daily bars
INFO,DAILY_BARS_LT_100,universe_daily,NSE_EQ|INE0OC301013,1d,71,71 daily bars
INFO,DAILY_BARS_LT_100,universe_daily,NSE_EQ|INE0ZK601013,1d,68,68 daily bars
INFO,DAILY_BARS_LT_100,universe_daily,NSE_EQ|INE11XY01018,1d,52,52 daily bars
INFO,DAILY_BARS_LT_100,universe_daily,NSE_EQ|INE17IR01028,1d,58,58 daily bars
INFO,DAILY_BARS_LT_100,universe_daily,NSE_EQ|INE17QZ01016,1d,64,64 daily bars
INFO,DAILY_BARS_LT_100,universe_daily,NSE_EQ|INE1CDF01017,1d,80,80 daily bars
INFO,DAILY_BARS_LT_100,universe_daily,NSE_EQ|INE1CLE01013,1d,80,80 daily bars
INFO,DAILY_BARS_LT_100,universe_daily,NSE_EQ|INE1JCQ01037,1d,55,55 daily bars
INFO,DAILY_BARS_LT_100,universe_daily,NSE_EQ|INE1SJO01012,1d,69,69 daily bars
INFO,DAILY_BARS_LT_100,universe_daily,NSE_EQ|INE1YPB01014,1d,67,67 daily bars
INFO,DAILY_BARS_LT_100,universe_daily,NSE_EQ|INE2FMX01012,1d,66,66 daily bars
INFO,DAILY_BARS_LT_100,universe_daily,NSE_EQ|INE302D01024,1d,58,58 daily bars
INFO,DAILY_BARS_LT_100,universe_daily,NSE_EQ|INE318C01014,1d,97,97 daily bars
INFO,DAILY_BARS_LT_100,universe_daily,NSE_EQ|INE321M01017,1d,84,84 daily bars
INFO,DAILY_BARS_LT_100,universe_daily,NSE_EQ|INE403F01017,1d,99,99 daily bars
INFO,DAILY_BARS_LT_100,universe_daily,NSE_EQ|INE536P01021,1d,53,53 daily bars
INFO,DAILY_BARS_LT_100,universe_daily,NSE_EQ|INE605D01012,1d,85,85 daily bars
INFO,DAILY_BARS_LT_100,universe_daily,NSE_EQ|INE640G01020,1d,55,55 daily bars
INFO,DAILY_BARS_LT_100,universe_daily,NSE_EQ|INE694L01019,1d,80,80 daily bars
INFO,DAILY_BARS_LT_100,universe_daily,NSE_EQ|INE704J01044,1d,80,80 daily bars
INFO,DAILY_BARS_LT_100,universe_daily,NSE_EQ|INE724A01017,1d,62,62 daily bars
INFO,DAILY_BARS_LT_100,universe_daily,NSE_EQ|INE763M01028,1d,89,89 daily bars
INFO,DAILY_BARS_LT_100,universe_daily,NSE_EQ|INF0QA701CI0,1d,54,54 daily bars
INFO,DAILY_BARS_LT_100,universe_daily,NSE_EQ|INF109K1A476,1d,72,72 daily bars
INFO,DAILY_BARS_LT_100,universe_daily,NSE_EQ|INF174KA1A94,1d,53,53 daily bars
INFO,DAILY_BARS_LT_100,universe_daily,NSE_EQ|INF200KB1AX1,1d,93,93 daily bars
INFO,DAILY_BARS_LT_100,universe_daily,NSE_EQ|INF200KB1AY9,1d,93,93 daily bars
INFO,DAILY_BARS_LT_100,universe_daily,NSE_EQ|INF579M01BP5,1d,89,89 daily bars
INFO,DAILY_BARS_LT_100,universe_daily,NSE_EQ|INF666M01OT5,1d,92,92 daily bars
INFO,DAILY_BARS_LT_100,universe_daily,NSE_EQ|INF666M01PG9,1d,76,76 daily bars
INFO,DAILY_BARS_LT_100,universe_daily,NSE_EQ|INF740KA1ZA4,1d,94,94 daily bars
INFO,DAILY_BARS_LT_100,universe_daily,NSE_EQ|INF754K01XF3,1d,93,93 daily bars
INFO,DAILY_BARS_LT_100,universe_daily,NSE_EQ|INF769K01RC0,1d,53,53 daily bars
INFO,DAILY_BARS_LT_200,universe_daily,NSE_EQ|INE001E01012,1d,118,118 daily bars
INFO,DAILY_BARS_LT_200,universe_daily,NSE_EQ|INE00HZ01011,1d,117,117 daily bars
INFO,DAILY_BARS_LT_200,universe_daily,NSE_EQ|INE00SW01015,1d,131,131 daily bars
INFO,DAILY_BARS_LT_200,universe_daily,NSE_EQ|INE00XB01019,1d,142,142 daily bars
INFO,DAILY_BARS_LT_200,universe_daily,NSE_EQ|INE016Q01014,1d,155,155 daily bars
INFO,DAILY_BARS_LT_200,universe_daily,NSE_EQ|INE027T01023,1d,197,197 daily bars
INFO,DAILY_BARS_LT_200,universe_daily,NSE_EQ|INE05HV01027,1d,130,130 daily bars
INFO,DAILY_BARS_LT_200,universe_daily,NSE_EQ|INE05TO01019,1d,128,128 daily bars
INFO,DAILY_BARS_LT_200,universe_daily,NSE_EQ|INE05XR01022,1d,178,178 daily bars
INFO,DAILY_BARS_LT_200,universe_daily,NSE_EQ|INE064A01026,1d,118,118 daily bars
INFO,DAILY_BARS_LT_200,universe_daily,NSE_EQ|INE081G01019,1d,118,118 daily bars
INFO,DAILY_BARS_LT_200,universe_daily,NSE_EQ|INE083K01017,1d,118,118 daily bars
INFO,DAILY_BARS_LT_200,universe_daily,NSE_EQ|INE085D01033,1d,118,118 daily bars
INFO,DAILY_BARS_LT_200,universe_daily,NSE_EQ|INE0ADB01012,1d,134,134 daily bars
INFO,DAILY_BARS_LT_200,universe_daily,NSE_EQ|INE0ALI01010,1d,177,177 daily bars
INFO,DAILY_BARS_LT_200,universe_daily,NSE_EQ|INE0B9A01018,1d,154,154 daily bars
INFO,DAILY_BARS_LT_200,universe_daily,NSE_EQ|INE0H9F01037,1d,128,128 daily bars
INFO,DAILY_BARS_LT_200,universe_daily,NSE_EQ|INE0LGX01024,1d,144,144 daily bars
INFO,DAILY_BARS_LT_200,universe_daily,NSE_EQ|INE0OU201013,1d,157,157 daily bars
INFO,DAILY_BARS_LT_200,universe_daily,NSE_EQ|INE0UH301010,1d,146,146 daily bars
INFO,DAILY_BARS_LT_200,universe_daily,NSE_EQ|INE0V0W01025,1d,191,191 daily bars
INFO,DAILY_BARS_LT_200,universe_daily,NSE_EQ|INE115S01010,1d,177,177 daily bars
INFO,DAILY_BARS_LT_200,universe_daily,NSE_EQ|INE116C01012,1d,117,117 daily bars
INFO,DAILY_BARS_LT_200,universe_daily,NSE_EQ|INE119201023,1d,199,199 daily bars
INFO,DAILY_BARS_LT_200,universe_daily,NSE_EQ|INE121R01077,1d,176,176 daily bars
INFO,DAILY_BARS_LT_200,universe_daily,NSE_EQ|INE12F801023,1d,105,105 daily bars
INFO,DAILY_BARS_LT_200,universe_daily,NSE_EQ|INE12UN01015,1d,172,172 daily bars
INFO,DAILY_BARS_LT_200,universe_daily,NSE_EQ|INE131C01011,1d,118,118 daily bars
INFO,DAILY_BARS_LT_200,universe_daily,NSE_EQ|INE132C01027,1d,118,118 daily bars
INFO,DAILY_BARS_LT_200,universe_daily,NSE_EQ|INE166R01015,1d,117,117 daily bars
INFO,DAILY_BARS_LT_200,universe_daily,NSE_EQ|INE176J01011,1d,118,118 daily bars
INFO,DAILY_BARS_LT_200,universe_daily,NSE_EQ|INE177C01022,1d,118,118 daily bars
INFO,DAILY_BARS_LT_200,universe_daily,NSE_EQ|INE177F01017,1d,118,118 daily bars
INFO,DAILY_BARS_LT_200,universe_daily,NSE_EQ|INE185C01017,1d,117,117 daily bars
INFO,DAILY_BARS_LT_200,universe_daily,NSE_EQ|INE194D01017,1d,105,105 daily bars
INFO,DAILY_BARS_LT_200,universe_daily,NSE_EQ|INE19GK01015,1d,148,148 daily bars
INFO,DAILY_BARS_LT_200,universe_daily,NSE_EQ|INE1RDG01013,1d,147,147 daily bars
INFO,DAILY_BARS_LT_200,universe_daily,NSE_EQ|INE200D01020,1d,118,118 daily bars
INFO,DAILY_BARS_LT_200,universe_daily,NSE_EQ|INE207H01018,1d,118,118 daily bars
INFO,DAILY_BARS_LT_200,universe_daily,NSE_EQ|INE212S01015,1d,158,158 daily bars
INFO,DAILY_BARS_LT_200,universe_daily,NSE_EQ|INE213D01015,1d,118,118 daily bars
INFO,DAILY_BARS_LT_200,universe_daily,NSE_EQ|INE214F01026,1d,117,117 daily bars
INFO,DAILY_BARS_LT_200,universe_daily,NSE_EQ|INE220Z01013,1d,118,118 daily bars
INFO,DAILY_BARS_LT_200,universe_daily,NSE_EQ|INE225B01021,1d,118,118 daily bars
INFO,DAILY_BARS_LT_200,universe_daily,NSE_EQ|INE234A01025,1d,118,118 daily bars
INFO,DAILY_BARS_LT_200,universe_daily,NSE_EQ|INE24OJ01011,1d,167,167 daily bars
INFO,DAILY_BARS_LT_200,universe_daily,NSE_EQ|INE25E901019,1d,119,119 daily bars
INFO,DAILY_BARS_LT_200,universe_daily,NSE_EQ|INE265B01019,1d,118,118 daily bars
INFO,DAILY_BARS_LT_200,universe_daily,NSE_EQ|INE266D01021,1d,118,118 daily bars
INFO,DAILY_BARS_LT_200,universe_daily,NSE_EQ|INE270B01035,1d,118,118 daily bars
INFO,DAILY_BARS_LT_200,universe_daily,NSE_EQ|INE280B01018,1d,118,118 daily bars
INFO,DAILY_BARS_LT_200,universe_daily,NSE_EQ|INE291E01019,1d,118,118 daily bars
INFO,DAILY_BARS_LT_200,universe_daily,NSE_EQ|INE296E01026,1d,118,118 daily bars
INFO,DAILY_BARS_LT_200,universe_daily,NSE_EQ|INE2KCE01013,1d,158,158 daily bars
INFO,DAILY_BARS_LT_200,universe_daily,NSE_EQ|INE313L01016,1d,136,136 daily bars
INFO,DAILY_BARS_LT_200,universe_daily,NSE_EQ|INE314H01012,1d,117,117 daily bars
INFO,DAILY_BARS_LT_200,universe_daily,NSE_EQ|INE338F01015,1d,118,118 daily bars
INFO,DAILY_BARS_LT_200,universe_daily,NSE_EQ|INE346A01027,1d,197,197 daily bars
INFO,DAILY_BARS_LT_200,universe_daily,NSE_EQ|INE361K01017,1d,105,105 daily bars
INFO,DAILY_BARS_LT_200,universe_daily,NSE_EQ|INE365O01028,1d,118,118 daily bars
INFO,DAILY_BARS_LT_200,universe_daily,NSE_EQ|INE366C01021,1d,118,118 daily bars
INFO,DAILY_BARS_LT_200,universe_daily,NSE_EQ|INE372E01025,1d,118,118 daily bars
INFO,DAILY_BARS_LT_200,universe_daily,NSE_EQ|INE402H01015,1d,118,118 daily bars
INFO,DAILY_BARS_LT_200,universe_daily,NSE_EQ|INE405A01021,1d,118,118 daily bars
INFO,DAILY_BARS_LT_200,universe_daily,NSE_EQ|INE411F01010,1d,118,118 daily bars
INFO,DAILY_BARS_LT_200,universe_daily,NSE_EQ|INE413D01011,1d,118,118 daily bars
INFO,DAILY_BARS_LT_200,universe_daily,NSE_EQ|INE415B01044,1d,140,140 daily bars
INFO,DAILY_BARS_LT_200,universe_daily,NSE_EQ|INE417D01020,1d,118,118 daily bars
INFO,DAILY_BARS_LT_200,universe_daily,NSE_EQ|INE428V01029,1d,199,199 daily bars
INFO,DAILY_BARS_LT_200,universe_daily,NSE_EQ|INE435D01014,1d,118,118 daily bars
INFO,DAILY_BARS_LT_200,universe_daily,NSE_EQ|INE438E01032,1d,118,118 daily bars
INFO,DAILY_BARS_LT_200,universe_daily,NSE_EQ|INE440T01028,1d,118,118 daily bars
INFO,DAILY_BARS_LT_200,universe_daily,NSE_EQ|INE445D01013,1d,118,118 daily bars
INFO,DAILY_BARS_LT_200,universe_daily,NSE_EQ|INE469A01019,1d,118,118 daily bars
INFO,DAILY_BARS_LT_200,universe_daily,NSE_EQ|INE501X01029,1d,158,158 daily bars
INFO,DAILY_BARS_LT_200,universe_daily,NSE_EQ|INE507F01023,1d,118,118 daily bars
INFO,DAILY_BARS_LT_200,universe_daily,NSE_EQ|INE515A01019,1d,118,118 daily bars
INFO,DAILY_BARS_LT_200,universe_daily,NSE_EQ|INE515C01023,1d,116,116 daily bars
INFO,DAILY_BARS_LT_200,universe_daily,NSE_EQ|INE524T01011,1d,102,102 daily bars
INFO,DAILY_BARS_LT_200,universe_daily,NSE_EQ|INE525F01025,1d,118,118 daily bars
INFO,DAILY_BARS_LT_200,universe_daily,NSE_EQ|INE533A01012,1d,118,118 daily bars
INFO,DAILY_BARS_LT_200,universe_daily,NSE_EQ|INE552U01010,1d,118,118 daily bars
INFO,DAILY_BARS_LT_200,universe_daily,NSE_EQ|INE555P01013,1d,117,117 daily bars
INFO,DAILY_BARS_LT_200,universe_daily,NSE_EQ|INE572D01014,1d,118,118 daily bars
INFO,DAILY_BARS_LT_200,universe_daily,NSE_EQ|INE579B01039,1d,118,118 daily bars
INFO,DAILY_BARS_LT_200,universe_daily,NSE_EQ|INE586E01020,1d,118,118 daily bars
INFO,DAILY_BARS_LT_200,universe_daily,NSE_EQ|INE598D01035,1d,186,186 daily bars
INFO,DAILY_BARS_LT_200,universe_daily,NSE_EQ|INE620D01011,1d,113,113 daily bars
INFO,DAILY_BARS_LT_200,universe_daily,NSE_EQ|INE631R01026,1d,118,118 daily bars
INFO,DAILY_BARS_LT_200,universe_daily,NSE_EQ|INE638A01035,1d,136,136 daily bars
INFO,DAILY_BARS_LT_200,universe_daily,NSE_EQ|INE640B01021,1d,118,118 daily bars
INFO,DAILY_BARS_LT_200,universe_daily,NSE_EQ|INE641R01017,1d,118,118 daily bars
INFO,DAILY_BARS_LT_200,universe_daily,NSE_EQ|INE647U01026,1d,148,148 daily bars
INFO,DAILY_BARS_LT_200,universe_daily,NSE_EQ|INE650G01029,1d,118,118 daily bars
INFO,DAILY_BARS_LT_200,universe_daily,NSE_EQ|INE655V01019,1d,129,129 daily bars
INFO,DAILY_BARS_LT_200,universe_daily,NSE_EQ|INE669R01026,1d,118,118 daily bars
INFO,DAILY_BARS_LT_200,universe_daily,NSE_EQ|INE689O01013,1d,117,117 daily bars
INFO,DAILY_BARS_LT_200,universe_daily,NSE_EQ|INE701G01012,1d,118,118 daily bars
INFO,DAILY_BARS_LT_200,universe_daily,NSE_EQ|INE704G01024,1d,118,118 daily bars
INFO,DAILY_BARS_LT_200,universe_daily,NSE_EQ|INE713R01022,1d,133,133 daily bars
INFO,DAILY_BARS_LT_200,universe_daily,NSE_EQ|INE717A01029,1d,118,118 daily bars
INFO,DAILY_BARS_LT_200,universe_daily,NSE_EQ|INE722B01019,1d,118,118 daily bars
INFO,DAILY_BARS_LT_200,universe_daily,NSE_EQ|INE731F01037,1d,118,118 daily bars
INFO,DAILY_BARS_LT_200,universe_daily,NSE_EQ|INE757T01025,1d,141,141 daily bars
INFO,DAILY_BARS_LT_200,universe_daily,NSE_EQ|INE765D01022,1d,118,118 daily bars
INFO,DAILY_BARS_LT_200,universe_daily,NSE_EQ|INE819A01049,1d,118,118 daily bars
INFO,DAILY_BARS_LT_200,universe_daily,NSE_EQ|INE850B01026,1d,118,118 daily bars
INFO,DAILY_BARS_LT_200,universe_daily,NSE_EQ|INE861D01011,1d,123,123 daily bars
INFO,DAILY_BARS_LT_200,universe_daily,NSE_EQ|INE875B01015,1d,127,127 daily bars
INFO,DAILY_BARS_LT_200,universe_daily,NSE_EQ|INE884B01025,1d,118,118 daily bars
INFO,DAILY_BARS_LT_200,universe_daily,NSE_EQ|INE887D01016,1d,120,120 daily bars
INFO,DAILY_BARS_LT_200,universe_daily,NSE_EQ|INE910A01012,1d,118,118 daily bars
INFO,DAILY_BARS_LT_200,universe_daily,NSE_EQ|INE921L01032,1d,128,128 daily bars
INFO,DAILY_BARS_LT_200,universe_daily,NSE_EQ|INE926B01016,1d,118,118 daily bars
INFO,DAILY_BARS_LT_200,universe_daily,NSE_EQ|INE927X01018,1d,118,118 daily bars
INFO,DAILY_BARS_LT_200,universe_daily,NSE_EQ|INE928C01010,1d,118,118 daily bars
INFO,DAILY_BARS_LT_200,universe_daily,NSE_EQ|INE934C01018,1d,118,118 daily bars
INFO,DAILY_BARS_LT_200,universe_daily,NSE_EQ|INE945F01025,1d,118,118 daily bars
INFO,DAILY_BARS_LT_200,universe_daily,NSE_EQ|INE951M01037,1d,118,118 daily bars
INFO,DAILY_BARS_LT_200,universe_daily,NSE_EQ|INE967G01019,1d,117,117 daily bars
INFO,DAILY_BARS_LT_200,universe_daily,NSE_EQ|INE972A01020,1d,118,118 daily bars
INFO,DAILY_BARS_LT_200,universe_daily,NSE_EQ|INE979B01015,1d,118,118 daily bars
INFO,DAILY_BARS_LT_200,universe_daily,NSE_EQ|INE987S01020,1d,195,195 daily bars
INFO,DAILY_BARS_LT_200,universe_daily,NSE_EQ|INE994E01018,1d,118,118 daily bars
INFO,DAILY_BARS_LT_200,universe_daily,NSE_EQ|INE997I01012,1d,112,112 daily bars
INFO,DAILY_BARS_LT_200,universe_daily,NSE_EQ|INF174KA1YO3,1d,179,179 daily bars
INFO,DAILY_BARS_LT_200,universe_daily,NSE_EQ|INF1J2R01171,1d,147,147 daily bars
INFO,DAILY_BARS_LT_200,universe_daily,NSE_EQ|INF200KB1AJ0,1d,144,144 daily bars
INFO,DAILY_BARS_LT_200,universe_daily,NSE_EQ|INF200KB1AK8,1d,126,126 daily bars
INFO,DAILY_BARS_LT_200,universe_daily,NSE_EQ|INF209KC1662,1d,152,152 daily bars
INFO,DAILY_BARS_LT_200,universe_daily,NSE_EQ|INF209KC1670,1d,146,146 daily bars
INFO,DAILY_BARS_LT_200,universe_daily,NSE_EQ|INF247L01GV8,1d,122,122 daily bars
INFO,DAILY_BARS_LT_200,universe_daily,NSE_EQ|INF2F0001370,1d,187,187 daily bars
INFO,DAILY_BARS_LT_200,universe_daily,NSE_EQ|INF336L01RX2,1d,130,130 daily bars
INFO,DAILY_BARS_LT_200,universe_daily,NSE_EQ|INF666M01NI0,1d,194,194 daily bars
INFO,DAILY_BARS_LT_200,universe_daily,NSE_EQ|INF666M01NP5,1d,178,178 daily bars
INFO,DAILY_BARS_LT_200,universe_daily,NSE_EQ|INF666M01NQ3,1d,160,160 daily bars
INFO,DAILY_BARS_LT_200,universe_daily,NSE_EQ|INF666M01OD9,1d,145,145 daily bars
INFO,DAILY_BARS_LT_200,universe_daily,NSE_EQ|INF666M01OG2,1d,130,130 daily bars
INFO,DAILY_BARS_LT_200,universe_daily,NSE_EQ|INF740KA1WW5,1d,197,197 daily bars
INFO,DAILY_BARS_LT_200,universe_daily,NSE_EQ|INF740KA1WX3,1d,197,197 daily bars
INFO,DAILY_BARS_LT_200,universe_daily,NSE_EQ|INF740KA1XU7,1d,182,182 daily bars
INFO,DAILY_BARS_LT_200,universe_daily,NSE_EQ|INF740KA1YH2,1d,140,140 daily bars
INFO,DAILY_BARS_LT_200,universe_daily,NSE_EQ|INF769K01PY8,1d,196,196 daily bars
INFO,DAILY_BARS_LT_200,universe_daily,NSE_EQ|INF769K01PZ5,1d,196,196 daily bars
INFO,DAILY_BARS_LT_200,universe_daily,NSE_EQ|INF769K01QA6,1d,157,157 daily bars
INFO,DAILY_BARS_LT_200,universe_daily,NSE_EQ|INF769K01QB4,1d,155,155 daily bars
INFO,DAILY_BARS_LT_200,universe_daily,NSE_EQ|INF769K01QC2,1d,154,154 daily bars
INFO,DAILY_BARS_LT_200,universe_daily,NSE_EQ|INF769K01QV2,1d,130,130 daily bars
INFO,DAILY_BARS_LT_200,indices_daily,NSE_INDEX|Nifty Cement,1d,104,104 daily bars
INFO,DAILY_BARS_LT_200,indices_daily,NSE_INDEX|Nifty MidSmall 50 50,1d,104,104 daily bars
INFO,DAILY_BARS_LT_200,indices_daily,NSE_INDEX|Nifty REITs Realty,1d,104,104 daily bars
INFO,DAILY_BARS_LT_200,indices_daily,NSE_INDEX|Nifty RailwaysPSU,1d,163,163 daily bars
INFO,DAILY_BARS_LT_200,indices_daily,NSE_INDEX|Nifty Smallcap 500,1d,104,104 daily bars
INFO,DAILY_BARS_LT_200,indices_daily,NSE_INDEX|NiftyConglomerate,1d,163,163 daily bars
INFO,DAILY_BARS_LT_26,universe_daily,NSE_EQ|INE137M01017,1d,24,24 daily bars
INFO,DAILY_BARS_LT_26,universe_daily,NSE_EQ|INE165G01010,1d,21,21 daily bars
INFO,DAILY_BARS_LT_26,universe_daily,NSE_EQ|INE217S01014,1d,24,24 daily bars
INFO,DAILY_BARS_LT_26,universe_daily,NSE_EQ|INE252A01019,1d,17,17 daily bars
INFO,DAILY_BARS_LT_26,universe_daily,NSE_EQ|INE574G01013,1d,24,24 daily bars
INFO,DAILY_BARS_LT_26,universe_daily,NSE_EQ|INE726E01014,1d,25,25 daily bars
INFO,DAILY_BARS_LT_26,universe_daily,NSE_EQ|INF740KA1ZI7,1d,22,22 daily bars
INFO,DAILY_BARS_LT_50,universe_daily,NSE_EQ|INE005C01017,1d,36,36 daily bars
INFO,DAILY_BARS_LT_50,universe_daily,NSE_EQ|INE009C01019,1d,35,35 daily bars
INFO,DAILY_BARS_LT_50,universe_daily,NSE_EQ|INE00GO01025,1d,37,37 daily bars
INFO,DAILY_BARS_LT_50,universe_daily,NSE_EQ|INE00IT01020,1d,35,35 daily bars
INFO,DAILY_BARS_LT_50,universe_daily,NSE_EQ|INE00IY01012,1d,36,36 daily bars
INFO,DAILY_BARS_LT_50,universe_daily,NSE_EQ|INE010C01025,1d,36,36 daily bars
INFO,DAILY_BARS_LT_50,universe_daily,NSE_EQ|INE011D01013,1d,33,33 daily bars
INFO,DAILY_BARS_LT_50,universe_daily,NSE_EQ|INE01NH01023,1d,36,36 daily bars
INFO,DAILY_BARS_LT_50,universe_daily,NSE_EQ|INE026D01011,1d,36,36 daily bars
INFO,DAILY_BARS_LT_50,universe_daily,NSE_EQ|INE030C01015,1d,35,35 daily bars
INFO,DAILY_BARS_LT_50,universe_daily,NSE_EQ|INE031G01022,1d,36,36 daily bars
INFO,DAILY_BARS_LT_50,universe_daily,NSE_EQ|INE032E01017,1d,35,35 daily bars
INFO,DAILY_BARS_LT_50,universe_daily,NSE_EQ|INE035S01028,1d,36,36 daily bars
INFO,DAILY_BARS_LT_50,universe_daily,NSE_EQ|INE054C01015,1d,36,36 daily bars
INFO,DAILY_BARS_LT_50,universe_daily,NSE_EQ|INE058F01019,1d,36,36 daily bars
INFO,DAILY_BARS_LT_50,universe_daily,NSE_EQ|INE05C901015,1d,43,43 daily bars
INFO,DAILY_BARS_LT_50,universe_daily,NSE_EQ|INE068B01017,1d,36,36 daily bars
INFO,DAILY_BARS_LT_50,universe_daily,NSE_EQ|INE074C01013,1d,36,36 daily bars
INFO,DAILY_BARS_LT_50,universe_daily,NSE_EQ|INE084101034,1d,48,48 daily bars
INFO,DAILY_BARS_LT_50,universe_daily,NSE_EQ|INE084D01010,1d,36,36 daily bars
INFO,DAILY_BARS_LT_50,universe_daily,NSE_EQ|INE097E01028,1d,36,36 daily bars
INFO,DAILY_BARS_LT_50,universe_daily,NSE_EQ|INE0AK901016,1d,35,35 daily bars
INFO,DAILY_BARS_LT_50,universe_daily,NSE_EQ|INE0CPR01018,1d,36,36 daily bars
INFO,DAILY_BARS_LT_50,universe_daily,NSE_EQ|INE0FOO01011,1d,34,34 daily bars
INFO,DAILY_BARS_LT_50,universe_daily,NSE_EQ|INE0K9O01026,1d,31,31 daily bars
INFO,DAILY_BARS_LT_50,universe_daily,NSE_EQ|INE0LZF01013,1d,38,38 daily bars
INFO,DAILY_BARS_LT_50,universe_daily,NSE_EQ|INE0NG701011,1d,48,48 daily bars
INFO,DAILY_BARS_LT_50,universe_daily,NSE_EQ|INE0OWZ01020,1d,43,43 daily bars
INFO,DAILY_BARS_LT_50,universe_daily,NSE_EQ|INE0QJW01029,1d,48,48 daily bars
INFO,DAILY_BARS_LT_50,universe_daily,NSE_EQ|INE0XNF01022,1d,39,39 daily bars
INFO,DAILY_BARS_LT_50,universe_daily,NSE_EQ|INE130L01014,1d,36,36 daily bars
INFO,DAILY_BARS_LT_50,universe_daily,NSE_EQ|INE145E01017,1d,36,36 daily bars
INFO,DAILY_BARS_LT_50,universe_daily,NSE_EQ|INE154B01023,1d,36,36 daily bars
INFO,DAILY_BARS_LT_50,universe_daily,NSE_EQ|INE159L01013,1d,36,36 daily bars
INFO,DAILY_BARS_LT_50,universe_daily,NSE_EQ|INE167H01014,1d,33,33 daily bars
INFO,DAILY_BARS_LT_50,universe_daily,NSE_EQ|INE173M01012,1d,36,36 daily bars
INFO,DAILY_BARS_LT_50,universe_daily,NSE_EQ|INE178T01024,1d,36,36 daily bars
INFO,DAILY_BARS_LT_50,universe_daily,NSE_EQ|INE194R01017,1d,36,36 daily bars
INFO,DAILY_BARS_LT_50,universe_daily,NSE_EQ|INE199E01014,1d,36,36 daily bars
INFO,DAILY_BARS_LT_50,universe_daily,NSE_EQ|INE1D0W01018,1d,37,37 daily bars
INFO,DAILY_BARS_LT_50,universe_daily,NSE_EQ|INE1EEM01017,1d,34,34 daily bars
INFO,DAILY_BARS_LT_50,universe_daily,NSE_EQ|INE205F01016,1d,34,34 daily bars
INFO,DAILY_BARS_LT_50,universe_daily,NSE_EQ|INE222F01029,1d,36,36 daily bars
INFO,DAILY_BARS_LT_50,universe_daily,NSE_EQ|INE227B01019,1d,36,36 daily bars
INFO,DAILY_BARS_LT_50,universe_daily,NSE_EQ|INE227F01010,1d,36,36 daily bars
INFO,DAILY_BARS_LT_50,universe_daily,NSE_EQ|INE245B01011,1d,36,36 daily bars
INFO,DAILY_BARS_LT_50,universe_daily,NSE_EQ|INE247C01023,1d,36,36 daily bars
INFO,DAILY_BARS_LT_50,universe_daily,NSE_EQ|INE258R01028,1d,36,36 daily bars
INFO,DAILY_BARS_LT_50,universe_daily,NSE_EQ|INE265D01015,1d,34,34 daily bars
INFO,DAILY_BARS_LT_50,universe_daily,NSE_EQ|INE284B01028,1d,36,36 daily bars
INFO,DAILY_BARS_LT_50,universe_daily,NSE_EQ|INE285C01015,1d,36,36 daily bars
INFO,DAILY_BARS_LT_50,universe_daily,NSE_EQ|INE286N01028,1d,36,36 daily bars
INFO,DAILY_BARS_LT_50,universe_daily,NSE_EQ|INE290E01011,1d,35,35 daily bars
INFO,DAILY_BARS_LT_50,universe_daily,NSE_EQ|INE298W01016,1d,36,36 daily bars
INFO,DAILY_BARS_LT_50,universe_daily,NSE_EQ|INE299D01022,1d,36,36 daily bars
INFO,DAILY_BARS_LT_50,universe_daily,NSE_EQ|INE304D01012,1d,32,32 daily bars
INFO,DAILY_BARS_LT_50,universe_daily,NSE_EQ|INE311M01018,1d,36,36 daily bars
INFO,DAILY_BARS_LT_50,universe_daily,NSE_EQ|INE316A01038,1d,36,36 daily bars
INFO,DAILY_BARS_LT_50,universe_daily,NSE_EQ|INE320I01017,1d,36,36 daily bars
INFO,DAILY_BARS_LT_50,universe_daily,NSE_EQ|INE327G01032,1d,36,36 daily bars
INFO,DAILY_BARS_LT_50,universe_daily,NSE_EQ|INE330E01023,1d,36,36 daily bars
INFO,DAILY_BARS_LT_50,universe_daily,NSE_EQ|INE341H01023,1d,36,36 daily bars
INFO,DAILY_BARS_LT_50,universe_daily,NSE_EQ|INE344D01018,1d,35,35 daily bars
INFO,DAILY_BARS_LT_50,universe_daily,NSE_EQ|INE348N01042,1d,36,36 daily bars
INFO,DAILY_BARS_LT_50,universe_daily,NSE_EQ|INE354A01013,1d,36,36 daily bars
INFO,DAILY_BARS_LT_50,universe_daily,NSE_EQ|INE359B01010,1d,36,36 daily bars
INFO,DAILY_BARS_LT_50,universe_daily,NSE_EQ|INE359U01028,1d,36,36 daily bars
INFO,DAILY_BARS_LT_50,universe_daily,NSE_EQ|INE362D01010,1d,35,35 daily bars
INFO,DAILY_BARS_LT_50,universe_daily,NSE_EQ|INE365Y01019,1d,36,36 daily bars
INFO,DAILY_BARS_LT_50,universe_daily,NSE_EQ|INE372M01010,1d,36,36 daily bars
INFO,DAILY_BARS_LT_50,universe_daily,NSE_EQ|INE373T01047,1d,36,36 daily bars
INFO,DAILY_BARS_LT_50,universe_daily,NSE_EQ|INE380K01017,1d,36,36 daily bars
INFO,DAILY_BARS_LT_50,universe_daily,NSE_EQ|INE383L01019,1d,36,36 daily bars
INFO,DAILY_BARS_LT_50,universe_daily,NSE_EQ|INE390D01011,1d,30,30 daily bars
INFO,DAILY_BARS_LT_50,universe_daily,NSE_EQ|INE398L01017,1d,36,36 daily bars
INFO,DAILY_BARS_LT_50,universe_daily,NSE_EQ|INE400A01014,1d,36,36 daily bars
INFO,DAILY_BARS_LT_50,universe_daily,NSE_EQ|INE400G01011,1d,36,36 daily bars
INFO,DAILY_BARS_LT_50,universe_daily,NSE_EQ|INE414Y01015,1d,36,36 daily bars
INFO,DAILY_BARS_LT_50,universe_daily,NSE_EQ|INE418E01018,1d,36,36 daily bars
INFO,DAILY_BARS_LT_50,universe_daily,NSE_EQ|INE432F01032,1d,36,36 daily bars
INFO,DAILY_BARS_LT_50,universe_daily,NSE_EQ|INE440G01017,1d,36,36 daily bars
INFO,DAILY_BARS_LT_50,universe_daily,NSE_EQ|INE442D01010,1d,36,36 daily bars
INFO,DAILY_BARS_LT_50,universe_daily,NSE_EQ|INE449C01025,1d,36,36 daily bars
INFO,DAILY_BARS_LT_50,universe_daily,NSE_EQ|INE451C01013,1d,36,36 daily bars
INFO,DAILY_BARS_LT_50,universe_daily,NSE_EQ|INE457G01029,1d,36,36 daily bars
INFO,DAILY_BARS_LT_50,universe_daily,NSE_EQ|INE457P01020,1d,36,36 daily bars
INFO,DAILY_BARS_LT_50,universe_daily,NSE_EQ|INE459N01021,1d,44,44 daily bars
INFO,DAILY_BARS_LT_50,universe_daily,NSE_EQ|INE460D01038,1d,36,36 daily bars
INFO,DAILY_BARS_LT_50,universe_daily,NSE_EQ|INE467D01017,1d,36,36 daily bars
INFO,DAILY_BARS_LT_50,universe_daily,NSE_EQ|INE478D01014,1d,36,36 daily bars
INFO,DAILY_BARS_LT_50,universe_daily,NSE_EQ|INE484D01012,1d,36,36 daily bars
INFO,DAILY_BARS_LT_50,universe_daily,NSE_EQ|INE493H01014,1d,33,33 daily bars
INFO,DAILY_BARS_LT_50,universe_daily,NSE_EQ|INE501F01018,1d,28,28 daily bars
INFO,DAILY_BARS_LT_50,universe_daily,NSE_EQ|INE515H01014,1d,36,36 daily bars
INFO,DAILY_BARS_LT_50,universe_daily,NSE_EQ|INE519D01015,1d,36,36 daily bars
INFO,DAILY_BARS_LT_50,universe_daily,NSE_EQ|INE531X01018,1d,35,35 daily bars
INFO,DAILY_BARS_LT_50,universe_daily,NSE_EQ|INE533C01018,1d,36,36 daily bars
INFO,DAILY_BARS_LT_50,universe_daily,NSE_EQ|INE550F01049,1d,36,36 daily bars
INFO,DAILY_BARS_LT_50,universe_daily,NSE_EQ|INE551B01012,1d,36,36 daily bars
INFO,DAILY_BARS_LT_50,universe_daily,NSE_EQ|INE551C01044,1d,37,37 daily bars
INFO,DAILY_BARS_LT_50,universe_daily,NSE_EQ|INE555C01029,1d,36,36 daily bars
INFO,DAILY_BARS_LT_50,universe_daily,NSE_EQ|INE558A01019,1d,36,36 daily bars
INFO,DAILY_BARS_LT_50,universe_daily,NSE_EQ|INE564J01026,1d,36,36 daily bars
INFO,DAILY_BARS_LT_50,universe_daily,NSE_EQ|INE566M01017,1d,36,36 daily bars
INFO,DAILY_BARS_LT_50,universe_daily,NSE_EQ|INE577D01013,1d,36,36 daily bars
INFO,DAILY_BARS_LT_50,universe_daily,NSE_EQ|INE588G01021,1d,36,36 daily bars
INFO,DAILY_BARS_LT_50,universe_daily,NSE_EQ|INE595R01023,1d,36,36 daily bars
INFO,DAILY_BARS_LT_50,universe_daily,NSE_EQ|INE596B01017,1d,29,29 daily bars
INFO,DAILY_BARS_LT_50,universe_daily,NSE_EQ|INE630D01010,1d,36,36 daily bars
INFO,DAILY_BARS_LT_50,universe_daily,NSE_EQ|INE638B01025,1d,36,36 daily bars
INFO,DAILY_BARS_LT_50,universe_daily,NSE_EQ|INE653C01022,1d,35,35 daily bars
INFO,DAILY_BARS_LT_50,universe_daily,NSE_EQ|INE664D01019,1d,36,36 daily bars
INFO,DAILY_BARS_LT_50,universe_daily,NSE_EQ|INE670O01013,1d,36,36 daily bars
INFO,DAILY_BARS_LT_50,universe_daily,NSE_EQ|INE671C01016,1d,33,33 daily bars
INFO,DAILY_BARS_LT_50,universe_daily,NSE_EQ|INE671K01027,1d,36,36 daily bars
INFO,DAILY_BARS_LT_50,universe_daily,NSE_EQ|INE684B01029,1d,36,36 daily bars
INFO,DAILY_BARS_LT_50,universe_daily,NSE_EQ|INE685T01010,1d,31,31 daily bars
INFO,DAILY_BARS_LT_50,universe_daily,NSE_EQ|INE692C01020,1d,36,36 daily bars
INFO,DAILY_BARS_LT_50,universe_daily,NSE_EQ|INE693D01018,1d,34,34 daily bars
INFO,DAILY_BARS_LT_50,universe_daily,NSE_EQ|INE700F01024,1d,36,36 daily bars
INFO,DAILY_BARS_LT_50,universe_daily,NSE_EQ|INE715T01031,1d,36,36 daily bars
INFO,DAILY_BARS_LT_50,universe_daily,NSE_EQ|INE716D01033,1d,36,36 daily bars
INFO,DAILY_BARS_LT_50,universe_daily,NSE_EQ|INE716F01012,1d,36,36 daily bars
INFO,DAILY_BARS_LT_50,universe_daily,NSE_EQ|INE741A01011,1d,35,35 daily bars
INFO,DAILY_BARS_LT_50,universe_daily,NSE_EQ|INE755Q01025,1d,36,36 daily bars
INFO,DAILY_BARS_LT_50,universe_daily,NSE_EQ|INE757C01021,1d,35,35 daily bars
INFO,DAILY_BARS_LT_50,universe_daily,NSE_EQ|INE758A01072,1d,36,36 daily bars
INFO,DAILY_BARS_LT_50,universe_daily,NSE_EQ|INE759F01012,1d,36,36 daily bars
INFO,DAILY_BARS_LT_50,universe_daily,NSE_EQ|INE761Q01015,1d,36,36 daily bars
INFO,DAILY_BARS_LT_50,universe_daily,NSE_EQ|INE767C01012,1d,36,36 daily bars
INFO,DAILY_BARS_LT_50,universe_daily,NSE_EQ|INE782D01027,1d,32,32 daily bars
INFO,DAILY_BARS_LT_50,universe_daily,NSE_EQ|INE791B01014,1d,36,36 daily bars
INFO,DAILY_BARS_LT_50,universe_daily,NSE_EQ|INE798F01010,1d,27,27 daily bars
INFO,DAILY_BARS_LT_50,universe_daily,NSE_EQ|INE822B01017,1d,36,36 daily bars
INFO,DAILY_BARS_LT_50,universe_daily,NSE_EQ|INE823B01015,1d,36,36 daily bars
INFO,DAILY_BARS_LT_50,universe_daily,NSE_EQ|INE829S01016,1d,34,34 daily bars
INFO,DAILY_BARS_LT_50,universe_daily,NSE_EQ|INE839E01023,1d,36,36 daily bars
INFO,DAILY_BARS_LT_50,universe_daily,NSE_EQ|INE841D01013,1d,36,36 daily bars
INFO,DAILY_BARS_LT_50,universe_daily,NSE_EQ|INE843L01012,1d,34,34 daily bars
INFO,DAILY_BARS_LT_50,universe_daily,NSE_EQ|INE855A01019,1d,32,32 daily bars
INFO,DAILY_BARS_LT_50,universe_daily,NSE_EQ|INE869T01028,1d,36,36 daily bars
INFO,DAILY_BARS_LT_50,universe_daily,NSE_EQ|INE879K01018,1d,36,36 daily bars
INFO,DAILY_BARS_LT_50,universe_daily,NSE_EQ|INE883C01025,1d,36,36 daily bars
INFO,DAILY_BARS_LT_50,universe_daily,NSE_EQ|INE886B01012,1d,36,36 daily bars
INFO,DAILY_BARS_LT_50,universe_daily,NSE_EQ|INE898Q01015,1d,36,36 daily bars
INFO,DAILY_BARS_LT_50,universe_daily,NSE_EQ|INE914G01029,1d,35,35 daily bars
INFO,DAILY_BARS_LT_50,universe_daily,NSE_EQ|INE920C01017,1d,36,36 daily bars
INFO,DAILY_BARS_LT_50,universe_daily,NSE_EQ|INE938C01019,1d,34,34 daily bars
INFO,DAILY_BARS_LT_50,universe_daily,NSE_EQ|INE945P01024,1d,36,36 daily bars
INFO,DAILY_BARS_LT_50,universe_daily,NSE_EQ|INE953E01022,1d,36,36 daily bars
INFO,DAILY_BARS_LT_50,universe_daily,NSE_EQ|INE960A01017,1d,36,36 daily bars
INFO,DAILY_BARS_LT_50,universe_daily,NSE_EQ|INE960E01019,1d,36,36 daily bars
INFO,DAILY_BARS_LT_50,universe_daily,NSE_EQ|INE967A01012,1d,36,36 daily bars
INFO,DAILY_BARS_LT_50,universe_daily,NSE_EQ|INE967B01028,1d,36,36 daily bars
INFO,DAILY_BARS_LT_50,universe_daily,NSE_EQ|INE987A01010,1d,36,36 daily bars
INFO,DAILY_BARS_LT_50,universe_daily,NSE_EQ|INF109K1A567,1d,43,43 daily bars
INFO,DAILY_BARS_LT_50,universe_daily,NSE_EQ|INF179KC1KT4,1d,46,46 daily bars
INFO,DAILY_BARS_LT_50,universe_daily,NSE_EQ|INF205KA1CA1,1d,31,31 daily bars
INFO,DAILY_BARS_LT_50,universe_daily,NSE_EQ|INF205KA1CB9,1d,31,31 daily bars
INFO,DAILY_BARS_LT_50,universe_daily,NSE_EQ|INF22M001184,1d,32,32 daily bars
INFO,DAILY_BARS_LT_50,universe_daily,NSE_EQ|INF247L01HG7,1d,42,42 daily bars
INFO,DAILY_BARS_LT_50,universe_daily,NSE_EQ|INF247L01HH5,1d,42,42 daily bars
INFO,DAILY_BARS_LT_50,universe_daily,NSE_EQ|INF666M01PH7,1d,49,49 daily bars
INFO,DAILY_BARS_LT_50,universe_daily,NSE_EQ|INF740KA1ZH9,1d,41,41 daily bars
INFO,DAILY_BARS_LT_50,universe_daily,NSE_EQ|INF754K01XG1,1d,49,49 daily bars
INFO,DAILY_BARS_LT_50,universe_daily,NSE_EQ|INF754K01XH9,1d,43,43 daily bars
INFO,DAILY_BARS_LT_50,universe_daily,NSE_EQ|INF754K01XI7,1d,43,43 daily bars
INFO,DAILY_BARS_LT_50,universe_daily,NSE_EQ|INF769K01RJ5,1d,46,46 daily bars
INFO,DAILY_BARS_LT_50,universe_daily,NSE_EQ|INF769K01RK3,1d,32,32 daily bars
INFO,DAILY_BARS_LT_50,universe_daily,NSE_EQ|INF789F1AG68,1d,41,41 daily bars
INFO,FLAT_BAR_RUN_OLD,universe_daily,NSE_EQ|IN9175A01010,1d,14,14 consecutive flat bars ending 2020-04-29
INFO,FLAT_BAR_RUN_OLD,universe_daily,NSE_EQ|INE001B01026,1d,7,7 consecutive flat bars ending 2003-04-25
INFO,FLAT_BAR_RUN_OLD,universe_daily,NSE_EQ|INE005I01014,1d,16,16 consecutive flat bars ending 2013-12-31
INFO,FLAT_BAR_RUN_OLD,universe_daily,NSE_EQ|INE006Z01016,1d,13,13 consecutive flat bars ending 2021-04-07
INFO,FLAT_BAR_RUN_OLD,universe_daily,NSE_EQ|INE007B01023,1d,6,6 consecutive flat bars ending 2008-01-28
INFO,FLAT_BAR_RUN_OLD,universe_daily,NSE_EQ|INE00CA01015,1d,18,18 consecutive flat bars ending 2023-09-15
INFO,FLAT_BAR_RUN_OLD,universe_daily,NSE_EQ|INE00IK01029,1d,26,26 consecutive flat bars ending 2021-04-01
INFO,FLAT_BAR_RUN_OLD,universe_daily,NSE_EQ|INE00KV01022,1d,11,11 consecutive flat bars ending 2021-03-03
INFO,FLAT_BAR_RUN_OLD,universe_daily,NSE_EQ|INE00LM01029,1d,14,14 consecutive flat bars ending 2019-12-20
INFO,FLAT_BAR_RUN_OLD,universe_daily,NSE_EQ|INE00OQ01016,1d,6,6 consecutive flat bars ending 2025-08-22
INFO,FLAT_BAR_RUN_OLD,universe_daily,NSE_EQ|INE00S901012,1d,24,24 consecutive flat bars ending 2024-06-11
INFO,FLAT_BAR_RUN_OLD,universe_daily,NSE_EQ|INE00WC01027,1d,5,5 consecutive flat bars ending 2020-04-17
INFO,FLAT_BAR_RUN_OLD,universe_daily,NSE_EQ|INE00Y801016,1d,20,20 consecutive flat bars ending 2021-04-19
INFO,FLAT_BAR_RUN_OLD,universe_daily,NSE_EQ|INE00Z501029,1d,14,14 consecutive flat bars ending 2024-01-31
INFO,FLAT_BAR_RUN_OLD,universe_daily,NSE_EQ|INE010J01012,1d,5,5 consecutive flat bars ending 2021-08-04
INFO,FLAT_BAR_RUN_OLD,universe_daily,NSE_EQ|INE013801027,1d,24,24 consecutive flat bars ending 2023-08-25
INFO,FLAT_BAR_RUN_OLD,universe_daily,NSE_EQ|INE014B01011,1d,18,18 consecutive flat bars ending 2025-06-25
INFO,FLAT_BAR_RUN_OLD,universe_daily,NSE_EQ|INE015D01022,1d,5,5 consecutive flat bars ending 2014-12-11
INFO,FLAT_BAR_RUN_OLD,universe_daily,NSE_EQ|INE016M01021,1d,22,22 consecutive flat bars ending 2021-06-02
INFO,FLAT_BAR_RUN_OLD,universe_daily,NSE_EQ|INE017W01010,1d,8,8 consecutive flat bars ending 2023-08-01
INFO,FLAT_BAR_RUN_OLD,universe_daily,NSE_EQ|INE018401013,1d,27,27 consecutive flat bars ending 2024-02-07
INFO,FLAT_BAR_RUN_OLD,universe_daily,NSE_EQ|INE019J01013,1d,9,9 consecutive flat bars ending 2013-12-30
INFO,FLAT_BAR_RUN_OLD,universe_daily,NSE_EQ|INE01EE01011,1d,13,13 consecutive flat bars ending 2017-01-09
INFO,FLAT_BAR_RUN_OLD,universe_daily,NSE_EQ|INE01GN01025,1d,16,16 consecutive flat bars ending 2019-04-01
INFO,FLAT_BAR_RUN_OLD,universe_daily,NSE_EQ|INE01II01013,1d,20,20 consecutive flat bars ending 2020-07-10
INFO,FLAT_BAR_RUN_OLD,universe_daily,NSE_EQ|INE01JE01028,1d,6,6 consecutive flat bars ending 2016-04-20
INFO,FLAT_BAR_RUN_OLD,universe_daily,NSE_EQ|INE01KI01027,1d,21,21 consecutive flat bars ending 2024-04-02
INFO,FLAT_BAR_RUN_OLD,universe_daily,NSE_EQ|INE01NE01012,1d,16,16 consecutive flat bars ending 2024-12-24
INFO,FLAT_BAR_RUN_OLD,universe_daily,NSE_EQ|INE01P501012,1d,6,6 consecutive flat bars ending 2020-10-15
INFO,FLAT_BAR_RUN_OLD,universe_daily,NSE_EQ|INE020J01029,1d,8,8 consecutive flat bars ending 2020-06-24
INFO,FLAT_BAR_RUN_OLD,universe_daily,NSE_EQ|INE022I01019,1d,8,8 consecutive flat bars ending 2012-06-15
INFO,FLAT_BAR_RUN_OLD,universe_daily,NSE_EQ|INE023A01030,1d,14,14 consecutive flat bars ending 2013-08-02
INFO,FLAT_BAR_RUN_OLD,universe_daily,NSE_EQ|INE023H01027,1d,8,8 consecutive flat bars ending 2025-09-26
INFO,FLAT_BAR_RUN_OLD,universe_daily,NSE_EQ|INE024L01027,1d,11,11 consecutive flat bars ending 2013-03-13
INFO,FLAT_BAR_RUN_OLD,universe_daily,NSE_EQ|INE025B01025,1d,5,5 consecutive flat bars ending 2009-06-03
INFO,FLAT_BAR_RUN_OLD,universe_daily,NSE_EQ|INE029L01018,1d,12,12 consecutive flat bars ending 2013-08-21
INFO,FLAT_BAR_RUN_OLD,universe_daily,NSE_EQ|INE02AR01019,1d,7,7 consecutive flat bars ending 2023-08-08
INFO,FLAT_BAR_RUN_OLD,universe_daily,NSE_EQ|INE02EZ01022,1d,9,9 consecutive flat bars ending 2023-05-12
INFO,FLAT_BAR_RUN_OLD,universe_daily,NSE_EQ|INE02PY01013,1d,5,5 consecutive flat bars ending 2020-07-29
INFO,FLAT_BAR_RUN_OLD,universe_daily,NSE_EQ|INE02WG01024,1d,19,19 consecutive flat bars ending 2021-05-07
INFO,FLAT_BAR_RUN_OLD,universe_daily,NSE_EQ|INE032A01023,1d,13,13 consecutive flat bars ending 2018-10-11
INFO,FLAT_BAR_RUN_OLD,universe_daily,NSE_EQ|INE032B01021,1d,32,32 consecutive flat bars ending 2014-01-06
INFO,FLAT_BAR_RUN_OLD,universe_daily,NSE_EQ|INE032Z01020,1d,8,8 consecutive flat bars ending 2023-03-10
INFO,FLAT_BAR_RUN_OLD,universe_daily,NSE_EQ|INE034D01049,1d,5,5 consecutive flat bars ending 2007-02-05
INFO,FLAT_BAR_RUN_OLD,universe_daily,NSE_EQ|INE034S01021,1d,10,10 consecutive flat bars ending 2015-09-09
INFO,FLAT_BAR_RUN_OLD,universe_daily,NSE_EQ|INE036B01030,1d,12,12 consecutive flat bars ending 2003-03-11
INFO,FLAT_BAR_RUN_OLD,universe_daily,NSE_EQ|INE037A01022,1d,8,8 consecutive flat bars ending 2008-08-22
INFO,FLAT_BAR_RUN_OLD,universe_daily,NSE_EQ|INE039B01026,1d,9,9 consecutive flat bars ending 2019-10-29
INFO,FLAT_BAR_RUN_OLD,universe_daily,NSE_EQ|INE039C01032,1d,23,23 consecutive flat bars ending 2013-07-31
INFO,FLAT_BAR_RUN_OLD,universe_daily,NSE_EQ|INE03JI01017,1d,12,12 consecutive flat bars ending 2019-12-10
INFO,FLAT_BAR_RUN_OLD,universe_daily,NSE_EQ|INE03Q201024,1d,8,8 consecutive flat bars ending 2018-09-05
INFO,FLAT_BAR_RUN_OLD,universe_daily,NSE_EQ|INE03RS01027,1d,10,10 consecutive flat bars ending 2024-07-30
INFO,FLAT_BAR_RUN_OLD,universe_daily,NSE_EQ|INE040H01021,1d,12,12 consecutive flat bars ending 2020-04-21
INFO,FLAT_BAR_RUN_OLD,universe_daily,NSE_EQ|INE040M01013,1d,5,5 consecutive flat bars ending 2022-06-23
INFO,FLAT_BAR_RUN_OLD,universe_daily,NSE_EQ|INE043A01012,1d,13,13 consecutive flat bars ending 2024-03-07
INFO,FLAT_BAR_RUN_OLD,universe_daily,NSE_EQ|INE045601023,1d,6,6 consecutive flat bars ending 2021-10-11
INFO,FLAT_BAR_RUN_OLD,universe_daily,NSE_EQ|INE045B01015,1d,9,9 consecutive flat bars ending 2005-11-16
INFO,FLAT_BAR_RUN_OLD,universe_daily,NSE_EQ|INE046A01015,1d,11,11 consecutive flat bars ending 2007-10-16
INFO,FLAT_BAR_RUN_OLD,universe_daily,NSE_EQ|INE047B01011,1d,7,7 consecutive flat bars ending 2013-05-29
INFO,FLAT_BAR_RUN_OLD,universe_daily,NSE_EQ|INE047O01014,1d,13,13 consecutive flat bars ending 2013-05-07
INFO,FLAT_BAR_RUN_OLD,universe_daily,NSE_EQ|INE048B01035,1d,15,15 consecutive flat bars ending 2013-09-03
INFO,FLAT_BAR_RUN_OLD,universe_daily,NSE_EQ|INE049I01012,1d,7,7 consecutive flat bars ending 2013-07-25
INFO,FLAT_BAR_RUN_OLD,universe_daily,NSE_EQ|INE04AK01028,1d,5,5 consecutive flat bars ending 2022-03-10
INFO,FLAT_BAR_RUN_OLD,universe_daily,NSE_EQ|INE04LG01015,1d,6,6 consecutive flat bars ending 2020-06-02
INFO,FLAT_BAR_RUN_OLD,universe_daily,NSE_EQ|INE050A01025,1d,15,15 consecutive flat bars ending 2003-04-21
INFO,FLAT_BAR_RUN_OLD,universe_daily,NSE_EQ|INE050B01023,1d,5,5 consecutive flat bars ending 2003-03-27
INFO,FLAT_BAR_RUN_OLD,universe_daily,NSE_EQ|INE050H01012,1d,6,6 consecutive flat bars ending 2013-08-08
INFO,FLAT_BAR_RUN_OLD,universe_daily,NSE_EQ|INE050M01012,1d,21,21 consecutive flat bars ending 2013-09-24
INFO,FLAT_BAR_RUN_OLD,universe_daily,NSE_EQ|INE051B01021,1d,27,27 consecutive flat bars ending 2018-05-31
INFO,FLAT_BAR_RUN_OLD,universe_daily,NSE_EQ|INE052A01021,1d,17,17 consecutive flat bars ending 2009-07-29
INFO,FLAT_BAR_RUN_OLD,universe_daily,NSE_EQ|INE052T01021,1d,5,5 consecutive flat bars ending 2025-03-19
INFO,FLAT_BAR_RUN_OLD,universe_daily,NSE_EQ|INE054301028,1d,9,9 consecutive flat bars ending 2024-12-26
INFO,FLAT_BAR_RUN_OLD,universe_daily,NSE_EQ|INE055C01020,1d,41,41 consecutive flat bars ending 2022-08-18
INFO,FLAT_BAR_RUN_OLD,universe_daily,NSE_EQ|INE056I01025,1d,121,121 consecutive flat bars ending 2013-11-08
INFO,FLAT_BAR_RUN_OLD,universe_daily,NSE_EQ|INE058B01018,1d,255,255 consecutive flat bars ending 2014-03-18
INFO,FLAT_BAR_RUN_OLD,universe_daily,NSE_EQ|INE059B01024,1d,297,297 consecutive flat bars ending 2004-03-09
INFO,FLAT_BAR_RUN_OLD,universe_daily,NSE_EQ|INE059D01020,1d,5,5 consecutive flat bars ending 2009-02-17
INFO,FLAT_BAR_RUN_OLD,universe_daily,NSE_EQ|INE05ST01028,1d,9,9 consecutive flat bars ending 2025-03-28
INFO,FLAT_BAR_RUN_OLD,universe_daily,NSE_EQ|INE05X901010,1d,25,25 consecutive flat bars ending 2021-03-30
INFO,FLAT_BAR_RUN_OLD,universe_daily,NSE_EQ|INE060B01014,1d,153,153 consecutive flat bars ending 2014-01-24
INFO,FLAT_BAR_RUN_OLD,universe_daily,NSE_EQ|INE060X01034,1d,5,5 consecutive flat bars ending 2022-05-12
INFO,FLAT_BAR_RUN_OLD,universe_daily,NSE_EQ|INE061A01014,1d,7,7 consecutive flat bars ending 2013-11-05
INFO,FLAT_BAR_RUN_OLD,universe_daily,NSE_EQ|INE062D01024,1d,28,28 consecutive flat bars ending 2011-02-24
INFO,FLAT_BAR_RUN_OLD,universe_daily,NSE_EQ|INE064C01022,1d,7,7 consecutive flat bars ending 2013-07-11
INFO,FLAT_BAR_RUN_OLD,universe_daily,NSE_EQ|INE067A01029,1d,7,7 consecutive flat bars ending 2020-07-02
INFO,FLAT_BAR_RUN_OLD,universe_daily,NSE_EQ|INE069I01010,1d,9,9 consecutive flat bars ending 2020-03-19
INFO,FLAT_BAR_RUN_OLD,universe_daily,NSE_EQ|INE070D01027,1d,15,15 consecutive flat bars ending 2006-05-04
INFO,FLAT_BAR_RUN_OLD,universe_daily,NSE_EQ|INE071N01016,1d,5,5 consecutive flat bars ending 2021-08-26
INFO,FLAT_BAR_RUN_OLD,universe_daily,NSE_EQ|INE073V01015,1d,6,6 consecutive flat bars ending 2025-03-20
INFO,FLAT_BAR_RUN_OLD,universe_daily,NSE_EQ|INE074B01023,1d,8,8 consecutive flat bars ending 2009-06-03
INFO,FLAT_BAR_RUN_OLD,universe_daily,NSE_EQ|INE075D01018,1d,46,46 consecutive flat bars ending 2003-12-17
INFO,FLAT_BAR_RUN_OLD,universe_daily,NSE_EQ|INE076C01018,1d,11,11 consecutive flat bars ending 2009-02-18
INFO,FLAT_BAR_RUN_OLD,universe_daily,NSE_EQ|INE077F01035,1d,5,5 consecutive flat bars ending 2009-05-25
INFO,FLAT_BAR_RUN_OLD,universe_daily,NSE_EQ|INE07S101038,1d,12,12 consecutive flat bars ending 2021-09-07
INFO,FLAT_BAR_RUN_OLD,universe_daily,NSE_EQ|INE080A01014,1d,103,103 consecutive flat bars ending 2013-10-17
INFO,FLAT_BAR_RUN_OLD,universe_daily,NSE_EQ|INE080B01012,1d,49,49 consecutive flat bars ending 2022-06-16
INFO,FLAT_BAR_RUN_OLD,universe_daily,NSE_EQ|INE082W01014,1d,28,28 consecutive flat bars ending 2023-08-31
INFO,FLAT_BAR_RUN_OLD,universe_daily,NSE_EQ|INE083A01026,1d,5,5 consecutive flat bars ending 2003-09-10
INFO,FLAT_BAR_RUN_OLD,universe_daily,NSE_EQ|INE083B01024,1d,19,19 consecutive flat bars ending 2013-09-06
INFO,FLAT_BAR_RUN_OLD,universe_daily,NSE_EQ|INE083C01022,1d,22,22 consecutive flat bars ending 2013-07-29
INFO,FLAT_BAR_RUN_OLD,universe_daily,NSE_EQ|INE083D01012,1d,13,13 consecutive flat bars ending 2013-06-20
INFO,FLAT_BAR_RUN_OLD,universe_daily,NSE_EQ|INE086A01029,1d,8,8 consecutive flat bars ending 2003-09-23
INFO,FLAT_BAR_RUN_OLD,universe_daily,NSE_EQ|INE087B01017,1d,7,7 consecutive flat bars ending 2016-03-15
INFO,FLAT_BAR_RUN_OLD,universe_daily,NSE_EQ|INE087H01022,1d,6,6 consecutive flat bars ending 2020-06-10
INFO,FLAT_BAR_RUN_OLD,universe_daily,NSE_EQ|INE087Z01024,1d,6,6 consecutive flat bars ending 2023-09-08
INFO,FLAT_BAR_RUN_OLD,universe_daily,NSE_EQ|INE08KP01019,1d,5,5 consecutive flat bars ending 2019-07-23
INFO,FLAT_BAR_RUN_OLD,universe_daily,NSE_EQ|INE08PH01015,1d,6,6 consecutive flat bars ending 2024-11-29
INFO,FLAT_BAR_RUN_OLD,universe_daily,NSE_EQ|INE090B01011,1d,7,7 consecutive flat bars ending 2024-05-02
INFO,FLAT_BAR_RUN_OLD,universe_daily,NSE_EQ|INE091G01026,1d,7,7 consecutive flat bars ending 2019-04-08
INFO,FLAT_BAR_RUN_OLD,universe_daily,NSE_EQ|INE093R01011,1d,16,16 consecutive flat bars ending 2018-01-15
INFO,FLAT_BAR_RUN_OLD,universe_daily,NSE_EQ|INE099F01013,1d,6,6 consecutive flat bars ending 2014-12-08
INFO,FLAT_BAR_RUN_OLD,universe_daily,NSE_EQ|INE09E501017,1d,5,5 consecutive flat bars ending 2020-12-28
INFO,FLAT_BAR_RUN_OLD,universe_daily,NSE_EQ|INE0A0S01028,1d,20,20 consecutive flat bars ending 2020-11-26
INFO,FLAT_BAR_RUN_OLD,universe_daily,NSE_EQ|INE0A1101019,1d,21,21 consecutive flat bars ending 2021-02-11
INFO,FLAT_BAR_RUN_OLD,universe_daily,NSE_EQ|INE0AJG01018,1d,7,7 consecutive flat bars ending 2020-11-02
INFO,FLAT_BAR_RUN_OLD,universe_daily,NSE_EQ|INE0ALR01029,1d,12,12 consecutive flat bars ending 2023-12-06
INFO,FLAT_BAR_RUN_OLD,universe_daily,NSE_EQ|INE0BTI01037,1d,39,39 consecutive flat bars ending 2017-03-23
INFO,FLAT_BAR_RUN_OLD,universe_daily,NSE_EQ|INE0CG601016,1d,8,8 consecutive flat bars ending 2020-09-09
INFO,FLAT_BAR_RUN_OLD,universe_daily,NSE_EQ|INE0CHO01012,1d,8,8 consecutive flat bars ending 2019-02-22
INFO,FLAT_BAR_RUN_OLD,universe_daily,NSE_EQ|INE0CU601026,1d,7,7 consecutive flat bars ending 2022-04-01
INFO,FLAT_BAR_RUN_OLD,universe_daily,NSE_EQ|INE0D0U01013,1d,8,8 consecutive flat bars ending 2021-01-29
INFO,FLAT_BAR_RUN_OLD,universe_daily,NSE_EQ|INE0D6I01023,1d,13,13 consecutive flat bars ending 2020-11-04
INFO,FLAT_BAR_RUN_OLD,universe_daily,NSE_EQ|INE0DAB01012,1d,5,5 consecutive flat bars ending 2025-09-22
INFO,FLAT_BAR_RUN_OLD,universe_daily,NSE_EQ|INE0EEJ01023,1d,9,9 consecutive flat bars ending 2021-11-26
INFO,FLAT_BAR_RUN_OLD,universe_daily,NSE_EQ|INE0EK901012,1d,8,8 consecutive flat bars ending 2018-11-05
INFO,FLAT_BAR_RUN_OLD,universe_daily,NSE_EQ|INE0FFK01017,1d,5,5 consecutive flat bars ending 2021-11-10
INFO,FLAT_BAR_RUN_OLD,universe_daily,NSE_EQ|INE0FHS01024,1d,7,7 consecutive flat bars ending 2021-05-06
INFO,FLAT_BAR_RUN_OLD,universe_daily,NSE_EQ|INE0GGO01015,1d,9,9 consecutive flat bars ending 2022-04-13
INFO,FLAT_BAR_RUN_OLD,universe_daily,NSE_EQ|INE0GMR01016,1d,8,8 consecutive flat bars ending 2022-12-01
INFO,FLAT_BAR_RUN_OLD,universe_daily,NSE_EQ|INE0I7C01011,1d,5,5 consecutive flat bars ending 2019-04-01
INFO,FLAT_BAR_RUN_OLD,universe_daily,NSE_EQ|INE0J5601015,1d,5,5 consecutive flat bars ending 2022-07-12
INFO,FLAT_BAR_RUN_OLD,universe_daily,NSE_EQ|INE0JS101016,1d,5,5 consecutive flat bars ending 2025-09-23
INFO,FLAT_BAR_RUN_OLD,universe_daily,NSE_EQ|INE0JYY01029,1d,11,11 consecutive flat bars ending 2023-03-24
INFO,FLAT_BAR_RUN_OLD,universe_daily,NSE_EQ|INE0KQN01018,1d,7,7 consecutive flat bars ending 2023-12-29
INFO,FLAT_BAR_RUN_OLD,universe_daily,NSE_EQ|INE0LQS01015,1d,5,5 consecutive flat bars ending 2022-10-13
INFO,FLAT_BAR_RUN_OLD,universe_daily,NSE_EQ|INE0N0Y01013,1d,7,7 consecutive flat bars ending 2024-09-19
INFO,FLAT_BAR_RUN_OLD,universe_daily,NSE_EQ|INE0N7W01012,1d,5,5 consecutive flat bars ending 2023-04-26
INFO,FLAT_BAR_RUN_OLD,universe_daily,NSE_EQ|INE0PEQ01016,1d,7,7 consecutive flat bars ending 2025-04-30
INFO,FLAT_BAR_RUN_OLD,universe_daily,NSE_EQ|INE0PSC01024,1d,7,7 consecutive flat bars ending 2024-01-19
INFO,FLAT_BAR_RUN_OLD,universe_daily,NSE_EQ|INE0QTF01015,1d,9,9 consecutive flat bars ending 2024-08-09
INFO,FLAT_BAR_RUN_OLD,universe_daily,NSE_EQ|INE0URU01010,1d,5,5 consecutive flat bars ending 2024-09-09
INFO,FLAT_BAR_RUN_OLD,universe_daily,NSE_EQ|INE100D01014,1d,1121,1121 consecutive flat bars ending 2007-07-31
INFO,FLAT_BAR_RUN_OLD,universe_daily,NSE_EQ|INE102I01027,1d,5,5 consecutive flat bars ending 2009-05-25
INFO,FLAT_BAR_RUN_OLD,universe_daily,NSE_EQ|INE105C01023,1d,69,69 consecutive flat bars ending 2009-07-14
INFO,FLAT_BAR_RUN_OLD,universe_daily,NSE_EQ|INE105I01020,1d,95,95 consecutive flat bars ending 2022-03-16
INFO,FLAT_BAR_RUN_OLD,universe_daily,NSE_EQ|INE107F01022,1d,14,14 consecutive flat bars ending 2023-12-12
INFO,FLAT_BAR_RUN_OLD,universe_daily,NSE_EQ|INE108E01023,1d,26,26 consecutive flat bars ending 2014-04-02
INFO,FLAT_BAR_RUN_OLD,universe_daily,NSE_EQ|INE110A01019,1d,9,9 consecutive flat bars ending 2021-10-26
INFO,FLAT_BAR_RUN_OLD,universe_daily,NSE_EQ|INE110B01017,1d,8,8 consecutive flat bars ending 2023-08-02
INFO,FLAT_BAR_RUN_OLD,universe_daily,NSE_EQ|INE111B01023,1d,7,7 consecutive flat bars ending 2022-05-04
INFO,FLAT_BAR_RUN_OLD,universe_daily,NSE_EQ|INE111Q01021,1d,7,7 consecutive flat bars ending 2014-11-05
INFO,FLAT_BAR_RUN_OLD,universe_daily,NSE_EQ|INE113A01013,1d,36,36 consecutive flat bars ending 2003-04-29
INFO,FLAT_BAR_RUN_OLD,universe_daily,NSE_EQ|INE116A01032,1d,6,6 consecutive flat bars ending 2008-08-27
INFO,FLAT_BAR_RUN_OLD,universe_daily,NSE_EQ|INE116D01028,1d,10,10 consecutive flat bars ending 2023-11-01
INFO,FLAT_BAR_RUN_OLD,universe_daily,NSE_EQ|INE117B01020,1d,48,48 consecutive flat bars ending 2025-06-09
INFO,FLAT_BAR_RUN_OLD,universe_daily,NSE_EQ|INE117Z01029,1d,13,13 consecutive flat bars ending 2019-03-15
INFO,FLAT_BAR_RUN_OLD,universe_daily,NSE_EQ|INE121N01019,1d,16,16 consecutive flat bars ending 2016-06-03
INFO,FLAT_BAR_RUN_OLD,universe_daily,NSE_EQ|INE122M01019,1d,16,16 consecutive flat bars ending 2023-11-02
INFO,FLAT_BAR_RUN_OLD,universe_daily,NSE_EQ|INE123B01028,1d,723,723 consecutive flat bars ending 2005-12-21
INFO,FLAT_BAR_RUN_OLD,universe_daily,NSE_EQ|INE123C01018,1d,69,69 consecutive flat bars ending 2013-11-20
INFO,FLAT_BAR_RUN_OLD,universe_daily,NSE_EQ|INE123F01029,1d,24,24 consecutive flat bars ending 2013-07-16
INFO,FLAT_BAR_RUN_OLD,universe_daily,NSE_EQ|INE124Y01028,1d,11,11 consecutive flat bars ending 2019-03-19
INFO,FLAT_BAR_RUN_OLD,universe_daily,NSE_EQ|INE126M01010,1d,11,11 consecutive flat bars ending 2019-10-16
INFO,FLAT_BAR_RUN_OLD,universe_daily,NSE_EQ|INE129Z01016,1d,7,7 consecutive flat bars ending 2020-08-11
INFO,FLAT_BAR_RUN_OLD,universe_daily,NSE_EQ|INE130B01031,1d,42,42 consecutive flat bars ending 2013-12-06
INFO,FLAT_BAR_RUN_OLD,universe_daily,NSE_EQ|INE132H01018,1d,28,28 consecutive flat bars ending 2013-10-24
INFO,FLAT_BAR_RUN_OLD,universe_daily,NSE_EQ|INE134B01017,1d,5,5 consecutive flat bars ending 2020-06-30
INFO,FLAT_BAR_RUN_OLD,universe_daily,NSE_EQ|INE139I01011,1d,5,5 consecutive flat bars ending 2020-04-17
INFO,FLAT_BAR_RUN_OLD,universe_daily,NSE_EQ|INE141D01018,1d,24,24 consecutive flat bars ending 2024-03-15
INFO,FLAT_BAR_RUN_OLD,universe_daily,NSE_EQ|INE142A01012,1d,9,9 consecutive flat bars ending 2024-10-14
INFO,FLAT_BAR_RUN_OLD,universe_daily,NSE_EQ|INE142K01011,1d,6,6 consecutive flat bars ending 2022-06-30
INFO,FLAT_BAR_RUN_OLD,universe_daily,NSE_EQ|INE143A01010,1d,5,5 consecutive flat bars ending 2015-10-14
INFO,FLAT_BAR_RUN_OLD,universe_daily,NSE_EQ|INE144D01012,1d,26,26 consecutive flat bars ending 2008-12-15
INFO,FLAT_BAR_RUN_OLD,universe_daily,NSE_EQ|INE144J01027,1d,7,7 consecutive flat bars ending 2024-10-30
INFO,FLAT_BAR_RUN_OLD,universe_daily,NSE_EQ|INE147P01019,1d,24,24 consecutive flat bars ending 2021-10-04
INFO,FLAT_BAR_RUN_OLD,universe_daily,NSE_EQ|INE148O01028,1d,8,8 consecutive flat bars ending 2016-06-13
INFO,FLAT_BAR_RUN_OLD,universe_daily,NSE_EQ|INE150B01039,1d,16,16 consecutive flat bars ending 2013-09-02
INFO,FLAT_BAR_RUN_OLD,universe_daily,NSE_EQ|INE151A01013,1d,6,6 consecutive flat bars ending 2019-09-25
INFO,FLAT_BAR_RUN_OLD,universe_daily,NSE_EQ|INE153A01019,1d,14,14 consecutive flat bars ending 2019-11-13
INFO,FLAT_BAR_RUN_OLD,universe_daily,NSE_EQ|INE155Z01011,1d,12,12 consecutive flat bars ending 2020-06-03
INFO,FLAT_BAR_RUN_OLD,universe_daily,NSE_EQ|INE156C01018,1d,33,33 consecutive flat bars ending 2013-07-19
INFO,FLAT_BAR_RUN_OLD,universe_daily,NSE_EQ|INE157H01023,1d,22,22 consecutive flat bars ending 2013-08-20
INFO,FLAT_BAR_RUN_OLD,universe_daily,NSE_EQ|INE158B01016,1d,10,10 consecutive flat bars ending 2009-06-01
INFO,FLAT_BAR_RUN_OLD,universe_daily,NSE_EQ|INE161L01027,1d,17,17 consecutive flat bars ending 2020-09-24
INFO,FLAT_BAR_RUN_OLD,universe_daily,NSE_EQ|INE162C01024,1d,22,22 consecutive flat bars ending 2023-11-06
INFO,FLAT_BAR_RUN_OLD,universe_daily,NSE_EQ|INE163A01018,1d,5,5 consecutive flat bars ending 2007-12-31
INFO,FLAT_BAR_RUN_OLD,universe_daily,NSE_EQ|INE164B01030,1d,6,6 consecutive flat bars ending 2020-04-20
INFO,FLAT_BAR_RUN_OLD,universe_daily,NSE_EQ|INE165B01029,1d,27,27 consecutive flat bars ending 2024-03-04
INFO,FLAT_BAR_RUN_OLD,universe_daily,NSE_EQ|INE172N01012,1d,13,13 consecutive flat bars ending 2019-11-11
INFO,FLAT_BAR_RUN_OLD,universe_daily,NSE_EQ|INE173A01025,1d,7,7 consecutive flat bars ending 2007-12-14
INFO,FLAT_BAR_RUN_OLD,universe_daily,NSE_EQ|INE175A01038,1d,16,16 consecutive flat bars ending 2020-04-30
INFO,FLAT_BAR_RUN_OLD,universe_daily,NSE_EQ|INE180C01042,1d,31,31 consecutive flat bars ending 2013-10-11
INFO,FLAT_BAR_RUN_OLD,universe_daily,NSE_EQ|INE184H01027,1d,7,7 consecutive flat bars ending 2020-04-17
INFO,FLAT_BAR_RUN_OLD,universe_daily,NSE_EQ|INE185E01021,1d,9,9 consecutive flat bars ending 2024-10-07
INFO,FLAT_BAR_RUN_OLD,universe_daily,NSE_EQ|INE185H01016,1d,42,42 consecutive flat bars ending 2013-09-20
INFO,FLAT_BAR_RUN_OLD,universe_daily,NSE_EQ|INE187D01029,1d,6,6 consecutive flat bars ending 2013-04-22
INFO,FLAT_BAR_RUN_OLD,universe_daily,NSE_EQ|INE190H01024,1d,9,9 consecutive flat bars ending 2025-05-13
INFO,FLAT_BAR_RUN_OLD,universe_daily,NSE_EQ|INE191A01027,1d,36,36 consecutive flat bars ending 2021-01-28
INFO,FLAT_BAR_RUN_OLD,universe_daily,NSE_EQ|INE193B01039,1d,16,16 consecutive flat bars ending 2024-09-30
INFO,FLAT_BAR_RUN_OLD,universe_daily,NSE_EQ|INE196Y01018,1d,5,5 consecutive flat bars ending 2018-11-21
INFO,FLAT_BAR_RUN_OLD,universe_daily,NSE_EQ|INE197A01024,1d,26,26 consecutive flat bars ending 2019-04-15
INFO,FLAT_BAR_RUN_OLD,universe_daily,NSE_EQ|INE197J01017,1d,36,36 consecutive flat bars ending 2013-10-07
INFO,FLAT_BAR_RUN_OLD,universe_daily,NSE_EQ|INE199C01026,1d,45,45 consecutive flat bars ending 2013-08-28
INFO,FLAT_BAR_RUN_OLD,universe_daily,NSE_EQ|INE201K01015,1d,7,7 consecutive flat bars ending 2020-06-08
INFO,FLAT_BAR_RUN_OLD,universe_daily,NSE_EQ|INE202H01019,1d,6,6 consecutive flat bars ending 2022-01-04
INFO,FLAT_BAR_RUN_OLD,universe_daily,NSE_EQ|INE202Z01029,1d,12,12 consecutive flat bars ending 2018-04-16
INFO,FLAT_BAR_RUN_OLD,universe_daily,NSE_EQ|INE203A01020,1d,14,14 consecutive flat bars ending 2003-02-24
INFO,FLAT_BAR_RUN_OLD,universe_daily,NSE_EQ|INE203Y01012,1d,10,10 consecutive flat bars ending 2020-07-13
INFO,FLAT_BAR_RUN_OLD,universe_daily,NSE_EQ|INE205A01025,1d,467,467 consecutive flat bars ending 2004-12-13
INFO,FLAT_BAR_RUN_OLD,universe_daily,NSE_EQ|INE206B01013,1d,12,12 consecutive flat bars ending 2013-07-29
INFO,FLAT_BAR_RUN_OLD,universe_daily,NSE_EQ|INE206N01018,1d,9,9 consecutive flat bars ending 2024-09-18
INFO,FLAT_BAR_RUN_OLD,universe_daily,NSE_EQ|INE208A01029,1d,8,8 consecutive flat bars ending 2003-02-05
INFO,FLAT_BAR_RUN_OLD,universe_daily,NSE_EQ|INE208C01025,1d,5,5 consecutive flat bars ending 2003-10-31
INFO,FLAT_BAR_RUN_OLD,universe_daily,NSE_EQ|INE209L01016,1d,5,5 consecutive flat bars ending 2021-06-17
INFO,FLAT_BAR_RUN_OLD,universe_daily,NSE_EQ|INE210A01017,1d,58,58 consecutive flat bars ending 2003-12-01
INFO,FLAT_BAR_RUN_OLD,universe_daily,NSE_EQ|INE210C01013,1d,77,77 consecutive flat bars ending 2013-10-23
INFO,FLAT_BAR_RUN_OLD,universe_daily,NSE_EQ|INE215B01022,1d,7,7 consecutive flat bars ending 2025-07-04
INFO,FLAT_BAR_RUN_OLD,universe_daily,NSE_EQ|INE215F01023,1d,8,8 consecutive flat bars ending 2020-04-16
INFO,FLAT_BAR_RUN_OLD,universe_daily,NSE_EQ|INE215I01027,1d,96,96 consecutive flat bars ending 2013-08-13
INFO,FLAT_BAR_RUN_OLD,universe_daily,NSE_EQ|INE218C01016,1d,115,115 consecutive flat bars ending 2014-05-21
INFO,FLAT_BAR_RUN_OLD,universe_daily,NSE_EQ|INE220B01022,1d,5,5 consecutive flat bars ending 2003-01-22
INFO,FLAT_BAR_RUN_OLD,universe_daily,NSE_EQ|INE221B01012,1d,10,10 consecutive flat bars ending 2013-08-27
INFO,FLAT_BAR_RUN_OLD,universe_daily,NSE_EQ|INE221H01019,1d,12,12 consecutive flat bars ending 2021-07-06
INFO,FLAT_BAR_RUN_OLD,universe_daily,NSE_EQ|INE226H01026,1d,12,12 consecutive flat bars ending 2023-11-15
INFO,FLAT_BAR_RUN_OLD,universe_daily,NSE_EQ|INE227G01018,1d,18,18 consecutive flat bars ending 2024-02-22
INFO,FLAT_BAR_RUN_OLD,universe_daily,NSE_EQ|INE229C01021,1d,5,5 consecutive flat bars ending 2013-10-17
INFO,FLAT_BAR_RUN_OLD,universe_daily,NSE_EQ|INE230B01021,1d,56,56 consecutive flat bars ending 2013-07-29
INFO,FLAT_BAR_RUN_OLD,universe_daily,NSE_EQ|INE231C01019,1d,89,89 consecutive flat bars ending 2013-08-30
INFO,FLAT_BAR_RUN_OLD,universe_daily,NSE_EQ|INE232I01014,1d,9,9 consecutive flat bars ending 2024-04-24
INFO,FLAT_BAR_RUN_OLD,universe_daily,NSE_EQ|INE233A01035,1d,9,9 consecutive flat bars ending 2007-12-12
INFO,FLAT_BAR_RUN_OLD,universe_daily,NSE_EQ|INE236A01020,1d,5,5 consecutive flat bars ending 2020-05-07
INFO,FLAT_BAR_RUN_OLD,universe_daily,NSE_EQ|INE236G01019,1d,5,5 consecutive flat bars ending 2024-11-18
INFO,FLAT_BAR_RUN_OLD,universe_daily,NSE_EQ|INE237A01036,1d,8,8 consecutive flat bars ending 2003-02-05
INFO,FLAT_BAR_RUN_OLD,universe_daily,NSE_EQ|INE239D01028,1d,22,22 consecutive flat bars ending 2013-10-17
INFO,FLAT_BAR_RUN_OLD,universe_daily,NSE_EQ|INE240C01028,1d,115,115 consecutive flat bars ending 2013-11-05
INFO,FLAT_BAR_RUN_OLD,universe_daily,NSE_EQ|INE242C01024,1d,7,7 consecutive flat bars ending 2006-11-07
INFO,FLAT_BAR_RUN_OLD,universe_daily,NSE_EQ|INE244A01016,1d,11,11 consecutive flat bars ending 2013-11-21
INFO,FLAT_BAR_RUN_OLD,universe_daily,NSE_EQ|INE245I01016,1d,111,111 consecutive flat bars ending 2013-09-12
INFO,FLAT_BAR_RUN_OLD,universe_daily,NSE_EQ|INE249Z01020,1d,8,8 consecutive flat bars ending 2018-07-02
INFO,FLAT_BAR_RUN_OLD,universe_daily,NSE_EQ|INE250B01029,1d,12,12 consecutive flat bars ending 2003-09-26
INFO,FLAT_BAR_RUN_OLD,universe_daily,NSE_EQ|INE253B01015,1d,19,19 consecutive flat bars ending 2024-07-04
INFO,FLAT_BAR_RUN_OLD,universe_daily,NSE_EQ|INE256Z01025,1d,23,23 consecutive flat bars ending 2023-01-13
INFO,FLAT_BAR_RUN_OLD,universe_daily,NSE_EQ|INE258Y01016,1d,20,20 consecutive flat bars ending 2023-10-05
INFO,FLAT_BAR_RUN_OLD,universe_daily,NSE_EQ|INE260B01028,1d,10,10 consecutive flat bars ending 2004-10-26
INFO,FLAT_BAR_RUN_OLD,universe_daily,NSE_EQ|INE260D01016,1d,10,10 consecutive flat bars ending 2017-06-12
INFO,FLAT_BAR_RUN_OLD,universe_daily,NSE_EQ|INE262Z01023,1d,16,16 consecutive flat bars ending 2024-11-05
INFO,FLAT_BAR_RUN_OLD,universe_daily,NSE_EQ|INE266Y01019,1d,6,6 consecutive flat bars ending 2019-08-23
INFO,FLAT_BAR_RUN_OLD,universe_daily,NSE_EQ|INE268B01013,1d,6,6 consecutive flat bars ending 2017-01-10
INFO,FLAT_BAR_RUN_OLD,universe_daily,NSE_EQ|INE269B01029,1d,7,7 consecutive flat bars ending 2003-07-11
INFO,FLAT_BAR_RUN_OLD,universe_daily,NSE_EQ|INE270A01029,1d,27,27 consecutive flat bars ending 2020-03-31
INFO,FLAT_BAR_RUN_OLD,universe_daily,NSE_EQ|INE272L01022,1d,101,101 consecutive flat bars ending 2013-12-11
INFO,FLAT_BAR_RUN_OLD,universe_daily,NSE_EQ|INE273D01027,1d,21,21 consecutive flat bars ending 2024-12-20
INFO,FLAT_BAR_RUN_OLD,universe_daily,NSE_EQ|INE274C01019,1d,8,8 consecutive flat bars ending 2013-09-10
INFO,FLAT_BAR_RUN_OLD,universe_daily,NSE_EQ|INE276A01018,1d,8,8 consecutive flat bars ending 2013-06-28
INFO,FLAT_BAR_RUN_OLD,universe_daily,NSE_EQ|INE276C01014,1d,7,7 consecutive flat bars ending 2013-12-31
INFO,FLAT_BAR_RUN_OLD,universe_daily,NSE_EQ|INE277B01014,1d,17,17 consecutive flat bars ending 2013-10-10
INFO,FLAT_BAR_RUN_OLD,universe_daily,NSE_EQ|INE277C01012,1d,61,61 consecutive flat bars ending 2022-09-06
INFO,FLAT_BAR_RUN_OLD,universe_daily,NSE_EQ|INE278B01020,1d,16,16 consecutive flat bars ending 2025-04-23
INFO,FLAT_BAR_RUN_OLD,universe_daily,NSE_EQ|INE278G01037,1d,27,27 consecutive flat bars ending 2019-10-07
INFO,FLAT_BAR_RUN_OLD,universe_daily,NSE_EQ|INE279A01012,1d,13,13 consecutive flat bars ending 2013-08-27
INFO,FLAT_BAR_RUN_OLD,universe_daily,NSE_EQ|INE281A01026,1d,14,14 consecutive flat bars ending 2016-10-13
INFO,FLAT_BAR_RUN_OLD,universe_daily,NSE_EQ|INE285H01022,1d,27,27 consecutive flat bars ending 2007-04-03
INFO,FLAT_BAR_RUN_OLD,universe_daily,NSE_EQ|INE287Z01012,1d,21,21 consecutive flat bars ending 2018-07-27
INFO,FLAT_BAR_RUN_OLD,universe_daily,NSE_EQ|INE288B01029,1d,9,9 consecutive flat bars ending 2013-09-04
INFO,FLAT_BAR_RUN_OLD,universe_daily,NSE_EQ|INE289C01025,1d,10,10 consecutive flat bars ending 2009-12-03
INFO,FLAT_BAR_RUN_OLD,universe_daily,NSE_EQ|INE291W01037,1d,5,5 consecutive flat bars ending 2024-07-11
INFO,FLAT_BAR_RUN_OLD,universe_daily,NSE_EQ|INE293B01029,1d,18,18 consecutive flat bars ending 2019-03-22
INFO,FLAT_BAR_RUN_OLD,universe_daily,NSE_EQ|INE294B01019,1d,6,6 consecutive flat bars ending 2007-01-15
INFO,FLAT_BAR_RUN_OLD,universe_daily,NSE_EQ|INE294G01026,1d,81,81 consecutive flat bars ending 2021-02-05
INFO,FLAT_BAR_RUN_OLD,universe_daily,NSE_EQ|INE296A01032,1d,211,211 consecutive flat bars ending 2003-11-28
INFO,FLAT_BAR_RUN_OLD,universe_daily,NSE_EQ|INE296H01011,1d,22,22 consecutive flat bars ending 2013-09-02
INFO,FLAT_BAR_RUN_OLD,universe_daily,NSE_EQ|INE297H01019,1d,8,8 consecutive flat bars ending 2011-11-25
INFO,FLAT_BAR_RUN_OLD,universe_daily,NSE_EQ|INE298G01035,1d,912,912 consecutive flat bars ending 2006-09-25
INFO,FLAT_BAR_RUN_OLD,universe_daily,NSE_EQ|INE304A01026,1d,6,6 consecutive flat bars ending 2020-10-01
INFO,FLAT_BAR_RUN_OLD,universe_daily,NSE_EQ|INE305A01023,1d,5,5 consecutive flat bars ending 2007-06-29
INFO,FLAT_BAR_RUN_OLD,universe_daily,NSE_EQ|INE305C01029,1d,32,32 consecutive flat bars ending 2013-08-22
INFO,FLAT_BAR_RUN_OLD,universe_daily,NSE_EQ|INE306A01021,1d,12,12 consecutive flat bars ending 2020-04-21
INFO,FLAT_BAR_RUN_OLD,universe_daily,NSE_EQ|INE306C01019,1d,18,18 consecutive flat bars ending 2024-02-22
INFO,FLAT_BAR_RUN_OLD,universe_daily,NSE_EQ|INE306R01017,1d,8,8 consecutive flat bars ending 2020-04-09
INFO,FLAT_BAR_RUN_OLD,universe_daily,NSE_EQ|INE308A01027,1d,36,36 consecutive flat bars ending 2013-09-17
INFO,FLAT_BAR_RUN_OLD,universe_daily,NSE_EQ|INE309M01020,1d,2367,2367 consecutive flat bars ending 2012-08-14
INFO,FLAT_BAR_RUN_OLD,universe_daily,NSE_EQ|INE310C01029,1d,92,92 consecutive flat bars ending 2013-09-19
INFO,FLAT_BAR_RUN_OLD,universe_daily,NSE_EQ|INE314C01013,1d,14,14 consecutive flat bars ending 2022-01-18
INFO,FLAT_BAR_RUN_OLD,universe_daily,NSE_EQ|INE314G01014,1d,7,7 consecutive flat bars ending 2023-10-03
INFO,FLAT_BAR_RUN_OLD,universe_daily,NSE_EQ|INE318D01020,1d,60,60 consecutive flat bars ending 2022-06-09
INFO,FLAT_BAR_RUN_OLD,universe_daily,NSE_EQ|INE320B01020,1d,11,11 consecutive flat bars ending 2013-09-20
INFO,FLAT_BAR_RUN_OLD,universe_daily,NSE_EQ|INE320L01011,1d,43,43 consecutive flat bars ending 2013-08-28
INFO,FLAT_BAR_RUN_OLD,universe_daily,NSE_EQ|INE320X01016,1d,13,13 consecutive flat bars ending 2017-09-15
INFO,FLAT_BAR_RUN_OLD,universe_daily,NSE_EQ|INE323C01030,1d,10,10 consecutive flat bars ending 2003-06-13
INFO,FLAT_BAR_RUN_OLD,universe_daily,NSE_EQ|INE323J01019,1d,10,10 consecutive flat bars ending 2023-07-31
INFO,FLAT_BAR_RUN_OLD,universe_daily,NSE_EQ|INE324L01013,1d,8,8 consecutive flat bars ending 2025-06-09
INFO,FLAT_BAR_RUN_OLD,universe_daily,NSE_EQ|INE324X01026,1d,19,19 consecutive flat bars ending 2020-04-28
INFO,FLAT_BAR_RUN_OLD,universe_daily,NSE_EQ|INE326B01035,1d,91,91 consecutive flat bars ending 2013-11-27
INFO,FLAT_BAR_RUN_OLD,universe_daily,NSE_EQ|INE326T01011,1d,20,20 consecutive flat bars ending 2025-08-11
INFO,FLAT_BAR_RUN_OLD,universe_daily,NSE_EQ|INE332H01014,1d,8,8 consecutive flat bars ending 2023-11-15
INFO,FLAT_BAR_RUN_OLD,universe_daily,NSE_EQ|INE336X01012,1d,13,13 consecutive flat bars ending 2020-03-30
INFO,FLAT_BAR_RUN_OLD,universe_daily,NSE_EQ|INE337A01034,1d,5,5 consecutive flat bars ending 2003-12-16
INFO,FLAT_BAR_RUN_OLD,universe_daily,NSE_EQ|INE337M01021,1d,34,34 consecutive flat bars ending 2012-08-31
INFO,FLAT_BAR_RUN_OLD,universe_daily,NSE_EQ|INE344S01016,1d,5,5 consecutive flat bars ending 2018-08-08
INFO,FLAT_BAR_RUN_OLD,universe_daily,NSE_EQ|INE348A01023,1d,17,17 consecutive flat bars ending 2003-03-20
INFO,FLAT_BAR_RUN_OLD,universe_daily,NSE_EQ|INE348B01021,1d,5,5 consecutive flat bars ending 2013-07-25
INFO,FLAT_BAR_RUN_OLD,universe_daily,NSE_EQ|INE349W01017,1d,8,8 consecutive flat bars ending 2017-08-09
INFO,FLAT_BAR_RUN_OLD,universe_daily,NSE_EQ|INE350C01017,1d,15,15 consecutive flat bars ending 2018-08-28
INFO,FLAT_BAR_RUN_OLD,universe_daily,NSE_EQ|INE351F01018,1d,18,18 consecutive flat bars ending 2020-03-13
INFO,FLAT_BAR_RUN_OLD,universe_daily,NSE_EQ|INE351Y01019,1d,5,5 consecutive flat bars ending 2021-04-28
INFO,FLAT_BAR_RUN_OLD,universe_daily,NSE_EQ|INE353A01023,1d,7,7 consecutive flat bars ending 2022-12-02
INFO,FLAT_BAR_RUN_OLD,universe_daily,NSE_EQ|INE353H01010,1d,263,263 consecutive flat bars ending 2014-05-22
INFO,FLAT_BAR_RUN_OLD,universe_daily,NSE_EQ|INE355A01028,1d,7,7 consecutive flat bars ending 2009-05-06
INFO,FLAT_BAR_RUN_OLD,universe_daily,NSE_EQ|INE360L01017,1d,15,15 consecutive flat bars ending 2024-09-30
INFO,FLAT_BAR_RUN_OLD,universe_daily,NSE_EQ|INE362A01016,1d,7,7 consecutive flat bars ending 2009-05-27
INFO,FLAT_BAR_RUN_OLD,universe_daily,NSE_EQ|INE363A01022,1d,7,7 consecutive flat bars ending 2023-04-12
INFO,FLAT_BAR_RUN_OLD,universe_daily,NSE_EQ|INE364U01010,1d,5,5 consecutive flat bars ending 2020-07-01
INFO,FLAT_BAR_RUN_OLD,universe_daily,NSE_EQ|INE365B01017,1d,5,5 consecutive flat bars ending 2013-07-15
INFO,FLAT_BAR_RUN_OLD,universe_daily,NSE_EQ|INE365I01020,1d,58,58 consecutive flat bars ending 2017-03-17
INFO,FLAT_BAR_RUN_OLD,universe_daily,NSE_EQ|INE367G01038,1d,5,5 consecutive flat bars ending 2021-09-13
INFO,FLAT_BAR_RUN_OLD,universe_daily,NSE_EQ|INE368U01029,1d,39,39 consecutive flat bars ending 2021-10-28
INFO,FLAT_BAR_RUN_OLD,universe_daily,NSE_EQ|INE369A01029,1d,13,13 consecutive flat bars ending 2013-06-07
INFO,FLAT_BAR_RUN_OLD,universe_daily,NSE_EQ|INE369C01017,1d,34,34 consecutive flat bars ending 2013-09-26
INFO,FLAT_BAR_RUN_OLD,universe_daily,NSE_EQ|INE370D01013,1d,8,8 consecutive flat bars ending 2024-11-29
INFO,FLAT_BAR_RUN_OLD,universe_daily,NSE_EQ|INE370E01029,1d,21,21 consecutive flat bars ending 2021-02-24
INFO,FLAT_BAR_RUN_OLD,universe_daily,NSE_EQ|INE372C01037,1d,10,10 consecutive flat bars ending 2003-03-24
INFO,FLAT_BAR_RUN_OLD,universe_daily,NSE_EQ|INE375Y01018,1d,26,26 consecutive flat bars ending 2020-05-18
INFO,FLAT_BAR_RUN_OLD,universe_daily,NSE_EQ|INE382T01030,1d,31,31 consecutive flat bars ending 2023-05-05
INFO,FLAT_BAR_RUN_OLD,universe_daily,NSE_EQ|INE383H01017,1d,114,114 consecutive flat bars ending 2014-01-14
INFO,FLAT_BAR_RUN_OLD,universe_daily,NSE_EQ|INE385I01010,1d,8,8 consecutive flat bars ending 2015-04-17
INFO,FLAT_BAR_RUN_OLD,universe_daily,NSE_EQ|INE385W01011,1d,8,8 consecutive flat bars ending 2020-04-20
INFO,FLAT_BAR_RUN_OLD,universe_daily,NSE_EQ|INE386A01023,1d,8,8 consecutive flat bars ending 2003-03-27
INFO,FLAT_BAR_RUN_OLD,universe_daily,NSE_EQ|INE387I01016,1d,56,56 consecutive flat bars ending 2013-09-03
INFO,FLAT_BAR_RUN_OLD,universe_daily,NSE_EQ|INE389C01015,1d,6,6 consecutive flat bars ending 2016-02-18
INFO,FLAT_BAR_RUN_OLD,universe_daily,NSE_EQ|INE390G01014,1d,7,7 consecutive flat bars ending 2023-10-20
INFO,FLAT_BAR_RUN_OLD,universe_daily,NSE_EQ|INE391D01019,1d,14,14 consecutive flat bars ending 2022-10-13
INFO,FLAT_BAR_RUN_OLD,universe_daily,NSE_EQ|INE392B01011,1d,18,18 consecutive flat bars ending 2013-08-06
INFO,FLAT_BAR_RUN_OLD,universe_daily,NSE_EQ|INE393A01011,1d,214,214 consecutive flat bars ending 2014-01-16
INFO,FLAT_BAR_RUN_OLD,universe_daily,NSE_EQ|INE395H01011,1d,6,6 consecutive flat bars ending 2016-05-09
INFO,FLAT_BAR_RUN_OLD,universe_daily,NSE_EQ|INE395U01014,1d,5,5 consecutive flat bars ending 2023-07-24
INFO,FLAT_BAR_RUN_OLD,universe_daily,NSE_EQ|INE398B01018,1d,16,16 consecutive flat bars ending 2018-06-18
INFO,FLAT_BAR_RUN_OLD,universe_daily,NSE_EQ|INE399G01023,1d,8,8 consecutive flat bars ending 2014-02-04
INFO,FLAT_BAR_RUN_OLD,universe_daily,NSE_EQ|INE399K01017,1d,13,13 consecutive flat bars ending 2020-07-02
INFO,FLAT_BAR_RUN_OLD,universe_daily,NSE_EQ|INE399L01023,1d,7,7 consecutive flat bars ending 2021-07-05
INFO,FLAT_BAR_RUN_OLD,universe_daily,NSE_EQ|INE403Y01018,1d,9,9 consecutive flat bars ending 2021-08-23
INFO,FLAT_BAR_RUN_OLD,universe_daily,NSE_EQ|INE405E01023,1d,5,5 consecutive flat bars ending 2007-08-21
INFO,FLAT_BAR_RUN_OLD,universe_daily,NSE_EQ|INE411D01023,1d,5,5 consecutive flat bars ending 2025-08-13
INFO,FLAT_BAR_RUN_OLD,universe_daily,NSE_EQ|INE411H01032,1d,11,11 consecutive flat bars ending 2013-07-19
INFO,FLAT_BAR_RUN_OLD,universe_daily,NSE_EQ|INE411U01027,1d,9,9 consecutive flat bars ending 2017-12-13
INFO,FLAT_BAR_RUN_OLD,universe_daily,NSE_EQ|INE412U01025,1d,16,16 consecutive flat bars ending 2021-01-08
INFO,FLAT_BAR_RUN_OLD,universe_daily,NSE_EQ|INE413B01023,1d,53,53 consecutive flat bars ending 2020-07-01
INFO,FLAT_BAR_RUN_OLD,universe_daily,NSE_EQ|INE414A01015,1d,6,6 consecutive flat bars ending 2008-01-28
INFO,FLAT_BAR_RUN_OLD,universe_daily,NSE_EQ|INE414B01021,1d,24,24 consecutive flat bars ending 2008-09-08
INFO,FLAT_BAR_RUN_OLD,universe_daily,NSE_EQ|INE415I01015,1d,12,12 consecutive flat bars ending 2013-09-12
INFO,FLAT_BAR_RUN_OLD,universe_daily,NSE_EQ|INE416A01051,1d,125,125 consecutive flat bars ending 2024-10-04
INFO,FLAT_BAR_RUN_OLD,universe_daily,NSE_EQ|INE417B01040,1d,115,115 consecutive flat bars ending 2006-05-10
INFO,FLAT_BAR_RUN_OLD,universe_daily,NSE_EQ|INE418N01035,1d,60,60 consecutive flat bars ending 2018-09-19
INFO,FLAT_BAR_RUN_OLD,universe_daily,NSE_EQ|INE419A01022,1d,18,18 consecutive flat bars ending 2003-11-12
INFO,FLAT_BAR_RUN_OLD,universe_daily,NSE_EQ|INE420C01059,1d,8,8 consecutive flat bars ending 2013-10-30
INFO,FLAT_BAR_RUN_OLD,universe_daily,NSE_EQ|INE423A01024,1d,8,8 consecutive flat bars ending 2006-06-15
INFO,FLAT_BAR_RUN_OLD,universe_daily,NSE_EQ|INE425B01027,1d,12,12 consecutive flat bars ending 2023-09-07
INFO,FLAT_BAR_RUN_OLD,universe_daily,NSE_EQ|INE426D01013,1d,6,6 consecutive flat bars ending 2008-04-29
INFO,FLAT_BAR_RUN_OLD,universe_daily,NSE_EQ|INE428Q01011,1d,137,137 consecutive flat bars ending 2013-12-04
INFO,FLAT_BAR_RUN_OLD,universe_daily,NSE_EQ|INE429I01024,1d,43,43 consecutive flat bars ending 2022-02-10
INFO,FLAT_BAR_RUN_OLD,universe_daily,NSE_EQ|INE431F01018,1d,9,9 consecutive flat bars ending 2015-10-19
INFO,FLAT_BAR_RUN_OLD,universe_daily,NSE_EQ|INE435A01051,1d,5,5 consecutive flat bars ending 2011-04-05
INFO,FLAT_BAR_RUN_OLD,universe_daily,NSE_EQ|INE437B01014,1d,11,11 consecutive flat bars ending 2013-09-11
INFO,FLAT_BAR_RUN_OLD,universe_daily,NSE_EQ|INE439T01012,1d,12,12 consecutive flat bars ending 2019-11-14
INFO,FLAT_BAR_RUN_OLD,universe_daily,NSE_EQ|INE440A01010,1d,20,20 consecutive flat bars ending 2013-08-22
INFO,FLAT_BAR_RUN_OLD,universe_daily,NSE_EQ|INE440L01017,1d,11,11 consecutive flat bars ending 2015-05-06
INFO,FLAT_BAR_RUN_OLD,universe_daily,NSE_EQ|INE445C01015,1d,6,6 consecutive flat bars ending 2008-01-07
INFO,FLAT_BAR_RUN_OLD,universe_daily,NSE_EQ|INE446A01025,1d,25,25 consecutive flat bars ending 2025-03-03
INFO,FLAT_BAR_RUN_OLD,universe_daily,NSE_EQ|INE448G01010,1d,30,30 consecutive flat bars ending 2014-03-12
INFO,FLAT_BAR_RUN_OLD,universe_daily,NSE_EQ|INE449G01018,1d,23,23 consecutive flat bars ending 2014-03-31
INFO,FLAT_BAR_RUN_OLD,universe_daily,NSE_EQ|INE450D01021,1d,10,10 consecutive flat bars ending 2013-12-30
INFO,FLAT_BAR_RUN_OLD,universe_daily,NSE_EQ|INE450G01024,1d,8,8 consecutive flat bars ending 2020-04-20
INFO,FLAT_BAR_RUN_OLD,universe_daily,NSE_EQ|INE451D01029,1d,5,5 consecutive flat bars ending 2021-08-11
INFO,FLAT_BAR_RUN_OLD,universe_daily,NSE_EQ|INE451F01024,1d,8,8 consecutive flat bars ending 2015-02-27
INFO,FLAT_BAR_RUN_OLD,universe_daily,NSE_EQ|INE452L01012,1d,11,11 consecutive flat bars ending 2020-03-24
INFO,FLAT_BAR_RUN_OLD,universe_daily,NSE_EQ|INE453B01029,1d,6,6 consecutive flat bars ending 2020-04-30
INFO,FLAT_BAR_RUN_OLD,universe_daily,NSE_EQ|INE453D01025,1d,112,112 consecutive flat bars ending 2013-12-30
INFO,FLAT_BAR_RUN_OLD,universe_daily,NSE_EQ|INE457L01029,1d,9,9 consecutive flat bars ending 2013-03-15
INFO,FLAT_BAR_RUN_OLD,universe_daily,NSE_EQ|INE458B01036,1d,7,7 consecutive flat bars ending 2023-10-27
INFO,FLAT_BAR_RUN_OLD,universe_daily,NSE_EQ|INE458F01011,1d,23,23 consecutive flat bars ending 2013-10-04
INFO,FLAT_BAR_RUN_OLD,universe_daily,NSE_EQ|INE459A01010,1d,12,12 consecutive flat bars ending 2013-09-03
INFO,FLAT_BAR_RUN_OLD,universe_daily,NSE_EQ|INE461C01038,1d,95,95 consecutive flat bars ending 2003-07-31
INFO,FLAT_BAR_RUN_OLD,universe_daily,NSE_EQ|INE474C01023,1d,156,156 consecutive flat bars ending 2003-08-14
INFO,FLAT_BAR_RUN_OLD,universe_daily,NSE_EQ|INE474E01029,1d,9,9 consecutive flat bars ending 2021-12-17
INFO,FLAT_BAR_RUN_OLD,universe_daily,NSE_EQ|INE474Q01031,1d,5,5 consecutive flat bars ending 2017-01-10
INFO,FLAT_BAR_RUN_OLD,universe_daily,NSE_EQ|INE477B01010,1d,44,44 consecutive flat bars ending 2008-04-11
INFO,FLAT_BAR_RUN_OLD,universe_daily,NSE_EQ|INE480M01011,1d,28,28 consecutive flat bars ending 2018-10-15
INFO,FLAT_BAR_RUN_OLD,universe_daily,NSE_EQ|INE481Z01011,1d,7,7 consecutive flat bars ending 2021-04-29
INFO,FLAT_BAR_RUN_OLD,universe_daily,NSE_EQ|INE482B01010,1d,14,14 consecutive flat bars ending 2024-12-09
INFO,FLAT_BAR_RUN_OLD,universe_daily,NSE_EQ|INE482J01021,1d,18,18 consecutive flat bars ending 2013-12-02
INFO,FLAT_BAR_RUN_OLD,universe_daily,NSE_EQ|INE483B01026,1d,13,13 consecutive flat bars ending 2010-07-07
INFO,FLAT_BAR_RUN_OLD,universe_daily,NSE_EQ|INE483C01032,1d,7,7 consecutive flat bars ending 2007-03-08
INFO,FLAT_BAR_RUN_OLD,universe_daily,NSE_EQ|INE485C01029,1d,65,65 consecutive flat bars ending 2013-10-17
INFO,FLAT_BAR_RUN_OLD,universe_daily,NSE_EQ|INE486Y01013,1d,15,15 consecutive flat bars ending 2019-03-01
INFO,FLAT_BAR_RUN_OLD,universe_daily,NSE_EQ|INE489L01022,1d,6,6 consecutive flat bars ending 2019-09-30
INFO,FLAT_BAR_RUN_OLD,universe_daily,NSE_EQ|INE491V01019,1d,43,43 consecutive flat bars ending 2021-05-26
INFO,FLAT_BAR_RUN_OLD,universe_daily,NSE_EQ|INE495A01022,1d,8,8 consecutive flat bars ending 2020-04-09
INFO,FLAT_BAR_RUN_OLD,universe_daily,NSE_EQ|INE495B01038,1d,17,17 consecutive flat bars ending 2020-03-25
INFO,FLAT_BAR_RUN_OLD,universe_daily,NSE_EQ|INE495P01020,1d,21,21 consecutive flat bars ending 2018-11-09
INFO,FLAT_BAR_RUN_OLD,universe_daily,NSE_EQ|INE497S01012,1d,9,9 consecutive flat bars ending 2025-04-28
INFO,FLAT_BAR_RUN_OLD,universe_daily,NSE_EQ|INE500X01013,1d,15,15 consecutive flat bars ending 2020-06-05
INFO,FLAT_BAR_RUN_OLD,universe_daily,NSE_EQ|INE503B01021,1d,16,16 consecutive flat bars ending 2017-12-21
INFO,FLAT_BAR_RUN_OLD,universe_daily,NSE_EQ|INE505C01016,1d,8,8 consecutive flat bars ending 2012-01-11
INFO,FLAT_BAR_RUN_OLD,universe_daily,NSE_EQ|INE505Y01010,1d,6,6 consecutive flat bars ending 2019-05-08
INFO,FLAT_BAR_RUN_OLD,universe_daily,NSE_EQ|INE506W01020,1d,14,14 consecutive flat bars ending 2018-09-18
INFO,FLAT_BAR_RUN_OLD,universe_daily,NSE_EQ|INE506Z01015,1d,12,12 consecutive flat bars ending 2018-07-31
INFO,FLAT_BAR_RUN_OLD,universe_daily,NSE_EQ|INE511Y01018,1d,5,5 consecutive flat bars ending 2019-12-12
INFO,FLAT_BAR_RUN_OLD,universe_daily,NSE_EQ|INE512B01022,1d,28,28 consecutive flat bars ending 2022-01-12
INFO,FLAT_BAR_RUN_OLD,universe_daily,NSE_EQ|INE514Y01020,1d,5,5 consecutive flat bars ending 2022-05-13
INFO,FLAT_BAR_RUN_OLD,universe_daily,NSE_EQ|INE517B01013,1d,17,17 consecutive flat bars ending 2022-02-04
INFO,FLAT_BAR_RUN_OLD,universe_daily,NSE_EQ|INE519C01017,1d,5,5 consecutive flat bars ending 2009-05-27
INFO,FLAT_BAR_RUN_OLD,universe_daily,NSE_EQ|INE520H01022,1d,15,15 consecutive flat bars ending 2016-10-26
INFO,FLAT_BAR_RUN_OLD,universe_daily,NSE_EQ|INE520Y01019,1d,8,8 consecutive flat bars ending 2019-08-22
INFO,FLAT_BAR_RUN_OLD,universe_daily,NSE_EQ|INE524B01027,1d,15,15 consecutive flat bars ending 2007-05-11
INFO,FLAT_BAR_RUN_OLD,universe_daily,NSE_EQ|INE526B01014,1d,146,146 consecutive flat bars ending 2014-05-26
INFO,FLAT_BAR_RUN_OLD,universe_daily,NSE_EQ|INE526E01018,1d,23,23 consecutive flat bars ending 2016-07-12
INFO,FLAT_BAR_RUN_OLD,universe_daily,NSE_EQ|INE528A01020,1d,44,44 consecutive flat bars ending 2013-06-17
INFO,FLAT_BAR_RUN_OLD,universe_daily,NSE_EQ|INE535D01037,1d,27,27 consecutive flat bars ending 2017-12-26
INFO,FLAT_BAR_RUN_OLD,universe_daily,NSE_EQ|INE536H01010,1d,6,6 consecutive flat bars ending 2020-05-06
INFO,FLAT_BAR_RUN_OLD,universe_daily,NSE_EQ|INE538A01037,1d,11,11 consecutive flat bars ending 2019-08-23
INFO,FLAT_BAR_RUN_OLD,universe_daily,NSE_EQ|INE539B01017,1d,6,6 consecutive flat bars ending 2023-08-10
INFO,FLAT_BAR_RUN_OLD,universe_daily,NSE_EQ|INE540A01017,1d,36,36 consecutive flat bars ending 2017-10-06
INFO,FLAT_BAR_RUN_OLD,universe_daily,NSE_EQ|INE540G01014,1d,6,6 consecutive flat bars ending 2013-10-03
INFO,FLAT_BAR_RUN_OLD,universe_daily,NSE_EQ|INE541A01023,1d,5,5 consecutive flat bars ending 2020-09-28
INFO,FLAT_BAR_RUN_OLD,universe_daily,NSE_EQ|INE542C01019,1d,20,20 consecutive flat bars ending 2023-12-01
INFO,FLAT_BAR_RUN_OLD,universe_daily,NSE_EQ|INE542Z01028,1d,12,12 consecutive flat bars ending 2019-06-06
INFO,FLAT_BAR_RUN_OLD,universe_daily,NSE_EQ|INE543V01017,1d,42,42 consecutive flat bars ending 2021-10-25
INFO,FLAT_BAR_RUN_OLD,universe_daily,NSE_EQ|INE544A01019,1d,15,15 consecutive flat bars ending 2003-10-06
INFO,FLAT_BAR_RUN_OLD,universe_daily,NSE_EQ|INE544H01014,1d,11,11 consecutive flat bars ending 2015-12-24
INFO,FLAT_BAR_RUN_OLD,universe_daily,NSE_EQ|INE545H01011,1d,7,7 consecutive flat bars ending 2013-06-04
INFO,FLAT_BAR_RUN_OLD,universe_daily,NSE_EQ|INE546Y01022,1d,32,32 consecutive flat bars ending 2023-08-29
INFO,FLAT_BAR_RUN_OLD,universe_daily,NSE_EQ|INE548A01028,1d,5,5 consecutive flat bars ending 2008-01-28
INFO,FLAT_BAR_RUN_OLD,universe_daily,NSE_EQ|INE548Z01017,1d,13,13 consecutive flat bars ending 2020-10-19
INFO,FLAT_BAR_RUN_OLD,universe_daily,NSE_EQ|INE550B01022,1d,20,20 consecutive flat bars ending 2021-03-12
INFO,FLAT_BAR_RUN_OLD,universe_daily,NSE_EQ|INE550C01020,1d,20,20 consecutive flat bars ending 2018-01-16
INFO,FLAT_BAR_RUN_OLD,universe_daily,NSE_EQ|INE550H01011,1d,12,12 consecutive flat bars ending 2024-09-26
INFO,FLAT_BAR_RUN_OLD,universe_daily,NSE_EQ|INE555B01013,1d,8,8 consecutive flat bars ending 2009-07-10
INFO,FLAT_BAR_RUN_OLD,universe_daily,NSE_EQ|INE555Z01020,1d,7,7 consecutive flat bars ending 2019-06-24
INFO,FLAT_BAR_RUN_OLD,universe_daily,NSE_EQ|INE557Z01018,1d,20,20 consecutive flat bars ending 2021-03-10
INFO,FLAT_BAR_RUN_OLD,universe_daily,NSE_EQ|INE558D01021,1d,8,8 consecutive flat bars ending 2020-07-09
INFO,FLAT_BAR_RUN_OLD,universe_daily,NSE_EQ|INE558R01013,1d,22,22 consecutive flat bars ending 2019-03-29
INFO,FLAT_BAR_RUN_OLD,universe_daily,NSE_EQ|INE559A01017,1d,11,11 consecutive flat bars ending 2003-09-25
INFO,FLAT_BAR_RUN_OLD,universe_daily,NSE_EQ|INE562B01019,1d,6,6 consecutive flat bars ending 2021-12-13
INFO,FLAT_BAR_RUN_OLD,universe_daily,NSE_EQ|INE563J01010,1d,15,15 consecutive flat bars ending 2013-09-04
INFO,FLAT_BAR_RUN_OLD,universe_daily,NSE_EQ|INE566K01011,1d,12,12 consecutive flat bars ending 2020-05-05
INFO,FLAT_BAR_RUN_OLD,universe_daily,NSE_EQ|INE567A01028,1d,8,8 consecutive flat bars ending 2013-10-31
INFO,FLAT_BAR_RUN_OLD,universe_daily,NSE_EQ|INE571B01036,1d,17,17 consecutive flat bars ending 2013-10-09
INFO,FLAT_BAR_RUN_OLD,universe_daily,NSE_EQ|INE573K01025,1d,21,21 consecutive flat bars ending 2013-03-28
INFO,FLAT_BAR_RUN_OLD,universe_daily,NSE_EQ|INE575C01027,1d,9,9 consecutive flat bars ending 2016-10-10
INFO,FLAT_BAR_RUN_OLD,universe_daily,NSE_EQ|INE575P01011,1d,18,18 consecutive flat bars ending 2016-10-10
INFO,FLAT_BAR_RUN_OLD,universe_daily,NSE_EQ|INE577L01016,1d,19,19 consecutive flat bars ending 2014-04-22
INFO,FLAT_BAR_RUN_OLD,universe_daily,NSE_EQ|INE581X01021,1d,14,14 consecutive flat bars ending 2024-01-30
INFO,FLAT_BAR_RUN_OLD,universe_daily,NSE_EQ|INE583B01015,1d,21,21 consecutive flat bars ending 2013-08-19
INFO,FLAT_BAR_RUN_OLD,universe_daily,NSE_EQ|INE583C01021,1d,18,18 consecutive flat bars ending 2013-08-08
INFO,FLAT_BAR_RUN_OLD,universe_daily,NSE_EQ|INE584F01014,1d,56,56 consecutive flat bars ending 2013-09-11
INFO,FLAT_BAR_RUN_OLD,universe_daily,NSE_EQ|INE587G01015,1d,9,9 consecutive flat bars ending 2020-06-05
INFO,FLAT_BAR_RUN_OLD,universe_daily,NSE_EQ|INE590L01019,1d,39,39 consecutive flat bars ending 2013-10-11
INFO,FLAT_BAR_RUN_OLD,universe_daily,NSE_EQ|INE592A01026,1d,32,32 consecutive flat bars ending 2003-03-12
INFO,FLAT_BAR_RUN_OLD,universe_daily,NSE_EQ|INE592B01024,1d,6,6 consecutive flat bars ending 2013-05-16
INFO,FLAT_BAR_RUN_OLD,universe_daily,NSE_EQ|INE594B01012,1d,10,10 consecutive flat bars ending 2003-07-14
INFO,FLAT_BAR_RUN_OLD,universe_daily,NSE_EQ|INE596H01014,1d,6,6 consecutive flat bars ending 2013-12-09
INFO,FLAT_BAR_RUN_OLD,universe_daily,NSE_EQ|INE600A01035,1d,14,14 consecutive flat bars ending 2023-09-14
INFO,FLAT_BAR_RUN_OLD,universe_daily,NSE_EQ|INE602A01031,1d,5,5 consecutive flat bars ending 2006-07-28
INFO,FLAT_BAR_RUN_OLD,universe_daily,NSE_EQ|INE603A01013,1d,6,6 consecutive flat bars ending 2003-09-18
INFO,FLAT_BAR_RUN_OLD,universe_daily,NSE_EQ|INE606A01024,1d,34,34 consecutive flat bars ending 2013-09-10
INFO,FLAT_BAR_RUN_OLD,universe_daily,NSE_EQ|INE607D01018,1d,12,12 consecutive flat bars ending 2009-02-11
INFO,FLAT_BAR_RUN_OLD,universe_daily,NSE_EQ|INE610B01024,1d,30,30 consecutive flat bars ending 2025-02-07
INFO,FLAT_BAR_RUN_OLD,universe_daily,NSE_EQ|INE610C01014,1d,12,12 consecutive flat bars ending 2018-07-05
INFO,FLAT_BAR_RUN_OLD,universe_daily,NSE_EQ|INE611L01021,1d,28,28 consecutive flat bars ending 2013-07-09
INFO,FLAT_BAR_RUN_OLD,universe_daily,NSE_EQ|INE613B01010,1d,21,21 consecutive flat bars ending 2021-08-04
INFO,FLAT_BAR_RUN_OLD,universe_daily,NSE_EQ|INE614G01033,1d,9,9 consecutive flat bars ending 2020-04-29
INFO,FLAT_BAR_RUN_OLD,universe_daily,NSE_EQ|INE615H01020,1d,5,5 consecutive flat bars ending 2014-07-15
INFO,FLAT_BAR_RUN_OLD,universe_daily,NSE_EQ|INE615R01029,1d,35,35 consecutive flat bars ending 2025-07-10
INFO,FLAT_BAR_RUN_OLD,universe_daily,NSE_EQ|INE617A01013,1d,15,15 consecutive flat bars ending 2013-07-09
INFO,FLAT_BAR_RUN_OLD,universe_daily,NSE_EQ|INE618L01018,1d,14,14 consecutive flat bars ending 2017-12-26
INFO,FLAT_BAR_RUN_OLD,universe_daily,NSE_EQ|INE618N01022,1d,37,37 consecutive flat bars ending 2018-08-20
INFO,FLAT_BAR_RUN_OLD,universe_daily,NSE_EQ|INE619A01035,1d,74,74 consecutive flat bars ending 2020-05-18
INFO,FLAT_BAR_RUN_OLD,universe_daily,NSE_EQ|INE619I01012,1d,26,26 consecutive flat bars ending 2024-04-05
INFO,FLAT_BAR_RUN_OLD,universe_daily,NSE_EQ|INE623A01011,1d,5,5 consecutive flat bars ending 2020-04-20
INFO,FLAT_BAR_RUN_OLD,universe_daily,NSE_EQ|INE624Z01016,1d,8,8 consecutive flat bars ending 2018-07-09
INFO,FLAT_BAR_RUN_OLD,universe_daily,NSE_EQ|INE625B01014,1d,8,8 consecutive flat bars ending 2020-08-12
INFO,FLAT_BAR_RUN_OLD,universe_daily,NSE_EQ|INE625X01026,1d,14,14 consecutive flat bars ending 2019-05-17
INFO,FLAT_BAR_RUN_OLD,universe_daily,NSE_EQ|INE626Z01029,1d,7,7 consecutive flat bars ending 2025-05-09
INFO,FLAT_BAR_RUN_OLD,universe_daily,NSE_EQ|INE627H01017,1d,73,73 consecutive flat bars ending 2013-10-21
INFO,FLAT_BAR_RUN_OLD,universe_daily,NSE_EQ|INE629D01020,1d,17,17 consecutive flat bars ending 2013-10-04
INFO,FLAT_BAR_RUN_OLD,universe_daily,NSE_EQ|INE630A01024,1d,10,10 consecutive flat bars ending 2014-02-14
INFO,FLAT_BAR_RUN_OLD,universe_daily,NSE_EQ|INE634I01029,1d,12,12 consecutive flat bars ending 2013-12-05
INFO,FLAT_BAR_RUN_OLD,universe_daily,NSE_EQ|INE635A01023,1d,22,22 consecutive flat bars ending 2019-09-11
INFO,FLAT_BAR_RUN_OLD,universe_daily,NSE_EQ|INE636A01039,1d,7,7 consecutive flat bars ending 2021-07-06
INFO,FLAT_BAR_RUN_OLD,universe_daily,NSE_EQ|INE640C01011,1d,16,16 consecutive flat bars ending 2015-10-15
INFO,FLAT_BAR_RUN_OLD,universe_daily,NSE_EQ|INE641C01019,1d,35,35 consecutive flat bars ending 2021-09-07
INFO,FLAT_BAR_RUN_OLD,universe_daily,NSE_EQ|INE642Y01029,1d,7,7 consecutive flat bars ending 2018-08-30
INFO,FLAT_BAR_RUN_OLD,universe_daily,NSE_EQ|INE642Z01026,1d,36,36 consecutive flat bars ending 2023-12-04
INFO,FLAT_BAR_RUN_OLD,universe_daily,NSE_EQ|INE643K01018,1d,10,10 consecutive flat bars ending 2019-10-16
INFO,FLAT_BAR_RUN_OLD,universe_daily,NSE_EQ|INE644Y01017,1d,7,7 consecutive flat bars ending 2018-03-08
INFO,FLAT_BAR_RUN_OLD,universe_daily,NSE_EQ|INE646C01018,1d,8,8 consecutive flat bars ending 2016-07-26
INFO,FLAT_BAR_RUN_OLD,universe_daily,NSE_EQ|INE650K01021,1d,23,23 consecutive flat bars ending 2020-10-08
INFO,FLAT_BAR_RUN_OLD,universe_daily,NSE_EQ|INE652F01027,1d,8,8 consecutive flat bars ending 2024-08-09
INFO,FLAT_BAR_RUN_OLD,universe_daily,NSE_EQ|INE652Z01025,1d,16,16 consecutive flat bars ending 2022-04-18
INFO,FLAT_BAR_RUN_OLD,universe_daily,NSE_EQ|INE655A01013,1d,9,9 consecutive flat bars ending 2007-11-01
INFO,FLAT_BAR_RUN_OLD,universe_daily,NSE_EQ|INE658G01014,1d,16,16 consecutive flat bars ending 2024-03-01
INFO,FLAT_BAR_RUN_OLD,universe_daily,NSE_EQ|INE658T01017,1d,12,12 consecutive flat bars ending 2017-04-11
INFO,FLAT_BAR_RUN_OLD,universe_daily,NSE_EQ|INE659A01023,1d,818,818 consecutive flat bars ending 2006-05-15
INFO,FLAT_BAR_RUN_OLD,universe_daily,NSE_EQ|INE666D01022,1d,6,6 consecutive flat bars ending 2020-03-19
INFO,FLAT_BAR_RUN_OLD,universe_daily,NSE_EQ|INE666E01020,1d,15,15 consecutive flat bars ending 2023-05-31
INFO,FLAT_BAR_RUN_OLD,universe_daily,NSE_EQ|INE667G01023,1d,17,17 consecutive flat bars ending 2014-01-03
INFO,FLAT_BAR_RUN_OLD,universe_daily,NSE_EQ|INE668D01028,1d,30,30 consecutive flat bars ending 2013-07-25
INFO,FLAT_BAR_RUN_OLD,universe_daily,NSE_EQ|INE669A01022,1d,12,12 consecutive flat bars ending 2018-04-23
INFO,FLAT_BAR_RUN_OLD,universe_daily,NSE_EQ|INE669X01032,1d,18,18 consecutive flat bars ending 2020-03-04
INFO,FLAT_BAR_RUN_OLD,universe_daily,NSE_EQ|INE670X01014,1d,7,7 consecutive flat bars ending 2025-07-10
INFO,FLAT_BAR_RUN_OLD,universe_daily,NSE_EQ|INE672A01026,1d,45,45 consecutive flat bars ending 2003-05-13
INFO,FLAT_BAR_RUN_OLD,universe_daily,NSE_EQ|INE681C01015,1d,130,130 consecutive flat bars ending 2014-01-15
INFO,FLAT_BAR_RUN_OLD,universe_daily,NSE_EQ|INE683C01011,1d,75,75 consecutive flat bars ending 2013-11-25
INFO,FLAT_BAR_RUN_OLD,universe_daily,NSE_EQ|INE686A01026,1d,5,5 consecutive flat bars ending 2013-12-17
INFO,FLAT_BAR_RUN_OLD,universe_daily,NSE_EQ|INE688A01022,1d,9,9 consecutive flat bars ending 2003-04-21
INFO,FLAT_BAR_RUN_OLD,universe_daily,NSE_EQ|INE688D01026,1d,8,8 consecutive flat bars ending 2011-06-22
INFO,FLAT_BAR_RUN_OLD,universe_daily,NSE_EQ|INE688J01023,1d,69,69 consecutive flat bars ending 2020-06-19
INFO,FLAT_BAR_RUN_OLD,universe_daily,NSE_EQ|INE690A01028,1d,17,17 consecutive flat bars ending 2003-10-06
INFO,FLAT_BAR_RUN_OLD,universe_daily,NSE_EQ|INE691Z01023,1d,29,29 consecutive flat bars ending 2024-03-15
INFO,FLAT_BAR_RUN_OLD,universe_daily,NSE_EQ|INE694A01020,1d,29,29 consecutive flat bars ending 2020-02-25
INFO,FLAT_BAR_RUN_OLD,universe_daily,NSE_EQ|INE694N01015,1d,7,7 consecutive flat bars ending 2025-04-30
INFO,FLAT_BAR_RUN_OLD,universe_daily,NSE_EQ|INE696K01024,1d,23,23 consecutive flat bars ending 2020-08-04
INFO,FLAT_BAR_RUN_OLD,universe_daily,NSE_EQ|INE696V01013,1d,24,24 consecutive flat bars ending 2019-10-14
INFO,FLAT_BAR_RUN_OLD,universe_daily,NSE_EQ|INE697V01011,1d,21,21 consecutive flat bars ending 2021-11-26
INFO,FLAT_BAR_RUN_OLD,universe_daily,NSE_EQ|INE699B01027,1d,13,13 consecutive flat bars ending 2015-02-26
INFO,FLAT_BAR_RUN_OLD,universe_daily,NSE_EQ|INE701A01023,1d,29,29 consecutive flat bars ending 2013-07-24
INFO,FLAT_BAR_RUN_OLD,universe_daily,NSE_EQ|INE703B01027,1d,9,9 consecutive flat bars ending 2006-06-14
INFO,FLAT_BAR_RUN_OLD,universe_daily,NSE_EQ|INE703H01016,1d,17,17 consecutive flat bars ending 2009-04-24
INFO,FLAT_BAR_RUN_OLD,universe_daily,NSE_EQ|INE704H01022,1d,7,7 consecutive flat bars ending 2013-10-03
INFO,FLAT_BAR_RUN_OLD,universe_daily,NSE_EQ|INE705C01020,1d,5,5 consecutive flat bars ending 2018-01-02
INFO,FLAT_BAR_RUN_OLD,universe_daily,NSE_EQ|INE705X01026,1d,20,20 consecutive flat bars ending 2023-05-29
INFO,FLAT_BAR_RUN_OLD,universe_daily,NSE_EQ|INE707A01012,1d,34,34 consecutive flat bars ending 2013-06-20
INFO,FLAT_BAR_RUN_OLD,universe_daily,NSE_EQ|INE709A01018,1d,6,6 consecutive flat bars ending 2006-06-09
INFO,FLAT_BAR_RUN_OLD,universe_daily,NSE_EQ|INE711A01022,1d,11,11 consecutive flat bars ending 2023-10-13
INFO,FLAT_BAR_RUN_OLD,universe_daily,NSE_EQ|INE713B01026,1d,8,8 consecutive flat bars ending 2003-01-16
INFO,FLAT_BAR_RUN_OLD,universe_daily,NSE_EQ|INE715Y01031,1d,10,10 consecutive flat bars ending 2023-01-24
INFO,FLAT_BAR_RUN_OLD,universe_daily,NSE_EQ|INE716B01029,1d,17,17 consecutive flat bars ending 2014-01-10
INFO,FLAT_BAR_RUN_OLD,universe_daily,NSE_EQ|INE718H01014,1d,9,9 consecutive flat bars ending 2020-03-25
INFO,FLAT_BAR_RUN_OLD,universe_daily,NSE_EQ|INE719F01016,1d,15,15 consecutive flat bars ending 2021-11-22
INFO,FLAT_BAR_RUN_OLD,universe_daily,NSE_EQ|INE720A01015,1d,10,10 consecutive flat bars ending 2013-07-15
INFO,FLAT_BAR_RUN_OLD,universe_daily,NSE_EQ|INE721Z01010,1d,37,37 consecutive flat bars ending 2020-07-03
INFO,FLAT_BAR_RUN_OLD,universe_daily,NSE_EQ|INE722J01012,1d,17,17 consecutive flat bars ending 2023-10-03
INFO,FLAT_BAR_RUN_OLD,universe_daily,NSE_EQ|INE725L01011,1d,86,86 consecutive flat bars ending 2013-09-18
INFO,FLAT_BAR_RUN_OLD,universe_daily,NSE_EQ|INE727B01026,1d,16,16 consecutive flat bars ending 2008-04-24
INFO,FLAT_BAR_RUN_OLD,universe_daily,NSE_EQ|INE727S01012,1d,7,7 consecutive flat bars ending 2024-07-22
INFO,FLAT_BAR_RUN_OLD,universe_daily,NSE_EQ|INE728Z01015,1d,9,9 consecutive flat bars ending 2019-06-27
INFO,FLAT_BAR_RUN_OLD,universe_daily,NSE_EQ|INE731C01018,1d,13,13 consecutive flat bars ending 2017-04-13
INFO,FLAT_BAR_RUN_OLD,universe_daily,NSE_EQ|INE731U01028,1d,41,41 consecutive flat bars ending 2021-12-16
INFO,FLAT_BAR_RUN_OLD,universe_daily,NSE_EQ|INE732I01021,1d,14,14 consecutive flat bars ending 2016-12-15
INFO,FLAT_BAR_RUN_OLD,universe_daily,NSE_EQ|INE732S01012,1d,5,5 consecutive flat bars ending 2017-04-11
INFO,FLAT_BAR_RUN_OLD,universe_daily,NSE_EQ|INE733A01018,1d,47,47 consecutive flat bars ending 2013-11-18
INFO,FLAT_BAR_RUN_OLD,universe_daily,NSE_EQ|INE735M01018,1d,22,22 consecutive flat bars ending 2013-10-08
INFO,FLAT_BAR_RUN_OLD,universe_daily,NSE_EQ|INE737B01033,1d,12,12 consecutive flat bars ending 2021-07-23
INFO,FLAT_BAR_RUN_OLD,universe_daily,NSE_EQ|INE737W01013,1d,17,17 consecutive flat bars ending 2022-03-30
INFO,FLAT_BAR_RUN_OLD,universe_daily,NSE_EQ|INE738V01013,1d,11,11 consecutive flat bars ending 2021-11-25
INFO,FLAT_BAR_RUN_OLD,universe_daily,NSE_EQ|INE740V01019,1d,33,33 consecutive flat bars ending 2020-02-10
INFO,FLAT_BAR_RUN_OLD,universe_daily,NSE_EQ|INE740X01023,1d,10,10 consecutive flat bars ending 2025-04-07
INFO,FLAT_BAR_RUN_OLD,universe_daily,NSE_EQ|INE741L01018,1d,139,139 consecutive flat bars ending 2013-11-07
INFO,FLAT_BAR_RUN_OLD,universe_daily,NSE_EQ|INE742B01025,1d,8,8 consecutive flat bars ending 2013-08-07
INFO,FLAT_BAR_RUN_OLD,universe_daily,NSE_EQ|INE747B01016,1d,12,12 consecutive flat bars ending 2020-06-22
INFO,FLAT_BAR_RUN_OLD,universe_daily,NSE_EQ|INE747K01017,1d,20,20 consecutive flat bars ending 2024-11-26
INFO,FLAT_BAR_RUN_OLD,universe_daily,NSE_EQ|INE748Z01013,1d,12,12 consecutive flat bars ending 2024-09-10
INFO,FLAT_BAR_RUN_OLD,universe_daily,NSE_EQ|INE749B01020,1d,79,79 consecutive flat bars ending 2013-11-19
INFO,FLAT_BAR_RUN_OLD,universe_daily,NSE_EQ|INE750C01026,1d,99,99 consecutive flat bars ending 2003-05-27
INFO,FLAT_BAR_RUN_OLD,universe_daily,NSE_EQ|INE750M01017,1d,16,16 consecutive flat bars ending 2019-11-01
INFO,FLAT_BAR_RUN_OLD,universe_daily,NSE_EQ|INE751B01018,1d,15,15 consecutive flat bars ending 2018-01-22
INFO,FLAT_BAR_RUN_OLD,universe_daily,NSE_EQ|INE752G01015,1d,6,6 consecutive flat bars ending 2023-10-05
INFO,FLAT_BAR_RUN_OLD,universe_daily,NSE_EQ|INE754A01055,1d,14,14 consecutive flat bars ending 2020-05-29
INFO,FLAT_BAR_RUN_OLD,universe_daily,NSE_EQ|INE754X01016,1d,17,17 consecutive flat bars ending 2020-06-30
INFO,FLAT_BAR_RUN_OLD,universe_daily,NSE_EQ|INE756C01015,1d,9,9 consecutive flat bars ending 2016-09-14
INFO,FLAT_BAR_RUN_OLD,universe_daily,NSE_EQ|INE759V01019,1d,9,9 consecutive flat bars ending 2020-04-20
INFO,FLAT_BAR_RUN_OLD,universe_daily,NSE_EQ|INE761Y01019,1d,13,13 consecutive flat bars ending 2024-02-02
INFO,FLAT_BAR_RUN_OLD,universe_daily,NSE_EQ|INE769A01020,1d,5,5 consecutive flat bars ending 2003-03-27
INFO,FLAT_BAR_RUN_OLD,universe_daily,NSE_EQ|INE775A01035,1d,12,12 consecutive flat bars ending 2003-03-11
INFO,FLAT_BAR_RUN_OLD,universe_daily,NSE_EQ|INE780C01023,1d,921,921 consecutive flat bars ending 2006-10-09
INFO,FLAT_BAR_RUN_OLD,universe_daily,NSE_EQ|INE781B01015,1d,60,60 consecutive flat bars ending 2003-12-05
INFO,FLAT_BAR_RUN_OLD,universe_daily,NSE_EQ|INE785A01026,1d,5,5 consecutive flat bars ending 2004-03-31
INFO,FLAT_BAR_RUN_OLD,universe_daily,NSE_EQ|INE785M01021,1d,22,22 consecutive flat bars ending 2023-02-22
INFO,FLAT_BAR_RUN_OLD,universe_daily,NSE_EQ|INE786F01031,1d,10,10 consecutive flat bars ending 2013-08-29
INFO,FLAT_BAR_RUN_OLD,universe_daily,NSE_EQ|INE786W01010,1d,7,7 consecutive flat bars ending 2024-08-02
INFO,FLAT_BAR_RUN_OLD,universe_daily,NSE_EQ|INE788H01017,1d,11,11 consecutive flat bars ending 2013-09-04
INFO,FLAT_BAR_RUN_OLD,universe_daily,NSE_EQ|INE790G01031,1d,6,6 consecutive flat bars ending 2020-04-16
INFO,FLAT_BAR_RUN_OLD,universe_daily,NSE_EQ|INE791A01024,1d,18,18 consecutive flat bars ending 2024-03-28
INFO,FLAT_BAR_RUN_OLD,universe_daily,NSE_EQ|INE792B01012,1d,5,5 consecutive flat bars ending 2023-10-25
INFO,FLAT_BAR_RUN_OLD,universe_daily,NSE_EQ|INE792H01019,1d,80,80 consecutive flat bars ending 2013-08-13
INFO,FLAT_BAR_RUN_OLD,universe_daily,NSE_EQ|INE793A01012,1d,5,5 consecutive flat bars ending 2012-11-13
INFO,FLAT_BAR_RUN_OLD,universe_daily,NSE_EQ|INE794W01014,1d,32,32 consecutive flat bars ending 2024-04-18
INFO,FLAT_BAR_RUN_OLD,universe_daily,NSE_EQ|INE796G01012,1d,8,8 consecutive flat bars ending 2021-04-01
INFO,FLAT_BAR_RUN_OLD,universe_daily,NSE_EQ|INE797H01018,1d,19,19 consecutive flat bars ending 2024-01-04
INFO,FLAT_BAR_RUN_OLD,universe_daily,NSE_EQ|INE800H01010,1d,13,13 consecutive flat bars ending 2020-07-16
INFO,FLAT_BAR_RUN_OLD,universe_daily,NSE_EQ|INE801L01010,1d,7,7 consecutive flat bars ending 2020-08-12
INFO,FLAT_BAR_RUN_OLD,universe_daily,NSE_EQ|INE801V01019,1d,11,11 consecutive flat bars ending 2019-11-20
INFO,FLAT_BAR_RUN_OLD,universe_daily,NSE_EQ|INE802W01023,1d,11,11 consecutive flat bars ending 2022-11-14
INFO,FLAT_BAR_RUN_OLD,universe_daily,NSE_EQ|INE803H01014,1d,11,11 consecutive flat bars ending 2014-01-14
INFO,FLAT_BAR_RUN_OLD,universe_daily,NSE_EQ|INE804H01012,1d,77,77 consecutive flat bars ending 2013-10-24
INFO,FLAT_BAR_RUN_OLD,universe_daily,NSE_EQ|INE806A01020,1d,20,20 consecutive flat bars ending 2020-05-08
INFO,FLAT_BAR_RUN_OLD,universe_daily,NSE_EQ|INE812G01025,1d,6,6 consecutive flat bars ending 2013-11-19
INFO,FLAT_BAR_RUN_OLD,universe_daily,NSE_EQ|INE816B01035,1d,62,62 consecutive flat bars ending 2013-08-13
INFO,FLAT_BAR_RUN_OLD,universe_daily,NSE_EQ|INE819L01012,1d,9,9 consecutive flat bars ending 2024-08-26
INFO,FLAT_BAR_RUN_OLD,universe_daily,NSE_EQ|INE822G01016,1d,13,13 consecutive flat bars ending 2023-09-29
INFO,FLAT_BAR_RUN_OLD,universe_daily,NSE_EQ|INE824G01012,1d,6,6 consecutive flat bars ending 2007-05-21
INFO,FLAT_BAR_RUN_OLD,universe_daily,NSE_EQ|INE824Q01011,1d,6,6 consecutive flat bars ending 2024-04-16
INFO,FLAT_BAR_RUN_OLD,universe_daily,NSE_EQ|INE829A01014,1d,26,26 consecutive flat bars ending 2019-12-30
INFO,FLAT_BAR_RUN_OLD,universe_daily,NSE_EQ|INE830Q01018,1d,8,8 consecutive flat bars ending 2015-04-15
INFO,FLAT_BAR_RUN_OLD,universe_daily,NSE_EQ|INE831A01028,1d,10,10 consecutive flat bars ending 2023-09-15
INFO,FLAT_BAR_RUN_OLD,universe_daily,NSE_EQ|INE832A01018,1d,16,16 consecutive flat bars ending 2021-04-05
INFO,FLAT_BAR_RUN_OLD,universe_daily,NSE_EQ|INE834M01019,1d,24,24 consecutive flat bars ending 2020-08-11
INFO,FLAT_BAR_RUN_OLD,universe_daily,NSE_EQ|INE835A01029,1d,16,16 consecutive flat bars ending 2019-09-03
INFO,FLAT_BAR_RUN_OLD,universe_daily,NSE_EQ|INE835G01018,1d,53,53 consecutive flat bars ending 2013-07-12
INFO,FLAT_BAR_RUN_OLD,universe_daily,NSE_EQ|INE836B01017,1d,15,15 consecutive flat bars ending 2015-09-18
INFO,FLAT_BAR_RUN_OLD,universe_daily,NSE_EQ|INE836F01026,1d,8,8 consecutive flat bars ending 2020-06-11
INFO,FLAT_BAR_RUN_OLD,universe_daily,NSE_EQ|INE838B01021,1d,72,72 consecutive flat bars ending 2013-10-24
INFO,FLAT_BAR_RUN_OLD,universe_daily,NSE_EQ|INE838E01017,1d,67,67 consecutive flat bars ending 2003-12-12
INFO,FLAT_BAR_RUN_OLD,universe_daily,NSE_EQ|INE839M01018,1d,5,5 consecutive flat bars ending 2024-05-30
INFO,FLAT_BAR_RUN_OLD,universe_daily,NSE_EQ|INE840M01016,1d,5,5 consecutive flat bars ending 2012-12-04
INFO,FLAT_BAR_RUN_OLD,universe_daily,NSE_EQ|INE840Y01029,1d,7,7 consecutive flat bars ending 2020-03-26
INFO,FLAT_BAR_RUN_OLD,universe_daily,NSE_EQ|INE842C01021,1d,201,201 consecutive flat bars ending 2013-01-08
INFO,FLAT_BAR_RUN_OLD,universe_daily,NSE_EQ|INE843B01013,1d,12,12 consecutive flat bars ending 2023-08-10
INFO,FLAT_BAR_RUN_OLD,universe_daily,NSE_EQ|INE844K01012,1d,12,12 consecutive flat bars ending 2010-11-22
INFO,FLAT_BAR_RUN_OLD,universe_daily,NSE_EQ|INE844O01030,1d,8,8 consecutive flat bars ending 2003-05-20
INFO,FLAT_BAR_RUN_OLD,universe_daily,NSE_EQ|INE847C01020,1d,14,14 consecutive flat bars ending 2013-08-08
INFO,FLAT_BAR_RUN_OLD,universe_daily,NSE_EQ|INE848A01014,1d,20,20 consecutive flat bars ending 2007-03-26
INFO,FLAT_BAR_RUN_OLD,universe_daily,NSE_EQ|INE850E01012,1d,7,7 consecutive flat bars ending 2015-06-04
INFO,FLAT_BAR_RUN_OLD,universe_daily,NSE_EQ|INE854B01010,1d,12,12 consecutive flat bars ending 2003-04-02
INFO,FLAT_BAR_RUN_OLD,universe_daily,NSE_EQ|INE855C01023,1d,5,5 consecutive flat bars ending 2020-04-09
INFO,FLAT_BAR_RUN_OLD,universe_daily,NSE_EQ|INE858F01012,1d,36,36 consecutive flat bars ending 2024-02-26
INFO,FLAT_BAR_RUN_OLD,universe_daily,NSE_EQ|INE859Q01017,1d,8,8 consecutive flat bars ending 2015-04-15
INFO,FLAT_BAR_RUN_OLD,universe_daily,NSE_EQ|INE862Y01015,1d,18,18 consecutive flat bars ending 2020-06-23
INFO,FLAT_BAR_RUN_OLD,universe_daily,NSE_EQ|INE863I01016,1d,7,7 consecutive flat bars ending 2015-06-15
INFO,FLAT_BAR_RUN_OLD,universe_daily,NSE_EQ|INE863T01013,1d,11,11 consecutive flat bars ending 2023-07-04
INFO,FLAT_BAR_RUN_OLD,universe_daily,NSE_EQ|INE864K01010,1d,12,12 consecutive flat bars ending 2025-01-30
INFO,FLAT_BAR_RUN_OLD,universe_daily,NSE_EQ|INE865C01022,1d,8,8 consecutive flat bars ending 2024-11-01
INFO,FLAT_BAR_RUN_OLD,universe_daily,NSE_EQ|INE865T01018,1d,5,5 consecutive flat bars ending 2025-05-07
INFO,FLAT_BAR_RUN_OLD,universe_daily,NSE_EQ|INE866K01023,1d,26,26 consecutive flat bars ending 2025-10-06
INFO,FLAT_BAR_RUN_OLD,universe_daily,NSE_EQ|INE869Y01028,1d,17,17 consecutive flat bars ending 2019-07-12
INFO,FLAT_BAR_RUN_OLD,universe_daily,NSE_EQ|INE871H01011,1d,10,10 consecutive flat bars ending 2012-01-02
INFO,FLAT_BAR_RUN_OLD,universe_daily,NSE_EQ|INE874F01027,1d,32,32 consecutive flat bars ending 2025-01-20
INFO,FLAT_BAR_RUN_OLD,universe_daily,NSE_EQ|INE874I01013,1d,5,5 consecutive flat bars ending 2021-02-26
INFO,FLAT_BAR_RUN_OLD,universe_daily,NSE_EQ|INE875G01048,1d,11,11 consecutive flat bars ending 2008-02-01
INFO,FLAT_BAR_RUN_OLD,universe_daily,NSE_EQ|INE875R01011,1d,13,13 consecutive flat bars ending 2015-08-14
INFO,FLAT_BAR_RUN_OLD,universe_daily,NSE_EQ|INE877I01016,1d,9,9 consecutive flat bars ending 2013-08-06
INFO,FLAT_BAR_RUN_OLD,universe_daily,NSE_EQ|INE878B01027,1d,14,14 consecutive flat bars ending 2009-06-05
INFO,FLAT_BAR_RUN_OLD,universe_daily,NSE_EQ|INE878H01024,1d,10,10 consecutive flat bars ending 2015-10-14
INFO,FLAT_BAR_RUN_OLD,universe_daily,NSE_EQ|INE878K01010,1d,10,10 consecutive flat bars ending 2013-08-28
INFO,FLAT_BAR_RUN_OLD,universe_daily,NSE_EQ|INE879A01019,1d,17,17 consecutive flat bars ending 2023-11-22
INFO,FLAT_BAR_RUN_OLD,universe_daily,NSE_EQ|INE879E01037,1d,28,28 consecutive flat bars ending 2012-07-02
INFO,FLAT_BAR_RUN_OLD,universe_daily,NSE_EQ|INE879I01012,1d,6,6 consecutive flat bars ending 2020-05-13
INFO,FLAT_BAR_RUN_OLD,universe_daily,NSE_EQ|INE880L01014,1d,46,46 consecutive flat bars ending 2017-06-16
INFO,FLAT_BAR_RUN_OLD,universe_daily,NSE_EQ|INE880Y01017,1d,13,13 consecutive flat bars ending 2018-11-30
INFO,FLAT_BAR_RUN_OLD,universe_daily,NSE_EQ|INE885F01015,1d,28,28 consecutive flat bars ending 2018-03-21
INFO,FLAT_BAR_RUN_OLD,universe_daily,NSE_EQ|INE886A01014,1d,135,135 consecutive flat bars ending 2013-12-19
INFO,FLAT_BAR_RUN_OLD,universe_daily,NSE_EQ|INE887E01022,1d,7,7 consecutive flat bars ending 2025-06-02
INFO,FLAT_BAR_RUN_OLD,universe_daily,NSE_EQ|INE891B01012,1d,28,28 consecutive flat bars ending 2020-04-29
INFO,FLAT_BAR_RUN_OLD,universe_daily,NSE_EQ|INE895B01021,1d,39,39 consecutive flat bars ending 2013-08-02
INFO,FLAT_BAR_RUN_OLD,universe_daily,NSE_EQ|INE898S01029,1d,27,27 consecutive flat bars ending 2021-02-01
INFO,FLAT_BAR_RUN_OLD,universe_daily,NSE_EQ|INE899L01030,1d,22,22 consecutive flat bars ending 2024-08-19
INFO,FLAT_BAR_RUN_OLD,universe_daily,NSE_EQ|INE900B01029,1d,5,5 consecutive flat bars ending 2008-04-10
INFO,FLAT_BAR_RUN_OLD,universe_daily,NSE_EQ|INE900C01027,1d,16,16 consecutive flat bars ending 2004-02-24
INFO,FLAT_BAR_RUN_OLD,universe_daily,NSE_EQ|INE900L01028,1d,11,11 consecutive flat bars ending 2017-03-23
INFO,FLAT_BAR_RUN_OLD,universe_daily,NSE_EQ|INE902B01017,1d,16,16 consecutive flat bars ending 2020-05-22
INFO,FLAT_BAR_RUN_OLD,universe_daily,NSE_EQ|INE907A01026,1d,5,5 consecutive flat bars ending 2009-05-25
INFO,FLAT_BAR_RUN_OLD,universe_daily,NSE_EQ|INE908V01012,1d,7,7 consecutive flat bars ending 2018-03-07
INFO,FLAT_BAR_RUN_OLD,universe_daily,NSE_EQ|INE912H01013,1d,10,10 consecutive flat bars ending 2023-09-08
INFO,FLAT_BAR_RUN_OLD,universe_daily,NSE_EQ|INE914E01040,1d,12,12 consecutive flat bars ending 2024-01-31
INFO,FLAT_BAR_RUN_OLD,universe_daily,NSE_EQ|INE915B01019,1d,6,6 consecutive flat bars ending 2024-10-29
INFO,FLAT_BAR_RUN_OLD,universe_daily,NSE_EQ|INE917H01012,1d,30,30 consecutive flat bars ending 2013-09-06
INFO,FLAT_BAR_RUN_OLD,universe_daily,NSE_EQ|INE920A01037,1d,32,32 consecutive flat bars ending 2024-02-27
INFO,FLAT_BAR_RUN_OLD,universe_daily,NSE_EQ|INE922A01025,1d,62,62 consecutive flat bars ending 2014-01-13
INFO,FLAT_BAR_RUN_OLD,universe_daily,NSE_EQ|INE923A01015,1d,85,85 consecutive flat bars ending 2014-01-10
INFO,FLAT_BAR_RUN_OLD,universe_daily,NSE_EQ|INE924H01018,1d,5,5 consecutive flat bars ending 2024-04-22
INFO,FLAT_BAR_RUN_OLD,universe_daily,NSE_EQ|INE925C01016,1d,31,31 consecutive flat bars ending 2013-07-18
INFO,FLAT_BAR_RUN_OLD,universe_daily,NSE_EQ|INE926K01017,1d,10,10 consecutive flat bars ending 2013-08-28
INFO,FLAT_BAR_RUN_OLD,universe_daily,NSE_EQ|INE927C01020,1d,12,12 consecutive flat bars ending 2021-03-22
INFO,FLAT_BAR_RUN_OLD,universe_daily,NSE_EQ|INE927D01051,1d,37,37 consecutive flat bars ending 2013-08-01
INFO,FLAT_BAR_RUN_OLD,universe_daily,NSE_EQ|INE931S01010,1d,5,5 consecutive flat bars ending 2023-02-27
INFO,FLAT_BAR_RUN_OLD,universe_daily,NSE_EQ|INE932C01012,1d,60,60 consecutive flat bars ending 2004-01-06
INFO,FLAT_BAR_RUN_OLD,universe_daily,NSE_EQ|INE933B01012,1d,10,10 consecutive flat bars ending 2025-04-23
INFO,FLAT_BAR_RUN_OLD,universe_daily,NSE_EQ|INE933X01016,1d,30,30 consecutive flat bars ending 2025-07-10
INFO,FLAT_BAR_RUN_OLD,universe_daily,NSE_EQ|INE937A01023,1d,9,9 consecutive flat bars ending 2023-09-12
INFO,FLAT_BAR_RUN_OLD,universe_daily,NSE_EQ|INE937C01029,1d,8,8 consecutive flat bars ending 2024-04-19
INFO,FLAT_BAR_RUN_OLD,universe_daily,NSE_EQ|INE938A01021,1d,60,60 consecutive flat bars ending 2024-08-30
INFO,FLAT_BAR_RUN_OLD,universe_daily,NSE_EQ|INE942G01012,1d,19,19 consecutive flat bars ending 2020-04-30
INFO,FLAT_BAR_RUN_OLD,universe_daily,NSE_EQ|INE945H01021,1d,24,24 consecutive flat bars ending 2014-01-01
INFO,FLAT_BAR_RUN_OLD,universe_daily,NSE_EQ|INE947T01022,1d,31,31 consecutive flat bars ending 2020-09-17
INFO,FLAT_BAR_RUN_OLD,universe_daily,NSE_EQ|INE948A01012,1d,13,13 consecutive flat bars ending 2013-06-19
INFO,FLAT_BAR_RUN_OLD,universe_daily,NSE_EQ|INE949P01018,1d,8,8 consecutive flat bars ending 2015-02-27
INFO,FLAT_BAR_RUN_OLD,universe_daily,NSE_EQ|INE952H01027,1d,15,15 consecutive flat bars ending 2024-05-31
INFO,FLAT_BAR_RUN_OLD,universe_daily,NSE_EQ|INE954E01012,1d,9,9 consecutive flat bars ending 2014-01-13
INFO,FLAT_BAR_RUN_OLD,universe_daily,NSE_EQ|INE955I01044,1d,74,74 consecutive flat bars ending 2022-04-04
INFO,FLAT_BAR_RUN_OLD,universe_daily,NSE_EQ|INE955V01021,1d,9,9 consecutive flat bars ending 2019-03-22
INFO,FLAT_BAR_RUN_OLD,universe_daily,NSE_EQ|INE956G01038,1d,6,6 consecutive flat bars ending 2020-04-20
INFO,FLAT_BAR_RUN_OLD,universe_daily,NSE_EQ|INE959A01019,1d,283,283 consecutive flat bars ending 2016-06-24
INFO,FLAT_BAR_RUN_OLD,universe_daily,NSE_EQ|INE964H01014,1d,6,6 consecutive flat bars ending 2020-07-03
INFO,FLAT_BAR_RUN_OLD,universe_daily,NSE_EQ|INE964W01021,1d,23,23 consecutive flat bars ending 2020-09-08
INFO,FLAT_BAR_RUN_OLD,universe_daily,NSE_EQ|INE966H01019,1d,7,7 consecutive flat bars ending 2019-11-11
INFO,FLAT_BAR_RUN_OLD,universe_daily,NSE_EQ|INE967C01018,1d,10,10 consecutive flat bars ending 2003-10-10
INFO,FLAT_BAR_RUN_OLD,universe_daily,NSE_EQ|INE970N01027,1d,78,78 consecutive flat bars ending 2022-07-29
INFO,FLAT_BAR_RUN_OLD,universe_daily,NSE_EQ|INE970X01018,1d,8,8 consecutive flat bars ending 2020-06-11
INFO,FLAT_BAR_RUN_OLD,universe_daily,NSE_EQ|INE972X01022,1d,10,10 consecutive flat bars ending 2018-08-30
INFO,FLAT_BAR_RUN_OLD,universe_daily,NSE_EQ|INE976T01013,1d,22,22 consecutive flat bars ending 2017-11-27
INFO,FLAT_BAR_RUN_OLD,universe_daily,NSE_EQ|INE977Y01011,1d,12,12 consecutive flat bars ending 2023-12-18
INFO,FLAT_BAR_RUN_OLD,universe_daily,NSE_EQ|INE978A01027,1d,5,5 consecutive flat bars ending 2007-02-14
INFO,FLAT_BAR_RUN_OLD,universe_daily,NSE_EQ|INE978G01016,1d,81,81 consecutive flat bars ending 2013-08-23
INFO,FLAT_BAR_RUN_OLD,universe_daily,NSE_EQ|INE985W01018,1d,7,7 consecutive flat bars ending 2018-10-01
INFO,FLAT_BAR_RUN_OLD,universe_daily,NSE_EQ|INE992I01013,1d,6,6 consecutive flat bars ending 2024-03-15
INFO,FLAT_BAR_RUN_OLD,universe_daily,NSE_EQ|INE997Y01027,1d,39,39 consecutive flat bars ending 2020-08-18
INFO,FLAT_BAR_RUN_OLD,universe_daily,NSE_EQ|INE998H01012,1d,28,28 consecutive flat bars ending 2015-06-01
INFO,FLAT_BAR_RUN_OLD,universe_daily,NSE_EQ|INE999K01014,1d,10,10 consecutive flat bars ending 2021-11-25
INFO,FLAT_BAR_RUN_OLD,universe_daily,NSE_EQ|INF082J01499,1d,6,6 consecutive flat bars ending 2015-07-10
INFO,FLAT_BAR_RUN_OLD,universe_daily,NSE_EQ|INF109KC11V0,1d,11,11 consecutive flat bars ending 2017-04-19
INFO,FLAT_BAR_RUN_OLD,universe_daily,NSE_EQ|INF109KC16V9,1d,44,44 consecutive flat bars ending 2013-10-30
INFO,FLAT_BAR_RUN_OLD,universe_daily,NSE_EQ|INF109KC19U5,1d,10,10 consecutive flat bars ending 2018-01-08
INFO,FLAT_BAR_RUN_OLD,universe_daily,NSE_EQ|INF109KC1KT9,1d,5,5 consecutive flat bars ending 2018-10-11
INFO,FLAT_BAR_RUN_OLD,universe_daily,NSE_EQ|INF174KA1LV5,1d,5,5 consecutive flat bars ending 2023-03-28
INFO,FLAT_BAR_RUN_OLD,universe_daily,NSE_EQ|INF174KA1ZE1,1d,6,6 consecutive flat bars ending 2016-02-08
INFO,FLAT_BAR_RUN_OLD,universe_daily,NSE_EQ|INF179KC1HX2,1d,13,13 consecutive flat bars ending 2017-06-08
INFO,FLAT_BAR_RUN_OLD,universe_daily,NSE_EQ|INF194KA1U07,1d,8,8 consecutive flat bars ending 2017-05-25
INFO,FLAT_BAR_RUN_OLD,universe_daily,NSE_EQ|INF200KA1JT1,1d,11,11 consecutive flat bars ending 2016-09-01
INFO,FLAT_BAR_RUN_OLD,universe_daily,NSE_EQ|INF204K014N5,1d,5,5 consecutive flat bars ending 2016-01-05
INFO,FLAT_BAR_RUN_OLD,universe_daily,NSE_EQ|INF204KA1LD7,1d,5,5 consecutive flat bars ending 2016-01-07
INFO,FLAT_BAR_RUN_OLD,universe_daily,NSE_EQ|INF204KA1MS3,1d,5,5 consecutive flat bars ending 2015-09-28
INFO,FLAT_BAR_RUN_OLD,universe_daily,NSE_EQ|INF204KB15I9,1d,8,8 consecutive flat bars ending 2005-11-30
INFO,FLAT_BAR_RUN_OLD,universe_daily,NSE_EQ|INF204KB1882,1d,15,15 consecutive flat bars ending 2017-03-27
INFO,FLAT_BAR_RUN_OLD,universe_daily,NSE_EQ|INF204KB18I3,1d,11,11 consecutive flat bars ending 2017-09-01
INFO,FLAT_BAR_RUN_OLD,universe_daily,NSE_EQ|INF205KA1CC7,1d,20,20 consecutive flat bars ending 2018-05-30
INFO,FLAT_BAR_RUN_OLD,universe_daily,NSE_EQ|INF209KB16D7,1d,5,5 consecutive flat bars ending 2019-12-26
INFO,FLAT_BAR_RUN_OLD,universe_daily,NSE_EQ|INF209KB17D5,1d,5,5 consecutive flat bars ending 2020-01-03
INFO,FLAT_BAR_RUN_OLD,universe_daily,NSE_EQ|INF209KB18T9,1d,7,7 consecutive flat bars ending 2023-05-23
INFO,FLAT_BAR_RUN_OLD,universe_daily,NSE_EQ|INF209KB19D1,1d,5,5 consecutive flat bars ending 2015-07-02
INFO,FLAT_BAR_RUN_OLD,universe_daily,NSE_EQ|INF209KC1142,1d,5,5 consecutive flat bars ending 2025-02-13
INFO,FLAT_BAR_RUN_OLD,universe_daily,NSE_EQ|INF247L01AP3,1d,11,11 consecutive flat bars ending 2018-06-28
INFO,FLAT_BAR_RUN_OLD,universe_daily,NSE_EQ|INF247L01BL0,1d,6,6 consecutive flat bars ending 2018-03-16
INFO,FLAT_BAR_RUN_OLD,universe_daily,NSE_EQ|INF277K015R5,1d,9,9 consecutive flat bars ending 2021-01-05
INFO,FLAT_BAR_RUN_OLD,universe_daily,NSE_EQ|INF346A01034,1d,6,6 consecutive flat bars ending 2017-02-10
INFO,FLAT_BAR_RUN_OLD,universe_daily,NSE_EQ|INF732E01128,1d,7,7 consecutive flat bars ending 2010-08-25
INFO,FLAT_BAR_RUN_OLD,universe_daily,NSE_EQ|INF767K01MV5,1d,5,5 consecutive flat bars ending 2015-05-29
INFO,FLAT_BAR_RUN_OLD,universe_daily,NSE_EQ|INF767K01OS7,1d,12,12 consecutive flat bars ending 2016-04-08
INFO,FLAT_BAR_RUN_OLD,universe_daily,NSE_EQ|INF767K01OT5,1d,8,8 consecutive flat bars ending 2017-01-17
INFO,FLAT_BAR_RUN_OLD,universe_daily,NSE_EQ|INF767K01PC8,1d,9,9 consecutive flat bars ending 2016-09-21
INFO,FLAT_BAR_RUN_OLD,universe_daily,NSE_EQ|INF769K01HS7,1d,10,10 consecutive flat bars ending 2025-09-18
INFO,FLAT_BAR_RUN_OLD,universe_daily,NSE_EQ|INF769K01JP9,1d,10,10 consecutive flat bars ending 2015-12-30
INFO,FLAT_BAR_RUN_OLD,universe_daily,NSE_EQ|INF789F1AUU3,1d,5,5 consecutive flat bars ending 2019-06-21
INFO,FLAT_BAR_RUN_OLD,universe_daily,NSE_EQ|INF789FB1X58,1d,5,5 consecutive flat bars ending 2017-10-27
INFO,GAP_DAILY_OLD,universe_daily,NSE_EQ|IN9175A01010,1d,2,"2 older missing weekdays (longest run 1): 2017-10-19, 2018-11-07"
INFO,GAP_DAILY_OLD,universe_daily,NSE_EQ|INE002L01015,1d,3,"3 older missing weekdays (longest run 1): 2011-10-26, 2017-10-19, 2018-11-07"
INFO,GAP_DAILY_OLD,universe_daily,NSE_EQ|INE002S01010,1d,2,"2 older missing weekdays (longest run 1): 2017-10-19, 2018-11-07"
INFO,GAP_DAILY_OLD,universe_daily,NSE_EQ|INE005I01014,1d,3,"3 older missing weekdays (longest run 1): 2011-10-26, 2017-10-19, 2018-11-07"
INFO,GAP_DAILY_OLD,universe_daily,NSE_EQ|INE006I01046,1d,3,"3 older missing weekdays (longest run 1): 2011-10-26, 2017-10-19, 2018-11-07"
INFO,GAP_DAILY_OLD,universe_daily,NSE_EQ|INE007B01023,1d,3,"3 older missing weekdays (longest run 1): 2011-10-26, 2017-10-19, 2018-11-07"
INFO,GAP_DAILY_OLD,universe_daily,NSE_EQ|INE00KV01022,1d,1,1 older missing weekdays (longest run 1): 2021-03-01
INFO,GAP_DAILY_OLD,universe_daily,NSE_EQ|INE010J01012,1d,2,"2 older missing weekdays (longest run 1): 2017-10-19, 2018-11-07"
INFO,GAP_DAILY_OLD,universe_daily,NSE_EQ|INE010V01017,1d,2,"2 older missing weekdays (longest run 1): 2017-10-19, 2018-11-07"
INFO,GAP_DAILY_OLD,universe_daily,NSE_EQ|INE013801027,1d,3,"3 older missing weekdays (longest run 3): 2023-07-19, 2023-07-20, 2023-07-21"
INFO,GAP_DAILY_OLD,universe_daily,NSE_EQ|INE015D01022,1d,3,"3 older missing weekdays (longest run 1): 2011-10-26, 2017-10-19, 2018-11-07"
INFO,GAP_DAILY_OLD,universe_daily,NSE_EQ|INE019A01038,1d,3,"3 older missing weekdays (longest run 1): 2011-10-26, 2017-10-19, 2018-11-07"
INFO,GAP_DAILY_OLD,universe_daily,NSE_EQ|INE019C01026,1d,3,"3 older missing weekdays (longest run 1): 2011-10-26, 2017-10-19, 2018-11-07"
INFO,GAP_DAILY_OLD,universe_daily,NSE_EQ|INE019J01013,1d,4,"4 older missing weekdays (longest run 1): 2011-10-26, 2017-10-19, 2018-11-07 (+1 more)"
INFO,GAP_DAILY_OLD,universe_daily,NSE_EQ|INE020B01018,1d,3,"3 older missing weekdays (longest run 1): 2011-10-26, 2017-10-19, 2018-11-07"
INFO,GAP_DAILY_OLD,universe_daily,NSE_EQ|INE022I01019,1d,3,"3 older missing weekdays (longest run 1): 2011-10-26, 2017-10-19, 2018-11-07"
INFO,GAP_DAILY_OLD,universe_daily,NSE_EQ|INE022Q01020,1d,1,1 older missing weekdays (longest run 1): 2018-11-07
INFO,GAP_DAILY_OLD,universe_daily,NSE_EQ|INE023H01027,1d,3,"3 older missing weekdays (longest run 1): 2011-10-26, 2017-10-19, 2018-11-07"
INFO,GAP_DAILY_OLD,universe_daily,NSE_EQ|INE024L01027,1d,3,"3 older missing weekdays (longest run 1): 2011-10-26, 2017-10-19, 2018-11-07"
INFO,GAP_DAILY_OLD,universe_daily,NSE_EQ|INE025B01025,1d,4,"4 older missing weekdays (longest run 1): 2011-10-26, 2015-07-03, 2017-10-19 (+1 more)"
INFO,GAP_DAILY_OLD,universe_daily,NSE_EQ|INE029L01018,1d,4,"4 older missing weekdays (longest run 1): 2011-10-26, 2015-11-11, 2017-10-19 (+1 more)"
INFO,GAP_DAILY_OLD,universe_daily,NSE_EQ|INE031A01017,1d,2,"2 older missing weekdays (longest run 1): 2017-10-19, 2018-11-07"
INFO,GAP_DAILY_OLD,universe_daily,NSE_EQ|INE034D01049,1d,3,"3 older missing weekdays (longest run 1): 2011-10-26, 2017-10-19, 2018-11-07"
INFO,GAP_DAILY_OLD,universe_daily,NSE_EQ|INE034S01021,1d,2,"2 older missing weekdays (longest run 1): 2017-10-19, 2018-11-07"
INFO,GAP_DAILY_OLD,universe_daily,NSE_EQ|INE039C01032,1d,3,"3 older missing weekdays (longest run 1): 2011-10-26, 2017-10-19, 2018-11-07"
INFO,GAP_DAILY_OLD,universe_daily,NSE_EQ|INE040D01038,1d,2,"2 older missing weekdays (longest run 1): 2017-10-19, 2018-11-07"
INFO,GAP_DAILY_OLD,universe_daily,NSE_EQ|INE040H01021,1d,3,"3 older missing weekdays (longest run 1): 2011-10-26, 2017-10-19, 2018-11-07"
INFO,GAP_DAILY_OLD,universe_daily,NSE_EQ|INE045J01034,1d,2,"2 older missing weekdays (longest run 1): 2017-10-19, 2018-11-07"
INFO,GAP_DAILY_OLD,universe_daily,NSE_EQ|INE048G01026,1d,3,"3 older missing weekdays (longest run 1): 2011-10-26, 2017-10-19, 2018-11-07"
INFO,GAP_DAILY_OLD,universe_daily,NSE_EQ|INE050E01027,1d,3,"3 older missing weekdays (longest run 1): 2011-10-26, 2017-10-19, 2018-11-07"
INFO,GAP_DAILY_OLD,universe_daily,NSE_EQ|INE050H01012,1d,3,"3 older missing weekdays (longest run 1): 2011-10-26, 2017-10-19, 2018-11-07"
INFO,GAP_DAILY_OLD,universe_daily,NSE_EQ|INE051B01021,1d,4,"4 older missing weekdays (longest run 1): 2009-05-18, 2011-10-26, 2017-10-19 (+1 more)"
INFO,GAP_DAILY_OLD,universe_daily,NSE_EQ|INE052I01032,1d,2,"2 older missing weekdays (longest run 1): 2017-10-19, 2018-11-07"
INFO,GAP_DAILY_OLD,universe_daily,NSE_EQ|INE059D01020,1d,3,"3 older missing weekdays (longest run 1): 2011-10-26, 2017-10-19, 2018-11-07"
INFO,GAP_DAILY_OLD,universe_daily,NSE_EQ|INE061F01013,1d,3,"3 older missing weekdays (longest run 1): 2011-10-26, 2017-10-19, 2018-11-07"
INFO,GAP_DAILY_OLD,universe_daily,NSE_EQ|INE062D01024,1d,3,"3 older missing weekdays (longest run 1): 2011-10-26, 2017-10-19, 2018-11-07"
INFO,GAP_DAILY_OLD,universe_daily,NSE_EQ|INE066F01020,1d,1,1 older missing weekdays (longest run 1): 2018-11-07
INFO,GAP_DAILY_OLD,universe_daily,NSE_EQ|INE066O01014,1d,2,"2 older missing weekdays (longest run 1): 2017-10-19, 2018-11-07"
INFO,GAP_DAILY_OLD,universe_daily,NSE_EQ|INE066P01011,1d,2,"2 older missing weekdays (longest run 1): 2017-10-19, 2018-11-07"
INFO,GAP_DAILY_OLD,universe_daily,NSE_EQ|INE068L01024,1d,3,"3 older missing weekdays (longest run 1): 2011-10-26, 2017-10-19, 2018-11-07"
INFO,GAP_DAILY_OLD,universe_daily,NSE_EQ|INE069I01010,1d,3,"3 older missing weekdays (longest run 1): 2011-10-26, 2017-10-19, 2018-11-07"
INFO,GAP_DAILY_OLD,universe_daily,NSE_EQ|INE070I01018,1d,3,"3 older missing weekdays (longest run 1): 2011-10-26, 2017-10-19, 2018-11-07"
INFO,GAP_DAILY_OLD,universe_daily,NSE_EQ|INE071F01012,1d,2,"2 older missing weekdays (longest run 1): 2017-10-19, 2018-11-07"
INFO,GAP_DAILY_OLD,universe_daily,NSE_EQ|INE075I01017,1d,2,"2 older missing weekdays (longest run 1): 2017-10-19, 2018-11-07"
INFO,GAP_DAILY_OLD,universe_daily,NSE_EQ|INE077F01035,1d,3,"3 older missing weekdays (longest run 1): 2011-10-26, 2017-10-19, 2018-11-07"
INFO,GAP_DAILY_OLD,universe_daily,NSE_EQ|INE083C01022,1d,3,"3 older missing weekdays (longest run 1): 2011-10-26, 2017-10-19, 2018-11-07"
INFO,GAP_DAILY_OLD,universe_daily,NSE_EQ|INE083D01012,1d,3,"3 older missing weekdays (longest run 1): 2011-10-26, 2017-10-19, 2018-11-07"
INFO,GAP_DAILY_OLD,universe_daily,NSE_EQ|INE087H01022,1d,3,"3 older missing weekdays (longest run 1): 2011-10-26, 2017-10-19, 2018-11-07"
INFO,GAP_DAILY_OLD,universe_daily,NSE_EQ|INE089A01031,1d,3,"3 older missing weekdays (longest run 1): 2011-10-26, 2017-10-19, 2018-11-07"
INFO,GAP_DAILY_OLD,universe_daily,NSE_EQ|INE092T01019,1d,2,"2 older missing weekdays (longest run 1): 2017-10-19, 2018-11-07"
INFO,GAP_DAILY_OLD,universe_daily,NSE_EQ|INE093I01010,1d,3,"3 older missing weekdays (longest run 1): 2011-10-26, 2017-10-19, 2018-11-07"
INFO,GAP_DAILY_OLD,universe_daily,NSE_EQ|INE093R01011,1d,2,"2 older missing weekdays (longest run 1): 2017-10-19, 2018-11-07"
INFO,GAP_DAILY_OLD,universe_daily,NSE_EQ|INE094I01018,1d,3,"3 older missing weekdays (longest run 1): 2011-10-26, 2017-10-19, 2018-11-07"
INFO,GAP_DAILY_OLD,universe_daily,NSE_EQ|INE095N01031,1d,2,"2 older missing weekdays (longest run 1): 2017-10-19, 2018-11-07"
INFO,GAP_DAILY_OLD,universe_daily,NSE_EQ|INE098F01031,1d,3,"3 older missing weekdays (longest run 1): 2011-10-26, 2017-10-19, 2018-11-07"
INFO,GAP_DAILY_OLD,universe_daily,NSE_EQ|INE099Z01011,1d,1,1 older missing weekdays (longest run 1): 2018-11-07
INFO,GAP_DAILY_OLD,universe_daily,NSE_EQ|INE0BTM01013,1d,2,"2 older missing weekdays (longest run 1): 2024-03-18, 2024-04-01"
INFO,GAP_DAILY_OLD,universe_daily,NSE_EQ|INE0KNW01016,1d,3,"3 older missing weekdays (longest run 1): 2022-12-06, 2023-09-14, 2024-04-09"
INFO,GAP_DAILY_OLD,universe_daily,NSE_EQ|INE101D01020,1d,3,"3 older missing weekdays (longest run 1): 2011-10-26, 2017-10-19, 2018-11-07"
INFO,GAP_DAILY_OLD,universe_daily,NSE_EQ|INE105J01010,1d,4,"4 older missing weekdays (longest run 1): 2009-05-18, 2011-10-26, 2017-10-19 (+1 more)"
INFO,GAP_DAILY_OLD,universe_daily,NSE_EQ|INE106T01025,1d,1,1 older missing weekdays (longest run 1): 2018-11-07
INFO,GAP_DAILY_OLD,universe_daily,NSE_EQ|INE108E01023,1d,3,"3 older missing weekdays (longest run 1): 2011-10-26, 2017-10-19, 2018-11-07"
INFO,GAP_DAILY_OLD,universe_daily,NSE_EQ|INE109C01017,1d,2,"2 older missing weekdays (longest run 1): 2017-10-19, 2018-11-07"
INFO,GAP_DAILY_OLD,universe_daily,NSE_EQ|INE111B01023,1d,3,"3 older missing weekdays (longest run 1): 2011-10-26, 2017-10-19, 2018-11-07"
INFO,GAP_DAILY_OLD,universe_daily,NSE_EQ|INE111Q01021,1d,4,"4 older missing weekdays (longest run 1): 2017-10-19, 2018-09-14, 2018-11-07 (+1 more)"
INFO,GAP_DAILY_OLD,universe_daily,NSE_EQ|INE112F01022,1d,2,"2 older missing weekdays (longest run 1): 2017-10-19, 2018-11-07"
INFO,GAP_DAILY_OLD,universe_daily,NSE_EQ|INE118H01025,1d,2,"2 older missing weekdays (longest run 1): 2017-10-19, 2018-11-07"
INFO,GAP_DAILY_OLD,universe_daily,NSE_EQ|INE121E01018,1d,3,"3 older missing weekdays (longest run 1): 2011-10-26, 2017-10-19, 2018-11-07"
INFO,GAP_DAILY_OLD,universe_daily,NSE_EQ|INE121J01017,1d,2,"2 older missing weekdays (longest run 1): 2017-10-19, 2018-11-07"
INFO,GAP_DAILY_OLD,universe_daily,NSE_EQ|INE122M01019,1d,2,"2 older missing weekdays (longest run 1): 2017-10-19, 2018-11-07"
INFO,GAP_DAILY_OLD,universe_daily,NSE_EQ|INE123F01029,1d,3,"3 older missing weekdays (longest run 1): 2011-10-26, 2017-10-19, 2018-11-07"
INFO,GAP_DAILY_OLD,universe_daily,NSE_EQ|INE123W01016,1d,2,"2 older missing weekdays (longest run 1): 2017-10-19, 2018-11-07"
INFO,GAP_DAILY_OLD,universe_daily,NSE_EQ|INE124G01033,1d,3,"3 older missing weekdays (longest run 1): 2011-10-26, 2017-10-19, 2018-11-07"
INFO,GAP_DAILY_OLD,universe_daily,NSE_EQ|INE126M01010,1d,3,"3 older missing weekdays (longest run 1): 2011-10-26, 2017-10-19, 2018-11-07"
INFO,GAP_DAILY_OLD,universe_daily,NSE_EQ|INE127D01025,1d,1,1 older missing weekdays (longest run 1): 2018-11-07
INFO,GAP_DAILY_OLD,universe_daily,NSE_EQ|INE127I01024,1d,2,"2 older missing weekdays (longest run 1): 2017-10-19, 2018-11-07"
INFO,GAP_DAILY_OLD,universe_daily,NSE_EQ|INE131B01039,1d,3,"3 older missing weekdays (longest run 1): 2011-10-26, 2017-10-19, 2018-11-07"
INFO,GAP_DAILY_OLD,universe_daily,NSE_EQ|INE132H01018,1d,4,"4 older missing weekdays (longest run 1): 2009-10-22, 2011-10-26, 2017-10-19 (+1 more)"
INFO,GAP_DAILY_OLD,universe_daily,NSE_EQ|INE133E01013,1d,3,"3 older missing weekdays (longest run 1): 2011-10-26, 2017-10-19, 2018-11-07"
INFO,GAP_DAILY_OLD,universe_daily,NSE_EQ|INE133Y01011,1d,1,1 older missing weekdays (longest run 1): 2018-11-07
INFO,GAP_DAILY_OLD,universe_daily,NSE_EQ|INE134B01017,1d,3,"3 older missing weekdays (longest run 1): 2011-10-26, 2017-10-19, 2018-11-07"
INFO,GAP_DAILY_OLD,universe_daily,NSE_EQ|INE134E01011,1d,3,"3 older missing weekdays (longest run 1): 2011-10-26, 2017-10-19, 2018-11-07"
INFO,GAP_DAILY_OLD,universe_daily,NSE_EQ|INE142A01012,1d,1,1 older missing weekdays (longest run 1): 2018-11-07
INFO,GAP_DAILY_OLD,universe_daily,NSE_EQ|INE142I01023,1d,3,"3 older missing weekdays (longest run 1): 2011-10-26, 2017-10-19, 2018-11-07"
INFO,GAP_DAILY_OLD,universe_daily,NSE_EQ|INE142Z01019,1d,1,1 older missing weekdays (longest run 1): 2018-11-07
INFO,GAP_DAILY_OLD,universe_daily,NSE_EQ|INE144J01027,1d,3,"3 older missing weekdays (longest run 1): 2011-10-26, 2017-10-19, 2018-11-07"
INFO,GAP_DAILY_OLD,universe_daily,NSE_EQ|INE146L01010,1d,3,"3 older missing weekdays (longest run 1): 2011-10-26, 2017-10-19, 2018-11-07"
INFO,GAP_DAILY_OLD,universe_daily,NSE_EQ|INE148I01020,1d,2,"2 older missing weekdays (longest run 1): 2017-10-19, 2018-11-07"
INFO,GAP_DAILY_OLD,universe_daily,NSE_EQ|INE149A01033,1d,2,"2 older missing weekdays (longest run 1): 2017-10-19, 2018-11-07"
INFO,GAP_DAILY_OLD,universe_daily,NSE_EQ|INE150G01020,1d,2,"2 older missing weekdays (longest run 1): 2017-10-19, 2018-11-07"
INFO,GAP_DAILY_OLD,universe_daily,NSE_EQ|INE152M01016,1d,3,"3 older missing weekdays (longest run 1): 2012-10-16, 2017-10-19, 2018-11-07"
INFO,GAP_DAILY_OLD,universe_daily,NSE_EQ|INE153T01027,1d,2,"2 older missing weekdays (longest run 1): 2017-10-19, 2018-11-07"
INFO,GAP_DAILY_OLD,universe_daily,NSE_EQ|INE155C01010,1d,2,"2 older missing weekdays (longest run 1): 2017-10-19, 2018-11-07"
INFO,GAP_DAILY_OLD,universe_daily,NSE_EQ|INE157H01023,1d,4,"4 older missing weekdays (longest run 1): 2011-10-26, 2015-09-14, 2017-10-19 (+1 more)"
INFO,GAP_DAILY_OLD,universe_daily,NSE_EQ|INE170I01016,1d,3,"3 older missing weekdays (longest run 1): 2011-10-26, 2017-10-19, 2018-11-07"
INFO,GAP_DAILY_OLD,universe_daily,NSE_EQ|INE170V01027,1d,2,"2 older missing weekdays (longest run 1): 2017-10-19, 2018-11-07"
INFO,GAP_DAILY_OLD,universe_daily,NSE_EQ|INE171Z01026,1d,1,1 older missing weekdays (longest run 1): 2018-11-07
INFO,GAP_DAILY_OLD,universe_daily,NSE_EQ|INE172A01027,1d,3,"3 older missing weekdays (longest run 1): 2011-10-26, 2017-10-19, 2018-11-07"
INFO,GAP_DAILY_OLD,universe_daily,NSE_EQ|INE172N01012,1d,2,"2 older missing weekdays (longest run 1): 2017-10-19, 2018-11-07"
INFO,GAP_DAILY_OLD,universe_daily,NSE_EQ|INE177H01039,1d,3,"3 older missing weekdays (longest run 1): 2011-10-26, 2017-10-19, 2018-11-07"
INFO,GAP_DAILY_OLD,universe_daily,NSE_EQ|INE180C01042,1d,3,"3 older missing weekdays (longest run 1): 2011-10-26, 2017-10-19, 2018-11-07"
INFO,GAP_DAILY_OLD,universe_daily,NSE_EQ|INE182D01020,1d,2,"2 older missing weekdays (longest run 1): 2017-10-19, 2018-11-07"
INFO,GAP_DAILY_OLD,universe_daily,NSE_EQ|INE184H01027,1d,3,"3 older missing weekdays (longest run 1): 2011-10-26, 2017-10-19, 2018-11-07"
INFO,GAP_DAILY_OLD,universe_daily,NSE_EQ|INE187D01029,1d,3,"3 older missing weekdays (longest run 1): 2011-10-26, 2017-10-19, 2018-11-07"
INFO,GAP_DAILY_OLD,universe_daily,NSE_EQ|INE189I01024,1d,3,"3 older missing weekdays (longest run 1): 2011-10-26, 2017-10-19, 2018-11-07"
INFO,GAP_DAILY_OLD,universe_daily,NSE_EQ|INE191H01014,1d,3,"3 older missing weekdays (longest run 1): 2011-10-26, 2017-10-19, 2018-11-07"
INFO,GAP_DAILY_OLD,universe_daily,NSE_EQ|INE192R01011,1d,2,"2 older missing weekdays (longest run 1): 2017-10-19, 2018-11-07"
INFO,GAP_DAILY_OLD,universe_daily,NSE_EQ|INE193B01039,1d,2,"2 older missing weekdays (longest run 1): 2017-10-19, 2018-11-07"
INFO,GAP_DAILY_OLD,universe_daily,NSE_EQ|INE193E01025,1d,3,"3 older missing weekdays (longest run 1): 2011-10-26, 2017-10-19, 2018-11-07"
INFO,GAP_DAILY_OLD,universe_daily,NSE_EQ|INE195J01029,1d,2,"2 older missing weekdays (longest run 1): 2017-10-19, 2018-11-07"
INFO,GAP_DAILY_OLD,universe_daily,NSE_EQ|INE195N01013,1d,2,"2 older missing weekdays (longest run 1): 2017-10-19, 2018-11-07"
INFO,GAP_DAILY_OLD,universe_daily,NSE_EQ|INE199G01027,1d,3,"3 older missing weekdays (longest run 1): 2011-10-26, 2017-10-19, 2018-11-07"
INFO,GAP_DAILY_OLD,universe_daily,NSE_EQ|INE200A01026,1d,3,"3 older missing weekdays (longest run 1): 2011-10-26, 2017-10-19, 2018-11-07"
INFO,GAP_DAILY_OLD,universe_daily,NSE_EQ|INE200M01039,1d,2,"2 older missing weekdays (longest run 1): 2017-10-19, 2018-11-07"
INFO,GAP_DAILY_OLD,universe_daily,NSE_EQ|INE202Z01029,1d,1,1 older missing weekdays (longest run 1): 2018-11-07
INFO,GAP_DAILY_OLD,universe_daily,NSE_EQ|INE204A01010,1d,3,"3 older missing weekdays (longest run 1): 2011-10-26, 2017-10-19, 2018-11-07"
INFO,GAP_DAILY_OLD,universe_daily,NSE_EQ|INE204E01012,1d,4,"4 older missing weekdays (longest run 1): 2017-07-10, 2017-10-19, 2017-11-07 (+1 more)"
INFO,GAP_DAILY_OLD,universe_daily,NSE_EQ|INE205B01031,1d,3,"3 older missing weekdays (longest run 1): 2011-10-26, 2017-10-19, 2018-11-07"
INFO,GAP_DAILY_OLD,universe_daily,NSE_EQ|INE205C01021,1d,2,"2 older missing weekdays (longest run 1): 2017-10-19, 2018-11-07"
INFO,GAP_DAILY_OLD,universe_daily,NSE_EQ|INE210C01013,1d,3,"3 older missing weekdays (longest run 1): 2011-10-26, 2017-10-19, 2018-11-07"
INFO,GAP_DAILY_OLD,universe_daily,NSE_EQ|INE211B01039,1d,3,"3 older missing weekdays (longest run 1): 2011-10-26, 2017-10-19, 2018-11-07"
INFO,GAP_DAILY_OLD,universe_daily,NSE_EQ|INE211R01019,1d,2,"2 older missing weekdays (longest run 1): 2017-10-19, 2018-11-07"
INFO,GAP_DAILY_OLD,universe_daily,NSE_EQ|INE212H01026,1d,3,"3 older missing weekdays (longest run 1): 2011-10-26, 2017-10-19, 2018-11-07"
INFO,GAP_DAILY_OLD,universe_daily,NSE_EQ|INE212I01016,1d,2,"2 older missing weekdays (longest run 1): 2017-10-19, 2018-11-07"
INFO,GAP_DAILY_OLD,universe_daily,NSE_EQ|INE213C01025,1d,3,"3 older missing weekdays (longest run 1): 2011-10-26, 2017-10-19, 2018-11-07"
INFO,GAP_DAILY_OLD,universe_daily,NSE_EQ|INE214T01019,1d,2,"2 older missing weekdays (longest run 1): 2017-10-19, 2018-11-07"
INFO,GAP_DAILY_OLD,universe_daily,NSE_EQ|INE216P01012,1d,1,1 older missing weekdays (longest run 1): 2018-11-07
INFO,GAP_DAILY_OLD,universe_daily,NSE_EQ|INE221B01012,1d,3,"3 older missing weekdays (longest run 1): 2011-10-26, 2017-10-19, 2018-11-07"
INFO,GAP_DAILY_OLD,universe_daily,NSE_EQ|INE221H01019,1d,3,"3 older missing weekdays (longest run 1): 2011-10-26, 2017-10-19, 2018-11-07"
INFO,GAP_DAILY_OLD,universe_daily,NSE_EQ|INE221J01015,1d,2,"2 older missing weekdays (longest run 1): 2017-10-19, 2018-11-07"
INFO,GAP_DAILY_OLD,universe_daily,NSE_EQ|INE224A01026,1d,3,"3 older missing weekdays (longest run 1): 2011-10-26, 2017-10-19, 2018-11-07"
INFO,GAP_DAILY_OLD,universe_daily,NSE_EQ|INE225D01027,1d,3,"3 older missing weekdays (longest run 1): 2011-10-26, 2017-10-19, 2018-11-07"
INFO,GAP_DAILY_OLD,universe_daily,NSE_EQ|INE226H01026,1d,3,"3 older missing weekdays (longest run 1): 2011-10-26, 2017-10-19, 2018-11-07"
INFO,GAP_DAILY_OLD,universe_daily,NSE_EQ|INE227G01018,1d,4,"4 older missing weekdays (longest run 2): 2017-10-19, 2018-11-07, 2023-01-05 (+1 more)"
INFO,GAP_DAILY_OLD,universe_daily,NSE_EQ|INE229H01012,1d,3,"3 older missing weekdays (longest run 1): 2011-10-26, 2017-10-19, 2018-11-07"
INFO,GAP_DAILY_OLD,universe_daily,NSE_EQ|INE231F01020,1d,3,"3 older missing weekdays (longest run 1): 2011-10-26, 2017-10-19, 2018-11-07"
INFO,GAP_DAILY_OLD,universe_daily,NSE_EQ|INE232I01014,1d,3,"3 older missing weekdays (longest run 1): 2011-10-26, 2017-10-19, 2018-11-07"
INFO,GAP_DAILY_OLD,universe_daily,NSE_EQ|INE239A01024,1d,3,"3 older missing weekdays (longest run 1): 2011-10-26, 2017-10-19, 2018-11-07"
INFO,GAP_DAILY_OLD,universe_daily,NSE_EQ|INE239D01028,1d,3,"3 older missing weekdays (longest run 1): 2011-10-26, 2017-10-19, 2018-11-07"
INFO,GAP_DAILY_OLD,universe_daily,NSE_EQ|INE242C01024,1d,3,"3 older missing weekdays (longest run 1): 2011-10-26, 2017-10-19, 2018-11-07"
INFO,GAP_DAILY_OLD,universe_daily,NSE_EQ|INE243D01012,1d,3,"3 older missing weekdays (longest run 1): 2011-10-26, 2017-10-19, 2018-11-07"
INFO,GAP_DAILY_OLD,universe_daily,NSE_EQ|INE244B01030,1d,3,"3 older missing weekdays (longest run 1): 2011-10-26, 2017-10-19, 2018-11-07"
INFO,GAP_DAILY_OLD,universe_daily,NSE_EQ|INE250K01012,1d,3,"3 older missing weekdays (longest run 1): 2011-10-26, 2017-10-19, 2018-11-07"
INFO,GAP_DAILY_OLD,universe_daily,NSE_EQ|INE251B01027,1d,2,"2 older missing weekdays (longest run 1): 2017-10-19, 2018-11-07"
INFO,GAP_DAILY_OLD,universe_daily,NSE_EQ|INE255D01024,1d,2,"2 older missing weekdays (longest run 1): 2017-10-19, 2018-11-07"
INFO,GAP_DAILY_OLD,universe_daily,NSE_EQ|INE256H01015,1d,2,"2 older missing weekdays (longest run 1): 2017-10-19, 2018-11-07"
INFO,GAP_DAILY_OLD,universe_daily,NSE_EQ|INE262H01021,1d,3,"3 older missing weekdays (longest run 1): 2011-10-26, 2017-10-19, 2018-11-07"
INFO,GAP_DAILY_OLD,universe_daily,NSE_EQ|INE264T01014,1d,2,"2 older missing weekdays (longest run 1): 2017-10-19, 2018-11-07"
INFO,GAP_DAILY_OLD,universe_daily,NSE_EQ|INE265F01028,1d,3,"3 older missing weekdays (longest run 1): 2011-10-26, 2017-10-19, 2018-11-07"
INFO,GAP_DAILY_OLD,universe_daily,NSE_EQ|INE270I01022,1d,3,"3 older missing weekdays (longest run 1): 2015-03-16, 2017-10-19, 2018-11-07"
INFO,GAP_DAILY_OLD,universe_daily,NSE_EQ|INE271C01023,1d,3,"3 older missing weekdays (longest run 1): 2011-10-26, 2017-10-19, 2018-11-07"
INFO,GAP_DAILY_OLD,universe_daily,NSE_EQ|INE272L01022,1d,3,"3 older missing weekdays (longest run 1): 2011-10-26, 2017-10-19, 2018-11-07"
INFO,GAP_DAILY_OLD,universe_daily,NSE_EQ|INE274J01014,1d,3,"3 older missing weekdays (longest run 1): 2011-10-26, 2017-10-19, 2018-11-07"
INFO,GAP_DAILY_OLD,universe_daily,NSE_EQ|INE274V01019,1d,2,"2 older missing weekdays (longest run 1): 2017-10-19, 2018-11-07"
INFO,GAP_DAILY_OLD,universe_daily,NSE_EQ|INE276A01018,1d,3,"3 older missing weekdays (longest run 1): 2011-10-26, 2017-10-19, 2018-11-07"
INFO,GAP_DAILY_OLD,universe_daily,NSE_EQ|INE278H01035,1d,1,1 older missing weekdays (longest run 1): 2018-11-07
INFO,GAP_DAILY_OLD,universe_daily,NSE_EQ|INE278M01019,1d,2,"2 older missing weekdays (longest run 1): 2017-10-19, 2018-11-07"
INFO,GAP_DAILY_OLD,universe_daily,NSE_EQ|INE283H01019,1d,3,"3 older missing weekdays (longest run 1): 2011-10-26, 2017-10-19, 2018-11-07"
INFO,GAP_DAILY_OLD,universe_daily,NSE_EQ|INE285H01022,1d,3,"3 older missing weekdays (longest run 1): 2011-10-26, 2017-10-19, 2018-11-07"
INFO,GAP_DAILY_OLD,universe_daily,NSE_EQ|INE285J01028,1d,2,"2 older missing weekdays (longest run 1): 2017-10-19, 2018-11-07"
INFO,GAP_DAILY_OLD,universe_daily,NSE_EQ|INE288B01029,1d,3,"3 older missing weekdays (longest run 1): 2011-10-26, 2017-10-19, 2018-11-07"
INFO,GAP_DAILY_OLD,universe_daily,NSE_EQ|INE291D01011,1d,3,"3 older missing weekdays (longest run 1): 2016-03-30, 2017-10-19, 2018-11-07"
INFO,GAP_DAILY_OLD,universe_daily,NSE_EQ|INE292B01021,1d,3,"3 older missing weekdays (longest run 1): 2011-10-26, 2017-10-19, 2018-11-07"
INFO,GAP_DAILY_OLD,universe_daily,NSE_EQ|INE295D01020,1d,2,"2 older missing weekdays (longest run 1): 2017-10-19, 2018-11-07"
INFO,GAP_DAILY_OLD,universe_daily,NSE_EQ|INE295F01017,1d,2,"2 older missing weekdays (longest run 1): 2017-10-19, 2018-11-07"
INFO,GAP_DAILY_OLD,universe_daily,NSE_EQ|INE296G01013,1d,2,"2 older missing weekdays (longest run 1): 2017-10-19, 2018-11-07"
INFO,GAP_DAILY_OLD,universe_daily,NSE_EQ|INE298I01015,1d,3,"3 older missing weekdays (longest run 1): 2011-10-26, 2017-10-19, 2018-11-07"
INFO,GAP_DAILY_OLD,universe_daily,NSE_EQ|INE298J01013,1d,1,1 older missing weekdays (longest run 1): 2018-11-07
INFO,GAP_DAILY_OLD,universe_daily,NSE_EQ|INE299U01018,1d,2,"2 older missing weekdays (longest run 1): 2017-10-19, 2018-11-07"
INFO,GAP_DAILY_OLD,universe_daily,NSE_EQ|INE306R01017,1d,2,"2 older missing weekdays (longest run 1): 2017-10-19, 2018-11-07"
INFO,GAP_DAILY_OLD,universe_daily,NSE_EQ|INE308E01029,1d,1,1 older missing weekdays (longest run 1): 2023-05-05
INFO,GAP_DAILY_OLD,universe_daily,NSE_EQ|INE316L01019,1d,2,"2 older missing weekdays (longest run 1): 2017-10-19, 2018-11-07"
INFO,GAP_DAILY_OLD,universe_daily,NSE_EQ|INE317F01035,1d,3,"3 older missing weekdays (longest run 1): 2011-10-26, 2017-10-19, 2018-11-07"
INFO,GAP_DAILY_OLD,universe_daily,NSE_EQ|INE320B01020,1d,3,"3 older missing weekdays (longest run 1): 2011-10-26, 2017-10-19, 2018-11-07"
INFO,GAP_DAILY_OLD,universe_daily,NSE_EQ|INE320J01015,1d,1,1 older missing weekdays (longest run 1): 2018-11-07
INFO,GAP_DAILY_OLD,universe_daily,NSE_EQ|INE320X01016,1d,2,"2 older missing weekdays (longest run 1): 2017-10-19, 2018-11-07"
INFO,GAP_DAILY_OLD,universe_daily,NSE_EQ|INE323I01011,1d,3,"3 older missing weekdays (longest run 1): 2011-10-26, 2017-10-19, 2018-11-07"
INFO,GAP_DAILY_OLD,universe_daily,NSE_EQ|INE324L01013,1d,3,"3 older missing weekdays (longest run 1): 2011-10-26, 2017-10-19, 2018-11-07"
INFO,GAP_DAILY_OLD,universe_daily,NSE_EQ|INE325C01035,1d,2,"2 older missing weekdays (longest run 1): 2017-10-19, 2018-11-07"
INFO,GAP_DAILY_OLD,universe_daily,NSE_EQ|INE338I01027,1d,3,"3 older missing weekdays (longest run 1): 2011-10-26, 2017-10-19, 2018-11-07"
INFO,GAP_DAILY_OLD,universe_daily,NSE_EQ|INE341R01014,1d,2,"2 older missing weekdays (longest run 1): 2017-10-19, 2018-11-07"
INFO,GAP_DAILY_OLD,universe_daily,NSE_EQ|INE342J01019,1d,3,"3 older missing weekdays (longest run 1): 2011-10-26, 2017-10-19, 2018-11-07"
INFO,GAP_DAILY_OLD,universe_daily,NSE_EQ|INE343H01029,1d,3,"3 older missing weekdays (longest run 1): 2011-10-26, 2017-10-19, 2018-11-07"
INFO,GAP_DAILY_OLD,universe_daily,NSE_EQ|INE346W01013,1d,2,"2 older missing weekdays (longest run 1): 2017-10-19, 2018-11-07"
INFO,GAP_DAILY_OLD,universe_daily,NSE_EQ|INE348B01021,1d,3,"3 older missing weekdays (longest run 1): 2011-10-26, 2017-10-19, 2018-11-07"
INFO,GAP_DAILY_OLD,universe_daily,NSE_EQ|INE348L01012,1d,2,"2 older missing weekdays (longest run 1): 2017-10-19, 2018-11-07"
INFO,GAP_DAILY_OLD,universe_daily,NSE_EQ|INE349W01017,1d,2,"2 older missing weekdays (longest run 1): 2017-10-19, 2018-11-07"
INFO,GAP_DAILY_OLD,universe_daily,NSE_EQ|INE350C01017,1d,3,"3 older missing weekdays (longest run 1): 2017-10-19, 2018-10-16, 2018-11-07"
INFO,GAP_DAILY_OLD,universe_daily,NSE_EQ|INE350H01032,1d,3,"3 older missing weekdays (longest run 1): 2011-10-26, 2017-10-19, 2018-11-07"
INFO,GAP_DAILY_OLD,universe_daily,NSE_EQ|INE351F01018,1d,3,"3 older missing weekdays (longest run 1): 2011-10-26, 2017-10-19, 2018-11-07"
INFO,GAP_DAILY_OLD,universe_daily,NSE_EQ|INE353K01014,1d,2,"2 older missing weekdays (longest run 1): 2017-10-19, 2018-11-07"
INFO,GAP_DAILY_OLD,universe_daily,NSE_EQ|INE364U01010,1d,1,1 older missing weekdays (longest run 1): 2018-11-07
INFO,GAP_DAILY_OLD,universe_daily,NSE_EQ|INE365D01021,1d,3,"3 older missing weekdays (longest run 1): 2011-10-26, 2017-10-19, 2018-11-07"
INFO,GAP_DAILY_OLD,universe_daily,NSE_EQ|INE366I01010,1d,2,"2 older missing weekdays (longest run 1): 2017-10-19, 2018-11-07"
INFO,GAP_DAILY_OLD,universe_daily,NSE_EQ|INE367G01038,1d,3,"3 older missing weekdays (longest run 1): 2011-10-26, 2017-10-19, 2018-11-07"
INFO,GAP_DAILY_OLD,universe_daily,NSE_EQ|INE370E01029,1d,2,"2 older missing weekdays (longest run 1): 2017-10-19, 2018-11-07"
INFO,GAP_DAILY_OLD,universe_daily,NSE_EQ|INE371C01013,1d,2,"2 older missing weekdays (longest run 1): 2017-10-19, 2018-11-07"
INFO,GAP_DAILY_OLD,universe_daily,NSE_EQ|INE371P01015,1d,1,1 older missing weekdays (longest run 1): 2018-11-07
INFO,GAP_DAILY_OLD,universe_daily,NSE_EQ|INE372A01015,1d,4,"4 older missing weekdays (longest run 1): 2011-10-26, 2012-10-16, 2017-10-19 (+1 more)"
INFO,GAP_DAILY_OLD,universe_daily,NSE_EQ|INE382Z01011,1d,1,1 older missing weekdays (longest run 1): 2018-11-07
INFO,GAP_DAILY_OLD,universe_daily,NSE_EQ|INE385C01021,1d,3,"3 older missing weekdays (longest run 1): 2011-10-26, 2017-10-19, 2018-11-07"
INFO,GAP_DAILY_OLD,universe_daily,NSE_EQ|INE385W01011,1d,2,"2 older missing weekdays (longest run 1): 2017-10-19, 2018-11-07"
INFO,GAP_DAILY_OLD,universe_daily,NSE_EQ|INE386C01029,1d,3,"3 older missing weekdays (longest run 1): 2011-10-26, 2017-10-19, 2018-11-07"
INFO,GAP_DAILY_OLD,universe_daily,NSE_EQ|INE389H01022,1d,3,"3 older missing weekdays (longest run 1): 2011-10-26, 2017-10-19, 2018-11-07"
INFO,GAP_DAILY_OLD,universe_daily,NSE_EQ|INE390G01014,1d,2,"2 older missing weekdays (longest run 1): 2017-10-19, 2018-11-07"
INFO,GAP_DAILY_OLD,universe_daily,NSE_EQ|INE393P01035,1d,2,"2 older missing weekdays (longest run 1): 2017-10-19, 2018-11-07"
INFO,GAP_DAILY_OLD,universe_daily,NSE_EQ|INE398R01022,1d,2,"2 older missing weekdays (longest run 1): 2017-10-19, 2018-11-07"
INFO,GAP_DAILY_OLD,universe_daily,NSE_EQ|INE399C01030,1d,3,"3 older missing weekdays (longest run 1): 2011-10-26, 2017-10-19, 2018-11-07"
INFO,GAP_DAILY_OLD,universe_daily,NSE_EQ|INE399K01017,1d,3,"3 older missing weekdays (longest run 1): 2011-10-26, 2017-10-19, 2018-11-07"
INFO,GAP_DAILY_OLD,universe_daily,NSE_EQ|INE399L01023,1d,1,1 older missing weekdays (longest run 1): 2018-11-07
INFO,GAP_DAILY_OLD,universe_daily,NSE_EQ|INE405C01035,1d,2,"2 older missing weekdays (longest run 1): 2017-10-19, 2018-11-07"
INFO,GAP_DAILY_OLD,universe_daily,NSE_EQ|INE405E01023,1d,3,"3 older missing weekdays (longest run 1): 2011-10-26, 2017-10-19, 2018-11-07"
INFO,GAP_DAILY_OLD,universe_daily,NSE_EQ|INE406M01024,1d,2,"2 older missing weekdays (longest run 1): 2017-10-19, 2018-11-07"
INFO,GAP_DAILY_OLD,universe_daily,NSE_EQ|INE409B01013,1d,3,"3 older missing weekdays (longest run 1): 2011-10-26, 2017-10-19, 2018-11-07"
INFO,GAP_DAILY_OLD,universe_daily,NSE_EQ|INE410B01037,1d,3,"3 older missing weekdays (longest run 1): 2011-10-26, 2017-10-19, 2018-11-07"
INFO,GAP_DAILY_OLD,universe_daily,NSE_EQ|INE410P01011,1d,2,"2 older missing weekdays (longest run 1): 2017-10-19, 2018-11-07"
INFO,GAP_DAILY_OLD,universe_daily,NSE_EQ|INE411H01032,1d,3,"3 older missing weekdays (longest run 1): 2011-10-26, 2017-10-19, 2018-11-07"
INFO,GAP_DAILY_OLD,universe_daily,NSE_EQ|INE414G01012,1d,3,"3 older missing weekdays (longest run 1): 2011-10-26, 2017-10-19, 2018-11-07"
INFO,GAP_DAILY_OLD,universe_daily,NSE_EQ|INE415I01015,1d,3,"3 older missing weekdays (longest run 1): 2011-10-26, 2017-10-19, 2018-11-07"
INFO,GAP_DAILY_OLD,universe_daily,NSE_EQ|INE416A01051,1d,1,1 older missing weekdays (longest run 1): 2024-05-03
INFO,GAP_DAILY_OLD,universe_daily,NSE_EQ|INE418H01029,1d,3,"3 older missing weekdays (longest run 1): 2011-10-26, 2017-10-19, 2018-11-07"
INFO,GAP_DAILY_OLD,universe_daily,NSE_EQ|INE419M01035,1d,3,"3 older missing weekdays (longest run 1): 2011-10-26, 2017-10-19, 2018-11-07"
INFO,GAP_DAILY_OLD,universe_daily,NSE_EQ|INE423A01024,1d,2,"2 older missing weekdays (longest run 1): 2017-10-19, 2018-11-07"
INFO,GAP_DAILY_OLD,universe_daily,NSE_EQ|INE424H01027,1d,3,"3 older missing weekdays (longest run 1): 2011-10-26, 2017-10-19, 2018-11-07"
INFO,GAP_DAILY_OLD,universe_daily,NSE_EQ|INE426D01013,1d,3,"3 older missing weekdays (longest run 1): 2011-10-26, 2017-10-19, 2018-11-07"
INFO,GAP_DAILY_OLD,universe_daily,NSE_EQ|INE435C01024,1d,3,"3 older missing weekdays (longest run 1): 2011-10-26, 2017-10-19, 2018-11-07"
INFO,GAP_DAILY_OLD,universe_daily,NSE_EQ|INE435G01025,1d,3,"3 older missing weekdays (longest run 1): 2011-10-26, 2017-10-19, 2018-11-07"
INFO,GAP_DAILY_OLD,universe_daily,NSE_EQ|INE439E01022,1d,2,"2 older missing weekdays (longest run 1): 2017-10-19, 2018-11-07"
INFO,GAP_DAILY_OLD,universe_daily,NSE_EQ|INE442H01029,1d,3,"3 older missing weekdays (longest run 1): 2011-10-26, 2017-10-19, 2018-11-07"
INFO,GAP_DAILY_OLD,universe_daily,NSE_EQ|INE448G01010,1d,2,"2 older missing weekdays (longest run 1): 2017-10-19, 2018-11-07"
INFO,GAP_DAILY_OLD,universe_daily,NSE_EQ|INE450D01021,1d,3,"3 older missing weekdays (longest run 1): 2011-10-26, 2017-10-19, 2018-11-07"
INFO,GAP_DAILY_OLD,universe_daily,NSE_EQ|INE450G01024,1d,3,"3 older missing weekdays (longest run 1): 2011-10-26, 2017-10-19, 2018-11-07"
INFO,GAP_DAILY_OLD,universe_daily,NSE_EQ|INE453B01029,1d,2,"2 older missing weekdays (longest run 1): 2017-10-19, 2018-11-07"
INFO,GAP_DAILY_OLD,universe_daily,NSE_EQ|INE453D01025,1d,3,"3 older missing weekdays (longest run 1): 2011-10-26, 2017-10-19, 2018-11-07"
INFO,GAP_DAILY_OLD,universe_daily,NSE_EQ|INE455I01029,1d,3,"3 older missing weekdays (longest run 1): 2011-10-26, 2017-10-19, 2018-11-07"
INFO,GAP_DAILY_OLD,universe_daily,NSE_EQ|INE457F01013,1d,2,"2 older missing weekdays (longest run 1): 2017-10-19, 2018-11-07"
INFO,GAP_DAILY_OLD,universe_daily,NSE_EQ|INE457L01029,1d,3,"3 older missing weekdays (longest run 1): 2011-10-26, 2017-10-19, 2018-11-07"
INFO,GAP_DAILY_OLD,universe_daily,NSE_EQ|INE458B01036,1d,2,"2 older missing weekdays (longest run 1): 2017-10-19, 2018-11-07"
INFO,GAP_DAILY_OLD,universe_daily,NSE_EQ|INE460C01014,1d,3,"3 older missing weekdays (longest run 1): 2011-10-26, 2017-10-19, 2018-11-07"
INFO,GAP_DAILY_OLD,universe_daily,NSE_EQ|INE460H01021,1d,2,"2 older missing weekdays (longest run 1): 2017-10-19, 2018-11-07"
INFO,GAP_DAILY_OLD,universe_daily,NSE_EQ|INE461B01014,1d,3,"3 older missing weekdays (longest run 1): 2011-10-26, 2017-10-19, 2018-11-07"
INFO,GAP_DAILY_OLD,universe_daily,NSE_EQ|INE462A01022,1d,3,"3 older missing weekdays (longest run 1): 2011-10-26, 2017-10-19, 2018-11-07"
INFO,GAP_DAILY_OLD,universe_daily,NSE_EQ|INE464A01036,1d,3,"3 older missing weekdays (longest run 1): 2011-10-26, 2017-10-19, 2018-11-07"
INFO,GAP_DAILY_OLD,universe_daily,NSE_EQ|INE467B01029,1d,3,"3 older missing weekdays (longest run 1): 2011-10-26, 2017-10-19, 2018-11-07"
INFO,GAP_DAILY_OLD,universe_daily,NSE_EQ|INE470Y01017,1d,1,1 older missing weekdays (longest run 1): 2018-11-07
INFO,GAP_DAILY_OLD,universe_daily,NSE_EQ|INE473B01035,1d,2,"2 older missing weekdays (longest run 1): 2017-10-19, 2018-11-07"
INFO,GAP_DAILY_OLD,universe_daily,NSE_EQ|INE473D01015,1d,2,"2 older missing weekdays (longest run 1): 2017-10-19, 2018-11-07"
INFO,GAP_DAILY_OLD,universe_daily,NSE_EQ|INE474E01029,1d,2,"2 older missing weekdays (longest run 1): 2017-10-19, 2018-11-07"
INFO,GAP_DAILY_OLD,universe_daily,NSE_EQ|INE475E01026,1d,2,"2 older missing weekdays (longest run 1): 2017-10-19, 2018-11-07"
INFO,GAP_DAILY_OLD,universe_daily,NSE_EQ|INE477B01010,1d,3,"3 older missing weekdays (longest run 1): 2011-10-26, 2017-10-19, 2018-11-07"
INFO,GAP_DAILY_OLD,universe_daily,NSE_EQ|INE480C01038,1d,2,"2 older missing weekdays (longest run 1): 2017-10-19, 2018-11-07"
INFO,GAP_DAILY_OLD,universe_daily,NSE_EQ|INE481G01011,1d,3,"3 older missing weekdays (longest run 1): 2011-10-26, 2017-10-19, 2018-11-07"
INFO,GAP_DAILY_OLD,universe_daily,NSE_EQ|INE481Y01014,1d,1,1 older missing weekdays (longest run 1): 2018-11-07
INFO,GAP_DAILY_OLD,universe_daily,NSE_EQ|INE482B01010,1d,2,"2 older missing weekdays (longest run 1): 2017-10-19, 2018-11-07"
INFO,GAP_DAILY_OLD,universe_daily,NSE_EQ|INE483A01010,1d,3,"3 older missing weekdays (longest run 1): 2011-10-26, 2017-10-19, 2018-11-07"
INFO,GAP_DAILY_OLD,universe_daily,NSE_EQ|INE483B01026,1d,3,"3 older missing weekdays (longest run 1): 2011-10-26, 2017-10-19, 2018-11-07"
INFO,GAP_DAILY_OLD,universe_daily,NSE_EQ|INE483C01032,1d,3,"3 older missing weekdays (longest run 1): 2011-10-26, 2017-10-19, 2018-11-07"
INFO,GAP_DAILY_OLD,universe_daily,NSE_EQ|INE483S01020,1d,2,"2 older missing weekdays (longest run 1): 2017-10-19, 2018-11-07"
INFO,GAP_DAILY_OLD,universe_daily,NSE_EQ|INE484C01030,1d,3,"3 older missing weekdays (longest run 1): 2011-10-26, 2017-10-19, 2018-11-07"
INFO,GAP_DAILY_OLD,universe_daily,NSE_EQ|INE484I01029,1d,2,"2 older missing weekdays (longest run 1): 2017-10-19, 2018-11-07"
INFO,GAP_DAILY_OLD,universe_daily,NSE_EQ|INE484J01027,1d,3,"3 older missing weekdays (longest run 1): 2011-10-26, 2017-10-19, 2018-11-07"
INFO,GAP_DAILY_OLD,universe_daily,NSE_EQ|INE485C01029,1d,3,"3 older missing weekdays (longest run 1): 2011-10-26, 2017-10-19, 2018-11-07"
INFO,GAP_DAILY_OLD,universe_daily,NSE_EQ|INE488B01017,1d,2,"2 older missing weekdays (longest run 1): 2017-10-19, 2018-11-07"
INFO,GAP_DAILY_OLD,universe_daily,NSE_EQ|INE488D01021,1d,3,"3 older missing weekdays (longest run 1): 2011-10-26, 2017-10-19, 2018-11-07"
INFO,GAP_DAILY_OLD,universe_daily,NSE_EQ|INE488V01015,1d,2,"2 older missing weekdays (longest run 1): 2017-10-19, 2018-11-07"
INFO,GAP_DAILY_OLD,universe_daily,NSE_EQ|INE490G01020,1d,3,"3 older missing weekdays (longest run 1): 2011-10-26, 2017-10-19, 2018-11-07"
INFO,GAP_DAILY_OLD,universe_daily,NSE_EQ|INE495S01016,1d,2,"2 older missing weekdays (longest run 1): 2017-10-19, 2018-11-07"
INFO,GAP_DAILY_OLD,universe_daily,NSE_EQ|INE498B01024,1d,3,"3 older missing weekdays (longest run 1): 2011-10-26, 2017-10-19, 2018-11-07"
INFO,GAP_DAILY_OLD,universe_daily,NSE_EQ|INE498L01015,1d,3,"3 older missing weekdays (longest run 1): 2011-10-26, 2017-10-19, 2018-11-07"
INFO,GAP_DAILY_OLD,universe_daily,NSE_EQ|INE500L01026,1d,2,"2 older missing weekdays (longest run 1): 2017-10-19, 2018-11-07"
INFO,GAP_DAILY_OLD,universe_daily,NSE_EQ|INE501G01024,1d,3,"3 older missing weekdays (longest run 1): 2011-10-26, 2017-10-19, 2018-11-07"
INFO,GAP_DAILY_OLD,universe_daily,NSE_EQ|INE503A01015,1d,3,"3 older missing weekdays (longest run 1): 2011-10-26, 2017-10-19, 2018-11-07"
INFO,GAP_DAILY_OLD,universe_daily,NSE_EQ|INE503B01021,1d,2,"2 older missing weekdays (longest run 1): 2017-10-19, 2018-11-07"
INFO,GAP_DAILY_OLD,universe_daily,NSE_EQ|INE505A01010,1d,1,1 older missing weekdays (longest run 1): 2022-11-01
INFO,GAP_DAILY_OLD,universe_daily,NSE_EQ|INE505C01016,1d,4,"4 older missing weekdays (longest run 1): 2011-10-26, 2017-10-19, 2018-11-07 (+1 more)"
INFO,GAP_DAILY_OLD,universe_daily,NSE_EQ|INE508G01029,1d,3,"3 older missing weekdays (longest run 1): 2011-10-26, 2017-10-19, 2018-11-07"
INFO,GAP_DAILY_OLD,universe_daily,NSE_EQ|INE509F01029,1d,2,"2 older missing weekdays (longest run 1): 2017-10-19, 2018-11-07"
INFO,GAP_DAILY_OLD,universe_daily,NSE_EQ|INE517F01014,1d,3,"3 older missing weekdays (longest run 1): 2011-10-26, 2017-10-19, 2018-11-07"
INFO,GAP_DAILY_OLD,universe_daily,NSE_EQ|INE521J01018,1d,3,"3 older missing weekdays (longest run 1): 2011-10-26, 2017-10-19, 2018-11-07"
INFO,GAP_DAILY_OLD,universe_daily,NSE_EQ|INE522D01027,1d,3,"3 older missing weekdays (longest run 1): 2011-10-26, 2017-10-19, 2018-11-07"
INFO,GAP_DAILY_OLD,universe_daily,NSE_EQ|INE522F01014,1d,3,"3 older missing weekdays (longest run 1): 2011-10-26, 2017-10-19, 2018-11-07"
INFO,GAP_DAILY_OLD,universe_daily,NSE_EQ|INE524A01029,1d,3,"3 older missing weekdays (longest run 1): 2011-10-26, 2017-10-19, 2018-11-07"
INFO,GAP_DAILY_OLD,universe_daily,NSE_EQ|INE527H01019,1d,2,"2 older missing weekdays (longest run 1): 2017-10-19, 2018-11-07"
INFO,GAP_DAILY_OLD,universe_daily,NSE_EQ|INE528G01035,1d,3,"3 older missing weekdays (longest run 1): 2011-10-26, 2017-10-19, 2018-11-07"
INFO,GAP_DAILY_OLD,universe_daily,NSE_EQ|INE529F01035,1d,1,1 older missing weekdays (longest run 1): 2018-11-07
INFO,GAP_DAILY_OLD,universe_daily,NSE_EQ|INE530B01024,1d,3,"3 older missing weekdays (longest run 1): 2011-10-26, 2017-10-19, 2018-11-07"
INFO,GAP_DAILY_OLD,universe_daily,NSE_EQ|INE531E01026,1d,3,"3 older missing weekdays (longest run 1): 2011-10-26, 2017-10-19, 2018-11-07"
INFO,GAP_DAILY_OLD,universe_daily,NSE_EQ|INE532F01054,1d,3,"3 older missing weekdays (longest run 1): 2011-10-26, 2017-10-19, 2018-11-07"
INFO,GAP_DAILY_OLD,universe_daily,NSE_EQ|INE536A01023,1d,3,"3 older missing weekdays (longest run 1): 2011-10-26, 2017-10-19, 2018-11-07"
INFO,GAP_DAILY_OLD,universe_daily,NSE_EQ|INE536H01010,1d,3,"3 older missing weekdays (longest run 1): 2011-10-26, 2017-10-19, 2018-11-07"
INFO,GAP_DAILY_OLD,universe_daily,NSE_EQ|INE540G01014,1d,3,"3 older missing weekdays (longest run 1): 2011-10-26, 2017-10-19, 2018-11-07"
INFO,GAP_DAILY_OLD,universe_daily,NSE_EQ|INE540H01012,1d,3,"3 older missing weekdays (longest run 1): 2011-10-26, 2017-10-19, 2018-11-07"
INFO,GAP_DAILY_OLD,universe_daily,NSE_EQ|INE540L01014,1d,2,"2 older missing weekdays (longest run 1): 2017-10-19, 2018-11-07"
INFO,GAP_DAILY_OLD,universe_daily,NSE_EQ|INE541A01023,1d,1,1 older missing weekdays (longest run 1): 2018-11-07
INFO,GAP_DAILY_OLD,universe_daily,NSE_EQ|INE544R01021,1d,2,"2 older missing weekdays (longest run 1): 2017-10-19, 2018-11-07"
INFO,GAP_DAILY_OLD,universe_daily,NSE_EQ|INE545H01011,1d,3,"3 older missing weekdays (longest run 1): 2011-10-26, 2017-10-19, 2018-11-07"
INFO,GAP_DAILY_OLD,universe_daily,NSE_EQ|INE545U01014,1d,1,1 older missing weekdays (longest run 1): 2018-11-07
INFO,GAP_DAILY_OLD,universe_daily,NSE_EQ|INE548C01032,1d,3,"3 older missing weekdays (longest run 1): 2011-10-26, 2017-10-19, 2018-11-07"
INFO,GAP_DAILY_OLD,universe_daily,NSE_EQ|INE558D01021,1d,4,"4 older missing weekdays (longest run 1): 2017-04-28, 2017-07-14, 2017-10-19 (+1 more)"
INFO,GAP_DAILY_OLD,universe_daily,NSE_EQ|INE560A01023,1d,3,"3 older missing weekdays (longest run 1): 2011-10-26, 2017-10-19, 2018-11-07"
INFO,GAP_DAILY_OLD,universe_daily,NSE_EQ|INE560K01014,1d,3,"3 older missing weekdays (longest run 1): 2011-10-26, 2017-10-19, 2018-11-07"
INFO,GAP_DAILY_OLD,universe_daily,NSE_EQ|INE562A01011,1d,3,"3 older missing weekdays (longest run 1): 2011-10-26, 2017-10-19, 2018-11-07"
INFO,GAP_DAILY_OLD,universe_daily,NSE_EQ|INE563J01010,1d,3,"3 older missing weekdays (longest run 1): 2011-10-26, 2017-10-19, 2018-11-07"
INFO,GAP_DAILY_OLD,universe_daily,NSE_EQ|INE569C01020,1d,3,"3 older missing weekdays (longest run 1): 2011-10-26, 2017-10-19, 2018-11-07"
INFO,GAP_DAILY_OLD,universe_daily,NSE_EQ|INE572E01012,1d,2,"2 older missing weekdays (longest run 1): 2017-10-19, 2018-11-07"
INFO,GAP_DAILY_OLD,universe_daily,NSE_EQ|INE573K01025,1d,3,"3 older missing weekdays (longest run 1): 2011-10-26, 2017-10-19, 2018-11-07"
INFO,GAP_DAILY_OLD,universe_daily,NSE_EQ|INE579C01029,1d,4,"4 older missing weekdays (longest run 1): 2009-05-18, 2011-10-26, 2017-10-19 (+1 more)"
INFO,GAP_DAILY_OLD,universe_daily,NSE_EQ|INE583C01021,1d,3,"3 older missing weekdays (longest run 1): 2011-10-26, 2017-10-19, 2018-11-07"
INFO,GAP_DAILY_OLD,universe_daily,NSE_EQ|INE584A01023,1d,3,"3 older missing weekdays (longest run 1): 2011-10-26, 2017-10-19, 2018-11-07"
INFO,GAP_DAILY_OLD,universe_daily,NSE_EQ|INE584F01014,1d,3,"3 older missing weekdays (longest run 1): 2011-10-26, 2017-10-19, 2018-11-07"
INFO,GAP_DAILY_OLD,universe_daily,NSE_EQ|INE586V01016,1d,2,"2 older missing weekdays (longest run 1): 2017-10-19, 2018-11-07"
INFO,GAP_DAILY_OLD,universe_daily,NSE_EQ|INE587G01015,1d,2,"2 older missing weekdays (longest run 1): 2017-10-19, 2018-11-07"
INFO,GAP_DAILY_OLD,universe_daily,NSE_EQ|INE591G01025,1d,3,"3 older missing weekdays (longest run 1): 2011-10-26, 2017-10-19, 2018-11-07"
INFO,GAP_DAILY_OLD,universe_daily,NSE_EQ|INE592B01024,1d,3,"3 older missing weekdays (longest run 1): 2011-10-26, 2017-10-19, 2018-11-07"
INFO,GAP_DAILY_OLD,universe_daily,NSE_EQ|INE594H01019,1d,2,"2 older missing weekdays (longest run 1): 2017-10-19, 2018-11-07"
INFO,GAP_DAILY_OLD,universe_daily,NSE_EQ|INE596H01014,1d,3,"3 older missing weekdays (longest run 1): 2011-10-26, 2017-10-19, 2018-11-07"
INFO,GAP_DAILY_OLD,universe_daily,NSE_EQ|INE597J01018,1d,1,1 older missing weekdays (longest run 1): 2018-11-07
INFO,GAP_DAILY_OLD,universe_daily,NSE_EQ|INE597L01014,1d,3,"3 older missing weekdays (longest run 1): 2011-10-26, 2017-10-19, 2018-11-07"
INFO,GAP_DAILY_OLD,universe_daily,NSE_EQ|INE598C01011,1d,3,"3 older missing weekdays (longest run 1): 2017-10-19, 2018-06-22, 2018-11-07"
INFO,GAP_DAILY_OLD,universe_daily,NSE_EQ|INE599M01018,1d,2,"2 older missing weekdays (longest run 1): 2017-10-19, 2018-11-07"
INFO,GAP_DAILY_OLD,universe_daily,NSE_EQ|INE600K01018,1d,1,1 older missing weekdays (longest run 1): 2018-11-07
INFO,GAP_DAILY_OLD,universe_daily,NSE_EQ|INE600L01024,1d,2,"2 older missing weekdays (longest run 1): 2017-10-19, 2018-11-07"
INFO,GAP_DAILY_OLD,universe_daily,NSE_EQ|INE602G01020,1d,2,"2 older missing weekdays (longest run 1): 2017-10-19, 2018-11-07"
INFO,GAP_DAILY_OLD,universe_daily,NSE_EQ|INE603J01030,1d,3,"3 older missing weekdays (longest run 1): 2011-10-26, 2017-10-19, 2018-11-07"
INFO,GAP_DAILY_OLD,universe_daily,NSE_EQ|INE607D01018,1d,3,"3 older missing weekdays (longest run 1): 2011-10-26, 2017-10-19, 2018-11-07"
INFO,GAP_DAILY_OLD,universe_daily,NSE_EQ|INE608A01012,1d,3,"3 older missing weekdays (longest run 1): 2011-10-26, 2017-10-19, 2018-11-07"
INFO,GAP_DAILY_OLD,universe_daily,NSE_EQ|INE611L01021,1d,3,"3 older missing weekdays (longest run 1): 2011-10-26, 2017-10-19, 2018-11-07"
INFO,GAP_DAILY_OLD,universe_daily,NSE_EQ|INE612J01015,1d,2,"2 older missing weekdays (longest run 1): 2017-10-19, 2018-11-07"
INFO,GAP_DAILY_OLD,universe_daily,NSE_EQ|INE614G01033,1d,3,"3 older missing weekdays (longest run 1): 2011-10-26, 2017-10-19, 2018-11-07"
INFO,GAP_DAILY_OLD,universe_daily,NSE_EQ|INE615H01020,1d,3,"3 older missing weekdays (longest run 1): 2011-10-26, 2017-10-19, 2018-11-07"
INFO,GAP_DAILY_OLD,universe_daily,NSE_EQ|INE615I01010,1d,3,"3 older missing weekdays (longest run 1): 2011-10-26, 2017-10-19, 2018-11-07"
INFO,GAP_DAILY_OLD,universe_daily,NSE_EQ|INE615P01015,1d,2,"2 older missing weekdays (longest run 1): 2017-10-19, 2018-11-07"
INFO,GAP_DAILY_OLD,universe_daily,NSE_EQ|INE618L01018,1d,1,1 older missing weekdays (longest run 1): 2018-11-07
INFO,GAP_DAILY_OLD,universe_daily,NSE_EQ|INE619B01017,1d,1,1 older missing weekdays (longest run 1): 2018-11-07
INFO,GAP_DAILY_OLD,universe_daily,NSE_EQ|INE619I01012,1d,3,"3 older missing weekdays (longest run 1): 2011-10-26, 2017-10-19, 2018-11-07"
INFO,GAP_DAILY_OLD,universe_daily,NSE_EQ|INE621H01010,1d,3,"3 older missing weekdays (longest run 1): 2011-10-26, 2017-10-19, 2018-11-07"
INFO,GAP_DAILY_OLD,universe_daily,NSE_EQ|INE621L01012,1d,3,"3 older missing weekdays (longest run 1): 2011-10-26, 2017-10-19, 2018-11-07"
INFO,GAP_DAILY_OLD,universe_daily,NSE_EQ|INE624Z01016,1d,1,1 older missing weekdays (longest run 1): 2018-11-07
INFO,GAP_DAILY_OLD,universe_daily,NSE_EQ|INE625G01013,1d,3,"3 older missing weekdays (longest run 1): 2011-10-26, 2017-10-19, 2018-11-07"
INFO,GAP_DAILY_OLD,universe_daily,NSE_EQ|INE627H01017,1d,3,"3 older missing weekdays (longest run 1): 2011-10-26, 2017-10-19, 2018-11-07"
INFO,GAP_DAILY_OLD,universe_daily,NSE_EQ|INE632C01026,1d,2,"2 older missing weekdays (longest run 1): 2017-10-19, 2018-11-07"
INFO,GAP_DAILY_OLD,universe_daily,NSE_EQ|INE634I01029,1d,3,"3 older missing weekdays (longest run 1): 2011-10-26, 2017-10-19, 2018-11-07"
INFO,GAP_DAILY_OLD,universe_daily,NSE_EQ|INE635Q01029,1d,2,"2 older missing weekdays (longest run 1): 2017-10-19, 2018-11-07"
INFO,GAP_DAILY_OLD,universe_daily,NSE_EQ|INE637C01025,1d,2,"2 older missing weekdays (longest run 1): 2017-10-19, 2018-11-07"
INFO,GAP_DAILY_OLD,universe_daily,NSE_EQ|INE643K01018,1d,2,"2 older missing weekdays (longest run 1): 2017-10-19, 2018-11-07"
INFO,GAP_DAILY_OLD,universe_daily,NSE_EQ|INE644Y01017,1d,3,"3 older missing weekdays (longest run 1): 2018-11-07, 2019-09-05, 2023-05-05"
INFO,GAP_DAILY_OLD,universe_daily,NSE_EQ|INE646L01027,1d,2,"2 older missing weekdays (longest run 1): 2017-10-19, 2018-11-07"
INFO,GAP_DAILY_OLD,universe_daily,NSE_EQ|INE647O01011,1d,2,"2 older missing weekdays (longest run 1): 2017-10-19, 2018-11-07"
INFO,GAP_DAILY_OLD,universe_daily,NSE_EQ|INE652F01027,1d,2,"2 older missing weekdays (longest run 1): 2017-10-19, 2018-11-07"
INFO,GAP_DAILY_OLD,universe_daily,NSE_EQ|INE660C01027,1d,1,1 older missing weekdays (longest run 1): 2018-11-07
INFO,GAP_DAILY_OLD,universe_daily,NSE_EQ|INE663B01015,1d,2,"2 older missing weekdays (longest run 1): 2017-10-19, 2018-11-07"
INFO,GAP_DAILY_OLD,universe_daily,NSE_EQ|INE663F01032,1d,3,"3 older missing weekdays (longest run 1): 2011-10-26, 2017-10-19, 2018-11-07"
INFO,GAP_DAILY_OLD,universe_daily,NSE_EQ|INE665A01038,1d,2,"2 older missing weekdays (longest run 1): 2017-10-19, 2018-11-07"
INFO,GAP_DAILY_OLD,universe_daily,NSE_EQ|INE665J01013,1d,2,"2 older missing weekdays (longest run 1): 2017-10-19, 2018-11-07"
INFO,GAP_DAILY_OLD,universe_daily,NSE_EQ|INE665L01035,1d,1,1 older missing weekdays (longest run 1): 2018-11-07
INFO,GAP_DAILY_OLD,universe_daily,NSE_EQ|INE666D01022,1d,1,1 older missing weekdays (longest run 1): 2018-11-07
INFO,GAP_DAILY_OLD,universe_daily,NSE_EQ|INE668D01028,1d,3,"3 older missing weekdays (longest run 1): 2011-10-26, 2017-10-19, 2018-11-07"
INFO,GAP_DAILY_OLD,universe_daily,NSE_EQ|INE668F01031,1d,3,"3 older missing weekdays (longest run 1): 2011-10-26, 2017-10-19, 2018-11-07"
INFO,GAP_DAILY_OLD,universe_daily,NSE_EQ|INE669C01036,1d,1,1 older missing weekdays (longest run 1): 2018-11-07
INFO,GAP_DAILY_OLD,universe_daily,NSE_EQ|INE669E01016,1d,3,"3 older missing weekdays (longest run 1): 2011-10-26, 2017-10-19, 2018-11-07"
INFO,GAP_DAILY_OLD,universe_daily,NSE_EQ|INE671H01015,1d,3,"3 older missing weekdays (longest run 1): 2011-10-26, 2017-10-19, 2018-11-07"
INFO,GAP_DAILY_OLD,universe_daily,NSE_EQ|INE674K01013,1d,2,"2 older missing weekdays (longest run 1): 2017-10-19, 2018-11-07"
INFO,GAP_DAILY_OLD,universe_daily,NSE_EQ|INE683C01011,1d,3,"3 older missing weekdays (longest run 1): 2011-10-26, 2017-10-19, 2018-11-07"
INFO,GAP_DAILY_OLD,universe_daily,NSE_EQ|INE684F01012,1d,3,"3 older missing weekdays (longest run 1): 2011-10-26, 2017-10-19, 2018-11-07"
INFO,GAP_DAILY_OLD,universe_daily,NSE_EQ|INE686F01025,1d,3,"3 older missing weekdays (longest run 1): 2011-10-26, 2017-10-19, 2018-11-07"
INFO,GAP_DAILY_OLD,universe_daily,NSE_EQ|INE686Y01026,1d,1,1 older missing weekdays (longest run 1): 2018-11-07
INFO,GAP_DAILY_OLD,universe_daily,NSE_EQ|INE692G01013,1d,3,"3 older missing weekdays (longest run 1): 2011-10-26, 2017-10-19, 2018-11-07"
INFO,GAP_DAILY_OLD,universe_daily,NSE_EQ|INE694D01016,1d,3,"3 older missing weekdays (longest run 1): 2011-10-26, 2017-10-19, 2018-11-07"
INFO,GAP_DAILY_OLD,universe_daily,NSE_EQ|INE702C01027,1d,2,"2 older missing weekdays (longest run 1): 2017-10-19, 2018-11-07"
INFO,GAP_DAILY_OLD,universe_daily,NSE_EQ|INE703B01027,1d,3,"3 older missing weekdays (longest run 1): 2011-10-26, 2017-10-19, 2018-11-07"
INFO,GAP_DAILY_OLD,universe_daily,NSE_EQ|INE703H01016,1d,3,"3 older missing weekdays (longest run 1): 2011-10-26, 2017-10-19, 2018-11-07"
INFO,GAP_DAILY_OLD,universe_daily,NSE_EQ|INE704P01025,1d,2,"2 older missing weekdays (longest run 1): 2017-10-19, 2018-11-07"
INFO,GAP_DAILY_OLD,universe_daily,NSE_EQ|INE705C01020,1d,3,"3 older missing weekdays (longest run 1): 2018-11-07, 2020-10-16, 2020-10-20"
INFO,GAP_DAILY_OLD,universe_daily,NSE_EQ|INE712B01010,1d,2,"2 older missing weekdays (longest run 1): 2017-10-19, 2018-11-07"
INFO,GAP_DAILY_OLD,universe_daily,NSE_EQ|INE712K01011,1d,2,"2 older missing weekdays (longest run 1): 2017-10-19, 2018-11-07"
INFO,GAP_DAILY_OLD,universe_daily,NSE_EQ|INE713T01028,1d,1,1 older missing weekdays (longest run 1): 2018-11-07
INFO,GAP_DAILY_OLD,universe_daily,NSE_EQ|INE716A01013,1d,3,"3 older missing weekdays (longest run 1): 2011-10-26, 2017-10-19, 2018-11-07"
INFO,GAP_DAILY_OLD,universe_daily,NSE_EQ|INE718H01014,1d,3,"3 older missing weekdays (longest run 1): 2011-10-26, 2017-10-19, 2018-11-07"
INFO,GAP_DAILY_OLD,universe_daily,NSE_EQ|INE722H01024,1d,3,"3 older missing weekdays (longest run 1): 2011-10-26, 2017-10-19, 2018-11-07"
INFO,GAP_DAILY_OLD,universe_daily,NSE_EQ|INE725E01024,1d,3,"3 older missing weekdays (longest run 1): 2011-10-26, 2017-10-19, 2018-11-07"
INFO,GAP_DAILY_OLD,universe_daily,NSE_EQ|INE725G01011,1d,3,"3 older missing weekdays (longest run 1): 2011-10-26, 2017-10-19, 2018-11-07"
INFO,GAP_DAILY_OLD,universe_daily,NSE_EQ|INE726G01019,1d,2,"2 older missing weekdays (longest run 1): 2017-10-19, 2018-11-07"
INFO,GAP_DAILY_OLD,universe_daily,NSE_EQ|INE726V01018,1d,2,"2 older missing weekdays (longest run 1): 2017-10-19, 2018-11-07"
INFO,GAP_DAILY_OLD,universe_daily,NSE_EQ|INE727S01012,1d,2,"2 older missing weekdays (longest run 1): 2017-10-19, 2018-11-07"
INFO,GAP_DAILY_OLD,universe_daily,NSE_EQ|INE730A01022,1d,2,"2 older missing weekdays (longest run 1): 2017-10-19, 2018-11-07"
INFO,GAP_DAILY_OLD,universe_daily,NSE_EQ|INE731H01025,1d,3,"3 older missing weekdays (longest run 1): 2011-10-26, 2017-10-19, 2018-11-07"
INFO,GAP_DAILY_OLD,universe_daily,NSE_EQ|INE732A01036,1d,3,"3 older missing weekdays (longest run 1): 2011-10-26, 2017-10-19, 2018-11-07"
INFO,GAP_DAILY_OLD,universe_daily,NSE_EQ|INE732C01016,1d,3,"3 older missing weekdays (longest run 1): 2011-10-26, 2017-10-19, 2018-11-07"
INFO,GAP_DAILY_OLD,universe_daily,NSE_EQ|INE733E01010,1d,3,"3 older missing weekdays (longest run 1): 2011-10-26, 2017-10-19, 2018-11-07"
INFO,GAP_DAILY_OLD,universe_daily,NSE_EQ|INE734N01019,1d,2,"2 older missing weekdays (longest run 1): 2017-10-19, 2018-11-07"
INFO,GAP_DAILY_OLD,universe_daily,NSE_EQ|INE736A01011,1d,2,"2 older missing weekdays (longest run 1): 2017-10-19, 2018-11-07"
INFO,GAP_DAILY_OLD,universe_daily,NSE_EQ|INE737H01014,1d,3,"3 older missing weekdays (longest run 1): 2011-10-26, 2017-10-19, 2018-11-07"
INFO,GAP_DAILY_OLD,universe_daily,NSE_EQ|INE738I01010,1d,3,"3 older missing weekdays (longest run 1): 2011-10-26, 2017-10-19, 2018-11-07"
INFO,GAP_DAILY_OLD,universe_daily,NSE_EQ|INE740D01017,1d,2,"2 older missing weekdays (longest run 1): 2017-10-19, 2018-11-07"
INFO,GAP_DAILY_OLD,universe_daily,NSE_EQ|INE740X01023,1d,1,1 older missing weekdays (longest run 1): 2023-09-25
INFO,GAP_DAILY_OLD,universe_daily,NSE_EQ|INE741K01010,1d,1,1 older missing weekdays (longest run 1): 2018-11-07
INFO,GAP_DAILY_OLD,universe_daily,NSE_EQ|INE741L01018,1d,2,"2 older missing weekdays (longest run 1): 2017-10-19, 2018-11-07"
INFO,GAP_DAILY_OLD,universe_daily,NSE_EQ|INE742B01025,1d,3,"3 older missing weekdays (longest run 1): 2011-10-26, 2017-10-19, 2018-11-07"
INFO,GAP_DAILY_OLD,universe_daily,NSE_EQ|INE742F01042,1d,3,"3 older missing weekdays (longest run 1): 2011-10-26, 2017-10-19, 2018-11-07"
INFO,GAP_DAILY_OLD,universe_daily,NSE_EQ|INE743M01012,1d,2,"2 older missing weekdays (longest run 1): 2017-10-19, 2018-11-07"
INFO,GAP_DAILY_OLD,universe_daily,NSE_EQ|INE745G01043,1d,2,"2 older missing weekdays (longest run 1): 2017-10-19, 2018-11-07"
INFO,GAP_DAILY_OLD,universe_daily,NSE_EQ|INE752E01010,1d,3,"3 older missing weekdays (longest run 1): 2011-10-26, 2017-10-19, 2018-11-07"
INFO,GAP_DAILY_OLD,universe_daily,NSE_EQ|INE752G01015,1d,4,"4 older missing weekdays (longest run 1): 2011-10-26, 2015-11-18, 2017-10-19 (+1 more)"
INFO,GAP_DAILY_OLD,universe_daily,NSE_EQ|INE752H01013,1d,2,"2 older missing weekdays (longest run 1): 2017-10-19, 2018-11-07"
INFO,GAP_DAILY_OLD,universe_daily,NSE_EQ|INE758C01029,1d,3,"3 older missing weekdays (longest run 1): 2011-10-26, 2017-10-19, 2018-11-07"
INFO,GAP_DAILY_OLD,universe_daily,NSE_EQ|INE759V01019,1d,2,"2 older missing weekdays (longest run 1): 2017-10-19, 2018-11-07"
INFO,GAP_DAILY_OLD,universe_daily,NSE_EQ|INE760A01029,1d,3,"3 older missing weekdays (longest run 1): 2011-10-26, 2017-10-19, 2018-11-07"
INFO,GAP_DAILY_OLD,universe_daily,NSE_EQ|INE760L01018,1d,2,"2 older missing weekdays (longest run 1): 2017-10-19, 2018-11-07"
INFO,GAP_DAILY_OLD,universe_daily,NSE_EQ|INE761H01022,1d,3,"3 older missing weekdays (longest run 1): 2011-10-26, 2017-10-19, 2018-11-07"
INFO,GAP_DAILY_OLD,universe_daily,NSE_EQ|INE763I01026,1d,3,"3 older missing weekdays (longest run 1): 2011-10-26, 2017-10-19, 2018-11-07"
INFO,GAP_DAILY_OLD,universe_daily,NSE_EQ|INE764D01017,1d,3,"3 older missing weekdays (longest run 1): 2011-10-26, 2017-10-19, 2018-11-07"
INFO,GAP_DAILY_OLD,universe_daily,NSE_EQ|INE765G01017,1d,2,"2 older missing weekdays (longest run 1): 2017-10-19, 2018-11-07"
INFO,GAP_DAILY_OLD,universe_daily,NSE_EQ|INE766P01016,1d,1,1 older missing weekdays (longest run 1): 2018-11-07
INFO,GAP_DAILY_OLD,universe_daily,NSE_EQ|INE768C01028,1d,3,"3 older missing weekdays (longest run 1): 2011-10-26, 2017-10-19, 2018-11-07"
INFO,GAP_DAILY_OLD,universe_daily,NSE_EQ|INE774D01024,1d,3,"3 older missing weekdays (longest run 1): 2011-10-26, 2017-10-19, 2018-11-07"
INFO,GAP_DAILY_OLD,universe_daily,NSE_EQ|INE776C01039,1d,3,"3 older missing weekdays (longest run 1): 2011-10-26, 2017-10-19, 2018-11-07"
INFO,GAP_DAILY_OLD,universe_daily,NSE_EQ|INE778B01029,1d,3,"3 older missing weekdays (longest run 1): 2011-10-26, 2017-10-19, 2018-11-07"
INFO,GAP_DAILY_OLD,universe_daily,NSE_EQ|INE781A01025,1d,2,"2 older missing weekdays (longest run 1): 2017-10-19, 2018-11-07"
INFO,GAP_DAILY_OLD,universe_daily,NSE_EQ|INE782E01017,1d,2,"2 older missing weekdays (longest run 1): 2017-10-19, 2018-11-07"
INFO,GAP_DAILY_OLD,universe_daily,NSE_EQ|INE783X01023,1d,1,1 older missing weekdays (longest run 1): 2018-11-07
INFO,GAP_DAILY_OLD,universe_daily,NSE_EQ|INE785M01021,1d,2,"2 older missing weekdays (longest run 1): 2017-10-19, 2018-11-07"
INFO,GAP_DAILY_OLD,universe_daily,NSE_EQ|INE786F01031,1d,3,"3 older missing weekdays (longest run 1): 2011-10-26, 2017-10-19, 2018-11-07"
INFO,GAP_DAILY_OLD,universe_daily,NSE_EQ|INE787D01026,1d,3,"3 older missing weekdays (longest run 1): 2011-10-26, 2017-10-19, 2018-11-07"
INFO,GAP_DAILY_OLD,universe_daily,NSE_EQ|INE789E01012,1d,3,"3 older missing weekdays (longest run 1): 2011-10-26, 2017-10-19, 2018-11-07"
INFO,GAP_DAILY_OLD,universe_daily,NSE_EQ|INE790G01031,1d,3,"3 older missing weekdays (longest run 1): 2011-10-26, 2017-10-19, 2018-11-07"
INFO,GAP_DAILY_OLD,universe_daily,NSE_EQ|INE791I01019,1d,3,"3 older missing weekdays (longest run 1): 2011-10-26, 2017-10-19, 2018-11-07"
INFO,GAP_DAILY_OLD,universe_daily,NSE_EQ|INE792H01019,1d,3,"3 older missing weekdays (longest run 1): 2011-10-26, 2017-10-19, 2018-11-07"
INFO,GAP_DAILY_OLD,universe_daily,NSE_EQ|INE795G01014,1d,1,1 older missing weekdays (longest run 1): 2018-11-07
INFO,GAP_DAILY_OLD,universe_daily,NSE_EQ|INE797F01020,1d,3,"3 older missing weekdays (longest run 1): 2011-10-26, 2017-10-19, 2018-11-07"
INFO,GAP_DAILY_OLD,universe_daily,NSE_EQ|INE800H01010,1d,3,"3 older missing weekdays (longest run 1): 2011-10-26, 2017-10-19, 2018-11-07"
INFO,GAP_DAILY_OLD,universe_daily,NSE_EQ|INE802B01027,1d,3,"3 older missing weekdays (longest run 1): 2017-10-19, 2018-07-04, 2018-11-07"
INFO,GAP_DAILY_OLD,universe_daily,NSE_EQ|INE802C01033,1d,3,"3 older missing weekdays (longest run 1): 2011-10-26, 2017-10-19, 2018-11-07"
INFO,GAP_DAILY_OLD,universe_daily,NSE_EQ|INE803H01014,1d,3,"3 older missing weekdays (longest run 1): 2011-10-26, 2017-10-19, 2018-11-07"
INFO,GAP_DAILY_OLD,universe_daily,NSE_EQ|INE805D01034,1d,3,"3 older missing weekdays (longest run 1): 2011-10-26, 2017-10-19, 2018-11-07"
INFO,GAP_DAILY_OLD,universe_daily,NSE_EQ|INE806A01020,1d,3,"3 older missing weekdays (longest run 1): 2017-10-19, 2018-11-07, 2018-12-03"
INFO,GAP_DAILY_OLD,universe_daily,NSE_EQ|INE807F01027,1d,2,"2 older missing weekdays (longest run 1): 2017-10-19, 2018-11-07"
INFO,GAP_DAILY_OLD,universe_daily,NSE_EQ|INE807K01035,1d,2,"2 older missing weekdays (longest run 1): 2017-10-19, 2018-11-07"
INFO,GAP_DAILY_OLD,universe_daily,NSE_EQ|INE811K01011,1d,3,"3 older missing weekdays (longest run 1): 2011-10-26, 2017-10-19, 2018-11-07"
INFO,GAP_DAILY_OLD,universe_daily,NSE_EQ|INE812G01025,1d,3,"3 older missing weekdays (longest run 1): 2011-10-26, 2017-10-19, 2018-11-07"
INFO,GAP_DAILY_OLD,universe_daily,NSE_EQ|INE813H01021,1d,3,"3 older missing weekdays (longest run 1): 2011-10-26, 2017-10-19, 2018-11-07"
INFO,GAP_DAILY_OLD,universe_daily,NSE_EQ|INE814H01029,1d,3,"3 older missing weekdays (longest run 1): 2011-10-26, 2017-10-19, 2018-11-07"
INFO,GAP_DAILY_OLD,universe_daily,NSE_EQ|INE818A01017,1d,3,"3 older missing weekdays (longest run 1): 2011-10-26, 2017-10-19, 2018-11-07"
INFO,GAP_DAILY_OLD,universe_daily,NSE_EQ|INE818H01020,1d,3,"3 older missing weekdays (longest run 1): 2011-10-26, 2017-10-19, 2018-11-07"
INFO,GAP_DAILY_OLD,universe_daily,NSE_EQ|INE821I01022,1d,3,"3 older missing weekdays (longest run 1): 2011-10-26, 2017-10-19, 2018-11-07"
INFO,GAP_DAILY_OLD,universe_daily,NSE_EQ|INE822C01015,1d,2,"2 older missing weekdays (longest run 1): 2017-10-19, 2018-11-07"
INFO,GAP_DAILY_OLD,universe_daily,NSE_EQ|INE822G01016,1d,3,"3 older missing weekdays (longest run 1): 2011-10-26, 2017-10-19, 2018-11-07"
INFO,GAP_DAILY_OLD,universe_daily,NSE_EQ|INE823G01014,1d,3,"3 older missing weekdays (longest run 1): 2011-10-26, 2017-10-19, 2018-11-07"
INFO,GAP_DAILY_OLD,universe_daily,NSE_EQ|INE824G01012,1d,3,"3 older missing weekdays (longest run 1): 2011-10-26, 2017-10-19, 2018-11-07"
INFO,GAP_DAILY_OLD,universe_daily,NSE_EQ|INE824Q01011,1d,4,"4 older missing weekdays (longest run 1): 2015-06-09, 2015-11-11, 2017-10-19 (+1 more)"
INFO,GAP_DAILY_OLD,universe_daily,NSE_EQ|INE826C01016,1d,4,"4 older missing weekdays (longest run 1): 2011-10-26, 2016-07-20, 2017-10-19 (+1 more)"
INFO,GAP_DAILY_OLD,universe_daily,NSE_EQ|INE835D01023,1d,3,"3 older missing weekdays (longest run 1): 2011-10-26, 2017-10-19, 2018-11-07"
INFO,GAP_DAILY_OLD,universe_daily,NSE_EQ|INE835G01018,1d,3,"3 older missing weekdays (longest run 1): 2011-10-26, 2017-10-19, 2018-11-07"
INFO,GAP_DAILY_OLD,universe_daily,NSE_EQ|INE836B01017,1d,2,"2 older missing weekdays (longest run 1): 2017-10-19, 2018-11-07"
INFO,GAP_DAILY_OLD,universe_daily,NSE_EQ|INE836F01026,1d,3,"3 older missing weekdays (longest run 1): 2011-10-26, 2017-10-19, 2018-11-07"
INFO,GAP_DAILY_OLD,universe_daily,NSE_EQ|INE837H01020,1d,2,"2 older missing weekdays (longest run 1): 2017-10-19, 2018-11-07"
INFO,GAP_DAILY_OLD,universe_daily,NSE_EQ|INE839M01018,1d,2,"2 older missing weekdays (longest run 1): 2017-10-19, 2018-11-07"
INFO,GAP_DAILY_OLD,universe_daily,NSE_EQ|INE840M01016,1d,2,"2 older missing weekdays (longest run 1): 2017-10-19, 2018-11-07"
INFO,GAP_DAILY_OLD,universe_daily,NSE_EQ|INE840Y01029,1d,1,1 older missing weekdays (longest run 1): 2020-03-23
INFO,GAP_DAILY_OLD,universe_daily,NSE_EQ|INE841B01017,1d,4,"4 older missing weekdays (longest run 1): 2011-10-26, 2012-10-16, 2017-10-19 (+1 more)"
INFO,GAP_DAILY_OLD,universe_daily,NSE_EQ|INE842C01021,1d,2,"2 older missing weekdays (longest run 1): 2017-10-19, 2018-11-07"
INFO,GAP_DAILY_OLD,universe_daily,NSE_EQ|INE845D01014,1d,2,"2 older missing weekdays (longest run 1): 2017-10-19, 2018-11-07"
INFO,GAP_DAILY_OLD,universe_daily,NSE_EQ|INE847C01020,1d,3,"3 older missing weekdays (longest run 1): 2013-05-06, 2017-10-19, 2018-11-07"
INFO,GAP_DAILY_OLD,universe_daily,NSE_EQ|INE848A01014,1d,3,"3 older missing weekdays (longest run 1): 2011-10-26, 2017-10-19, 2018-11-07"
INFO,GAP_DAILY_OLD,universe_daily,NSE_EQ|INE848E01016,1d,3,"3 older missing weekdays (longest run 1): 2011-10-26, 2017-10-19, 2018-11-07"
INFO,GAP_DAILY_OLD,universe_daily,NSE_EQ|INE850D01014,1d,2,"2 older missing weekdays (longest run 1): 2017-10-19, 2018-11-07"
INFO,GAP_DAILY_OLD,universe_daily,NSE_EQ|INE855B01025,1d,3,"3 older missing weekdays (longest run 1): 2011-10-26, 2017-10-19, 2018-11-07"
INFO,GAP_DAILY_OLD,universe_daily,NSE_EQ|INE858F01012,1d,3,"3 older missing weekdays (longest run 1): 2011-10-26, 2017-10-19, 2018-11-07"
INFO,GAP_DAILY_OLD,universe_daily,NSE_EQ|INE863B01029,1d,2,"2 older missing weekdays (longest run 1): 2017-10-19, 2018-11-07"
INFO,GAP_DAILY_OLD,universe_daily,NSE_EQ|INE865T01018,1d,2,"2 older missing weekdays (longest run 1): 2017-10-19, 2018-11-07"
INFO,GAP_DAILY_OLD,universe_daily,NSE_EQ|INE866R01028,1d,2,"2 older missing weekdays (longest run 1): 2017-10-19, 2018-11-07"
INFO,GAP_DAILY_OLD,universe_daily,NSE_EQ|INE869I01013,1d,2,"2 older missing weekdays (longest run 1): 2017-10-19, 2018-11-07"
INFO,GAP_DAILY_OLD,universe_daily,NSE_EQ|INE870D01012,1d,3,"3 older missing weekdays (longest run 1): 2011-10-26, 2017-10-19, 2018-11-07"
INFO,GAP_DAILY_OLD,universe_daily,NSE_EQ|INE870H01013,1d,3,"3 older missing weekdays (longest run 1): 2011-10-26, 2017-10-19, 2018-11-07"
INFO,GAP_DAILY_OLD,universe_daily,NSE_EQ|INE871C01038,1d,2,"2 older missing weekdays (longest run 1): 2017-10-19, 2018-11-07"
INFO,GAP_DAILY_OLD,universe_daily,NSE_EQ|INE871H01011,1d,3,"3 older missing weekdays (longest run 1): 2011-10-26, 2017-10-19, 2018-11-07"
INFO,GAP_DAILY_OLD,universe_daily,NSE_EQ|INE872H01027,1d,3,"3 older missing weekdays (longest run 1): 2011-10-26, 2017-10-19, 2018-11-07"
INFO,GAP_DAILY_OLD,universe_daily,NSE_EQ|INE873D01024,1d,3,"3 older missing weekdays (longest run 1): 2011-10-26, 2017-10-19, 2018-11-07"
INFO,GAP_DAILY_OLD,universe_daily,NSE_EQ|INE874I01013,1d,3,"3 older missing weekdays (longest run 1): 2011-10-26, 2017-10-19, 2018-11-07"
INFO,GAP_DAILY_OLD,universe_daily,NSE_EQ|INE875G01048,1d,3,"3 older missing weekdays (longest run 1): 2011-10-26, 2017-10-19, 2018-11-07"
INFO,GAP_DAILY_OLD,universe_daily,NSE_EQ|INE876N01018,1d,2,"2 older missing weekdays (longest run 1): 2017-10-19, 2018-11-07"
INFO,GAP_DAILY_OLD,universe_daily,NSE_EQ|INE877I01016,1d,3,"3 older missing weekdays (longest run 1): 2011-10-26, 2017-10-19, 2018-11-07"
INFO,GAP_DAILY_OLD,universe_daily,NSE_EQ|INE878B01027,1d,3,"3 older missing weekdays (longest run 1): 2011-10-26, 2017-10-19, 2018-11-07"
INFO,GAP_DAILY_OLD,universe_daily,NSE_EQ|INE878H01024,1d,3,"3 older missing weekdays (longest run 1): 2011-10-26, 2017-10-19, 2018-11-07"
INFO,GAP_DAILY_OLD,universe_daily,NSE_EQ|INE878K01010,1d,3,"3 older missing weekdays (longest run 1): 2011-10-26, 2017-10-19, 2018-11-07"
INFO,GAP_DAILY_OLD,universe_daily,NSE_EQ|INE883N01014,1d,2,"2 older missing weekdays (longest run 1): 2017-10-19, 2018-11-07"
INFO,GAP_DAILY_OLD,universe_daily,NSE_EQ|INE891D01026,1d,3,"3 older missing weekdays (longest run 1): 2011-10-26, 2017-10-19, 2018-11-07"
INFO,GAP_DAILY_OLD,universe_daily,NSE_EQ|INE893J01029,1d,2,"2 older missing weekdays (longest run 1): 2017-10-19, 2018-11-07"
INFO,GAP_DAILY_OLD,universe_daily,NSE_EQ|INE895B01021,1d,2,"2 older missing weekdays (longest run 1): 2017-10-19, 2018-11-07"
INFO,GAP_DAILY_OLD,universe_daily,NSE_EQ|INE896L01010,1d,1,1 older missing weekdays (longest run 1): 2018-11-07
INFO,GAP_DAILY_OLD,universe_daily,NSE_EQ|INE898S01029,1d,2,"2 older missing weekdays (longest run 1): 2017-10-19, 2018-11-07"
INFO,GAP_DAILY_OLD,universe_daily,NSE_EQ|INE901L01018,1d,3,"3 older missing weekdays (longest run 1): 2011-10-26, 2017-10-19, 2018-11-07"
INFO,GAP_DAILY_OLD,universe_daily,NSE_EQ|INE907A01026,1d,3,"3 older missing weekdays (longest run 1): 2011-10-26, 2017-10-19, 2018-11-07"
INFO,GAP_DAILY_OLD,universe_daily,NSE_EQ|INE912H01013,1d,3,"3 older missing weekdays (longest run 1): 2011-10-26, 2017-10-19, 2018-11-07"
INFO,GAP_DAILY_OLD,universe_daily,NSE_EQ|INE913H01037,1d,2,"2 older missing weekdays (longest run 1): 2017-10-19, 2018-11-07"
INFO,GAP_DAILY_OLD,universe_daily,NSE_EQ|INE914E01040,1d,2,"2 older missing weekdays (longest run 1): 2017-10-19, 2018-11-07"
INFO,GAP_DAILY_OLD,universe_daily,NSE_EQ|INE914M01019,1d,1,1 older missing weekdays (longest run 1): 2018-11-07
INFO,GAP_DAILY_OLD,universe_daily,NSE_EQ|INE916U01025,1d,2,"2 older missing weekdays (longest run 1): 2017-10-19, 2018-11-07"
INFO,GAP_DAILY_OLD,universe_daily,NSE_EQ|INE917H01012,1d,3,"3 older missing weekdays (longest run 1): 2011-10-26, 2017-10-19, 2018-11-07"
INFO,GAP_DAILY_OLD,universe_daily,NSE_EQ|INE917I01010,1d,3,"3 older missing weekdays (longest run 1): 2011-10-26, 2017-10-19, 2018-11-07"
INFO,GAP_DAILY_OLD,universe_daily,NSE_EQ|INE917M01012,1d,2,"2 older missing weekdays (longest run 1): 2017-10-19, 2018-11-07"
INFO,GAP_DAILY_OLD,universe_daily,NSE_EQ|INE918I01026,1d,3,"3 older missing weekdays (longest run 1): 2011-10-26, 2017-10-19, 2018-11-07"
INFO,GAP_DAILY_OLD,universe_daily,NSE_EQ|INE919H01018,1d,3,"3 older missing weekdays (longest run 1): 2011-10-26, 2017-10-19, 2018-11-07"
INFO,GAP_DAILY_OLD,universe_daily,NSE_EQ|INE920A01037,1d,1,1 older missing weekdays (longest run 1): 2024-01-25
INFO,GAP_DAILY_OLD,universe_daily,NSE_EQ|INE924D01017,1d,2,"2 older missing weekdays (longest run 1): 2017-10-19, 2018-11-07"
INFO,GAP_DAILY_OLD,universe_daily,NSE_EQ|INE925C01016,1d,3,"3 older missing weekdays (longest run 1): 2011-10-26, 2017-10-19, 2018-11-07"
INFO,GAP_DAILY_OLD,universe_daily,NSE_EQ|INE926X01010,1d,1,1 older missing weekdays (longest run 1): 2018-11-07
INFO,GAP_DAILY_OLD,universe_daily,NSE_EQ|INE927C01020,1d,3,"3 older missing weekdays (longest run 1): 2011-10-26, 2017-10-19, 2018-11-07"
INFO,GAP_DAILY_OLD,universe_daily,NSE_EQ|INE927D01051,1d,4,"4 older missing weekdays (longest run 1): 2011-10-26, 2013-05-06, 2017-10-19 (+1 more)"
INFO,GAP_DAILY_OLD,universe_daily,NSE_EQ|INE930H01031,1d,3,"3 older missing weekdays (longest run 1): 2011-10-26, 2017-10-19, 2018-11-07"
INFO,GAP_DAILY_OLD,universe_daily,NSE_EQ|INE931S01010,1d,2,"2 older missing weekdays (longest run 1): 2017-10-19, 2018-11-07"
INFO,GAP_DAILY_OLD,universe_daily,NSE_EQ|INE932A01024,1d,3,"3 older missing weekdays (longest run 1): 2011-10-26, 2017-10-19, 2018-11-07"
INFO,GAP_DAILY_OLD,universe_daily,NSE_EQ|INE933K01021,1d,3,"3 older missing weekdays (longest run 1): 2011-10-26, 2017-10-19, 2018-11-07"
INFO,GAP_DAILY_OLD,universe_daily,NSE_EQ|INE934S01014,1d,2,"2 older missing weekdays (longest run 1): 2017-10-19, 2018-11-07"
INFO,GAP_DAILY_OLD,universe_daily,NSE_EQ|INE935N01020,1d,2,"2 older missing weekdays (longest run 1): 2017-10-19, 2018-11-07"
INFO,GAP_DAILY_OLD,universe_daily,NSE_EQ|INE937C01029,1d,2,"2 older missing weekdays (longest run 1): 2017-10-19, 2018-11-07"
INFO,GAP_DAILY_OLD,universe_daily,NSE_EQ|INE940H01022,1d,3,"3 older missing weekdays (longest run 1): 2011-10-26, 2017-10-19, 2018-11-07"
INFO,GAP_DAILY_OLD,universe_daily,NSE_EQ|INE942G01012,1d,3,"3 older missing weekdays (longest run 1): 2011-10-26, 2017-10-19, 2018-11-07"
INFO,GAP_DAILY_OLD,universe_daily,NSE_EQ|INE945H01021,1d,3,"3 older missing weekdays (longest run 1): 2011-10-26, 2017-10-19, 2018-11-07"
INFO,GAP_DAILY_OLD,universe_daily,NSE_EQ|INE947J01015,1d,3,"3 older missing weekdays (longest run 1): 2011-10-26, 2017-10-19, 2018-11-07"
INFO,GAP_DAILY_OLD,universe_daily,NSE_EQ|INE947Q01028,1d,2,"2 older missing weekdays (longest run 1): 2017-10-19, 2018-11-07"
INFO,GAP_DAILY_OLD,universe_daily,NSE_EQ|INE949H01023,1d,3,"3 older missing weekdays (longest run 1): 2011-10-26, 2017-10-19, 2018-11-07"
INFO,GAP_DAILY_OLD,universe_daily,NSE_EQ|INE949L01017,1d,2,"2 older missing weekdays (longest run 1): 2017-10-19, 2018-11-07"
INFO,GAP_DAILY_OLD,universe_daily,NSE_EQ|INE949P01018,1d,2,"2 older missing weekdays (longest run 1): 2017-10-19, 2018-11-07"
INFO,GAP_DAILY_OLD,universe_daily,NSE_EQ|INE950I01011,1d,3,"3 older missing weekdays (longest run 1): 2011-10-26, 2017-10-19, 2018-11-07"
INFO,GAP_DAILY_OLD,universe_daily,NSE_EQ|INE950M01013,1d,2,"2 older missing weekdays (longest run 1): 2017-10-19, 2018-11-07"
INFO,GAP_DAILY_OLD,universe_daily,NSE_EQ|INE951D01028,1d,2,"2 older missing weekdays (longest run 1): 2017-10-19, 2018-11-07"
INFO,GAP_DAILY_OLD,universe_daily,NSE_EQ|INE951I01027,1d,3,"3 older missing weekdays (longest run 1): 2011-10-26, 2017-10-19, 2018-11-07"
INFO,GAP_DAILY_OLD,universe_daily,NSE_EQ|INE955D01029,1d,3,"3 older missing weekdays (longest run 1): 2011-10-26, 2017-10-19, 2018-11-07"
INFO,GAP_DAILY_OLD,universe_daily,NSE_EQ|INE956G01038,1d,3,"3 older missing weekdays (longest run 1): 2011-10-26, 2017-10-19, 2018-11-07"
INFO,GAP_DAILY_OLD,universe_daily,NSE_EQ|INE959A01019,1d,2,"2 older missing weekdays (longest run 1): 2017-10-19, 2018-11-07"
INFO,GAP_DAILY_OLD,universe_daily,NSE_EQ|INE962Y01021,1d,1,1 older missing weekdays (longest run 1): 2018-11-07
INFO,GAP_DAILY_OLD,universe_daily,NSE_EQ|INE964H01014,1d,3,"3 older missing weekdays (longest run 1): 2011-10-26, 2017-10-19, 2018-11-07"
INFO,GAP_DAILY_OLD,universe_daily,NSE_EQ|INE966H01019,1d,3,"3 older missing weekdays (longest run 1): 2011-10-26, 2017-10-19, 2018-11-07"
INFO,GAP_DAILY_OLD,universe_daily,NSE_EQ|INE970X01018,1d,1,1 older missing weekdays (longest run 1): 2018-11-07
INFO,GAP_DAILY_OLD,universe_daily,NSE_EQ|INE974X01010,1d,1,1 older missing weekdays (longest run 1): 2018-11-07
INFO,GAP_DAILY_OLD,universe_daily,NSE_EQ|INE976G01028,1d,2,"2 older missing weekdays (longest run 1): 2017-10-19, 2018-11-07"
INFO,GAP_DAILY_OLD,universe_daily,NSE_EQ|INE982B01027,1d,3,"3 older missing weekdays (longest run 1): 2011-10-26, 2017-10-19, 2018-11-07"
INFO,GAP_DAILY_OLD,universe_daily,NSE_EQ|INE982F01036,1d,3,"3 older missing weekdays (longest run 1): 2011-10-26, 2017-10-19, 2018-11-07"
INFO,GAP_DAILY_OLD,universe_daily,NSE_EQ|INE985S01024,1d,2,"2 older missing weekdays (longest run 1): 2017-10-19, 2018-11-07"
INFO,GAP_DAILY_OLD,universe_daily,NSE_EQ|INE989A01032,1d,3,"3 older missing weekdays (longest run 1): 2011-10-26, 2017-10-19, 2018-11-07"
INFO,GAP_DAILY_OLD,universe_daily,NSE_EQ|INE991I01015,1d,2,"2 older missing weekdays (longest run 1): 2017-10-19, 2020-05-22"
INFO,GAP_DAILY_OLD,universe_daily,NSE_EQ|INE998I01010,1d,3,"3 older missing weekdays (longest run 1): 2011-10-26, 2017-10-19, 2018-11-07"
INFO,GAP_DAILY_OLD,universe_daily,NSE_EQ|INE999K01014,1d,3,"3 older missing weekdays (longest run 1): 2011-10-26, 2017-10-19, 2018-11-07"
INFO,GAP_DAILY_OLD,universe_daily,NSE_EQ|INF109K012R6,1d,2,"2 older missing weekdays (longest run 1): 2017-10-19, 2018-11-07"
INFO,GAP_DAILY_OLD,universe_daily,NSE_EQ|INF109KB15Y7,1d,1,1 older missing weekdays (longest run 1): 2018-11-07
INFO,GAP_DAILY_OLD,universe_daily,NSE_EQ|INF109KC10W0,1d,3,"3 older missing weekdays (longest run 1): 2017-07-06, 2017-10-19, 2018-11-07"
INFO,GAP_DAILY_OLD,universe_daily,NSE_EQ|INF109KC18V5,1d,1,1 older missing weekdays (longest run 1): 2023-10-06
INFO,GAP_DAILY_OLD,universe_daily,NSE_EQ|INF109KC19O8,1d,1,1 older missing weekdays (longest run 1): 2023-01-09
INFO,GAP_DAILY_OLD,universe_daily,NSE_EQ|INF109KC1NS5,1d,4,"4 older missing weekdays (longest run 1): 2018-09-07, 2018-10-25, 2018-11-07 (+1 more)"
INFO,GAP_DAILY_OLD,universe_daily,NSE_EQ|INF109KC1NT3,1d,3,"3 older missing weekdays (longest run 1): 2017-10-19, 2018-11-07, 2019-05-07"
INFO,GAP_DAILY_OLD,universe_daily,NSE_EQ|INF109KC1V59,1d,2,"2 older missing weekdays (longest run 1): 2018-06-26, 2018-11-07"
INFO,GAP_DAILY_OLD,universe_daily,NSE_EQ|INF174KA1ZB7,1d,2,"2 older missing weekdays (longest run 1): 2017-10-19, 2018-11-07"
INFO,GAP_DAILY_OLD,universe_daily,NSE_EQ|INF174KA1ZD3,1d,2,"2 older missing weekdays (longest run 1): 2023-02-09, 2023-02-23"
INFO,GAP_DAILY_OLD,universe_daily,NSE_EQ|INF179KC1965,1d,3,"3 older missing weekdays (longest run 1): 2016-02-03, 2017-10-19, 2018-11-07"
INFO,GAP_DAILY_OLD,universe_daily,NSE_EQ|INF179KC1DL6,1d,1,1 older missing weekdays (longest run 1): 2023-04-26
INFO,GAP_DAILY_OLD,universe_daily,NSE_EQ|INF179KC1HR4,1d,1,1 older missing weekdays (longest run 1): 2023-02-07
INFO,GAP_DAILY_OLD,universe_daily,NSE_EQ|INF179KC1HS2,1d,1,1 older missing weekdays (longest run 1): 2023-01-11
INFO,GAP_DAILY_OLD,universe_daily,NSE_EQ|INF179KC1HV6,1d,2,"2 older missing weekdays (longest run 1): 2023-03-22, 2023-08-17"
INFO,GAP_DAILY_OLD,universe_daily,NSE_EQ|INF179KC1HZ7,1d,2,"2 older missing weekdays (longest run 1): 2023-02-16, 2023-05-23"
INFO,GAP_DAILY_OLD,universe_daily,NSE_EQ|INF179KC1JG3,1d,1,1 older missing weekdays (longest run 1): 2024-02-16
INFO,GAP_DAILY_OLD,universe_daily,NSE_EQ|INF200KA13Z8,1d,1,1 older missing weekdays (longest run 1): 2023-12-21
INFO,GAP_DAILY_OLD,universe_daily,NSE_EQ|INF204KB14I2,1d,3,"3 older missing weekdays (longest run 1): 2004-12-23, 2017-10-19, 2018-11-07"
INFO,GAP_DAILY_OLD,universe_daily,NSE_EQ|INF204KB1V68,1d,3,"3 older missing weekdays (longest run 1): 2019-02-05, 2019-02-18, 2019-02-20"
INFO,GAP_DAILY_OLD,universe_daily,NSE_EQ|INF209KC1142,1d,1,1 older missing weekdays (longest run 1): 2024-09-11
INFO,GAP_DAILY_OLD,universe_daily,NSE_EQ|INF247L01023,1d,2,"2 older missing weekdays (longest run 1): 2017-10-19, 2018-11-07"
INFO,GAP_DAILY_OLD,universe_daily,NSE_EQ|INF247L01AP3,1d,3,"3 older missing weekdays (longest run 1): 2017-10-19, 2018-08-02, 2018-11-07"
INFO,GAP_DAILY_OLD,universe_daily,NSE_EQ|INF247L01BE5,1d,4,"4 older missing weekdays (longest run 1): 2023-03-21, 2023-04-06, 2023-07-05 (+1 more)"
INFO,GAP_DAILY_OLD,universe_daily,NSE_EQ|INF251K01SU9,1d,2,"2 older missing weekdays (longest run 1): 2024-07-11, 2024-08-30"
INFO,GAP_DAILY_OLD,universe_daily,NSE_EQ|INF457M01133,1d,2,"2 older missing weekdays (longest run 1): 2017-10-19, 2018-11-07"
INFO,GAP_DAILY_OLD,universe_daily,NSE_EQ|INF740KA1CL0,1d,1,1 older missing weekdays (longest run 1): 2022-02-23
INFO,GAP_DAILY_OLD,universe_daily,NSE_EQ|INF740KA1EU7,1d,2,"2 older missing weekdays (longest run 1): 2018-07-13, 2018-11-07"
INFO,GAP_DAILY_OLD,universe_daily,NSE_EQ|INF740KA1RE3,1d,1,1 older missing weekdays (longest run 1): 2023-03-03
INFO,GAP_DAILY_OLD,universe_daily,NSE_EQ|INF740KA1SZ6,1d,3,"3 older missing weekdays (longest run 1): 2023-10-06, 2023-10-17, 2023-12-29"
INFO,GAP_DAILY_OLD,universe_daily,NSE_EQ|INF789F1AUW9,1d,4,"4 older missing weekdays (longest run 1): 2017-10-19, 2018-11-07, 2019-02-06 (+1 more)"
INFO,GAP_DAILY_OLD,universe_daily,NSE_EQ|INF789F1AYX9,1d,1,1 older missing weekdays (longest run 1): 2023-10-16
INFO,GAP_DAILY_OLD,universe_daily,NSE_EQ|INF789F1AZE6,1d,4,"4 older missing weekdays (longest run 1): 2024-04-23, 2024-05-17, 2024-09-02 (+1 more)"
INFO,GAP_DAILY_OLD,universe_daily,NSE_EQ|INF789F1AZF3,1d,2,"2 older missing weekdays (longest run 2): 2024-02-08, 2024-02-09"
INFO,GAP_DAILY_OLD,indices_daily,NSE_INDEX|NIFTY MIDCAP 100,1d,1,1 older missing weekdays (longest run 1): 2015-11-09
INFO,GAP_DAILY_OLD,indices_daily,NSE_INDEX|NIFTY MIDCAP 150,1d,1,1 older missing weekdays (longest run 1): 2008-12-31
INFO,GAP_DAILY_OLD,indices_daily,NSE_INDEX|NIFTY SMLCAP 50,1d,2,"2 older missing weekdays (longest run 2): 2020-01-07, 2020-01-08"
INFO,GAP_DAILY_OLD,indices_daily,NSE_INDEX|Nifty 500,1d,1,1 older missing weekdays (longest run 1): 2020-01-07
INFO,GAP_DAILY_OLD,indices_daily,NSE_INDEX|Nifty Energy,1d,1,1 older missing weekdays (longest run 1): 2015-11-09
INFO,GAP_DAILY_OLD,indices_daily,NSE_INDEX|Nifty FMCG,1d,1,1 older missing weekdays (longest run 1): 2015-11-09
INFO,GAP_DAILY_OLD,indices_daily,NSE_INDEX|Nifty Fin Service,1d,1,1 older missing weekdays (longest run 1): 2015-11-09
INFO,GAP_DAILY_OLD,indices_daily,NSE_INDEX|Nifty GS 11 15Yr,1d,1,1 older missing weekdays (longest run 1): 2023-11-06
INFO,GAP_DAILY_OLD,indices_daily,NSE_INDEX|Nifty Media,1d,1,1 older missing weekdays (longest run 1): 2015-11-09
INFO,GAP_DAILY_OLD,indices_daily,NSE_INDEX|Nifty Metal,1d,1,1 older missing weekdays (longest run 1): 2015-11-09
INFO,GAP_DAILY_OLD,indices_daily,NSE_INDEX|Nifty Pharma,1d,1,1 older missing weekdays (longest run 1): 2015-11-09
INFO,GAP_DAILY_OLD,indices_daily,NSE_INDEX|Nifty Realty,1d,1,1 older missing weekdays (longest run 1): 2015-11-09
INFO,GAP_WEEKEND,universe_daily,NSE_EQ|IN9175A01010,1d,9,"9 special-session days missing: 2012-01-07, 2012-03-03, 2012-04-28 (+6 more)"
INFO,GAP_WEEKEND,universe_daily,NSE_EQ|INE001B01026,1d,21,"21 special-session days missing: 2003-03-22, 2003-10-25, 2003-11-15 (+18 more)"
INFO,GAP_WEEKEND,universe_daily,NSE_EQ|INE002L01015,1d,9,"9 special-session days missing: 2012-01-07, 2012-03-03, 2012-04-28 (+6 more)"
INFO,GAP_WEEKEND,universe_daily,NSE_EQ|INE002S01010,1d,1,1 special-session days missing: 2016-10-30
INFO,GAP_WEEKEND,universe_daily,NSE_EQ|INE003A01024,1d,21,"21 special-session days missing: 2003-03-22, 2003-10-25, 2003-11-15 (+18 more)"
INFO,GAP_WEEKEND,universe_daily,NSE_EQ|INE005I01014,1d,11,"11 special-session days missing: 2009-10-17, 2010-02-06, 2012-01-07 (+8 more)"
INFO,GAP_WEEKEND,universe_daily,NSE_EQ|INE006I01046,1d,11,"11 special-session days missing: 2009-10-17, 2010-02-06, 2012-01-07 (+8 more)"
INFO,GAP_WEEKEND,universe_daily,NSE_EQ|INE006Z01016,1d,3,"3 special-session days missing: 2019-10-27, 2020-02-01, 2020-11-14"
INFO,GAP_WEEKEND,universe_daily,NSE_EQ|INE007A01025,1d,21,"21 special-session days missing: 2003-03-22, 2003-10-25, 2003-11-15 (+18 more)"
INFO,GAP_WEEKEND,universe_daily,NSE_EQ|INE007B01023,1d,15,"15 special-session days missing: 2005-11-26, 2006-04-29, 2006-06-25 (+12 more)"
INFO,GAP_WEEKEND,universe_daily,NSE_EQ|INE008A01015,1d,21,"21 special-session days missing: 2003-03-22, 2003-10-25, 2003-11-15 (+18 more)"
INFO,GAP_WEEKEND,universe_daily,NSE_EQ|INE009A01021,1d,21,"21 special-session days missing: 2003-03-22, 2003-10-25, 2003-11-15 (+18 more)"
INFO,GAP_WEEKEND,universe_daily,NSE_EQ|INE00CA01015,1d,1,1 special-session days missing: 2024-03-02
INFO,GAP_WEEKEND,universe_daily,NSE_EQ|INE00IK01029,1d,2,"2 special-session days missing: 2020-02-01, 2020-11-14"
INFO,GAP_WEEKEND,universe_daily,NSE_EQ|INE00LM01029,1d,2,"2 special-session days missing: 2016-10-30, 2020-02-01"
INFO,GAP_WEEKEND,universe_daily,NSE_EQ|INE00PV01013,1d,2,"2 special-session days missing: 2019-10-27, 2020-11-14"
INFO,GAP_WEEKEND,universe_daily,NSE_EQ|INE00Y801016,1d,3,"3 special-session days missing: 2019-10-27, 2020-02-01, 2020-11-14"
INFO,GAP_WEEKEND,universe_daily,NSE_EQ|INE010A01011,1d,21,"21 special-session days missing: 2003-03-22, 2003-10-25, 2003-11-15 (+18 more)"
INFO,GAP_WEEKEND,universe_daily,NSE_EQ|INE010B01027,1d,21,"21 special-session days missing: 2003-03-22, 2003-10-25, 2003-11-15 (+18 more)"
INFO,GAP_WEEKEND,universe_daily,NSE_EQ|INE010V01017,1d,1,1 special-session days missing: 2016-10-30
INFO,GAP_WEEKEND,universe_daily,NSE_EQ|INE012A01025,1d,21,"21 special-session days missing: 2003-03-22, 2003-10-25, 2003-11-15 (+18 more)"
INFO,GAP_WEEKEND,universe_daily,NSE_EQ|INE014B01011,1d,2,"2 special-session days missing: 2023-11-12, 2024-03-02"
INFO,GAP_WEEKEND,universe_daily,NSE_EQ|INE015D01022,1d,11,"11 special-session days missing: 2009-10-17, 2010-02-06, 2012-01-07 (+8 more)"
INFO,GAP_WEEKEND,universe_daily,NSE_EQ|INE016A01026,1d,21,"21 special-session days missing: 2003-03-22, 2003-10-25, 2003-11-15 (+18 more)"
INFO,GAP_WEEKEND,universe_daily,NSE_EQ|INE017A01032,1d,21,"21 special-session days missing: 2003-03-22, 2003-10-25, 2003-11-15 (+18 more)"
INFO,GAP_WEEKEND,universe_daily,NSE_EQ|INE018A01030,1d,21,"21 special-session days missing: 2003-03-22, 2003-10-25, 2003-11-15 (+18 more)"
INFO,GAP_WEEKEND,universe_daily,NSE_EQ|INE018E01016,1d,4,"4 special-session days missing: 2015-02-28, 2016-10-30, 2019-10-27 (+1 more)"
INFO,GAP_WEEKEND,universe_daily,NSE_EQ|INE019A01038,1d,16,"16 special-session days missing: 2005-06-04, 2005-11-26, 2006-04-29 (+13 more)"
INFO,GAP_WEEKEND,universe_daily,NSE_EQ|INE019C01026,1d,11,"11 special-session days missing: 2009-10-17, 2010-02-06, 2012-01-07 (+8 more)"
INFO,GAP_WEEKEND,universe_daily,NSE_EQ|INE019J01013,1d,9,"9 special-session days missing: 2012-01-07, 2012-03-03, 2012-04-28 (+6 more)"
INFO,GAP_WEEKEND,universe_daily,NSE_EQ|INE01EE01011,1d,3,"3 special-session days missing: 2016-10-30, 2019-10-27, 2020-02-01"
INFO,GAP_WEEKEND,universe_daily,NSE_EQ|INE01GN01025,1d,3,"3 special-session days missing: 2019-10-27, 2020-02-01, 2020-11-14"
INFO,GAP_WEEKEND,universe_daily,NSE_EQ|INE01II01013,1d,3,"3 special-session days missing: 2019-10-27, 2020-02-01, 2020-11-14"
INFO,GAP_WEEKEND,universe_daily,NSE_EQ|INE01JE01028,1d,4,"4 special-session days missing: 2016-10-30, 2019-10-27, 2020-02-01 (+1 more)"
INFO,GAP_WEEKEND,universe_daily,NSE_EQ|INE020B01018,1d,11,"11 special-session days missing: 2009-10-17, 2010-02-06, 2012-01-07 (+8 more)"
INFO,GAP_WEEKEND,universe_daily,NSE_EQ|INE020J01029,1d,11,"11 special-session days missing: 2009-10-17, 2010-02-06, 2012-01-07 (+8 more)"
INFO,GAP_WEEKEND,universe_daily,NSE_EQ|INE021A01026,1d,21,"21 special-session days missing: 2003-03-22, 2003-10-25, 2003-11-15 (+18 more)"
INFO,GAP_WEEKEND,universe_daily,NSE_EQ|INE022I01019,1d,11,"11 special-session days missing: 2009-10-17, 2010-02-06, 2012-01-07 (+8 more)"
INFO,GAP_WEEKEND,universe_daily,NSE_EQ|INE023A01030,1d,21,"21 special-session days missing: 2003-03-22, 2003-10-25, 2003-11-15 (+18 more)"
INFO,GAP_WEEKEND,universe_daily,NSE_EQ|INE023H01027,1d,15,"15 special-session days missing: 2005-11-26, 2006-04-29, 2006-06-25 (+12 more)"
INFO,GAP_WEEKEND,universe_daily,NSE_EQ|INE024L01027,1d,9,"9 special-session days missing: 2012-01-07, 2012-03-03, 2012-04-28 (+6 more)"
INFO,GAP_WEEKEND,universe_daily,NSE_EQ|INE025B01025,1d,15,"15 special-session days missing: 2005-11-26, 2006-04-29, 2006-06-25 (+12 more)"
INFO,GAP_WEEKEND,universe_daily,NSE_EQ|INE026A01025,1d,21,"21 special-session days missing: 2003-03-22, 2003-10-25, 2003-11-15 (+18 more)"
INFO,GAP_WEEKEND,universe_daily,NSE_EQ|INE027A01015,1d,21,"21 special-session days missing: 2003-03-22, 2003-10-25, 2003-11-15 (+18 more)"
INFO,GAP_WEEKEND,universe_daily,NSE_EQ|INE028A01039,1d,21,"21 special-session days missing: 2003-03-22, 2003-10-25, 2003-11-15 (+18 more)"
INFO,GAP_WEEKEND,universe_daily,NSE_EQ|INE029A01011,1d,21,"21 special-session days missing: 2003-03-22, 2003-10-25, 2003-11-15 (+18 more)"
INFO,GAP_WEEKEND,universe_daily,NSE_EQ|INE029L01018,1d,9,"9 special-session days missing: 2012-01-07, 2012-03-03, 2012-04-28 (+6 more)"
INFO,GAP_WEEKEND,universe_daily,NSE_EQ|INE02A801020,1d,4,"4 special-session days missing: 2015-02-28, 2016-10-30, 2019-10-27 (+1 more)"
INFO,GAP_WEEKEND,universe_daily,NSE_EQ|INE02WG01024,1d,2,"2 special-session days missing: 2020-02-01, 2020-11-14"
INFO,GAP_WEEKEND,universe_daily,NSE_EQ|INE02YR01019,1d,4,"4 special-session days missing: 2016-10-30, 2019-10-27, 2020-02-01 (+1 more)"
INFO,GAP_WEEKEND,universe_daily,NSE_EQ|INE030A01027,1d,21,"21 special-session days missing: 2003-03-22, 2003-10-25, 2003-11-15 (+18 more)"
INFO,GAP_WEEKEND,universe_daily,NSE_EQ|INE031B01049,1d,21,"21 special-session days missing: 2003-03-22, 2003-10-25, 2003-11-15 (+18 more)"
INFO,GAP_WEEKEND,universe_daily,NSE_EQ|INE032A01023,1d,21,"21 special-session days missing: 2003-03-22, 2003-10-25, 2003-11-15 (+18 more)"
INFO,GAP_WEEKEND,universe_daily,NSE_EQ|INE032B01021,1d,21,"21 special-session days missing: 2003-03-22, 2003-10-25, 2003-11-15 (+18 more)"
INFO,GAP_WEEKEND,universe_daily,NSE_EQ|INE034A01011,1d,21,"21 special-session days missing: 2003-03-22, 2003-10-25, 2003-11-15 (+18 more)"
INFO,GAP_WEEKEND,universe_daily,NSE_EQ|INE034D01049,1d,11,"11 special-session days missing: 2009-10-17, 2010-02-06, 2012-01-07 (+8 more)"
INFO,GAP_WEEKEND,universe_daily,NSE_EQ|INE034S01021,1d,1,1 special-session days missing: 2016-10-30
INFO,GAP_WEEKEND,universe_daily,NSE_EQ|INE035D01020,1d,21,"21 special-session days missing: 2003-03-22, 2003-10-25, 2003-11-15 (+18 more)"
INFO,GAP_WEEKEND,universe_daily,NSE_EQ|INE036B01030,1d,21,"21 special-session days missing: 2003-03-22, 2003-10-25, 2003-11-15 (+18 more)"
INFO,GAP_WEEKEND,universe_daily,NSE_EQ|INE036D01028,1d,21,"21 special-session days missing: 2003-03-22, 2003-10-25, 2003-11-15 (+18 more)"
INFO,GAP_WEEKEND,universe_daily,NSE_EQ|INE037A01022,1d,19,"19 special-session days missing: 2004-04-17, 2004-10-09, 2005-06-04 (+16 more)"
INFO,GAP_WEEKEND,universe_daily,NSE_EQ|INE038A01020,1d,21,"21 special-session days missing: 2003-03-22, 2003-10-25, 2003-11-15 (+18 more)"
INFO,GAP_WEEKEND,universe_daily,NSE_EQ|INE038F01029,1d,18,"18 special-session days missing: 2004-04-17, 2004-10-09, 2005-06-04 (+15 more)"
INFO,GAP_WEEKEND,universe_daily,NSE_EQ|INE039A01010,1d,21,"21 special-session days missing: 2003-03-22, 2003-10-25, 2003-11-15 (+18 more)"
INFO,GAP_WEEKEND,universe_daily,NSE_EQ|INE039B01026,1d,9,"9 special-session days missing: 2012-01-07, 2012-03-03, 2012-04-28 (+6 more)"
INFO,GAP_WEEKEND,universe_daily,NSE_EQ|INE039C01032,1d,9,"9 special-session days missing: 2012-01-07, 2012-03-03, 2012-04-28 (+6 more)"
INFO,GAP_WEEKEND,universe_daily,NSE_EQ|INE039O01029,1d,3,"3 special-session days missing: 2015-02-28, 2016-10-30, 2019-10-27"
INFO,GAP_WEEKEND,universe_daily,NSE_EQ|INE03JI01017,1d,1,1 special-session days missing: 2024-05-18
INFO,GAP_WEEKEND,universe_daily,NSE_EQ|INE03Q201024,1d,3,"3 special-session days missing: 2019-10-27, 2020-02-01, 2020-11-14"
INFO,GAP_WEEKEND,universe_daily,NSE_EQ|INE03QK01018,1d,4,"4 special-session days missing: 2015-02-28, 2016-10-30, 2019-10-27 (+1 more)"
INFO,GAP_WEEKEND,universe_daily,NSE_EQ|INE03RS01027,1d,24,"24 special-session days missing: 2003-03-22, 2003-10-25, 2003-11-15 (+21 more)"
INFO,GAP_WEEKEND,universe_daily,NSE_EQ|INE040A01034,1d,21,"21 special-session days missing: 2003-03-22, 2003-10-25, 2003-11-15 (+18 more)"
INFO,GAP_WEEKEND,universe_daily,NSE_EQ|INE040D01038,1d,5,"5 special-session days missing: 2013-05-11, 2013-11-03, 2014-03-22 (+2 more)"
INFO,GAP_WEEKEND,universe_daily,NSE_EQ|INE040H01021,1d,15,"15 special-session days missing: 2005-11-26, 2006-04-29, 2006-06-25 (+12 more)"
INFO,GAP_WEEKEND,universe_daily,NSE_EQ|INE040M01013,1d,9,"9 special-session days missing: 2012-01-07, 2012-03-03, 2012-04-28 (+6 more)"
INFO,GAP_WEEKEND,universe_daily,NSE_EQ|INE041A01016,1d,21,"21 special-session days missing: 2003-03-22, 2003-10-25, 2003-11-15 (+18 more)"
INFO,GAP_WEEKEND,universe_daily,NSE_EQ|INE042A01014,1d,21,"21 special-session days missing: 2003-03-22, 2003-10-25, 2003-11-15 (+18 more)"
INFO,GAP_WEEKEND,universe_daily,NSE_EQ|INE043A01012,1d,21,"21 special-session days missing: 2003-03-22, 2003-10-25, 2003-11-15 (+18 more)"
INFO,GAP_WEEKEND,universe_daily,NSE_EQ|INE044A01036,1d,21,"21 special-session days missing: 2003-03-22, 2003-10-25, 2003-11-15 (+18 more)"
INFO,GAP_WEEKEND,universe_daily,NSE_EQ|INE045A01017,1d,21,"21 special-session days missing: 2003-03-22, 2003-10-25, 2003-11-15 (+18 more)"
INFO,GAP_WEEKEND,universe_daily,NSE_EQ|INE045B01015,1d,21,"21 special-session days missing: 2003-03-22, 2003-10-25, 2003-11-15 (+18 more)"
INFO,GAP_WEEKEND,universe_daily,NSE_EQ|INE045J01034,1d,2,"2 special-session days missing: 2015-02-28, 2016-10-30"
INFO,GAP_WEEKEND,universe_daily,NSE_EQ|INE046A01015,1d,21,"21 special-session days missing: 2003-03-22, 2003-10-25, 2003-11-15 (+18 more)"
INFO,GAP_WEEKEND,universe_daily,NSE_EQ|INE047A01021,1d,21,"21 special-session days missing: 2003-03-22, 2003-10-25, 2003-11-15 (+18 more)"
INFO,GAP_WEEKEND,universe_daily,NSE_EQ|INE047B01011,1d,11,"11 special-session days missing: 2010-02-06, 2012-01-07, 2012-03-03 (+8 more)"
INFO,GAP_WEEKEND,universe_daily,NSE_EQ|INE047O01014,1d,6,"6 special-session days missing: 2013-05-11, 2013-11-03, 2014-03-22 (+3 more)"
INFO,GAP_WEEKEND,universe_daily,NSE_EQ|INE048B01035,1d,21,"21 special-session days missing: 2003-03-22, 2003-10-25, 2003-11-15 (+18 more)"
INFO,GAP_WEEKEND,universe_daily,NSE_EQ|INE048G01026,1d,11,"11 special-session days missing: 2009-10-17, 2010-02-06, 2012-01-07 (+8 more)"
INFO,GAP_WEEKEND,universe_daily,NSE_EQ|INE049A01027,1d,21,"21 special-session days missing: 2003-03-22, 2003-10-25, 2003-11-15 (+18 more)"
INFO,GAP_WEEKEND,universe_daily,NSE_EQ|INE049B01025,1d,21,"21 special-session days missing: 2003-03-22, 2003-10-25, 2003-11-15 (+18 more)"
INFO,GAP_WEEKEND,universe_daily,NSE_EQ|INE049I01012,1d,11,"11 special-session days missing: 2009-10-17, 2010-02-06, 2012-01-07 (+8 more)"
INFO,GAP_WEEKEND,universe_daily,NSE_EQ|INE04LG01015,1d,1,1 special-session days missing: 2020-02-01
INFO,GAP_WEEKEND,universe_daily,NSE_EQ|INE050401020,1d,5,"5 special-session days missing: 2015-02-28, 2016-10-30, 2019-10-27 (+2 more)"
INFO,GAP_WEEKEND,universe_daily,NSE_EQ|INE050A01025,1d,21,"21 special-session days missing: 2003-03-22, 2003-10-25, 2003-11-15 (+18 more)"
INFO,GAP_WEEKEND,universe_daily,NSE_EQ|INE050B01023,1d,21,"21 special-session days missing: 2003-03-22, 2003-10-25, 2003-11-15 (+18 more)"
INFO,GAP_WEEKEND,universe_daily,NSE_EQ|INE050E01027,1d,11,"11 special-session days missing: 2009-10-17, 2010-02-06, 2012-01-07 (+8 more)"
INFO,GAP_WEEKEND,universe_daily,NSE_EQ|INE050H01012,1d,15,"15 special-session days missing: 2005-11-26, 2006-04-29, 2006-06-25 (+12 more)"
INFO,GAP_WEEKEND,universe_daily,NSE_EQ|INE050M01012,1d,6,"6 special-session days missing: 2012-09-08, 2013-05-11, 2013-11-03 (+3 more)"
INFO,GAP_WEEKEND,universe_daily,NSE_EQ|INE051B01021,1d,14,"14 special-session days missing: 2006-04-29, 2006-06-25, 2006-10-21 (+11 more)"
INFO,GAP_WEEKEND,universe_daily,NSE_EQ|INE052A01021,1d,21,"21 special-session days missing: 2003-03-22, 2003-10-25, 2003-11-15 (+18 more)"
INFO,GAP_WEEKEND,universe_daily,NSE_EQ|INE052I01032,1d,2,"2 special-session days missing: 2015-02-28, 2016-10-30"
INFO,GAP_WEEKEND,universe_daily,NSE_EQ|INE052T01021,1d,3,"3 special-session days missing: 2023-11-12, 2024-01-20, 2024-03-02"
INFO,GAP_WEEKEND,universe_daily,NSE_EQ|INE053A01029,1d,21,"21 special-session days missing: 2003-03-22, 2003-10-25, 2003-11-15 (+18 more)"
INFO,GAP_WEEKEND,universe_daily,NSE_EQ|INE054A01027,1d,21,"21 special-session days missing: 2003-03-22, 2003-10-25, 2003-11-15 (+18 more)"
INFO,GAP_WEEKEND,universe_daily,NSE_EQ|INE055A01016,1d,21,"21 special-session days missing: 2003-03-22, 2003-10-25, 2003-11-15 (+18 more)"
INFO,GAP_WEEKEND,universe_daily,NSE_EQ|INE056I01025,1d,10,"10 special-session days missing: 2010-02-06, 2012-01-07, 2012-03-03 (+7 more)"
INFO,GAP_WEEKEND,universe_daily,NSE_EQ|INE058A01010,1d,21,"21 special-session days missing: 2003-03-22, 2003-10-25, 2003-11-15 (+18 more)"
INFO,GAP_WEEKEND,universe_daily,NSE_EQ|INE058B01018,1d,21,"21 special-session days missing: 2003-03-22, 2003-10-25, 2003-11-15 (+18 more)"
INFO,GAP_WEEKEND,universe_daily,NSE_EQ|INE059A01026,1d,21,"21 special-session days missing: 2003-03-22, 2003-10-25, 2003-11-15 (+18 more)"
INFO,GAP_WEEKEND,universe_daily,NSE_EQ|INE059B01024,1d,21,"21 special-session days missing: 2003-03-22, 2003-10-25, 2003-11-15 (+18 more)"
INFO,GAP_WEEKEND,universe_daily,NSE_EQ|INE059D01020,1d,10,"10 special-session days missing: 2009-10-17, 2010-02-06, 2012-01-07 (+7 more)"
INFO,GAP_WEEKEND,universe_daily,NSE_EQ|INE05X901010,1d,1,1 special-session days missing: 2020-11-14
INFO,GAP_WEEKEND,universe_daily,NSE_EQ|INE060A01024,1d,21,"21 special-session days missing: 2003-03-22, 2003-10-25, 2003-11-15 (+18 more)"
INFO,GAP_WEEKEND,universe_daily,NSE_EQ|INE060B01014,1d,22,"22 special-session days missing: 2003-03-22, 2003-10-25, 2003-11-15 (+19 more)"
INFO,GAP_WEEKEND,universe_daily,NSE_EQ|INE061A01014,1d,22,"22 special-session days missing: 2003-03-22, 2003-10-25, 2003-11-15 (+19 more)"
INFO,GAP_WEEKEND,universe_daily,NSE_EQ|INE061F01013,1d,11,"11 special-session days missing: 2009-10-17, 2010-02-06, 2012-01-07 (+8 more)"
INFO,GAP_WEEKEND,universe_daily,NSE_EQ|INE062A01020,1d,21,"21 special-session days missing: 2003-03-22, 2003-10-25, 2003-11-15 (+18 more)"
INFO,GAP_WEEKEND,universe_daily,NSE_EQ|INE062D01024,1d,12,"12 special-session days missing: 2006-10-21, 2009-10-17, 2010-02-06 (+9 more)"
INFO,GAP_WEEKEND,universe_daily,NSE_EQ|INE063E01061,1d,4,"4 special-session days missing: 2016-10-30, 2019-10-27, 2020-02-01 (+1 more)"
INFO,GAP_WEEKEND,universe_daily,NSE_EQ|INE064C01022,1d,21,"21 special-session days missing: 2003-03-22, 2003-10-25, 2003-11-15 (+18 more)"
INFO,GAP_WEEKEND,universe_daily,NSE_EQ|INE066A01021,1d,21,"21 special-session days missing: 2003-03-22, 2003-10-25, 2003-11-15 (+18 more)"
INFO,GAP_WEEKEND,universe_daily,NSE_EQ|INE066O01014,1d,2,"2 special-session days missing: 2015-02-28, 2016-10-30"
INFO,GAP_WEEKEND,universe_daily,NSE_EQ|INE066P01011,1d,1,1 special-session days missing: 2016-10-30
INFO,GAP_WEEKEND,universe_daily,NSE_EQ|INE067A01029,1d,21,"21 special-session days missing: 2003-03-22, 2003-10-25, 2003-11-15 (+18 more)"
INFO,GAP_WEEKEND,universe_daily,NSE_EQ|INE068L01024,1d,9,"9 special-session days missing: 2012-01-07, 2012-03-03, 2012-04-28 (+6 more)"
INFO,GAP_WEEKEND,universe_daily,NSE_EQ|INE069I01010,1d,11,"11 special-session days missing: 2009-10-17, 2010-02-06, 2012-01-07 (+8 more)"
INFO,GAP_WEEKEND,universe_daily,NSE_EQ|INE070A01015,1d,21,"21 special-session days missing: 2003-03-22, 2003-10-25, 2003-11-15 (+18 more)"
INFO,GAP_WEEKEND,universe_daily,NSE_EQ|INE070D01027,1d,21,"21 special-session days missing: 2003-03-22, 2003-10-25, 2003-11-15 (+18 more)"
INFO,GAP_WEEKEND,universe_daily,NSE_EQ|INE070I01018,1d,11,"11 special-session days missing: 2009-10-17, 2010-02-06, 2012-01-07 (+8 more)"
INFO,GAP_WEEKEND,universe_daily,NSE_EQ|INE071E01023,1d,9,"9 special-session days missing: 2012-01-07, 2012-03-03, 2012-04-28 (+6 more)"
INFO,GAP_WEEKEND,universe_daily,NSE_EQ|INE073G01016,1d,4,"4 special-session days missing: 2015-02-28, 2016-10-30, 2019-10-27 (+1 more)"
INFO,GAP_WEEKEND,universe_daily,NSE_EQ|INE074A01025,1d,21,"21 special-session days missing: 2003-03-22, 2003-10-25, 2003-11-15 (+18 more)"
INFO,GAP_WEEKEND,universe_daily,NSE_EQ|INE074B01023,1d,9,"9 special-session days missing: 2012-01-07, 2012-03-03, 2012-04-28 (+6 more)"
INFO,GAP_WEEKEND,universe_daily,NSE_EQ|INE075A01022,1d,21,"21 special-session days missing: 2003-03-22, 2003-10-25, 2003-11-15 (+18 more)"
INFO,GAP_WEEKEND,universe_daily,NSE_EQ|INE075D01018,1d,21,"21 special-session days missing: 2003-03-22, 2003-10-25, 2003-11-15 (+18 more)"
INFO,GAP_WEEKEND,universe_daily,NSE_EQ|INE075I01017,1d,1,1 special-session days missing: 2016-10-30
INFO,GAP_WEEKEND,universe_daily,NSE_EQ|INE076B01028,1d,21,"21 special-session days missing: 2003-03-22, 2003-10-25, 2003-11-15 (+18 more)"
INFO,GAP_WEEKEND,universe_daily,NSE_EQ|INE076C01018,1d,21,"21 special-session days missing: 2003-03-22, 2003-10-25, 2003-11-15 (+18 more)"
INFO,GAP_WEEKEND,universe_daily,NSE_EQ|INE077F01035,1d,11,"11 special-session days missing: 2009-10-17, 2010-02-06, 2012-01-07 (+8 more)"
INFO,GAP_WEEKEND,universe_daily,NSE_EQ|INE079A01024,1d,21,"21 special-session days missing: 2003-03-22, 2003-10-25, 2003-11-15 (+18 more)"
INFO,GAP_WEEKEND,universe_daily,NSE_EQ|INE080A01014,1d,21,"21 special-session days missing: 2003-03-22, 2003-10-25, 2003-11-15 (+18 more)"
INFO,GAP_WEEKEND,universe_daily,NSE_EQ|INE080B01012,1d,22,"22 special-session days missing: 2003-03-22, 2003-10-25, 2003-11-15 (+19 more)"
INFO,GAP_WEEKEND,universe_daily,NSE_EQ|INE081A01020,1d,21,"21 special-session days missing: 2003-03-22, 2003-10-25, 2003-11-15 (+18 more)"
INFO,GAP_WEEKEND,universe_daily,NSE_EQ|INE082W01014,1d,22,"22 special-session days missing: 2003-03-22, 2003-10-25, 2003-11-15 (+19 more)"
INFO,GAP_WEEKEND,universe_daily,NSE_EQ|INE083A01026,1d,21,"21 special-session days missing: 2003-03-22, 2003-10-25, 2003-11-15 (+18 more)"
INFO,GAP_WEEKEND,universe_daily,NSE_EQ|INE083B01024,1d,11,"11 special-session days missing: 2009-10-17, 2010-02-06, 2012-01-07 (+8 more)"
INFO,GAP_WEEKEND,universe_daily,NSE_EQ|INE083C01022,1d,11,"11 special-session days missing: 2009-10-17, 2010-02-06, 2012-01-07 (+8 more)"
INFO,GAP_WEEKEND,universe_daily,NSE_EQ|INE083D01012,1d,13,"13 special-session days missing: 2006-06-25, 2006-10-21, 2009-10-17 (+10 more)"
INFO,GAP_WEEKEND,universe_daily,NSE_EQ|INE084A01016,1d,21,"21 special-session days missing: 2003-03-22, 2003-10-25, 2003-11-15 (+18 more)"
INFO,GAP_WEEKEND,universe_daily,NSE_EQ|INE085A01013,1d,21,"21 special-session days missing: 2003-03-22, 2003-10-25, 2003-11-15 (+18 more)"
INFO,GAP_WEEKEND,universe_daily,NSE_EQ|INE085J01014,1d,9,"9 special-session days missing: 2012-01-07, 2012-03-03, 2012-04-28 (+6 more)"
INFO,GAP_WEEKEND,universe_daily,NSE_EQ|INE086A01029,1d,21,"21 special-session days missing: 2003-03-22, 2003-10-25, 2003-11-15 (+18 more)"
INFO,GAP_WEEKEND,universe_daily,NSE_EQ|INE087B01017,1d,9,"9 special-session days missing: 2012-01-07, 2012-03-03, 2012-04-28 (+6 more)"
INFO,GAP_WEEKEND,universe_daily,NSE_EQ|INE087H01022,1d,15,"15 special-session days missing: 2005-11-26, 2006-04-29, 2006-06-25 (+12 more)"
INFO,GAP_WEEKEND,universe_daily,NSE_EQ|INE089A01031,1d,10,"10 special-session days missing: 2010-02-06, 2012-01-07, 2012-03-03 (+7 more)"
INFO,GAP_WEEKEND,universe_daily,NSE_EQ|INE08PH01015,1d,1,1 special-session days missing: 2024-03-02
INFO,GAP_WEEKEND,universe_daily,NSE_EQ|INE090A01021,1d,21,"21 special-session days missing: 2003-03-22, 2003-10-25, 2003-11-15 (+18 more)"
INFO,GAP_WEEKEND,universe_daily,NSE_EQ|INE090B01011,1d,20,"20 special-session days missing: 2003-10-25, 2003-11-15, 2004-04-17 (+17 more)"
INFO,GAP_WEEKEND,universe_daily,NSE_EQ|INE091G01026,1d,18,"18 special-session days missing: 2004-04-17, 2004-10-09, 2005-06-04 (+15 more)"
INFO,GAP_WEEKEND,universe_daily,NSE_EQ|INE092A01019,1d,21,"21 special-session days missing: 2003-03-22, 2003-10-25, 2003-11-15 (+18 more)"
INFO,GAP_WEEKEND,universe_daily,NSE_EQ|INE092B01025,1d,21,"21 special-session days missing: 2003-03-22, 2003-10-25, 2003-11-15 (+18 more)"
INFO,GAP_WEEKEND,universe_daily,NSE_EQ|INE092T01019,1d,1,1 special-session days missing: 2016-10-30
INFO,GAP_WEEKEND,universe_daily,NSE_EQ|INE093I01010,1d,9,"9 special-session days missing: 2012-01-07, 2012-03-03, 2012-04-28 (+6 more)"
INFO,GAP_WEEKEND,universe_daily,NSE_EQ|INE093R01011,1d,1,1 special-session days missing: 2016-10-30
INFO,GAP_WEEKEND,universe_daily,NSE_EQ|INE094A01015,1d,21,"21 special-session days missing: 2003-03-22, 2003-10-25, 2003-11-15 (+18 more)"
INFO,GAP_WEEKEND,universe_daily,NSE_EQ|INE094I01018,1d,11,"11 special-session days missing: 2009-10-17, 2010-02-06, 2012-01-07 (+8 more)"
INFO,GAP_WEEKEND,universe_daily,NSE_EQ|INE095A01012,1d,21,"21 special-session days missing: 2003-03-22, 2003-10-25, 2003-11-15 (+18 more)"
INFO,GAP_WEEKEND,universe_daily,NSE_EQ|INE095N01031,1d,7,"7 special-session days missing: 2012-04-28, 2012-09-08, 2013-05-11 (+4 more)"
INFO,GAP_WEEKEND,universe_daily,NSE_EQ|INE096B01018,1d,20,"20 special-session days missing: 2003-10-25, 2003-11-15, 2004-04-17 (+17 more)"
INFO,GAP_WEEKEND,universe_daily,NSE_EQ|INE098F01031,1d,10,"10 special-session days missing: 2010-02-06, 2012-01-07, 2012-03-03 (+7 more)"
INFO,GAP_WEEKEND,universe_daily,NSE_EQ|INE099F01013,1d,3,"3 special-session days missing: 2014-03-22, 2015-02-28, 2016-10-30"
INFO,GAP_WEEKEND,universe_daily,NSE_EQ|INE09VQ01012,1d,3,"3 special-session days missing: 2019-10-27, 2020-02-01, 2020-11-14"
INFO,GAP_WEEKEND,universe_daily,NSE_EQ|INE0A0S01028,1d,1,1 special-session days missing: 2020-11-14
INFO,GAP_WEEKEND,universe_daily,NSE_EQ|INE0A1101019,1d,2,"2 special-session days missing: 2020-02-01, 2020-11-14"
INFO,GAP_WEEKEND,universe_daily,NSE_EQ|INE0ALR01029,1d,1,1 special-session days missing: 2020-11-14
INFO,GAP_WEEKEND,universe_daily,NSE_EQ|INE0BTI01037,1d,4,"4 special-session days missing: 2016-10-30, 2019-10-27, 2020-02-01 (+1 more)"
INFO,GAP_WEEKEND,universe_daily,NSE_EQ|INE0BTM01013,1d,1,1 special-session days missing: 2024-03-02
INFO,GAP_WEEKEND,universe_daily,NSE_EQ|INE0CHO01012,1d,15,"15 special-session days missing: 2006-10-21, 2009-10-17, 2010-02-06 (+12 more)"
INFO,GAP_WEEKEND,universe_daily,NSE_EQ|INE0CU601026,1d,5,"5 special-session days missing: 2015-02-28, 2016-10-30, 2019-10-27 (+2 more)"
INFO,GAP_WEEKEND,universe_daily,NSE_EQ|INE0EEJ01023,1d,1,1 special-session days missing: 2020-11-14
INFO,GAP_WEEKEND,universe_daily,NSE_EQ|INE0EK901012,1d,3,"3 special-session days missing: 2019-10-27, 2020-02-01, 2020-11-14"
INFO,GAP_WEEKEND,universe_daily,NSE_EQ|INE0GGO01015,1d,3,"3 special-session days missing: 2024-03-02, 2024-05-18, 2025-02-01"
INFO,GAP_WEEKEND,universe_daily,NSE_EQ|INE0I7C01011,1d,3,"3 special-session days missing: 2019-10-27, 2020-02-01, 2020-11-14"
INFO,GAP_WEEKEND,universe_daily,NSE_EQ|INE0LCL01028,1d,5,"5 special-session days missing: 2015-02-28, 2016-10-30, 2019-10-27 (+2 more)"
INFO,GAP_WEEKEND,universe_daily,NSE_EQ|INE0LRU01027,1d,3,"3 special-session days missing: 2019-10-27, 2020-02-01, 2020-11-14"
INFO,GAP_WEEKEND,universe_daily,NSE_EQ|INE100A01010,1d,21,"21 special-session days missing: 2003-03-22, 2003-10-25, 2003-11-15 (+18 more)"
INFO,GAP_WEEKEND,universe_daily,NSE_EQ|INE100D01014,1d,21,"21 special-session days missing: 2003-03-22, 2003-10-25, 2003-11-15 (+18 more)"
INFO,GAP_WEEKEND,universe_daily,NSE_EQ|INE101A01026,1d,21,"21 special-session days missing: 2003-03-22, 2003-10-25, 2003-11-15 (+18 more)"
INFO,GAP_WEEKEND,universe_daily,NSE_EQ|INE101D01020,1d,15,"15 special-session days missing: 2005-11-26, 2006-04-29, 2006-06-25 (+12 more)"
INFO,GAP_WEEKEND,universe_daily,NSE_EQ|INE102A01024,1d,21,"21 special-session days missing: 2003-03-22, 2003-10-25, 2003-11-15 (+18 more)"
INFO,GAP_WEEKEND,universe_daily,NSE_EQ|INE102D01028,1d,21,"21 special-session days missing: 2003-03-22, 2003-10-25, 2003-11-15 (+18 more)"
INFO,GAP_WEEKEND,universe_daily,NSE_EQ|INE102I01027,1d,9,"9 special-session days missing: 2012-01-07, 2012-03-03, 2012-04-28 (+6 more)"
INFO,GAP_WEEKEND,universe_daily,NSE_EQ|INE103A01014,1d,21,"21 special-session days missing: 2003-03-22, 2003-10-25, 2003-11-15 (+18 more)"
INFO,GAP_WEEKEND,universe_daily,NSE_EQ|INE105A01035,1d,21,"21 special-session days missing: 2003-03-22, 2003-10-25, 2003-11-15 (+18 more)"
INFO,GAP_WEEKEND,universe_daily,NSE_EQ|INE105C01023,1d,23,"23 special-session days missing: 2003-03-22, 2003-10-25, 2003-11-15 (+20 more)"
INFO,GAP_WEEKEND,universe_daily,NSE_EQ|INE105J01010,1d,11,"11 special-session days missing: 2009-10-17, 2010-02-06, 2012-01-07 (+8 more)"
INFO,GAP_WEEKEND,universe_daily,NSE_EQ|INE107A01015,1d,21,"21 special-session days missing: 2003-03-22, 2003-10-25, 2003-11-15 (+18 more)"
INFO,GAP_WEEKEND,universe_daily,NSE_EQ|INE107F01022,1d,9,"9 special-session days missing: 2012-01-07, 2012-03-03, 2012-04-28 (+6 more)"
INFO,GAP_WEEKEND,universe_daily,NSE_EQ|INE108E01023,1d,9,"9 special-session days missing: 2012-01-07, 2012-03-03, 2012-04-28 (+6 more)"
INFO,GAP_WEEKEND,universe_daily,NSE_EQ|INE109A01011,1d,21,"21 special-session days missing: 2003-03-22, 2003-10-25, 2003-11-15 (+18 more)"
INFO,GAP_WEEKEND,universe_daily,NSE_EQ|INE109C01017,1d,1,1 special-session days missing: 2016-10-30
INFO,GAP_WEEKEND,universe_daily,NSE_EQ|INE110A01019,1d,21,"21 special-session days missing: 2003-03-22, 2003-10-25, 2003-11-15 (+18 more)"
INFO,GAP_WEEKEND,universe_daily,NSE_EQ|INE110B01017,1d,1,1 special-session days missing: 2016-10-30
INFO,GAP_WEEKEND,universe_daily,NSE_EQ|INE111A01025,1d,21,"21 special-session days missing: 2003-03-22, 2003-10-25, 2003-11-15 (+18 more)"
INFO,GAP_WEEKEND,universe_daily,NSE_EQ|INE111B01023,1d,11,"11 special-session days missing: 2009-10-17, 2010-02-06, 2012-01-07 (+8 more)"
INFO,GAP_WEEKEND,universe_daily,NSE_EQ|INE111Q01021,1d,2,"2 special-session days missing: 2015-02-28, 2016-10-30"
INFO,GAP_WEEKEND,universe_daily,NSE_EQ|INE112F01022,1d,2,"2 special-session days missing: 2015-02-28, 2016-10-30"
INFO,GAP_WEEKEND,universe_daily,NSE_EQ|INE113A01013,1d,21,"21 special-session days missing: 2003-03-22, 2003-10-25, 2003-11-15 (+18 more)"
INFO,GAP_WEEKEND,universe_daily,NSE_EQ|INE114A01011,1d,21,"21 special-session days missing: 2003-03-22, 2003-10-25, 2003-11-15 (+18 more)"
INFO,GAP_WEEKEND,universe_daily,NSE_EQ|INE115A01026,1d,21,"21 special-session days missing: 2003-03-22, 2003-10-25, 2003-11-15 (+18 more)"
INFO,GAP_WEEKEND,universe_daily,NSE_EQ|INE116A01032,1d,21,"21 special-session days missing: 2003-03-22, 2003-10-25, 2003-11-15 (+18 more)"
INFO,GAP_WEEKEND,universe_daily,NSE_EQ|INE116D01028,1d,20,"20 special-session days missing: 2003-10-25, 2003-11-15, 2004-04-17 (+17 more)"
INFO,GAP_WEEKEND,universe_daily,NSE_EQ|INE117A01022,1d,21,"21 special-session days missing: 2003-03-22, 2003-10-25, 2003-11-15 (+18 more)"
INFO,GAP_WEEKEND,universe_daily,NSE_EQ|INE117Z01029,1d,4,"4 special-session days missing: 2015-02-28, 2016-10-30, 2019-10-27 (+1 more)"
INFO,GAP_WEEKEND,universe_daily,NSE_EQ|INE118A01012,1d,21,"21 special-session days missing: 2003-03-22, 2003-10-25, 2003-11-15 (+18 more)"
INFO,GAP_WEEKEND,universe_daily,NSE_EQ|INE119A01028,1d,21,"21 special-session days missing: 2003-03-22, 2003-10-25, 2003-11-15 (+18 more)"
INFO,GAP_WEEKEND,universe_daily,NSE_EQ|INE120A01034,1d,21,"21 special-session days missing: 2003-03-22, 2003-10-25, 2003-11-15 (+18 more)"
INFO,GAP_WEEKEND,universe_daily,NSE_EQ|INE121A01024,1d,21,"21 special-session days missing: 2003-03-22, 2003-10-25, 2003-11-15 (+18 more)"
INFO,GAP_WEEKEND,universe_daily,NSE_EQ|INE121E01018,1d,10,"10 special-session days missing: 2010-02-06, 2012-01-07, 2012-03-03 (+7 more)"
INFO,GAP_WEEKEND,universe_daily,NSE_EQ|INE121J01017,1d,5,"5 special-session days missing: 2013-05-11, 2013-11-03, 2014-03-22 (+2 more)"
INFO,GAP_WEEKEND,universe_daily,NSE_EQ|INE121N01019,1d,2,"2 special-session days missing: 2016-10-30, 2019-10-27"
INFO,GAP_WEEKEND,universe_daily,NSE_EQ|INE122M01019,1d,9,"9 special-session days missing: 2012-01-07, 2012-03-03, 2012-04-28 (+6 more)"
INFO,GAP_WEEKEND,universe_daily,NSE_EQ|INE123B01028,1d,21,"21 special-session days missing: 2003-03-22, 2003-10-25, 2003-11-15 (+18 more)"
INFO,GAP_WEEKEND,universe_daily,NSE_EQ|INE123C01018,1d,21,"21 special-session days missing: 2003-03-22, 2003-10-25, 2003-11-15 (+18 more)"
INFO,GAP_WEEKEND,universe_daily,NSE_EQ|INE123F01029,1d,10,"10 special-session days missing: 2010-02-06, 2012-01-07, 2012-03-03 (+7 more)"
INFO,GAP_WEEKEND,universe_daily,NSE_EQ|INE124G01033,1d,11,"11 special-session days missing: 2009-10-17, 2010-02-06, 2012-01-07 (+8 more)"
INFO,GAP_WEEKEND,universe_daily,NSE_EQ|INE124Y01028,1d,6,"6 special-session days missing: 2019-10-27, 2020-02-01, 2020-11-14 (+3 more)"
INFO,GAP_WEEKEND,universe_daily,NSE_EQ|INE126A01031,1d,21,"21 special-session days missing: 2003-03-22, 2003-10-25, 2003-11-15 (+18 more)"
INFO,GAP_WEEKEND,universe_daily,NSE_EQ|INE126M01010,1d,9,"9 special-session days missing: 2012-01-07, 2012-03-03, 2012-04-28 (+6 more)"
INFO,GAP_WEEKEND,universe_daily,NSE_EQ|INE127I01024,1d,2,"2 special-session days missing: 2015-02-28, 2016-10-30"
INFO,GAP_WEEKEND,universe_daily,NSE_EQ|INE128A01029,1d,21,"21 special-session days missing: 2003-03-22, 2003-10-25, 2003-11-15 (+18 more)"
INFO,GAP_WEEKEND,universe_daily,NSE_EQ|INE128X01021,1d,5,"5 special-session days missing: 2015-02-28, 2016-10-30, 2019-10-27 (+2 more)"
INFO,GAP_WEEKEND,universe_daily,NSE_EQ|INE129A01019,1d,21,"21 special-session days missing: 2003-03-22, 2003-10-25, 2003-11-15 (+18 more)"
INFO,GAP_WEEKEND,universe_daily,NSE_EQ|INE129Z01016,1d,2,"2 special-session days missing: 2016-10-30, 2024-05-18"
INFO,GAP_WEEKEND,universe_daily,NSE_EQ|INE130B01031,1d,20,"20 special-session days missing: 2003-03-22, 2003-10-25, 2003-11-15 (+17 more)"
INFO,GAP_WEEKEND,universe_daily,NSE_EQ|INE131A01031,1d,21,"21 special-session days missing: 2003-03-22, 2003-10-25, 2003-11-15 (+18 more)"
INFO,GAP_WEEKEND,universe_daily,NSE_EQ|INE131B01039,1d,9,"9 special-session days missing: 2012-01-07, 2012-03-03, 2012-04-28 (+6 more)"
INFO,GAP_WEEKEND,universe_daily,NSE_EQ|INE132H01018,1d,15,"15 special-session days missing: 2005-11-26, 2006-04-29, 2006-06-25 (+12 more)"
INFO,GAP_WEEKEND,universe_daily,NSE_EQ|INE133A01011,1d,21,"21 special-session days missing: 2003-03-22, 2003-10-25, 2003-11-15 (+18 more)"
INFO,GAP_WEEKEND,universe_daily,NSE_EQ|INE133E01013,1d,9,"9 special-session days missing: 2012-01-07, 2012-03-03, 2012-04-28 (+6 more)"
INFO,GAP_WEEKEND,universe_daily,NSE_EQ|INE134B01017,1d,9,"9 special-session days missing: 2012-01-07, 2012-03-03, 2012-04-28 (+6 more)"
INFO,GAP_WEEKEND,universe_daily,NSE_EQ|INE134E01011,1d,11,"11 special-session days missing: 2009-10-17, 2010-02-06, 2012-01-07 (+8 more)"
INFO,GAP_WEEKEND,universe_daily,NSE_EQ|INE136B01020,1d,21,"21 special-session days missing: 2003-03-22, 2003-10-25, 2003-11-15 (+18 more)"
INFO,GAP_WEEKEND,universe_daily,NSE_EQ|INE137I01015,1d,2,"2 special-session days missing: 2015-02-28, 2016-10-30"
INFO,GAP_WEEKEND,universe_daily,NSE_EQ|INE138Y01010,1d,3,"3 special-session days missing: 2019-10-27, 2020-02-01, 2020-11-14"
INFO,GAP_WEEKEND,universe_daily,NSE_EQ|INE139A01034,1d,21,"21 special-session days missing: 2003-03-22, 2003-10-25, 2003-11-15 (+18 more)"
INFO,GAP_WEEKEND,universe_daily,NSE_EQ|INE139I01011,1d,9,"9 special-session days missing: 2012-01-07, 2012-03-03, 2012-04-28 (+6 more)"
INFO,GAP_WEEKEND,universe_daily,NSE_EQ|INE139R01012,1d,4,"4 special-session days missing: 2016-10-30, 2019-10-27, 2020-02-01 (+1 more)"
INFO,GAP_WEEKEND,universe_daily,NSE_EQ|INE141D01018,1d,12,"12 special-session days missing: 2012-01-07, 2012-03-03, 2012-04-28 (+9 more)"
INFO,GAP_WEEKEND,universe_daily,NSE_EQ|INE141K01013,1d,9,"9 special-session days missing: 2012-01-07, 2012-03-03, 2012-04-28 (+6 more)"
INFO,GAP_WEEKEND,universe_daily,NSE_EQ|INE142I01023,1d,11,"11 special-session days missing: 2009-10-17, 2010-02-06, 2012-01-07 (+8 more)"
INFO,GAP_WEEKEND,universe_daily,NSE_EQ|INE142K01011,1d,3,"3 special-session days missing: 2014-03-22, 2015-02-28, 2016-10-30"
INFO,GAP_WEEKEND,universe_daily,NSE_EQ|INE143A01010,1d,9,"9 special-session days missing: 2012-01-07, 2012-03-03, 2012-04-28 (+6 more)"
INFO,GAP_WEEKEND,universe_daily,NSE_EQ|INE144D01012,1d,9,"9 special-session days missing: 2012-01-07, 2012-03-03, 2012-04-28 (+6 more)"
INFO,GAP_WEEKEND,universe_daily,NSE_EQ|INE144J01027,1d,11,"11 special-session days missing: 2009-10-17, 2010-02-06, 2012-01-07 (+8 more)"
INFO,GAP_WEEKEND,universe_daily,NSE_EQ|INE146L01010,1d,9,"9 special-session days missing: 2012-01-07, 2012-03-03, 2012-04-28 (+6 more)"
INFO,GAP_WEEKEND,universe_daily,NSE_EQ|INE147A01011,1d,21,"21 special-session days missing: 2003-03-22, 2003-10-25, 2003-11-15 (+18 more)"
INFO,GAP_WEEKEND,universe_daily,NSE_EQ|INE147P01019,1d,4,"4 special-session days missing: 2014-03-22, 2015-02-28, 2016-10-30 (+1 more)"
INFO,GAP_WEEKEND,universe_daily,NSE_EQ|INE148A01019,1d,21,"21 special-session days missing: 2003-03-22, 2003-10-25, 2003-11-15 (+18 more)"
INFO,GAP_WEEKEND,universe_daily,NSE_EQ|INE148I01020,1d,4,"4 special-session days missing: 2013-11-03, 2014-03-22, 2015-02-28 (+1 more)"
INFO,GAP_WEEKEND,universe_daily,NSE_EQ|INE148O01028,1d,4,"4 special-session days missing: 2016-10-30, 2019-10-27, 2020-02-01 (+1 more)"
INFO,GAP_WEEKEND,universe_daily,NSE_EQ|INE150B01039,1d,11,"11 special-session days missing: 2009-10-17, 2010-02-06, 2012-01-07 (+8 more)"
INFO,GAP_WEEKEND,universe_daily,NSE_EQ|INE150G01020,1d,1,1 special-session days missing: 2016-10-30
INFO,GAP_WEEKEND,universe_daily,NSE_EQ|INE151A01013,1d,21,"21 special-session days missing: 2003-03-22, 2003-10-25, 2003-11-15 (+18 more)"
INFO,GAP_WEEKEND,universe_daily,NSE_EQ|INE152A01029,1d,21,"21 special-session days missing: 2003-03-22, 2003-10-25, 2003-11-15 (+18 more)"
INFO,GAP_WEEKEND,universe_daily,NSE_EQ|INE152M01016,1d,9,"9 special-session days missing: 2012-01-07, 2012-03-03, 2012-04-28 (+6 more)"
INFO,GAP_WEEKEND,universe_daily,NSE_EQ|INE153A01019,1d,21,"21 special-session days missing: 2003-03-22, 2003-10-25, 2003-11-15 (+18 more)"
INFO,GAP_WEEKEND,universe_daily,NSE_EQ|INE153T01027,1d,1,1 special-session days missing: 2016-10-30
INFO,GAP_WEEKEND,universe_daily,NSE_EQ|INE154A01025,1d,21,"21 special-session days missing: 2003-03-22, 2003-10-25, 2003-11-15 (+18 more)"
INFO,GAP_WEEKEND,universe_daily,NSE_EQ|INE155A01022,1d,21,"21 special-session days missing: 2003-03-22, 2003-10-25, 2003-11-15 (+18 more)"
INFO,GAP_WEEKEND,universe_daily,NSE_EQ|INE155C01010,1d,1,1 special-session days missing: 2016-10-30
INFO,GAP_WEEKEND,universe_daily,NSE_EQ|INE155G01029,1d,17,"17 special-session days missing: 2004-10-09, 2005-06-04, 2005-11-26 (+14 more)"
INFO,GAP_WEEKEND,universe_daily,NSE_EQ|INE155Z01011,1d,2,"2 special-session days missing: 2019-10-27, 2020-02-01"
INFO,GAP_WEEKEND,universe_daily,NSE_EQ|INE156A01020,1d,21,"21 special-session days missing: 2003-03-22, 2003-10-25, 2003-11-15 (+18 more)"
INFO,GAP_WEEKEND,universe_daily,NSE_EQ|INE156C01018,1d,13,"13 special-session days missing: 2006-06-25, 2006-10-21, 2009-10-17 (+10 more)"
INFO,GAP_WEEKEND,universe_daily,NSE_EQ|INE157H01023,1d,11,"11 special-session days missing: 2009-10-17, 2010-02-06, 2012-01-07 (+8 more)"
INFO,GAP_WEEKEND,universe_daily,NSE_EQ|INE158A01026,1d,21,"21 special-session days missing: 2003-03-22, 2003-10-25, 2003-11-15 (+18 more)"
INFO,GAP_WEEKEND,universe_daily,NSE_EQ|INE158B01016,1d,10,"10 special-session days missing: 2010-02-06, 2012-01-07, 2012-03-03 (+7 more)"
INFO,GAP_WEEKEND,universe_daily,NSE_EQ|INE159A01016,1d,21,"21 special-session days missing: 2003-03-22, 2003-10-25, 2003-11-15 (+18 more)"
INFO,GAP_WEEKEND,universe_daily,NSE_EQ|INE160A01022,1d,21,"21 special-session days missing: 2003-03-22, 2003-10-25, 2003-11-15 (+18 more)"
INFO,GAP_WEEKEND,universe_daily,NSE_EQ|INE161A01038,1d,21,"21 special-session days missing: 2003-03-22, 2003-10-25, 2003-11-15 (+18 more)"
INFO,GAP_WEEKEND,universe_daily,NSE_EQ|INE162A01010,1d,21,"21 special-session days missing: 2003-03-22, 2003-10-25, 2003-11-15 (+18 more)"
INFO,GAP_WEEKEND,universe_daily,NSE_EQ|INE162B01018,1d,21,"21 special-session days missing: 2003-03-22, 2003-10-25, 2003-11-15 (+18 more)"
INFO,GAP_WEEKEND,universe_daily,NSE_EQ|INE162C01024,1d,4,"4 special-session days missing: 2015-02-28, 2019-10-27, 2020-02-01 (+1 more)"
INFO,GAP_WEEKEND,universe_daily,NSE_EQ|INE163A01018,1d,21,"21 special-session days missing: 2003-03-22, 2003-10-25, 2003-11-15 (+18 more)"
INFO,GAP_WEEKEND,universe_daily,NSE_EQ|INE164A01016,1d,21,"21 special-session days missing: 2003-03-22, 2003-10-25, 2003-11-15 (+18 more)"
INFO,GAP_WEEKEND,universe_daily,NSE_EQ|INE164B01030,1d,1,1 special-session days missing: 2016-10-30
INFO,GAP_WEEKEND,universe_daily,NSE_EQ|INE165B01029,1d,21,"21 special-session days missing: 2003-03-22, 2003-10-25, 2003-11-15 (+18 more)"
INFO,GAP_WEEKEND,universe_daily,NSE_EQ|INE168A01041,1d,21,"21 special-session days missing: 2003-03-22, 2003-10-25, 2003-11-15 (+18 more)"
INFO,GAP_WEEKEND,universe_daily,NSE_EQ|INE169A01031,1d,21,"21 special-session days missing: 2003-03-22, 2003-10-25, 2003-11-15 (+18 more)"
INFO,GAP_WEEKEND,universe_daily,NSE_EQ|INE170I01016,1d,11,"11 special-session days missing: 2009-10-17, 2010-02-06, 2012-01-07 (+8 more)"
INFO,GAP_WEEKEND,universe_daily,NSE_EQ|INE172A01027,1d,11,"11 special-session days missing: 2009-10-17, 2010-02-06, 2012-01-07 (+8 more)"
INFO,GAP_WEEKEND,universe_daily,NSE_EQ|INE172N01012,1d,1,1 special-session days missing: 2016-10-30
INFO,GAP_WEEKEND,universe_daily,NSE_EQ|INE173A01025,1d,9,"9 special-session days missing: 2012-01-07, 2012-03-03, 2012-04-28 (+6 more)"
INFO,GAP_WEEKEND,universe_daily,NSE_EQ|INE175A01038,1d,21,"21 special-session days missing: 2003-03-22, 2003-10-25, 2003-11-15 (+18 more)"
INFO,GAP_WEEKEND,universe_daily,NSE_EQ|INE176A01028,1d,21,"21 special-session days missing: 2003-03-22, 2003-10-25, 2003-11-15 (+18 more)"
INFO,GAP_WEEKEND,universe_daily,NSE_EQ|INE176B01034,1d,21,"21 special-session days missing: 2003-03-22, 2003-10-25, 2003-11-15 (+18 more)"
INFO,GAP_WEEKEND,universe_daily,NSE_EQ|INE177A01018,1d,21,"21 special-session days missing: 2003-03-22, 2003-10-25, 2003-11-15 (+18 more)"
INFO,GAP_WEEKEND,universe_daily,NSE_EQ|INE177H01039,1d,14,"14 special-session days missing: 2006-04-29, 2006-06-25, 2006-10-21 (+11 more)"
INFO,GAP_WEEKEND,universe_daily,NSE_EQ|INE178A01016,1d,21,"21 special-session days missing: 2003-03-22, 2003-10-25, 2003-11-15 (+18 more)"
INFO,GAP_WEEKEND,universe_daily,NSE_EQ|INE179A01014,1d,21,"21 special-session days missing: 2003-03-22, 2003-10-25, 2003-11-15 (+18 more)"
INFO,GAP_WEEKEND,universe_daily,NSE_EQ|INE180A01020,1d,21,"21 special-session days missing: 2003-03-22, 2003-10-25, 2003-11-15 (+18 more)"
INFO,GAP_WEEKEND,universe_daily,NSE_EQ|INE180C01042,1d,9,"9 special-session days missing: 2012-01-07, 2012-03-03, 2012-04-28 (+6 more)"
INFO,GAP_WEEKEND,universe_daily,NSE_EQ|INE182A01018,1d,21,"21 special-session days missing: 2003-03-22, 2003-10-25, 2003-11-15 (+18 more)"
INFO,GAP_WEEKEND,universe_daily,NSE_EQ|INE182D01020,1d,1,1 special-session days missing: 2016-10-30
INFO,GAP_WEEKEND,universe_daily,NSE_EQ|INE183A01024,1d,21,"21 special-session days missing: 2003-03-22, 2003-10-25, 2003-11-15 (+18 more)"
INFO,GAP_WEEKEND,universe_daily,NSE_EQ|INE184H01027,1d,14,"14 special-session days missing: 2006-04-29, 2006-06-25, 2006-10-21 (+11 more)"
INFO,GAP_WEEKEND,universe_daily,NSE_EQ|INE185H01016,1d,14,"14 special-session days missing: 2006-04-29, 2006-06-25, 2006-10-21 (+11 more)"
INFO,GAP_WEEKEND,universe_daily,NSE_EQ|INE186A01019,1d,21,"21 special-session days missing: 2003-03-22, 2003-10-25, 2003-11-15 (+18 more)"
INFO,GAP_WEEKEND,universe_daily,NSE_EQ|INE187D01029,1d,12,"12 special-session days missing: 2006-10-21, 2009-10-17, 2010-02-06 (+9 more)"
INFO,GAP_WEEKEND,universe_daily,NSE_EQ|INE188A01015,1d,21,"21 special-session days missing: 2003-03-22, 2003-10-25, 2003-11-15 (+18 more)"
INFO,GAP_WEEKEND,universe_daily,NSE_EQ|INE188B01013,1d,21,"21 special-session days missing: 2003-03-22, 2003-10-25, 2003-11-15 (+18 more)"
INFO,GAP_WEEKEND,universe_daily,NSE_EQ|INE189B01011,1d,21,"21 special-session days missing: 2003-03-22, 2003-10-25, 2003-11-15 (+18 more)"
INFO,GAP_WEEKEND,universe_daily,NSE_EQ|INE189I01024,1d,11,"11 special-session days missing: 2009-10-17, 2010-02-06, 2012-01-07 (+8 more)"
INFO,GAP_WEEKEND,universe_daily,NSE_EQ|INE190H01024,1d,14,"14 special-session days missing: 2006-04-29, 2006-06-25, 2006-10-21 (+11 more)"
INFO,GAP_WEEKEND,universe_daily,NSE_EQ|INE191B01025,1d,18,"18 special-session days missing: 2004-04-17, 2004-10-09, 2005-06-04 (+15 more)"
INFO,GAP_WEEKEND,universe_daily,NSE_EQ|INE191H01014,1d,14,"14 special-session days missing: 2006-04-29, 2006-06-25, 2006-10-21 (+11 more)"
INFO,GAP_WEEKEND,universe_daily,NSE_EQ|INE192A01025,1d,21,"21 special-session days missing: 2003-03-22, 2003-10-25, 2003-11-15 (+18 more)"
INFO,GAP_WEEKEND,universe_daily,NSE_EQ|INE192B01031,1d,21,"21 special-session days missing: 2003-03-22, 2003-10-25, 2003-11-15 (+18 more)"
INFO,GAP_WEEKEND,universe_daily,NSE_EQ|INE193B01039,1d,1,1 special-session days missing: 2016-10-30
INFO,GAP_WEEKEND,universe_daily,NSE_EQ|INE193E01025,1d,11,"11 special-session days missing: 2009-10-17, 2010-02-06, 2012-01-07 (+8 more)"
INFO,GAP_WEEKEND,universe_daily,NSE_EQ|INE195A01028,1d,21,"21 special-session days missing: 2003-03-22, 2003-10-25, 2003-11-15 (+18 more)"
INFO,GAP_WEEKEND,universe_daily,NSE_EQ|INE195J01029,1d,1,1 special-session days missing: 2016-10-30
INFO,GAP_WEEKEND,universe_daily,NSE_EQ|INE195N01013,1d,5,"5 special-session days missing: 2013-05-11, 2013-11-03, 2014-03-22 (+2 more)"
INFO,GAP_WEEKEND,universe_daily,NSE_EQ|INE196A01026,1d,21,"21 special-session days missing: 2003-03-22, 2003-10-25, 2003-11-15 (+18 more)"
INFO,GAP_WEEKEND,universe_daily,NSE_EQ|INE196Y01018,1d,1,1 special-session days missing: 2019-10-27
INFO,GAP_WEEKEND,universe_daily,NSE_EQ|INE197A01024,1d,23,"23 special-session days missing: 2003-03-22, 2003-10-25, 2003-11-15 (+20 more)"
INFO,GAP_WEEKEND,universe_daily,NSE_EQ|INE197D01010,1d,21,"21 special-session days missing: 2003-03-22, 2003-10-25, 2003-11-15 (+18 more)"
INFO,GAP_WEEKEND,universe_daily,NSE_EQ|INE197J01017,1d,11,"11 special-session days missing: 2009-10-17, 2010-02-06, 2012-01-07 (+8 more)"
INFO,GAP_WEEKEND,universe_daily,NSE_EQ|INE199A01012,1d,21,"21 special-session days missing: 2003-03-22, 2003-10-25, 2003-11-15 (+18 more)"
INFO,GAP_WEEKEND,universe_daily,NSE_EQ|INE199C01026,1d,11,"11 special-session days missing: 2009-10-17, 2010-02-06, 2012-01-07 (+8 more)"
INFO,GAP_WEEKEND,universe_daily,NSE_EQ|INE199G01027,1d,14,"14 special-session days missing: 2006-04-29, 2006-06-25, 2006-10-21 (+11 more)"
INFO,GAP_WEEKEND,universe_daily,NSE_EQ|INE200A01026,1d,11,"11 special-session days missing: 2009-10-17, 2010-02-06, 2012-01-07 (+8 more)"
INFO,GAP_WEEKEND,universe_daily,NSE_EQ|INE201A01024,1d,21,"21 special-session days missing: 2003-03-22, 2003-10-25, 2003-11-15 (+18 more)"
INFO,GAP_WEEKEND,universe_daily,NSE_EQ|INE201K01015,1d,10,"10 special-session days missing: 2010-02-06, 2012-01-07, 2012-03-03 (+7 more)"
INFO,GAP_WEEKEND,universe_daily,NSE_EQ|INE202H01019,1d,9,"9 special-session days missing: 2012-01-07, 2012-03-03, 2012-04-28 (+6 more)"
INFO,GAP_WEEKEND,universe_daily,NSE_EQ|INE203A01020,1d,21,"21 special-session days missing: 2003-03-22, 2003-10-25, 2003-11-15 (+18 more)"
INFO,GAP_WEEKEND,universe_daily,NSE_EQ|INE203G01027,1d,18,"18 special-session days missing: 2004-04-17, 2004-10-09, 2005-06-04 (+15 more)"
INFO,GAP_WEEKEND,universe_daily,NSE_EQ|INE203Y01012,1d,5,"5 special-session days missing: 2015-02-28, 2016-10-30, 2019-10-27 (+2 more)"
INFO,GAP_WEEKEND,universe_daily,NSE_EQ|INE204A01010,1d,11,"11 special-session days missing: 2009-10-17, 2010-02-06, 2012-01-07 (+8 more)"
INFO,GAP_WEEKEND,universe_daily,NSE_EQ|INE204E01012,1d,2,"2 special-session days missing: 2015-02-28, 2016-10-30"
INFO,GAP_WEEKEND,universe_daily,NSE_EQ|INE205A01025,1d,21,"21 special-session days missing: 2003-03-22, 2003-10-25, 2003-11-15 (+18 more)"
INFO,GAP_WEEKEND,universe_daily,NSE_EQ|INE205B01031,1d,12,"12 special-session days missing: 2006-10-21, 2009-10-17, 2010-02-06 (+9 more)"
INFO,GAP_WEEKEND,universe_daily,NSE_EQ|INE205C01021,1d,9,"9 special-session days missing: 2012-01-07, 2012-03-03, 2012-04-28 (+6 more)"
INFO,GAP_WEEKEND,universe_daily,NSE_EQ|INE206B01013,1d,21,"21 special-session days missing: 2003-03-22, 2003-10-25, 2003-11-15 (+18 more)"
INFO,GAP_WEEKEND,universe_daily,NSE_EQ|INE208A01029,1d,21,"21 special-session days missing: 2003-03-22, 2003-10-25, 2003-11-15 (+18 more)"
INFO,GAP_WEEKEND,universe_daily,NSE_EQ|INE208C01025,1d,21,"21 special-session days missing: 2003-03-22, 2003-10-25, 2003-11-15 (+18 more)"
INFO,GAP_WEEKEND,universe_daily,NSE_EQ|INE209A01019,1d,21,"21 special-session days missing: 2003-03-22, 2003-10-25, 2003-11-15 (+18 more)"
INFO,GAP_WEEKEND,universe_daily,NSE_EQ|INE209B01025,1d,21,"21 special-session days missing: 2003-03-22, 2003-10-25, 2003-11-15 (+18 more)"
INFO,GAP_WEEKEND,universe_daily,NSE_EQ|INE209L01016,1d,9,"9 special-session days missing: 2012-01-07, 2012-03-03, 2012-04-28 (+6 more)"
INFO,GAP_WEEKEND,universe_daily,NSE_EQ|INE210A01017,1d,20,"20 special-session days missing: 2003-03-22, 2003-10-25, 2003-11-15 (+17 more)"
INFO,GAP_WEEKEND,universe_daily,NSE_EQ|INE210C01013,1d,11,"11 special-session days missing: 2009-10-17, 2010-02-06, 2012-01-07 (+8 more)"
INFO,GAP_WEEKEND,universe_daily,NSE_EQ|INE211B01039,1d,11,"11 special-session days missing: 2009-10-17, 2010-02-06, 2012-01-07 (+8 more)"
INFO,GAP_WEEKEND,universe_daily,NSE_EQ|INE211R01019,1d,1,1 special-session days missing: 2016-10-30
INFO,GAP_WEEKEND,universe_daily,NSE_EQ|INE212H01026,1d,14,"14 special-session days missing: 2006-04-29, 2006-06-25, 2006-10-21 (+11 more)"
INFO,GAP_WEEKEND,universe_daily,NSE_EQ|INE212I01016,1d,1,1 special-session days missing: 2016-10-30
INFO,GAP_WEEKEND,universe_daily,NSE_EQ|INE213A01029,1d,21,"21 special-session days missing: 2003-03-22, 2003-10-25, 2003-11-15 (+18 more)"
INFO,GAP_WEEKEND,universe_daily,NSE_EQ|INE213C01025,1d,11,"11 special-session days missing: 2009-10-17, 2010-02-06, 2012-01-07 (+8 more)"
INFO,GAP_WEEKEND,universe_daily,NSE_EQ|INE214T01019,1d,1,1 special-session days missing: 2016-10-30
INFO,GAP_WEEKEND,universe_daily,NSE_EQ|INE215D01010,1d,4,"4 special-session days missing: 2015-02-28, 2016-10-30, 2019-10-27 (+1 more)"
INFO,GAP_WEEKEND,universe_daily,NSE_EQ|INE215F01023,1d,3,"3 special-session days missing: 2019-10-27, 2020-11-14, 2024-03-02"
INFO,GAP_WEEKEND,universe_daily,NSE_EQ|INE215I01027,1d,11,"11 special-session days missing: 2009-10-17, 2010-02-06, 2012-01-07 (+8 more)"
INFO,GAP_WEEKEND,universe_daily,NSE_EQ|INE216A01030,1d,21,"21 special-session days missing: 2003-03-22, 2003-10-25, 2003-11-15 (+18 more)"
INFO,GAP_WEEKEND,universe_daily,NSE_EQ|INE217A01012,1d,21,"21 special-session days missing: 2003-03-22, 2003-10-25, 2003-11-15 (+18 more)"
INFO,GAP_WEEKEND,universe_daily,NSE_EQ|INE217B01036,1d,21,"21 special-session days missing: 2003-03-22, 2003-10-25, 2003-11-15 (+18 more)"
INFO,GAP_WEEKEND,universe_daily,NSE_EQ|INE218C01016,1d,21,"21 special-session days missing: 2003-03-22, 2003-10-25, 2003-11-15 (+18 more)"
INFO,GAP_WEEKEND,universe_daily,NSE_EQ|INE220B01022,1d,21,"21 special-session days missing: 2003-03-22, 2003-10-25, 2003-11-15 (+18 more)"
INFO,GAP_WEEKEND,universe_daily,NSE_EQ|INE220G01021,1d,18,"18 special-session days missing: 2004-04-17, 2004-10-09, 2005-06-04 (+15 more)"
INFO,GAP_WEEKEND,universe_daily,NSE_EQ|INE221B01012,1d,12,"12 special-session days missing: 2006-10-21, 2009-10-17, 2010-02-06 (+9 more)"
INFO,GAP_WEEKEND,universe_daily,NSE_EQ|INE221H01019,1d,11,"11 special-session days missing: 2009-10-17, 2010-02-06, 2012-01-07 (+8 more)"
INFO,GAP_WEEKEND,universe_daily,NSE_EQ|INE221J01015,1d,2,"2 special-session days missing: 2015-02-28, 2016-10-30"
INFO,GAP_WEEKEND,universe_daily,NSE_EQ|INE224A01026,1d,17,"17 special-session days missing: 2004-10-09, 2005-06-04, 2005-11-26 (+14 more)"
INFO,GAP_WEEKEND,universe_daily,NSE_EQ|INE225D01027,1d,9,"9 special-session days missing: 2012-01-07, 2012-03-03, 2012-04-28 (+6 more)"
INFO,GAP_WEEKEND,universe_daily,NSE_EQ|INE226A01021,1d,21,"21 special-session days missing: 2003-03-22, 2003-10-25, 2003-11-15 (+18 more)"
INFO,GAP_WEEKEND,universe_daily,NSE_EQ|INE226H01026,1d,14,"14 special-session days missing: 2006-04-29, 2006-06-25, 2006-10-21 (+11 more)"
INFO,GAP_WEEKEND,universe_daily,NSE_EQ|INE227C01017,1d,21,"21 special-session days missing: 2003-03-22, 2003-10-25, 2003-11-15 (+18 more)"
INFO,GAP_WEEKEND,universe_daily,NSE_EQ|INE227G01018,1d,2,"2 special-session days missing: 2015-02-28, 2016-10-30"
INFO,GAP_WEEKEND,universe_daily,NSE_EQ|INE228A01035,1d,21,"21 special-session days missing: 2003-03-22, 2003-10-25, 2003-11-15 (+18 more)"
INFO,GAP_WEEKEND,universe_daily,NSE_EQ|INE229A01017,1d,9,"9 special-session days missing: 2012-01-07, 2012-03-03, 2012-04-28 (+6 more)"
INFO,GAP_WEEKEND,universe_daily,NSE_EQ|INE229C01021,1d,21,"21 special-session days missing: 2003-03-22, 2003-10-25, 2003-11-15 (+18 more)"
INFO,GAP_WEEKEND,universe_daily,NSE_EQ|INE229H01012,1d,14,"14 special-session days missing: 2006-04-29, 2006-06-25, 2006-10-21 (+11 more)"
INFO,GAP_WEEKEND,universe_daily,NSE_EQ|INE230A01023,1d,21,"21 special-session days missing: 2003-03-22, 2003-10-25, 2003-11-15 (+18 more)"
INFO,GAP_WEEKEND,universe_daily,NSE_EQ|INE230B01021,1d,24,"24 special-session days missing: 2003-03-22, 2003-10-25, 2003-11-15 (+21 more)"
INFO,GAP_WEEKEND,universe_daily,NSE_EQ|INE231C01019,1d,21,"21 special-session days missing: 2003-03-22, 2003-10-25, 2003-11-15 (+18 more)"
INFO,GAP_WEEKEND,universe_daily,NSE_EQ|INE231F01020,1d,15,"15 special-session days missing: 2005-11-26, 2006-04-29, 2006-06-25 (+12 more)"
INFO,GAP_WEEKEND,universe_daily,NSE_EQ|INE232I01014,1d,11,"11 special-session days missing: 2009-10-17, 2010-02-06, 2012-01-07 (+8 more)"
INFO,GAP_WEEKEND,universe_daily,NSE_EQ|INE233A01035,1d,21,"21 special-session days missing: 2003-03-22, 2003-10-25, 2003-11-15 (+18 more)"
INFO,GAP_WEEKEND,universe_daily,NSE_EQ|INE233B01017,1d,21,"21 special-session days missing: 2003-03-22, 2003-10-25, 2003-11-15 (+18 more)"
INFO,GAP_WEEKEND,universe_daily,NSE_EQ|INE235A01022,1d,21,"21 special-session days missing: 2003-03-22, 2003-10-25, 2003-11-15 (+18 more)"
INFO,GAP_WEEKEND,universe_daily,NSE_EQ|INE236A01020,1d,21,"21 special-session days missing: 2003-03-22, 2003-10-25, 2003-11-15 (+18 more)"
INFO,GAP_WEEKEND,universe_daily,NSE_EQ|INE236G01019,1d,18,"18 special-session days missing: 2004-04-17, 2004-10-09, 2005-06-04 (+15 more)"
INFO,GAP_WEEKEND,universe_daily,NSE_EQ|INE237A01036,1d,21,"21 special-session days missing: 2003-03-22, 2003-10-25, 2003-11-15 (+18 more)"
INFO,GAP_WEEKEND,universe_daily,NSE_EQ|INE238A01034,1d,21,"21 special-session days missing: 2003-03-22, 2003-10-25, 2003-11-15 (+18 more)"
INFO,GAP_WEEKEND,universe_daily,NSE_EQ|INE239A01024,1d,10,"10 special-session days missing: 2010-02-06, 2012-01-07, 2012-03-03 (+7 more)"
INFO,GAP_WEEKEND,universe_daily,NSE_EQ|INE239D01028,1d,9,"9 special-session days missing: 2012-01-07, 2012-03-03, 2012-04-28 (+6 more)"
INFO,GAP_WEEKEND,universe_daily,NSE_EQ|INE240C01028,1d,21,"21 special-session days missing: 2003-03-22, 2003-10-25, 2003-11-15 (+18 more)"
INFO,GAP_WEEKEND,universe_daily,NSE_EQ|INE242A01010,1d,21,"21 special-session days missing: 2003-03-22, 2003-10-25, 2003-11-15 (+18 more)"
INFO,GAP_WEEKEND,universe_daily,NSE_EQ|INE242C01024,1d,12,"12 special-session days missing: 2006-10-21, 2009-10-17, 2010-02-06 (+9 more)"
INFO,GAP_WEEKEND,universe_daily,NSE_EQ|INE243D01012,1d,11,"11 special-session days missing: 2009-10-17, 2010-02-06, 2012-01-07 (+8 more)"
INFO,GAP_WEEKEND,universe_daily,NSE_EQ|INE244A01016,1d,21,"21 special-session days missing: 2003-03-22, 2003-10-25, 2003-11-15 (+18 more)"
INFO,GAP_WEEKEND,universe_daily,NSE_EQ|INE244B01030,1d,16,"16 special-session days missing: 2005-06-04, 2005-11-26, 2006-04-29 (+13 more)"
INFO,GAP_WEEKEND,universe_daily,NSE_EQ|INE245A01021,1d,21,"21 special-session days missing: 2003-03-22, 2003-10-25, 2003-11-15 (+18 more)"
INFO,GAP_WEEKEND,universe_daily,NSE_EQ|INE245I01016,1d,13,"13 special-session days missing: 2009-10-17, 2010-02-06, 2012-01-07 (+10 more)"
INFO,GAP_WEEKEND,universe_daily,NSE_EQ|INE246B01019,1d,21,"21 special-session days missing: 2003-03-22, 2003-10-25, 2003-11-15 (+18 more)"
INFO,GAP_WEEKEND,universe_daily,NSE_EQ|INE247D01039,1d,9,"9 special-session days missing: 2012-01-07, 2012-03-03, 2012-04-28 (+6 more)"
INFO,GAP_WEEKEND,universe_daily,NSE_EQ|INE248A01017,1d,21,"21 special-session days missing: 2003-03-22, 2003-10-25, 2003-11-15 (+18 more)"
INFO,GAP_WEEKEND,universe_daily,NSE_EQ|INE249Z01020,1d,2,"2 special-session days missing: 2019-10-27, 2020-02-01"
INFO,GAP_WEEKEND,universe_daily,NSE_EQ|INE250A01039,1d,21,"21 special-session days missing: 2003-03-22, 2003-10-25, 2003-11-15 (+18 more)"
INFO,GAP_WEEKEND,universe_daily,NSE_EQ|INE250B01029,1d,21,"21 special-session days missing: 2003-03-22, 2003-10-25, 2003-11-15 (+18 more)"
INFO,GAP_WEEKEND,universe_daily,NSE_EQ|INE250K01012,1d,10,"10 special-session days missing: 2010-02-06, 2012-01-07, 2012-03-03 (+7 more)"
INFO,GAP_WEEKEND,universe_daily,NSE_EQ|INE251B01027,1d,1,1 special-session days missing: 2016-10-30
INFO,GAP_WEEKEND,universe_daily,NSE_EQ|INE255A01020,1d,21,"21 special-session days missing: 2003-03-22, 2003-10-25, 2003-11-15 (+18 more)"
INFO,GAP_WEEKEND,universe_daily,NSE_EQ|INE255D01024,1d,2,"2 special-session days missing: 2015-02-28, 2016-10-30"
INFO,GAP_WEEKEND,universe_daily,NSE_EQ|INE256A01028,1d,21,"21 special-session days missing: 2003-03-22, 2003-10-25, 2003-11-15 (+18 more)"
INFO,GAP_WEEKEND,universe_daily,NSE_EQ|INE256C01024,1d,21,"21 special-session days missing: 2003-03-22, 2003-10-25, 2003-11-15 (+18 more)"
INFO,GAP_WEEKEND,universe_daily,NSE_EQ|INE257A01026,1d,21,"21 special-session days missing: 2003-03-22, 2003-10-25, 2003-11-15 (+18 more)"
INFO,GAP_WEEKEND,universe_daily,NSE_EQ|INE258A01024,1d,21,"21 special-session days missing: 2003-03-22, 2003-10-25, 2003-11-15 (+18 more)"
INFO,GAP_WEEKEND,universe_daily,NSE_EQ|INE258B01022,1d,21,"21 special-session days missing: 2003-03-22, 2003-10-25, 2003-11-15 (+18 more)"
INFO,GAP_WEEKEND,universe_daily,NSE_EQ|INE258Y01016,1d,1,1 special-session days missing: 2020-11-14
INFO,GAP_WEEKEND,universe_daily,NSE_EQ|INE259A01022,1d,21,"21 special-session days missing: 2003-03-22, 2003-10-25, 2003-11-15 (+18 more)"
INFO,GAP_WEEKEND,universe_daily,NSE_EQ|INE260B01028,1d,21,"21 special-session days missing: 2003-03-22, 2003-10-25, 2003-11-15 (+18 more)"
INFO,GAP_WEEKEND,universe_daily,NSE_EQ|INE260D01016,1d,9,"9 special-session days missing: 2012-01-07, 2012-03-03, 2012-04-28 (+6 more)"
INFO,GAP_WEEKEND,universe_daily,NSE_EQ|INE262H01021,1d,9,"9 special-session days missing: 2012-01-07, 2012-03-03, 2012-04-28 (+6 more)"
INFO,GAP_WEEKEND,universe_daily,NSE_EQ|INE262Z01023,1d,3,"3 special-session days missing: 2019-10-27, 2020-02-01, 2020-11-14"
INFO,GAP_WEEKEND,universe_daily,NSE_EQ|INE263A01024,1d,21,"21 special-session days missing: 2003-03-22, 2003-10-25, 2003-11-15 (+18 more)"
INFO,GAP_WEEKEND,universe_daily,NSE_EQ|INE265F01028,1d,14,"14 special-session days missing: 2006-04-29, 2006-06-25, 2006-10-21 (+11 more)"
INFO,GAP_WEEKEND,universe_daily,NSE_EQ|INE266Y01019,1d,2,"2 special-session days missing: 2019-10-27, 2020-02-01"
INFO,GAP_WEEKEND,universe_daily,NSE_EQ|INE267A01025,1d,9,"9 special-session days missing: 2003-10-25, 2003-11-15, 2004-04-17 (+6 more)"
INFO,GAP_WEEKEND,universe_daily,NSE_EQ|INE268B01013,1d,1,1 special-session days missing: 2016-10-30
INFO,GAP_WEEKEND,universe_daily,NSE_EQ|INE269A01021,1d,21,"21 special-session days missing: 2003-03-22, 2003-10-25, 2003-11-15 (+18 more)"
INFO,GAP_WEEKEND,universe_daily,NSE_EQ|INE269B01029,1d,21,"21 special-session days missing: 2003-03-22, 2003-10-25, 2003-11-15 (+18 more)"
INFO,GAP_WEEKEND,universe_daily,NSE_EQ|INE270I01022,1d,1,1 special-session days missing: 2016-10-30
INFO,GAP_WEEKEND,universe_daily,NSE_EQ|INE271B01025,1d,21,"21 special-session days missing: 2003-03-22, 2003-10-25, 2003-11-15 (+18 more)"
INFO,GAP_WEEKEND,universe_daily,NSE_EQ|INE271C01023,1d,11,"11 special-session days missing: 2009-10-17, 2010-02-06, 2012-01-07 (+8 more)"
INFO,GAP_WEEKEND,universe_daily,NSE_EQ|INE272L01022,1d,9,"9 special-session days missing: 2012-01-07, 2012-03-03, 2012-04-28 (+6 more)"
INFO,GAP_WEEKEND,universe_daily,NSE_EQ|INE273D01027,1d,11,"11 special-session days missing: 2009-10-17, 2010-02-06, 2012-01-07 (+8 more)"
INFO,GAP_WEEKEND,universe_daily,NSE_EQ|INE274C01019,1d,21,"21 special-session days missing: 2003-03-22, 2003-10-25, 2003-11-15 (+18 more)"
INFO,GAP_WEEKEND,universe_daily,NSE_EQ|INE274J01014,1d,11,"11 special-session days missing: 2009-10-17, 2010-02-06, 2012-01-07 (+8 more)"
INFO,GAP_WEEKEND,universe_daily,NSE_EQ|INE275B01026,1d,21,"21 special-session days missing: 2003-03-22, 2003-10-25, 2003-11-15 (+18 more)"
INFO,GAP_WEEKEND,universe_daily,NSE_EQ|INE276A01018,1d,11,"11 special-session days missing: 2009-10-17, 2010-02-06, 2012-01-07 (+8 more)"
INFO,GAP_WEEKEND,universe_daily,NSE_EQ|INE276C01014,1d,10,"10 special-session days missing: 2009-10-17, 2010-02-06, 2012-01-07 (+7 more)"
INFO,GAP_WEEKEND,universe_daily,NSE_EQ|INE276G01015,1d,3,"3 special-session days missing: 2019-10-27, 2020-02-01, 2020-11-14"
INFO,GAP_WEEKEND,universe_daily,NSE_EQ|INE277A01016,1d,21,"21 special-session days missing: 2003-03-22, 2003-10-25, 2003-11-15 (+18 more)"
INFO,GAP_WEEKEND,universe_daily,NSE_EQ|INE277B01014,1d,21,"21 special-session days missing: 2003-03-22, 2003-10-25, 2003-11-15 (+18 more)"
INFO,GAP_WEEKEND,universe_daily,NSE_EQ|INE277C01012,1d,14,"14 special-session days missing: 2012-01-07, 2012-03-03, 2012-04-28 (+11 more)"
INFO,GAP_WEEKEND,universe_daily,NSE_EQ|INE278B01020,1d,21,"21 special-session days missing: 2003-03-22, 2003-10-25, 2003-11-15 (+18 more)"
INFO,GAP_WEEKEND,universe_daily,NSE_EQ|INE278G01037,1d,11,"11 special-session days missing: 2012-01-07, 2012-03-03, 2012-04-28 (+8 more)"
INFO,GAP_WEEKEND,universe_daily,NSE_EQ|INE278M01019,1d,1,1 special-session days missing: 2016-10-30
INFO,GAP_WEEKEND,universe_daily,NSE_EQ|INE279A01012,1d,21,"21 special-session days missing: 2003-03-22, 2003-10-25, 2003-11-15 (+18 more)"
INFO,GAP_WEEKEND,universe_daily,NSE_EQ|INE280A01028,1d,21,"21 special-session days missing: 2003-03-22, 2003-10-25, 2003-11-15 (+18 more)"
INFO,GAP_WEEKEND,universe_daily,NSE_EQ|INE281A01026,1d,9,"9 special-session days missing: 2012-01-07, 2012-03-03, 2012-04-28 (+6 more)"
INFO,GAP_WEEKEND,universe_daily,NSE_EQ|INE283A01014,1d,9,"9 special-session days missing: 2012-01-07, 2012-03-03, 2012-04-28 (+6 more)"
INFO,GAP_WEEKEND,universe_daily,NSE_EQ|INE283H01019,1d,14,"14 special-session days missing: 2006-04-29, 2006-06-25, 2006-10-21 (+11 more)"
INFO,GAP_WEEKEND,universe_daily,NSE_EQ|INE284A01012,1d,20,"20 special-session days missing: 2003-03-22, 2003-10-25, 2003-11-15 (+17 more)"
INFO,GAP_WEEKEND,universe_daily,NSE_EQ|INE285A01027,1d,21,"21 special-session days missing: 2003-03-22, 2003-10-25, 2003-11-15 (+18 more)"
INFO,GAP_WEEKEND,universe_daily,NSE_EQ|INE285H01022,1d,12,"12 special-session days missing: 2006-10-21, 2009-10-17, 2010-02-06 (+9 more)"
INFO,GAP_WEEKEND,universe_daily,NSE_EQ|INE286H01012,1d,19,"19 special-session days missing: 2006-04-29, 2006-06-25, 2006-10-21 (+16 more)"
INFO,GAP_WEEKEND,universe_daily,NSE_EQ|INE287B01021,1d,21,"21 special-session days missing: 2003-03-22, 2003-10-25, 2003-11-15 (+18 more)"
INFO,GAP_WEEKEND,universe_daily,NSE_EQ|INE287Z01012,1d,2,"2 special-session days missing: 2024-03-02, 2025-02-01"
INFO,GAP_WEEKEND,universe_daily,NSE_EQ|INE288A01013,1d,21,"21 special-session days missing: 2003-03-22, 2003-10-25, 2003-11-15 (+18 more)"
INFO,GAP_WEEKEND,universe_daily,NSE_EQ|INE288B01029,1d,9,"9 special-session days missing: 2012-01-07, 2012-03-03, 2012-04-28 (+6 more)"
INFO,GAP_WEEKEND,universe_daily,NSE_EQ|INE289A01011,1d,21,"21 special-session days missing: 2003-03-22, 2003-10-25, 2003-11-15 (+18 more)"
INFO,GAP_WEEKEND,universe_daily,NSE_EQ|INE289B01019,1d,21,"21 special-session days missing: 2003-03-22, 2003-10-25, 2003-11-15 (+18 more)"
INFO,GAP_WEEKEND,universe_daily,NSE_EQ|INE289C01025,1d,10,"10 special-session days missing: 2012-01-07, 2012-03-03, 2012-04-28 (+7 more)"
INFO,GAP_WEEKEND,universe_daily,NSE_EQ|INE290A01027,1d,21,"21 special-session days missing: 2003-03-22, 2003-10-25, 2003-11-15 (+18 more)"
INFO,GAP_WEEKEND,universe_daily,NSE_EQ|INE291D01011,1d,1,1 special-session days missing: 2016-10-30
INFO,GAP_WEEKEND,universe_daily,NSE_EQ|INE292B01021,1d,11,"11 special-session days missing: 2009-10-17, 2010-02-06, 2012-01-07 (+8 more)"
INFO,GAP_WEEKEND,universe_daily,NSE_EQ|INE293B01029,1d,2,"2 special-session days missing: 2019-10-27, 2020-02-01"
INFO,GAP_WEEKEND,universe_daily,NSE_EQ|INE294B01019,1d,21,"21 special-session days missing: 2003-03-22, 2003-10-25, 2003-11-15 (+18 more)"
INFO,GAP_WEEKEND,universe_daily,NSE_EQ|INE295F01017,1d,2,"2 special-session days missing: 2015-02-28, 2016-10-30"
INFO,GAP_WEEKEND,universe_daily,NSE_EQ|INE296A01032,1d,21,"21 special-session days missing: 2003-03-22, 2003-10-25, 2003-11-15 (+18 more)"
INFO,GAP_WEEKEND,universe_daily,NSE_EQ|INE296G01013,1d,1,1 special-session days missing: 2016-10-30
INFO,GAP_WEEKEND,universe_daily,NSE_EQ|INE296H01011,1d,14,"14 special-session days missing: 2006-04-29, 2006-06-25, 2006-10-21 (+11 more)"
INFO,GAP_WEEKEND,universe_daily,NSE_EQ|INE297H01019,1d,14,"14 special-session days missing: 2006-04-29, 2006-06-25, 2006-10-21 (+11 more)"
INFO,GAP_WEEKEND,universe_daily,NSE_EQ|INE298A01020,1d,21,"21 special-session days missing: 2003-03-22, 2003-10-25, 2003-11-15 (+18 more)"
INFO,GAP_WEEKEND,universe_daily,NSE_EQ|INE298G01035,1d,21,"21 special-session days missing: 2003-03-22, 2003-10-25, 2003-11-15 (+18 more)"
INFO,GAP_WEEKEND,universe_daily,NSE_EQ|INE298I01015,1d,11,"11 special-session days missing: 2009-10-17, 2010-02-06, 2012-01-07 (+8 more)"
INFO,GAP_WEEKEND,universe_daily,NSE_EQ|INE299U01018,1d,1,1 special-session days missing: 2016-10-30
INFO,GAP_WEEKEND,universe_daily,NSE_EQ|INE301A01014,1d,21,"21 special-session days missing: 2003-03-22, 2003-10-25, 2003-11-15 (+18 more)"
INFO,GAP_WEEKEND,universe_daily,NSE_EQ|INE302A01020,1d,21,"21 special-session days missing: 2003-03-22, 2003-10-25, 2003-11-15 (+18 more)"
INFO,GAP_WEEKEND,universe_daily,NSE_EQ|INE303A01010,1d,21,"21 special-session days missing: 2003-03-22, 2003-10-25, 2003-11-15 (+18 more)"
INFO,GAP_WEEKEND,universe_daily,NSE_EQ|INE304A01026,1d,21,"21 special-session days missing: 2003-03-22, 2003-10-25, 2003-11-15 (+18 more)"
INFO,GAP_WEEKEND,universe_daily,NSE_EQ|INE305A01023,1d,21,"21 special-session days missing: 2003-03-22, 2003-10-25, 2003-11-15 (+18 more)"
INFO,GAP_WEEKEND,universe_daily,NSE_EQ|INE305C01029,1d,9,"9 special-session days missing: 2012-01-07, 2012-03-03, 2012-04-28 (+6 more)"
INFO,GAP_WEEKEND,universe_daily,NSE_EQ|INE306A01021,1d,21,"21 special-session days missing: 2003-03-22, 2003-10-25, 2003-11-15 (+18 more)"
INFO,GAP_WEEKEND,universe_daily,NSE_EQ|INE306C01019,1d,11,"11 special-session days missing: 2009-10-17, 2010-02-06, 2012-01-07 (+8 more)"
INFO,GAP_WEEKEND,universe_daily,NSE_EQ|INE306R01017,1d,2,"2 special-session days missing: 2015-02-28, 2016-10-30"
INFO,GAP_WEEKEND,universe_daily,NSE_EQ|INE308A01027,1d,21,"21 special-session days missing: 2003-03-22, 2003-10-25, 2003-11-15 (+18 more)"
INFO,GAP_WEEKEND,universe_daily,NSE_EQ|INE309M01020,1d,20,"20 special-session days missing: 2003-03-22, 2003-10-25, 2003-11-15 (+17 more)"
INFO,GAP_WEEKEND,universe_daily,NSE_EQ|INE310A01015,1d,21,"21 special-session days missing: 2003-03-22, 2003-10-25, 2003-11-15 (+18 more)"
INFO,GAP_WEEKEND,universe_daily,NSE_EQ|INE310C01029,1d,21,"21 special-session days missing: 2003-03-22, 2003-10-25, 2003-11-15 (+18 more)"
INFO,GAP_WEEKEND,universe_daily,NSE_EQ|INE314C01013,1d,10,"10 special-session days missing: 2012-01-07, 2012-03-03, 2012-04-28 (+7 more)"
INFO,GAP_WEEKEND,universe_daily,NSE_EQ|INE314G01014,1d,11,"11 special-session days missing: 2009-10-17, 2012-01-07, 2012-03-03 (+8 more)"
INFO,GAP_WEEKEND,universe_daily,NSE_EQ|INE314T01033,1d,1,1 special-session days missing: 2016-10-30
INFO,GAP_WEEKEND,universe_daily,NSE_EQ|INE316L01019,1d,1,1 special-session days missing: 2016-10-30
INFO,GAP_WEEKEND,universe_daily,NSE_EQ|INE317F01035,1d,11,"11 special-session days missing: 2009-10-17, 2010-02-06, 2012-01-07 (+8 more)"
INFO,GAP_WEEKEND,universe_daily,NSE_EQ|INE318A01026,1d,21,"21 special-session days missing: 2003-03-22, 2003-10-25, 2003-11-15 (+18 more)"
INFO,GAP_WEEKEND,universe_daily,NSE_EQ|INE318D01020,1d,13,"13 special-session days missing: 2009-10-17, 2010-02-06, 2012-01-07 (+10 more)"
INFO,GAP_WEEKEND,universe_daily,NSE_EQ|INE320B01020,1d,11,"11 special-session days missing: 2009-10-17, 2010-02-06, 2012-01-07 (+8 more)"
INFO,GAP_WEEKEND,universe_daily,NSE_EQ|INE320L01011,1d,9,"9 special-session days missing: 2012-01-07, 2012-03-03, 2012-04-28 (+6 more)"
INFO,GAP_WEEKEND,universe_daily,NSE_EQ|INE322A01010,1d,21,"21 special-session days missing: 2003-03-22, 2003-10-25, 2003-11-15 (+18 more)"
INFO,GAP_WEEKEND,universe_daily,NSE_EQ|INE323A01026,1d,21,"21 special-session days missing: 2003-03-22, 2003-10-25, 2003-11-15 (+18 more)"
INFO,GAP_WEEKEND,universe_daily,NSE_EQ|INE323C01030,1d,21,"21 special-session days missing: 2003-03-22, 2003-10-25, 2003-11-15 (+18 more)"
INFO,GAP_WEEKEND,universe_daily,NSE_EQ|INE323I01011,1d,11,"11 special-session days missing: 2009-10-17, 2010-02-06, 2012-01-07 (+8 more)"
INFO,GAP_WEEKEND,universe_daily,NSE_EQ|INE323J01019,1d,1,1 special-session days missing: 2016-10-30
INFO,GAP_WEEKEND,universe_daily,NSE_EQ|INE324A01032,1d,19,"19 special-session days missing: 2003-03-22, 2003-10-25, 2003-11-15 (+16 more)"
INFO,GAP_WEEKEND,universe_daily,NSE_EQ|INE324L01013,1d,9,"9 special-session days missing: 2012-01-07, 2012-03-03, 2012-04-28 (+6 more)"
INFO,GAP_WEEKEND,universe_daily,NSE_EQ|INE324X01026,1d,2,"2 special-session days missing: 2019-10-27, 2020-11-14"
INFO,GAP_WEEKEND,universe_daily,NSE_EQ|INE325A01013,1d,21,"21 special-session days missing: 2003-03-22, 2003-10-25, 2003-11-15 (+18 more)"
INFO,GAP_WEEKEND,universe_daily,NSE_EQ|INE326A01037,1d,21,"21 special-session days missing: 2003-03-22, 2003-10-25, 2003-11-15 (+18 more)"
INFO,GAP_WEEKEND,universe_daily,NSE_EQ|INE326B01035,1d,11,"11 special-session days missing: 2009-10-17, 2010-02-06, 2012-01-07 (+8 more)"
INFO,GAP_WEEKEND,universe_daily,NSE_EQ|INE326T01011,1d,2,"2 special-session days missing: 2024-05-18, 2025-02-01"
INFO,GAP_WEEKEND,universe_daily,NSE_EQ|INE331A01037,1d,21,"21 special-session days missing: 2003-03-22, 2003-10-25, 2003-11-15 (+18 more)"
INFO,GAP_WEEKEND,universe_daily,NSE_EQ|INE332A01027,1d,21,"21 special-session days missing: 2003-03-22, 2003-10-25, 2003-11-15 (+18 more)"
INFO,GAP_WEEKEND,universe_daily,NSE_EQ|INE332H01014,1d,14,"14 special-session days missing: 2006-04-29, 2006-06-25, 2006-10-21 (+11 more)"
INFO,GAP_WEEKEND,universe_daily,NSE_EQ|INE335A01020,1d,21,"21 special-session days missing: 2003-03-22, 2003-10-25, 2003-11-15 (+18 more)"
INFO,GAP_WEEKEND,universe_daily,NSE_EQ|INE336X01012,1d,2,"2 special-session days missing: 2019-10-27, 2020-02-01"
INFO,GAP_WEEKEND,universe_daily,NSE_EQ|INE337A01034,1d,21,"21 special-session days missing: 2003-03-22, 2003-10-25, 2003-11-15 (+18 more)"
INFO,GAP_WEEKEND,universe_daily,NSE_EQ|INE337M01021,1d,9,"9 special-session days missing: 2012-01-07, 2012-03-03, 2012-04-28 (+6 more)"
INFO,GAP_WEEKEND,universe_daily,NSE_EQ|INE338A01024,1d,21,"21 special-session days missing: 2003-03-22, 2003-10-25, 2003-11-15 (+18 more)"
INFO,GAP_WEEKEND,universe_daily,NSE_EQ|INE338I01027,1d,11,"11 special-session days missing: 2009-10-17, 2010-02-06, 2012-01-07 (+8 more)"
INFO,GAP_WEEKEND,universe_daily,NSE_EQ|INE340A01012,1d,21,"21 special-session days missing: 2003-03-22, 2003-10-25, 2003-11-15 (+18 more)"
INFO,GAP_WEEKEND,universe_daily,NSE_EQ|INE341R01014,1d,2,"2 special-session days missing: 2015-02-28, 2016-10-30"
INFO,GAP_WEEKEND,universe_daily,NSE_EQ|INE342J01019,1d,11,"11 special-session days missing: 2009-10-17, 2010-02-06, 2012-01-07 (+8 more)"
INFO,GAP_WEEKEND,universe_daily,NSE_EQ|INE343H01029,1d,14,"14 special-session days missing: 2006-04-29, 2006-06-25, 2006-10-21 (+11 more)"
INFO,GAP_WEEKEND,universe_daily,NSE_EQ|INE345A01011,1d,21,"21 special-session days missing: 2003-03-22, 2003-10-25, 2003-11-15 (+18 more)"
INFO,GAP_WEEKEND,universe_daily,NSE_EQ|INE347A01017,1d,21,"21 special-session days missing: 2003-03-22, 2003-10-25, 2003-11-15 (+18 more)"
INFO,GAP_WEEKEND,universe_daily,NSE_EQ|INE347G01014,1d,18,"18 special-session days missing: 2004-04-17, 2004-10-09, 2005-06-04 (+15 more)"
INFO,GAP_WEEKEND,universe_daily,NSE_EQ|INE348A01023,1d,21,"21 special-session days missing: 2003-03-22, 2003-10-25, 2003-11-15 (+18 more)"
INFO,GAP_WEEKEND,universe_daily,NSE_EQ|INE348B01021,1d,14,"14 special-session days missing: 2006-04-29, 2006-06-25, 2006-10-21 (+11 more)"
INFO,GAP_WEEKEND,universe_daily,NSE_EQ|INE349A01021,1d,21,"21 special-session days missing: 2003-03-22, 2003-10-25, 2003-11-15 (+18 more)"
INFO,GAP_WEEKEND,universe_daily,NSE_EQ|INE350H01032,1d,14,"14 special-session days missing: 2006-04-29, 2006-06-25, 2006-10-21 (+11 more)"
INFO,GAP_WEEKEND,universe_daily,NSE_EQ|INE351A01035,1d,21,"21 special-session days missing: 2003-03-22, 2003-10-25, 2003-11-15 (+18 more)"
INFO,GAP_WEEKEND,universe_daily,NSE_EQ|INE351F01018,1d,16,"16 special-session days missing: 2005-06-04, 2005-11-26, 2006-04-29 (+13 more)"
INFO,GAP_WEEKEND,universe_daily,NSE_EQ|INE353A01023,1d,21,"21 special-session days missing: 2003-03-22, 2003-10-25, 2003-11-15 (+18 more)"
INFO,GAP_WEEKEND,universe_daily,NSE_EQ|INE353H01010,1d,14,"14 special-session days missing: 2006-04-29, 2006-06-25, 2006-10-21 (+11 more)"
INFO,GAP_WEEKEND,universe_daily,NSE_EQ|INE355A01028,1d,21,"21 special-session days missing: 2003-03-22, 2003-10-25, 2003-11-15 (+18 more)"
INFO,GAP_WEEKEND,universe_daily,NSE_EQ|INE356A01018,1d,21,"21 special-session days missing: 2003-03-22, 2003-10-25, 2003-11-15 (+18 more)"
INFO,GAP_WEEKEND,universe_daily,NSE_EQ|INE358A01014,1d,21,"21 special-session days missing: 2003-03-22, 2003-10-25, 2003-11-15 (+18 more)"
INFO,GAP_WEEKEND,universe_daily,NSE_EQ|INE358U01012,1d,17,"17 special-session days missing: 2004-10-09, 2005-06-04, 2005-11-26 (+14 more)"
INFO,GAP_WEEKEND,universe_daily,NSE_EQ|INE360L01017,1d,9,"9 special-session days missing: 2012-01-07, 2012-03-03, 2012-04-28 (+6 more)"
INFO,GAP_WEEKEND,universe_daily,NSE_EQ|INE361B01024,1d,21,"21 special-session days missing: 2003-03-22, 2003-10-25, 2003-11-15 (+18 more)"
INFO,GAP_WEEKEND,universe_daily,NSE_EQ|INE362A01016,1d,12,"12 special-session days missing: 2012-01-07, 2012-03-03, 2012-04-28 (+9 more)"
INFO,GAP_WEEKEND,universe_daily,NSE_EQ|INE363A01022,1d,21,"21 special-session days missing: 2003-03-22, 2003-10-25, 2003-11-15 (+18 more)"
INFO,GAP_WEEKEND,universe_daily,NSE_EQ|INE364A01020,1d,21,"21 special-session days missing: 2003-03-22, 2003-10-25, 2003-11-15 (+18 more)"
INFO,GAP_WEEKEND,universe_daily,NSE_EQ|INE365B01017,1d,17,"17 special-session days missing: 2004-10-09, 2005-06-04, 2005-11-26 (+14 more)"
INFO,GAP_WEEKEND,universe_daily,NSE_EQ|INE365D01021,1d,9,"9 special-session days missing: 2012-01-07, 2012-03-03, 2012-04-28 (+6 more)"
INFO,GAP_WEEKEND,universe_daily,NSE_EQ|INE365I01020,1d,1,1 special-session days missing: 2020-02-01
INFO,GAP_WEEKEND,universe_daily,NSE_EQ|INE366A01041,1d,16,"16 special-session days missing: 2005-06-04, 2005-11-26, 2006-04-29 (+13 more)"
INFO,GAP_WEEKEND,universe_daily,NSE_EQ|INE366I01010,1d,1,1 special-session days missing: 2016-10-30
INFO,GAP_WEEKEND,universe_daily,NSE_EQ|INE367G01038,1d,13,"13 special-session days missing: 2006-06-25, 2006-10-21, 2009-10-17 (+10 more)"
INFO,GAP_WEEKEND,universe_daily,NSE_EQ|INE368U01029,1d,4,"4 special-session days missing: 2016-10-30, 2019-10-27, 2020-02-01 (+1 more)"
INFO,GAP_WEEKEND,universe_daily,NSE_EQ|INE369A01029,1d,21,"21 special-session days missing: 2003-03-22, 2003-10-25, 2003-11-15 (+18 more)"
INFO,GAP_WEEKEND,universe_daily,NSE_EQ|INE369C01017,1d,24,"24 special-session days missing: 2003-03-22, 2003-10-25, 2003-11-15 (+21 more)"
INFO,GAP_WEEKEND,universe_daily,NSE_EQ|INE370E01029,1d,4,"4 special-session days missing: 2013-11-03, 2014-03-22, 2015-02-28 (+1 more)"
INFO,GAP_WEEKEND,universe_daily,NSE_EQ|INE371A01025,1d,21,"21 special-session days missing: 2003-03-22, 2003-10-25, 2003-11-15 (+18 more)"
INFO,GAP_WEEKEND,universe_daily,NSE_EQ|INE372A01015,1d,17,"17 special-session days missing: 2004-10-09, 2005-06-04, 2005-11-26 (+14 more)"
INFO,GAP_WEEKEND,universe_daily,NSE_EQ|INE372C01037,1d,21,"21 special-session days missing: 2003-03-22, 2003-10-25, 2003-11-15 (+18 more)"
INFO,GAP_WEEKEND,universe_daily,NSE_EQ|INE373A01013,1d,21,"21 special-session days missing: 2003-03-22, 2003-10-25, 2003-11-15 (+18 more)"
INFO,GAP_WEEKEND,universe_daily,NSE_EQ|INE375Y01018,1d,6,"6 special-session days missing: 2019-10-27, 2020-02-01, 2020-11-14 (+3 more)"
INFO,GAP_WEEKEND,universe_daily,NSE_EQ|INE376G01013,1d,18,"18 special-session days missing: 2004-04-17, 2004-10-09, 2005-06-04 (+15 more)"
INFO,GAP_WEEKEND,universe_daily,NSE_EQ|INE383A01012,1d,21,"21 special-session days missing: 2003-03-22, 2003-10-25, 2003-11-15 (+18 more)"
INFO,GAP_WEEKEND,universe_daily,NSE_EQ|INE383H01017,1d,14,"14 special-session days missing: 2006-04-29, 2006-06-25, 2006-10-21 (+11 more)"
INFO,GAP_WEEKEND,universe_daily,NSE_EQ|INE384A01010,1d,21,"21 special-session days missing: 2003-03-22, 2003-10-25, 2003-11-15 (+18 more)"
INFO,GAP_WEEKEND,universe_daily,NSE_EQ|INE385C01021,1d,10,"10 special-session days missing: 2010-02-06, 2012-01-07, 2012-03-03 (+7 more)"
INFO,GAP_WEEKEND,universe_daily,NSE_EQ|INE385I01010,1d,9,"9 special-session days missing: 2012-01-07, 2012-03-03, 2012-04-28 (+6 more)"
INFO,GAP_WEEKEND,universe_daily,NSE_EQ|INE386A01023,1d,21,"21 special-session days missing: 2003-03-22, 2003-10-25, 2003-11-15 (+18 more)"
INFO,GAP_WEEKEND,universe_daily,NSE_EQ|INE386C01029,1d,16,"16 special-session days missing: 2005-06-04, 2005-11-26, 2006-04-29 (+13 more)"
INFO,GAP_WEEKEND,universe_daily,NSE_EQ|INE387A01021,1d,21,"21 special-session days missing: 2003-03-22, 2003-10-25, 2003-11-15 (+18 more)"
INFO,GAP_WEEKEND,universe_daily,NSE_EQ|INE387I01016,1d,12,"12 special-session days missing: 2009-10-17, 2010-02-06, 2012-01-07 (+9 more)"
INFO,GAP_WEEKEND,universe_daily,NSE_EQ|INE389C01015,1d,3,"3 special-session days missing: 2019-10-27, 2020-02-01, 2020-11-14"
INFO,GAP_WEEKEND,universe_daily,NSE_EQ|INE389H01022,1d,14,"14 special-session days missing: 2006-04-29, 2006-06-25, 2006-10-21 (+11 more)"
INFO,GAP_WEEKEND,universe_daily,NSE_EQ|INE390G01014,1d,1,1 special-session days missing: 2016-10-30
INFO,GAP_WEEKEND,universe_daily,NSE_EQ|INE391D01019,1d,10,"10 special-session days missing: 2010-02-06, 2012-01-07, 2012-03-03 (+7 more)"
INFO,GAP_WEEKEND,universe_daily,NSE_EQ|INE392A01021,1d,21,"21 special-session days missing: 2003-03-22, 2003-10-25, 2003-11-15 (+18 more)"
INFO,GAP_WEEKEND,universe_daily,NSE_EQ|INE392B01011,1d,21,"21 special-session days missing: 2003-03-22, 2003-10-25, 2003-11-15 (+18 more)"
INFO,GAP_WEEKEND,universe_daily,NSE_EQ|INE393A01011,1d,21,"21 special-session days missing: 2003-03-22, 2003-10-25, 2003-11-15 (+18 more)"
INFO,GAP_WEEKEND,universe_daily,NSE_EQ|INE395H01011,1d,1,1 special-session days missing: 2016-10-30
INFO,GAP_WEEKEND,universe_daily,NSE_EQ|INE397D01024,1d,21,"21 special-session days missing: 2003-03-22, 2003-10-25, 2003-11-15 (+18 more)"
INFO,GAP_WEEKEND,universe_daily,NSE_EQ|INE398A01010,1d,21,"21 special-session days missing: 2003-03-22, 2003-10-25, 2003-11-15 (+18 more)"
INFO,GAP_WEEKEND,universe_daily,NSE_EQ|INE398B01018,1d,23,"23 special-session days missing: 2003-03-22, 2003-10-25, 2003-11-15 (+20 more)"
INFO,GAP_WEEKEND,universe_daily,NSE_EQ|INE398R01022,1d,1,1 special-session days missing: 2016-10-30
INFO,GAP_WEEKEND,universe_daily,NSE_EQ|INE399C01030,1d,16,"16 special-session days missing: 2005-06-04, 2005-11-26, 2006-04-29 (+13 more)"
INFO,GAP_WEEKEND,universe_daily,NSE_EQ|INE399G01023,1d,17,"17 special-session days missing: 2004-10-09, 2005-06-04, 2005-11-26 (+14 more)"
INFO,GAP_WEEKEND,universe_daily,NSE_EQ|INE399K01017,1d,10,"10 special-session days missing: 2010-02-06, 2012-01-07, 2012-03-03 (+7 more)"
INFO,GAP_WEEKEND,universe_daily,NSE_EQ|INE401H01017,1d,14,"14 special-session days missing: 2006-04-29, 2006-06-25, 2006-10-21 (+11 more)"
INFO,GAP_WEEKEND,universe_daily,NSE_EQ|INE403Y01018,1d,5,"5 special-session days missing: 2015-02-28, 2016-10-30, 2019-10-27 (+2 more)"
INFO,GAP_WEEKEND,universe_daily,NSE_EQ|INE405C01035,1d,1,1 special-session days missing: 2016-10-30
INFO,GAP_WEEKEND,universe_daily,NSE_EQ|INE405E01023,1d,11,"11 special-session days missing: 2009-10-17, 2010-02-06, 2012-01-07 (+8 more)"
INFO,GAP_WEEKEND,universe_daily,NSE_EQ|INE406A01037,1d,21,"21 special-session days missing: 2003-03-22, 2003-10-25, 2003-11-15 (+18 more)"
INFO,GAP_WEEKEND,universe_daily,NSE_EQ|INE409B01013,1d,13,"13 special-session days missing: 2006-06-25, 2006-10-21, 2009-10-17 (+10 more)"
INFO,GAP_WEEKEND,universe_daily,NSE_EQ|INE410B01037,1d,11,"11 special-session days missing: 2009-10-17, 2010-02-06, 2012-01-07 (+8 more)"
INFO,GAP_WEEKEND,universe_daily,NSE_EQ|INE410P01011,1d,1,1 special-session days missing: 2016-10-30
INFO,GAP_WEEKEND,universe_daily,NSE_EQ|INE411D01023,1d,9,"9 special-session days missing: 2012-01-07, 2012-03-03, 2012-04-28 (+6 more)"
INFO,GAP_WEEKEND,universe_daily,NSE_EQ|INE411H01032,1d,14,"14 special-session days missing: 2006-04-29, 2006-06-25, 2006-10-21 (+11 more)"
INFO,GAP_WEEKEND,universe_daily,NSE_EQ|INE411U01027,1d,3,"3 special-session days missing: 2019-10-27, 2020-02-01, 2020-11-14"
INFO,GAP_WEEKEND,universe_daily,NSE_EQ|INE412U01025,1d,1,1 special-session days missing: 2016-10-30
INFO,GAP_WEEKEND,universe_daily,NSE_EQ|INE413B01023,1d,9,"9 special-session days missing: 2012-01-07, 2012-03-03, 2012-04-28 (+6 more)"
INFO,GAP_WEEKEND,universe_daily,NSE_EQ|INE413G01022,1d,1,1 special-session days missing: 2016-10-30
INFO,GAP_WEEKEND,universe_daily,NSE_EQ|INE414A01015,1d,9,"9 special-session days missing: 2012-01-07, 2012-03-03, 2012-04-28 (+6 more)"
INFO,GAP_WEEKEND,universe_daily,NSE_EQ|INE414B01021,1d,10,"10 special-session days missing: 2012-01-07, 2012-03-03, 2012-04-28 (+7 more)"
INFO,GAP_WEEKEND,universe_daily,NSE_EQ|INE414G01012,1d,9,"9 special-session days missing: 2012-01-07, 2012-03-03, 2012-04-28 (+6 more)"
INFO,GAP_WEEKEND,universe_daily,NSE_EQ|INE415A01038,1d,21,"21 special-session days missing: 2003-03-22, 2003-10-25, 2003-11-15 (+18 more)"
INFO,GAP_WEEKEND,universe_daily,NSE_EQ|INE415I01015,1d,11,"11 special-session days missing: 2009-10-17, 2010-02-06, 2012-01-07 (+8 more)"
INFO,GAP_WEEKEND,universe_daily,NSE_EQ|INE417B01040,1d,21,"21 special-session days missing: 2003-03-22, 2003-10-25, 2003-11-15 (+18 more)"
INFO,GAP_WEEKEND,universe_daily,NSE_EQ|INE417C01014,1d,1,1 special-session days missing: 2016-10-30
INFO,GAP_WEEKEND,universe_daily,NSE_EQ|INE418H01029,1d,13,"13 special-session days missing: 2006-06-25, 2006-10-21, 2009-10-17 (+10 more)"
INFO,GAP_WEEKEND,universe_daily,NSE_EQ|INE418N01035,1d,2,"2 special-session days missing: 2015-02-28, 2019-10-27"
INFO,GAP_WEEKEND,universe_daily,NSE_EQ|INE419A01022,1d,21,"21 special-session days missing: 2003-03-22, 2003-10-25, 2003-11-15 (+18 more)"
INFO,GAP_WEEKEND,universe_daily,NSE_EQ|INE419M01035,1d,9,"9 special-session days missing: 2012-01-07, 2012-03-03, 2012-04-28 (+6 more)"
INFO,GAP_WEEKEND,universe_daily,NSE_EQ|INE420C01059,1d,11,"11 special-session days missing: 2009-10-17, 2010-02-06, 2012-01-07 (+8 more)"
INFO,GAP_WEEKEND,universe_daily,NSE_EQ|INE421C01016,1d,21,"21 special-session days missing: 2003-03-22, 2003-10-25, 2003-11-15 (+18 more)"
INFO,GAP_WEEKEND,universe_daily,NSE_EQ|INE421D01022,1d,17,"17 special-session days missing: 2004-10-09, 2005-06-04, 2005-11-26 (+14 more)"
INFO,GAP_WEEKEND,universe_daily,NSE_EQ|INE423A01024,1d,2,"2 special-session days missing: 2015-02-28, 2016-10-30"
INFO,GAP_WEEKEND,universe_daily,NSE_EQ|INE424H01027,1d,14,"14 special-session days missing: 2006-04-29, 2006-06-25, 2006-10-21 (+11 more)"
INFO,GAP_WEEKEND,universe_daily,NSE_EQ|INE425B01027,1d,2,"2 special-session days missing: 2016-10-30, 2025-02-01"
INFO,GAP_WEEKEND,universe_daily,NSE_EQ|INE426A01027,1d,21,"21 special-session days missing: 2003-03-22, 2003-10-25, 2003-11-15 (+18 more)"
INFO,GAP_WEEKEND,universe_daily,NSE_EQ|INE426D01013,1d,11,"11 special-session days missing: 2009-10-17, 2010-02-06, 2012-01-07 (+8 more)"
INFO,GAP_WEEKEND,universe_daily,NSE_EQ|INE428Q01011,1d,24,"24 special-session days missing: 2003-03-22, 2003-10-25, 2003-11-15 (+21 more)"
INFO,GAP_WEEKEND,universe_daily,NSE_EQ|INE429I01024,1d,6,"6 special-session days missing: 2019-10-27, 2020-02-01, 2023-11-12 (+3 more)"
INFO,GAP_WEEKEND,universe_daily,NSE_EQ|INE431F01018,1d,1,1 special-session days missing: 2016-10-30
INFO,GAP_WEEKEND,universe_daily,NSE_EQ|INE435A01051,1d,17,"17 special-session days missing: 2004-10-09, 2005-06-04, 2005-11-26 (+14 more)"
INFO,GAP_WEEKEND,universe_daily,NSE_EQ|INE435C01024,1d,17,"17 special-session days missing: 2004-10-09, 2005-06-04, 2005-11-26 (+14 more)"
INFO,GAP_WEEKEND,universe_daily,NSE_EQ|INE435G01025,1d,9,"9 special-session days missing: 2012-01-07, 2012-03-03, 2012-04-28 (+6 more)"
INFO,GAP_WEEKEND,universe_daily,NSE_EQ|INE437A01024,1d,21,"21 special-session days missing: 2003-03-22, 2003-10-25, 2003-11-15 (+18 more)"
INFO,GAP_WEEKEND,universe_daily,NSE_EQ|INE437B01014,1d,21,"21 special-session days missing: 2003-03-22, 2003-10-25, 2003-11-15 (+18 more)"
INFO,GAP_WEEKEND,universe_daily,NSE_EQ|INE438A01022,1d,21,"21 special-session days missing: 2003-03-22, 2003-10-25, 2003-11-15 (+18 more)"
INFO,GAP_WEEKEND,universe_daily,NSE_EQ|INE439A01020,1d,21,"21 special-session days missing: 2003-03-22, 2003-10-25, 2003-11-15 (+18 more)"
INFO,GAP_WEEKEND,universe_daily,NSE_EQ|INE439E01022,1d,1,1 special-session days missing: 2016-10-30
INFO,GAP_WEEKEND,universe_daily,NSE_EQ|INE439T01012,1d,3,"3 special-session days missing: 2016-10-30, 2020-02-01, 2020-11-14"
INFO,GAP_WEEKEND,universe_daily,NSE_EQ|INE440A01010,1d,21,"21 special-session days missing: 2003-03-22, 2003-10-25, 2003-11-15 (+18 more)"
INFO,GAP_WEEKEND,universe_daily,NSE_EQ|INE440L01017,1d,2,"2 special-session days missing: 2015-02-28, 2016-10-30"
INFO,GAP_WEEKEND,universe_daily,NSE_EQ|INE442H01029,1d,9,"9 special-session days missing: 2012-01-07, 2012-03-03, 2012-04-28 (+6 more)"
INFO,GAP_WEEKEND,universe_daily,NSE_EQ|INE445C01015,1d,17,"17 special-session days missing: 2004-10-09, 2005-06-04, 2005-11-26 (+14 more)"
INFO,GAP_WEEKEND,universe_daily,NSE_EQ|INE448G01010,1d,3,"3 special-session days missing: 2014-03-22, 2015-02-28, 2016-10-30"
INFO,GAP_WEEKEND,universe_daily,NSE_EQ|INE449A01011,1d,20,"20 special-session days missing: 2003-10-25, 2003-11-15, 2004-04-17 (+17 more)"
INFO,GAP_WEEKEND,universe_daily,NSE_EQ|INE449G01018,1d,3,"3 special-session days missing: 2014-03-22, 2015-02-28, 2016-10-30"
INFO,GAP_WEEKEND,universe_daily,NSE_EQ|INE450D01021,1d,11,"11 special-session days missing: 2009-10-17, 2010-02-06, 2012-01-07 (+8 more)"
INFO,GAP_WEEKEND,universe_daily,NSE_EQ|INE450G01024,1d,11,"11 special-session days missing: 2009-10-17, 2010-02-06, 2012-01-07 (+8 more)"
INFO,GAP_WEEKEND,universe_daily,NSE_EQ|INE450U01017,1d,3,"3 special-session days missing: 2016-10-30, 2019-10-27, 2020-02-01"
INFO,GAP_WEEKEND,universe_daily,NSE_EQ|INE451A01017,1d,2,"2 special-session days missing: 2023-11-12, 2024-01-20"
INFO,GAP_WEEKEND,universe_daily,NSE_EQ|INE451D01029,1d,3,"3 special-session days missing: 2016-10-30, 2019-10-27, 2020-02-01"
INFO,GAP_WEEKEND,universe_daily,NSE_EQ|INE451F01024,1d,2,"2 special-session days missing: 2015-02-28, 2016-10-30"
INFO,GAP_WEEKEND,universe_daily,NSE_EQ|INE452L01012,1d,1,1 special-session days missing: 2016-10-30
INFO,GAP_WEEKEND,universe_daily,NSE_EQ|INE453B01029,1d,8,"8 special-session days missing: 2012-03-03, 2012-04-28, 2012-09-08 (+5 more)"
INFO,GAP_WEEKEND,universe_daily,NSE_EQ|INE453D01025,1d,11,"11 special-session days missing: 2009-10-17, 2010-02-06, 2012-01-07 (+8 more)"
INFO,GAP_WEEKEND,universe_daily,NSE_EQ|INE455I01029,1d,11,"11 special-session days missing: 2009-10-17, 2010-02-06, 2012-01-07 (+8 more)"
INFO,GAP_WEEKEND,universe_daily,NSE_EQ|INE457A01014,1d,18,"18 special-session days missing: 2004-04-17, 2004-10-09, 2005-06-04 (+15 more)"
INFO,GAP_WEEKEND,universe_daily,NSE_EQ|INE457F01013,1d,1,1 special-session days missing: 2016-10-30
INFO,GAP_WEEKEND,universe_daily,NSE_EQ|INE457L01029,1d,9,"9 special-session days missing: 2012-01-07, 2012-03-03, 2012-04-28 (+6 more)"
INFO,GAP_WEEKEND,universe_daily,NSE_EQ|INE458F01011,1d,10,"10 special-session days missing: 2010-02-06, 2012-01-07, 2012-03-03 (+7 more)"
INFO,GAP_WEEKEND,universe_daily,NSE_EQ|INE459A01010,1d,21,"21 special-session days missing: 2003-03-22, 2003-10-25, 2003-11-15 (+18 more)"
INFO,GAP_WEEKEND,universe_daily,NSE_EQ|INE460C01014,1d,11,"11 special-session days missing: 2009-10-17, 2010-02-06, 2012-01-07 (+8 more)"
INFO,GAP_WEEKEND,universe_daily,NSE_EQ|INE461B01014,1d,14,"14 special-session days missing: 2006-04-29, 2006-06-25, 2006-10-21 (+11 more)"
INFO,GAP_WEEKEND,universe_daily,NSE_EQ|INE461C01038,1d,21,"21 special-session days missing: 2003-03-22, 2003-10-25, 2003-11-15 (+18 more)"
INFO,GAP_WEEKEND,universe_daily,NSE_EQ|INE462A01022,1d,10,"10 special-session days missing: 2010-02-06, 2012-01-07, 2012-03-03 (+7 more)"
INFO,GAP_WEEKEND,universe_daily,NSE_EQ|INE463A01038,1d,21,"21 special-session days missing: 2003-03-22, 2003-10-25, 2003-11-15 (+18 more)"
INFO,GAP_WEEKEND,universe_daily,NSE_EQ|INE464A01036,1d,11,"11 special-session days missing: 2009-10-17, 2010-02-06, 2012-01-07 (+8 more)"
INFO,GAP_WEEKEND,universe_daily,NSE_EQ|INE465A01025,1d,21,"21 special-session days missing: 2003-03-22, 2003-10-25, 2003-11-15 (+18 more)"
INFO,GAP_WEEKEND,universe_daily,NSE_EQ|INE466L01038,1d,2,"2 special-session days missing: 2015-02-28, 2016-10-30"
INFO,GAP_WEEKEND,universe_daily,NSE_EQ|INE467B01029,1d,17,"17 special-session days missing: 2004-10-09, 2005-06-04, 2005-11-26 (+14 more)"
INFO,GAP_WEEKEND,universe_daily,NSE_EQ|INE470A01017,1d,21,"21 special-session days missing: 2003-03-22, 2003-10-25, 2003-11-15 (+18 more)"
INFO,GAP_WEEKEND,universe_daily,NSE_EQ|INE472A01039,1d,21,"21 special-session days missing: 2003-03-22, 2003-10-25, 2003-11-15 (+18 more)"
INFO,GAP_WEEKEND,universe_daily,NSE_EQ|INE473A01011,1d,21,"21 special-session days missing: 2003-03-22, 2003-10-25, 2003-11-15 (+18 more)"
INFO,GAP_WEEKEND,universe_daily,NSE_EQ|INE473B01035,1d,2,"2 special-session days missing: 2015-02-28, 2016-10-30"
INFO,GAP_WEEKEND,universe_daily,NSE_EQ|INE474C01023,1d,21,"21 special-session days missing: 2003-03-22, 2003-10-25, 2003-11-15 (+18 more)"
INFO,GAP_WEEKEND,universe_daily,NSE_EQ|INE474Q01031,1d,4,"4 special-session days missing: 2016-10-30, 2019-10-27, 2020-02-01 (+1 more)"
INFO,GAP_WEEKEND,universe_daily,NSE_EQ|INE475B01022,1d,21,"21 special-session days missing: 2003-03-22, 2003-10-25, 2003-11-15 (+18 more)"
INFO,GAP_WEEKEND,universe_daily,NSE_EQ|INE475E01026,1d,2,"2 special-session days missing: 2015-02-28, 2016-10-30"
INFO,GAP_WEEKEND,universe_daily,NSE_EQ|INE476A01022,1d,21,"21 special-session days missing: 2003-03-22, 2003-10-25, 2003-11-15 (+18 more)"
INFO,GAP_WEEKEND,universe_daily,NSE_EQ|INE477A01020,1d,21,"21 special-session days missing: 2003-03-22, 2003-10-25, 2003-11-15 (+18 more)"
INFO,GAP_WEEKEND,universe_daily,NSE_EQ|INE477B01010,1d,11,"11 special-session days missing: 2009-10-17, 2010-02-06, 2012-01-07 (+8 more)"
INFO,GAP_WEEKEND,universe_daily,NSE_EQ|INE480C01038,1d,2,"2 special-session days missing: 2015-02-28, 2016-10-30"
INFO,GAP_WEEKEND,universe_daily,NSE_EQ|INE480M01011,1d,5,"5 special-session days missing: 2015-02-28, 2016-10-30, 2019-10-27 (+2 more)"
INFO,GAP_WEEKEND,universe_daily,NSE_EQ|INE481G01011,1d,17,"17 special-session days missing: 2004-10-09, 2005-06-04, 2005-11-26 (+14 more)"
INFO,GAP_WEEKEND,universe_daily,NSE_EQ|INE481N01025,1d,3,"3 special-session days missing: 2019-10-27, 2020-02-01, 2020-11-14"
INFO,GAP_WEEKEND,universe_daily,NSE_EQ|INE482A01020,1d,21,"21 special-session days missing: 2003-03-22, 2003-10-25, 2003-11-15 (+18 more)"
INFO,GAP_WEEKEND,universe_daily,NSE_EQ|INE482J01021,1d,9,"9 special-session days missing: 2012-01-07, 2012-03-03, 2012-04-28 (+6 more)"
INFO,GAP_WEEKEND,universe_daily,NSE_EQ|INE483A01010,1d,11,"11 special-session days missing: 2009-10-17, 2010-02-06, 2012-01-07 (+8 more)"
INFO,GAP_WEEKEND,universe_daily,NSE_EQ|INE483B01026,1d,15,"15 special-session days missing: 2005-11-26, 2006-04-29, 2006-06-25 (+12 more)"
INFO,GAP_WEEKEND,universe_daily,NSE_EQ|INE483C01032,1d,11,"11 special-session days missing: 2009-10-17, 2010-02-06, 2012-01-07 (+8 more)"
INFO,GAP_WEEKEND,universe_daily,NSE_EQ|INE483S01020,1d,1,1 special-session days missing: 2016-10-30
INFO,GAP_WEEKEND,universe_daily,NSE_EQ|INE484C01030,1d,11,"11 special-session days missing: 2009-10-17, 2010-02-06, 2012-01-07 (+8 more)"
INFO,GAP_WEEKEND,universe_daily,NSE_EQ|INE484I01029,1d,1,1 special-session days missing: 2016-10-30
INFO,GAP_WEEKEND,universe_daily,NSE_EQ|INE484J01027,1d,10,"10 special-session days missing: 2010-02-06, 2012-01-07, 2012-03-03 (+7 more)"
INFO,GAP_WEEKEND,universe_daily,NSE_EQ|INE485A01015,1d,21,"21 special-session days missing: 2003-03-22, 2003-10-25, 2003-11-15 (+18 more)"
INFO,GAP_WEEKEND,universe_daily,NSE_EQ|INE485C01029,1d,9,"9 special-session days missing: 2012-01-07, 2012-03-03, 2012-04-28 (+6 more)"
INFO,GAP_WEEKEND,universe_daily,NSE_EQ|INE486A01021,1d,21,"21 special-session days missing: 2003-03-22, 2003-10-25, 2003-11-15 (+18 more)"
INFO,GAP_WEEKEND,universe_daily,NSE_EQ|INE488D01021,1d,11,"11 special-session days missing: 2009-10-17, 2010-02-06, 2012-01-07 (+8 more)"
INFO,GAP_WEEKEND,universe_daily,NSE_EQ|INE490G01020,1d,9,"9 special-session days missing: 2012-01-07, 2012-03-03, 2012-04-28 (+6 more)"
INFO,GAP_WEEKEND,universe_daily,NSE_EQ|INE491A01021,1d,21,"21 special-session days missing: 2003-03-22, 2003-10-25, 2003-11-15 (+18 more)"
INFO,GAP_WEEKEND,universe_daily,NSE_EQ|INE491V01019,1d,4,"4 special-session days missing: 2016-10-30, 2019-10-27, 2020-02-01 (+1 more)"
INFO,GAP_WEEKEND,universe_daily,NSE_EQ|INE492A01029,1d,21,"21 special-session days missing: 2003-03-22, 2003-10-25, 2003-11-15 (+18 more)"
INFO,GAP_WEEKEND,universe_daily,NSE_EQ|INE494B01023,1d,21,"21 special-session days missing: 2003-03-22, 2003-10-25, 2003-11-15 (+18 more)"
INFO,GAP_WEEKEND,universe_daily,NSE_EQ|INE495A01022,1d,21,"21 special-session days missing: 2003-03-22, 2003-10-25, 2003-11-15 (+18 more)"
INFO,GAP_WEEKEND,universe_daily,NSE_EQ|INE495B01038,1d,19,"19 special-session days missing: 2003-11-15, 2004-04-17, 2004-10-09 (+16 more)"
INFO,GAP_WEEKEND,universe_daily,NSE_EQ|INE495C01010,1d,21,"21 special-session days missing: 2003-03-22, 2003-10-25, 2003-11-15 (+18 more)"
INFO,GAP_WEEKEND,universe_daily,NSE_EQ|INE495P01020,1d,4,"4 special-session days missing: 2016-10-30, 2019-10-27, 2020-02-01 (+1 more)"
INFO,GAP_WEEKEND,universe_daily,NSE_EQ|INE495S01016,1d,1,1 special-session days missing: 2016-10-30
INFO,GAP_WEEKEND,universe_daily,NSE_EQ|INE497B01018,1d,21,"21 special-session days missing: 2003-03-22, 2003-10-25, 2003-11-15 (+18 more)"
INFO,GAP_WEEKEND,universe_daily,NSE_EQ|INE498B01024,1d,16,"16 special-session days missing: 2005-06-04, 2005-11-26, 2006-04-29 (+13 more)"
INFO,GAP_WEEKEND,universe_daily,NSE_EQ|INE498E01010,1d,1,1 special-session days missing: 2016-10-30
INFO,GAP_WEEKEND,universe_daily,NSE_EQ|INE498L01015,1d,9,"9 special-session days missing: 2012-01-07, 2012-03-03, 2012-04-28 (+6 more)"
INFO,GAP_WEEKEND,universe_daily,NSE_EQ|INE499A01024,1d,21,"21 special-session days missing: 2003-03-22, 2003-10-25, 2003-11-15 (+18 more)"
INFO,GAP_WEEKEND,universe_daily,NSE_EQ|INE500A01029,1d,21,"21 special-session days missing: 2003-03-22, 2003-10-25, 2003-11-15 (+18 more)"
INFO,GAP_WEEKEND,universe_daily,NSE_EQ|INE500L01026,1d,1,1 special-session days missing: 2016-10-30
INFO,GAP_WEEKEND,universe_daily,NSE_EQ|INE500X01013,1d,1,1 special-session days missing: 2019-10-27
INFO,GAP_WEEKEND,universe_daily,NSE_EQ|INE501A01019,1d,21,"21 special-session days missing: 2003-03-22, 2003-10-25, 2003-11-15 (+18 more)"
INFO,GAP_WEEKEND,universe_daily,NSE_EQ|INE501G01024,1d,15,"15 special-session days missing: 2005-11-26, 2006-04-29, 2006-06-25 (+12 more)"
INFO,GAP_WEEKEND,universe_daily,NSE_EQ|INE503A01015,1d,11,"11 special-session days missing: 2009-10-17, 2010-02-06, 2012-01-07 (+8 more)"
INFO,GAP_WEEKEND,universe_daily,NSE_EQ|INE505C01016,1d,11,"11 special-session days missing: 2009-10-17, 2010-02-06, 2012-01-07 (+8 more)"
INFO,GAP_WEEKEND,universe_daily,NSE_EQ|INE505V01016,1d,2,"2 special-session days missing: 2024-05-18, 2025-02-01"
INFO,GAP_WEEKEND,universe_daily,NSE_EQ|INE505Y01010,1d,24,"24 special-session days missing: 2003-03-22, 2003-10-25, 2003-11-15 (+21 more)"
INFO,GAP_WEEKEND,universe_daily,NSE_EQ|INE506A01018,1d,18,"18 special-session days missing: 2004-04-17, 2004-10-09, 2005-06-04 (+15 more)"
INFO,GAP_WEEKEND,universe_daily,NSE_EQ|INE506W01020,1d,1,1 special-session days missing: 2020-02-01
INFO,GAP_WEEKEND,universe_daily,NSE_EQ|INE506Z01015,1d,3,"3 special-session days missing: 2019-10-27, 2020-02-01, 2020-11-14"
INFO,GAP_WEEKEND,universe_daily,NSE_EQ|INE508G01029,1d,11,"11 special-session days missing: 2009-10-17, 2010-02-06, 2012-01-07 (+8 more)"
INFO,GAP_WEEKEND,universe_daily,NSE_EQ|INE508K01013,1d,4,"4 special-session days missing: 2016-10-30, 2019-10-27, 2020-02-01 (+1 more)"
INFO,GAP_WEEKEND,universe_daily,NSE_EQ|INE509F01029,1d,1,1 special-session days missing: 2016-10-30
INFO,GAP_WEEKEND,universe_daily,NSE_EQ|INE510A01028,1d,21,"21 special-session days missing: 2003-03-22, 2003-10-25, 2003-11-15 (+18 more)"
INFO,GAP_WEEKEND,universe_daily,NSE_EQ|INE511C01022,1d,17,"17 special-session days missing: 2004-10-09, 2005-06-04, 2005-11-26 (+14 more)"
INFO,GAP_WEEKEND,universe_daily,NSE_EQ|INE511Y01018,1d,1,1 special-session days missing: 2019-10-27
INFO,GAP_WEEKEND,universe_daily,NSE_EQ|INE512B01022,1d,9,"9 special-session days missing: 2012-01-07, 2012-03-03, 2012-04-28 (+6 more)"
INFO,GAP_WEEKEND,universe_daily,NSE_EQ|INE513A01022,1d,21,"21 special-session days missing: 2003-03-22, 2003-10-25, 2003-11-15 (+18 more)"
INFO,GAP_WEEKEND,universe_daily,NSE_EQ|INE516A01017,1d,21,"21 special-session days missing: 2003-03-22, 2003-10-25, 2003-11-15 (+18 more)"
INFO,GAP_WEEKEND,universe_daily,NSE_EQ|INE517B01013,1d,21,"21 special-session days missing: 2003-03-22, 2003-10-25, 2003-11-15 (+18 more)"
INFO,GAP_WEEKEND,universe_daily,NSE_EQ|INE517F01014,1d,9,"9 special-session days missing: 2012-01-07, 2012-03-03, 2012-04-28 (+6 more)"
INFO,GAP_WEEKEND,universe_daily,NSE_EQ|INE519A01011,1d,21,"21 special-session days missing: 2003-03-22, 2003-10-25, 2003-11-15 (+18 more)"
INFO,GAP_WEEKEND,universe_daily,NSE_EQ|INE519C01017,1d,21,"21 special-session days missing: 2003-03-22, 2003-10-25, 2003-11-15 (+18 more)"
INFO,GAP_WEEKEND,universe_daily,NSE_EQ|INE520A01027,1d,21,"21 special-session days missing: 2003-03-22, 2003-10-25, 2003-11-15 (+18 more)"
INFO,GAP_WEEKEND,universe_daily,NSE_EQ|INE520H01022,1d,9,"9 special-session days missing: 2012-01-07, 2012-03-03, 2012-04-28 (+6 more)"
INFO,GAP_WEEKEND,universe_daily,NSE_EQ|INE520Y01019,1d,1,1 special-session days missing: 2020-02-01
INFO,GAP_WEEKEND,universe_daily,NSE_EQ|INE521J01018,1d,9,"9 special-session days missing: 2012-01-07, 2012-03-03, 2012-04-28 (+6 more)"
INFO,GAP_WEEKEND,universe_daily,NSE_EQ|INE522D01027,1d,9,"9 special-session days missing: 2012-01-07, 2012-03-03, 2012-04-28 (+6 more)"
INFO,GAP_WEEKEND,universe_daily,NSE_EQ|INE522F01014,1d,9,"9 special-session days missing: 2012-01-07, 2012-03-03, 2012-04-28 (+6 more)"
INFO,GAP_WEEKEND,universe_daily,NSE_EQ|INE524A01029,1d,16,"16 special-session days missing: 2005-06-04, 2005-11-26, 2006-04-29 (+13 more)"
INFO,GAP_WEEKEND,universe_daily,NSE_EQ|INE524B01027,1d,11,"11 special-session days missing: 2009-10-17, 2010-02-06, 2012-01-07 (+8 more)"
INFO,GAP_WEEKEND,universe_daily,NSE_EQ|INE526B01014,1d,21,"21 special-session days missing: 2003-03-22, 2003-10-25, 2003-11-15 (+18 more)"
INFO,GAP_WEEKEND,universe_daily,NSE_EQ|INE526E01018,1d,2,"2 special-session days missing: 2016-10-30, 2020-02-01"
INFO,GAP_WEEKEND,universe_daily,NSE_EQ|INE527H01019,1d,1,1 special-session days missing: 2016-10-30
INFO,GAP_WEEKEND,universe_daily,NSE_EQ|INE528A01020,1d,21,"21 special-session days missing: 2003-03-22, 2003-10-25, 2003-11-15 (+18 more)"
INFO,GAP_WEEKEND,universe_daily,NSE_EQ|INE528G01035,1d,15,"15 special-session days missing: 2005-11-26, 2006-04-29, 2006-06-25 (+12 more)"
INFO,GAP_WEEKEND,universe_daily,NSE_EQ|INE529A01010,1d,21,"21 special-session days missing: 2003-03-22, 2003-10-25, 2003-11-15 (+18 more)"
INFO,GAP_WEEKEND,universe_daily,NSE_EQ|INE530B01024,1d,16,"16 special-session days missing: 2005-06-04, 2005-11-26, 2006-04-29 (+13 more)"
INFO,GAP_WEEKEND,universe_daily,NSE_EQ|INE531A01024,1d,21,"21 special-session days missing: 2003-03-22, 2003-10-25, 2003-11-15 (+18 more)"
INFO,GAP_WEEKEND,universe_daily,NSE_EQ|INE531E01026,1d,10,"10 special-session days missing: 2010-02-06, 2012-01-07, 2012-03-03 (+7 more)"
INFO,GAP_WEEKEND,universe_daily,NSE_EQ|INE532F01054,1d,11,"11 special-session days missing: 2009-10-17, 2010-02-06, 2012-01-07 (+8 more)"
INFO,GAP_WEEKEND,universe_daily,NSE_EQ|INE535D01037,1d,4,"4 special-session days missing: 2016-10-30, 2019-10-27, 2020-02-01 (+1 more)"
INFO,GAP_WEEKEND,universe_daily,NSE_EQ|INE536A01023,1d,12,"12 special-session days missing: 2006-10-21, 2009-10-17, 2010-02-06 (+9 more)"
INFO,GAP_WEEKEND,universe_daily,NSE_EQ|INE536H01010,1d,11,"11 special-session days missing: 2009-10-17, 2010-02-06, 2012-01-07 (+8 more)"
INFO,GAP_WEEKEND,universe_daily,NSE_EQ|INE538A01037,1d,21,"21 special-session days missing: 2003-03-22, 2003-10-25, 2003-11-15 (+18 more)"
INFO,GAP_WEEKEND,universe_daily,NSE_EQ|INE539A01019,1d,21,"21 special-session days missing: 2003-03-22, 2003-10-25, 2003-11-15 (+18 more)"
INFO,GAP_WEEKEND,universe_daily,NSE_EQ|INE540A01017,1d,10,"10 special-session days missing: 2012-01-07, 2012-03-03, 2012-04-28 (+7 more)"
INFO,GAP_WEEKEND,universe_daily,NSE_EQ|INE540G01014,1d,11,"11 special-session days missing: 2009-10-17, 2010-02-06, 2012-01-07 (+8 more)"
INFO,GAP_WEEKEND,universe_daily,NSE_EQ|INE540H01012,1d,12,"12 special-session days missing: 2006-10-21, 2009-10-17, 2010-02-06 (+9 more)"
INFO,GAP_WEEKEND,universe_daily,NSE_EQ|INE540L01014,1d,1,1 special-session days missing: 2016-10-30
INFO,GAP_WEEKEND,universe_daily,NSE_EQ|INE542C01019,1d,23,"23 special-session days missing: 2003-03-22, 2003-10-25, 2003-11-15 (+20 more)"
INFO,GAP_WEEKEND,universe_daily,NSE_EQ|INE542Z01028,1d,3,"3 special-session days missing: 2016-10-30, 2019-10-27, 2020-02-01"
INFO,GAP_WEEKEND,universe_daily,NSE_EQ|INE543V01017,1d,4,"4 special-session days missing: 2016-10-30, 2019-10-27, 2020-02-01 (+1 more)"
INFO,GAP_WEEKEND,universe_daily,NSE_EQ|INE544A01019,1d,21,"21 special-session days missing: 2003-03-22, 2003-10-25, 2003-11-15 (+18 more)"
INFO,GAP_WEEKEND,universe_daily,NSE_EQ|INE544H01014,1d,9,"9 special-session days missing: 2012-01-07, 2012-03-03, 2012-04-28 (+6 more)"
INFO,GAP_WEEKEND,universe_daily,NSE_EQ|INE544R01021,1d,1,1 special-session days missing: 2016-10-30
INFO,GAP_WEEKEND,universe_daily,NSE_EQ|INE545A01024,1d,21,"21 special-session days missing: 2003-03-22, 2003-10-25, 2003-11-15 (+18 more)"
INFO,GAP_WEEKEND,universe_daily,NSE_EQ|INE545H01011,1d,11,"11 special-session days missing: 2009-10-17, 2010-02-06, 2012-01-07 (+8 more)"
INFO,GAP_WEEKEND,universe_daily,NSE_EQ|INE546Y01022,1d,1,1 special-session days missing: 2020-02-01
INFO,GAP_WEEKEND,universe_daily,NSE_EQ|INE547E01014,1d,15,"15 special-session days missing: 2005-11-26, 2006-04-29, 2006-06-25 (+12 more)"
INFO,GAP_WEEKEND,universe_daily,NSE_EQ|INE548A01028,1d,21,"21 special-session days missing: 2003-03-22, 2003-10-25, 2003-11-15 (+18 more)"
INFO,GAP_WEEKEND,universe_daily,NSE_EQ|INE548C01032,1d,12,"12 special-session days missing: 2006-10-21, 2009-10-17, 2010-02-06 (+9 more)"
INFO,GAP_WEEKEND,universe_daily,NSE_EQ|INE548Z01017,1d,4,"4 special-session days missing: 2016-10-30, 2019-10-27, 2020-02-01 (+1 more)"
INFO,GAP_WEEKEND,universe_daily,NSE_EQ|INE549A01026,1d,21,"21 special-session days missing: 2003-03-22, 2003-10-25, 2003-11-15 (+18 more)"
INFO,GAP_WEEKEND,universe_daily,NSE_EQ|INE550B01022,1d,3,"3 special-session days missing: 2019-10-27, 2020-02-01, 2024-03-02"
INFO,GAP_WEEKEND,universe_daily,NSE_EQ|INE550H01011,1d,11,"11 special-session days missing: 2009-10-17, 2010-02-06, 2012-01-07 (+8 more)"
INFO,GAP_WEEKEND,universe_daily,NSE_EQ|INE555B01013,1d,21,"21 special-session days missing: 2003-03-22, 2003-10-25, 2003-11-15 (+18 more)"
INFO,GAP_WEEKEND,universe_daily,NSE_EQ|INE555Z01020,1d,3,"3 special-session days missing: 2019-10-27, 2020-02-01, 2020-11-14"
INFO,GAP_WEEKEND,universe_daily,NSE_EQ|INE557A01011,1d,21,"21 special-session days missing: 2003-03-22, 2003-10-25, 2003-11-15 (+18 more)"
INFO,GAP_WEEKEND,universe_daily,NSE_EQ|INE557B01019,1d,21,"21 special-session days missing: 2003-03-22, 2003-10-25, 2003-11-15 (+18 more)"
INFO,GAP_WEEKEND,universe_daily,NSE_EQ|INE557Z01018,1d,3,"3 special-session days missing: 2019-10-27, 2020-02-01, 2020-11-14"
INFO,GAP_WEEKEND,universe_daily,NSE_EQ|INE558R01013,1d,3,"3 special-session days missing: 2019-10-27, 2020-02-01, 2020-11-14"
INFO,GAP_WEEKEND,universe_daily,NSE_EQ|INE559A01017,1d,21,"21 special-session days missing: 2003-03-22, 2003-10-25, 2003-11-15 (+18 more)"
INFO,GAP_WEEKEND,universe_daily,NSE_EQ|INE559D01011,1d,9,"9 special-session days missing: 2012-01-07, 2012-03-03, 2012-04-28 (+6 more)"
INFO,GAP_WEEKEND,universe_daily,NSE_EQ|INE560A01023,1d,15,"15 special-session days missing: 2005-11-26, 2006-04-29, 2006-06-25 (+12 more)"
INFO,GAP_WEEKEND,universe_daily,NSE_EQ|INE560K01014,1d,9,"9 special-session days missing: 2012-01-07, 2012-03-03, 2012-04-28 (+6 more)"
INFO,GAP_WEEKEND,universe_daily,NSE_EQ|INE562A01011,1d,11,"11 special-session days missing: 2009-10-17, 2010-02-06, 2012-01-07 (+8 more)"
INFO,GAP_WEEKEND,universe_daily,NSE_EQ|INE562B01019,1d,21,"21 special-session days missing: 2003-03-22, 2003-10-25, 2003-11-15 (+18 more)"
INFO,GAP_WEEKEND,universe_daily,NSE_EQ|INE563J01010,1d,10,"10 special-session days missing: 2010-02-06, 2012-01-07, 2012-03-03 (+7 more)"
INFO,GAP_WEEKEND,universe_daily,NSE_EQ|INE565A01014,1d,21,"21 special-session days missing: 2003-03-22, 2003-10-25, 2003-11-15 (+18 more)"
INFO,GAP_WEEKEND,universe_daily,NSE_EQ|INE566K01011,1d,9,"9 special-session days missing: 2012-01-07, 2012-03-03, 2012-04-28 (+6 more)"
INFO,GAP_WEEKEND,universe_daily,NSE_EQ|INE567A01028,1d,21,"21 special-session days missing: 2003-03-22, 2003-10-25, 2003-11-15 (+18 more)"
INFO,GAP_WEEKEND,universe_daily,NSE_EQ|INE569C01020,1d,14,"14 special-session days missing: 2006-04-29, 2006-06-25, 2006-10-21 (+11 more)"
INFO,GAP_WEEKEND,universe_daily,NSE_EQ|INE571A01038,1d,21,"21 special-session days missing: 2003-03-22, 2003-10-25, 2003-11-15 (+18 more)"
INFO,GAP_WEEKEND,universe_daily,NSE_EQ|INE571B01036,1d,21,"21 special-session days missing: 2003-03-22, 2003-10-25, 2003-11-15 (+18 more)"
INFO,GAP_WEEKEND,universe_daily,NSE_EQ|INE573A01042,1d,21,"21 special-session days missing: 2003-03-22, 2003-10-25, 2003-11-15 (+18 more)"
INFO,GAP_WEEKEND,universe_daily,NSE_EQ|INE573K01025,1d,9,"9 special-session days missing: 2012-01-07, 2012-03-03, 2012-04-28 (+6 more)"
INFO,GAP_WEEKEND,universe_daily,NSE_EQ|INE575C01027,1d,4,"4 special-session days missing: 2016-10-30, 2019-10-27, 2020-02-01 (+1 more)"
INFO,GAP_WEEKEND,universe_daily,NSE_EQ|INE575P01011,1d,4,"4 special-session days missing: 2016-10-30, 2019-10-27, 2020-02-01 (+1 more)"
INFO,GAP_WEEKEND,universe_daily,NSE_EQ|INE576I01022,1d,11,"11 special-session days missing: 2009-10-17, 2010-02-06, 2012-01-07 (+8 more)"
INFO,GAP_WEEKEND,universe_daily,NSE_EQ|INE577A01027,1d,21,"21 special-session days missing: 2003-03-22, 2003-10-25, 2003-11-15 (+18 more)"
INFO,GAP_WEEKEND,universe_daily,NSE_EQ|INE577L01016,1d,9,"9 special-session days missing: 2012-01-07, 2012-03-03, 2012-04-28 (+6 more)"
INFO,GAP_WEEKEND,universe_daily,NSE_EQ|INE578A01017,1d,21,"21 special-session days missing: 2003-03-22, 2003-10-25, 2003-11-15 (+18 more)"
INFO,GAP_WEEKEND,universe_daily,NSE_EQ|INE579C01029,1d,14,"14 special-session days missing: 2006-04-29, 2006-06-25, 2006-10-21 (+11 more)"
INFO,GAP_WEEKEND,universe_daily,NSE_EQ|INE583B01015,1d,21,"21 special-session days missing: 2003-03-22, 2003-10-25, 2003-11-15 (+18 more)"
INFO,GAP_WEEKEND,universe_daily,NSE_EQ|INE583C01021,1d,11,"11 special-session days missing: 2009-10-17, 2010-02-06, 2012-01-07 (+8 more)"
INFO,GAP_WEEKEND,universe_daily,NSE_EQ|INE584A01023,1d,11,"11 special-session days missing: 2009-10-17, 2010-02-06, 2012-01-07 (+8 more)"
INFO,GAP_WEEKEND,universe_daily,NSE_EQ|INE584F01014,1d,16,"16 special-session days missing: 2005-06-04, 2005-11-26, 2006-04-29 (+13 more)"
INFO,GAP_WEEKEND,universe_daily,NSE_EQ|INE585B01010,1d,20,"20 special-session days missing: 2003-10-25, 2003-11-15, 2004-04-17 (+17 more)"
INFO,GAP_WEEKEND,universe_daily,NSE_EQ|INE586B01026,1d,21,"21 special-session days missing: 2003-03-22, 2003-10-25, 2003-11-15 (+18 more)"
INFO,GAP_WEEKEND,universe_daily,NSE_EQ|INE587G01015,1d,1,1 special-session days missing: 2016-10-30
INFO,GAP_WEEKEND,universe_daily,NSE_EQ|INE589A01014,1d,21,"21 special-session days missing: 2003-03-22, 2003-10-25, 2003-11-15 (+18 more)"
INFO,GAP_WEEKEND,universe_daily,NSE_EQ|INE590L01019,1d,9,"9 special-session days missing: 2012-01-07, 2012-03-03, 2012-04-28 (+6 more)"
INFO,GAP_WEEKEND,universe_daily,NSE_EQ|INE591G01025,1d,17,"17 special-session days missing: 2004-10-09, 2005-06-04, 2005-11-26 (+14 more)"
INFO,GAP_WEEKEND,universe_daily,NSE_EQ|INE592A01026,1d,21,"21 special-session days missing: 2003-03-22, 2003-10-25, 2003-11-15 (+18 more)"
INFO,GAP_WEEKEND,universe_daily,NSE_EQ|INE592B01024,1d,11,"11 special-session days missing: 2009-10-17, 2010-02-06, 2012-01-07 (+8 more)"
INFO,GAP_WEEKEND,universe_daily,NSE_EQ|INE594B01012,1d,21,"21 special-session days missing: 2003-03-22, 2003-10-25, 2003-11-15 (+18 more)"
INFO,GAP_WEEKEND,universe_daily,NSE_EQ|INE594H01019,1d,1,1 special-session days missing: 2016-10-30
INFO,GAP_WEEKEND,universe_daily,NSE_EQ|INE596H01014,1d,12,"12 special-session days missing: 2006-10-21, 2009-10-17, 2010-02-06 (+9 more)"
INFO,GAP_WEEKEND,universe_daily,NSE_EQ|INE597I01028,1d,1,1 special-session days missing: 2016-10-30
INFO,GAP_WEEKEND,universe_daily,NSE_EQ|INE597L01014,1d,9,"9 special-session days missing: 2012-01-07, 2012-03-03, 2012-04-28 (+6 more)"
INFO,GAP_WEEKEND,universe_daily,NSE_EQ|INE599M01018,1d,4,"4 special-session days missing: 2013-11-03, 2014-03-22, 2015-02-28 (+1 more)"
INFO,GAP_WEEKEND,universe_daily,NSE_EQ|INE600A01035,1d,2,"2 special-session days missing: 2015-02-28, 2016-10-30"
INFO,GAP_WEEKEND,universe_daily,NSE_EQ|INE600L01024,1d,1,1 special-session days missing: 2016-10-30
INFO,GAP_WEEKEND,universe_daily,NSE_EQ|INE602A01031,1d,21,"21 special-session days missing: 2003-03-22, 2003-10-25, 2003-11-15 (+18 more)"
INFO,GAP_WEEKEND,universe_daily,NSE_EQ|INE602G01020,1d,5,"5 special-session days missing: 2013-05-11, 2013-11-03, 2014-03-22 (+2 more)"
INFO,GAP_WEEKEND,universe_daily,NSE_EQ|INE603A01013,1d,21,"21 special-session days missing: 2003-03-22, 2003-10-25, 2003-11-15 (+18 more)"
INFO,GAP_WEEKEND,universe_daily,NSE_EQ|INE603J01030,1d,9,"9 special-session days missing: 2012-01-07, 2012-03-03, 2012-04-28 (+6 more)"
INFO,GAP_WEEKEND,universe_daily,NSE_EQ|INE606A01024,1d,21,"21 special-session days missing: 2003-03-22, 2003-10-25, 2003-11-15 (+18 more)"
INFO,GAP_WEEKEND,universe_daily,NSE_EQ|INE607D01018,1d,11,"11 special-session days missing: 2009-10-17, 2010-02-06, 2012-01-07 (+8 more)"
INFO,GAP_WEEKEND,universe_daily,NSE_EQ|INE608A01012,1d,9,"9 special-session days missing: 2012-01-07, 2012-03-03, 2012-04-28 (+6 more)"
INFO,GAP_WEEKEND,universe_daily,NSE_EQ|INE610B01024,1d,1,1 special-session days missing: 2019-10-27
INFO,GAP_WEEKEND,universe_daily,NSE_EQ|INE610C01014,1d,1,1 special-session days missing: 2019-10-27
INFO,GAP_WEEKEND,universe_daily,NSE_EQ|INE611L01021,1d,9,"9 special-session days missing: 2012-01-07, 2012-03-03, 2012-04-28 (+6 more)"
INFO,GAP_WEEKEND,universe_daily,NSE_EQ|INE612J01015,1d,5,"5 special-session days missing: 2013-05-11, 2013-11-03, 2014-03-22 (+2 more)"
INFO,GAP_WEEKEND,universe_daily,NSE_EQ|INE613A01020,1d,21,"21 special-session days missing: 2003-03-22, 2003-10-25, 2003-11-15 (+18 more)"
INFO,GAP_WEEKEND,universe_daily,NSE_EQ|INE613B01010,1d,1,1 special-session days missing: 2023-11-12
INFO,GAP_WEEKEND,universe_daily,NSE_EQ|INE614A01028,1d,21,"21 special-session days missing: 2003-03-22, 2003-10-25, 2003-11-15 (+18 more)"
INFO,GAP_WEEKEND,universe_daily,NSE_EQ|INE614B01018,1d,21,"21 special-session days missing: 2003-03-22, 2003-10-25, 2003-11-15 (+18 more)"
INFO,GAP_WEEKEND,universe_daily,NSE_EQ|INE614G01033,1d,11,"11 special-session days missing: 2009-10-17, 2010-02-06, 2012-01-07 (+8 more)"
INFO,GAP_WEEKEND,universe_daily,NSE_EQ|INE615H01020,1d,11,"11 special-session days missing: 2009-10-17, 2010-02-06, 2012-01-07 (+8 more)"
INFO,GAP_WEEKEND,universe_daily,NSE_EQ|INE615I01010,1d,11,"11 special-session days missing: 2009-10-17, 2010-02-06, 2012-01-07 (+8 more)"
INFO,GAP_WEEKEND,universe_daily,NSE_EQ|INE615P01015,1d,1,1 special-session days missing: 2016-10-30
INFO,GAP_WEEKEND,universe_daily,NSE_EQ|INE617A01013,1d,15,"15 special-session days missing: 2005-11-26, 2006-04-29, 2006-06-25 (+12 more)"
INFO,GAP_WEEKEND,universe_daily,NSE_EQ|INE618N01022,1d,1,1 special-session days missing: 2016-10-30
INFO,GAP_WEEKEND,universe_daily,NSE_EQ|INE619I01012,1d,9,"9 special-session days missing: 2012-01-07, 2012-03-03, 2012-04-28 (+6 more)"
INFO,GAP_WEEKEND,universe_daily,NSE_EQ|INE621H01010,1d,11,"11 special-session days missing: 2009-10-17, 2010-02-06, 2012-01-07 (+8 more)"
INFO,GAP_WEEKEND,universe_daily,NSE_EQ|INE621L01012,1d,9,"9 special-session days missing: 2012-01-07, 2012-03-03, 2012-04-28 (+6 more)"
INFO,GAP_WEEKEND,universe_daily,NSE_EQ|INE623A01011,1d,21,"21 special-session days missing: 2003-03-22, 2003-10-25, 2003-11-15 (+18 more)"
INFO,GAP_WEEKEND,universe_daily,NSE_EQ|INE625B01014,1d,21,"21 special-session days missing: 2003-03-22, 2003-10-25, 2003-11-15 (+18 more)"
INFO,GAP_WEEKEND,universe_daily,NSE_EQ|INE625G01013,1d,16,"16 special-session days missing: 2005-06-04, 2005-11-26, 2006-04-29 (+13 more)"
INFO,GAP_WEEKEND,universe_daily,NSE_EQ|INE625X01026,1d,1,1 special-session days missing: 2020-11-14
INFO,GAP_WEEKEND,universe_daily,NSE_EQ|INE627H01017,1d,11,"11 special-session days missing: 2009-10-17, 2010-02-06, 2012-01-07 (+8 more)"
INFO,GAP_WEEKEND,universe_daily,NSE_EQ|INE628A01036,1d,18,"18 special-session days missing: 2004-04-17, 2004-10-09, 2005-06-04 (+15 more)"
INFO,GAP_WEEKEND,universe_daily,NSE_EQ|INE629D01020,1d,11,"11 special-session days missing: 2009-10-17, 2010-02-06, 2012-01-07 (+8 more)"
INFO,GAP_WEEKEND,universe_daily,NSE_EQ|INE630A01024,1d,21,"21 special-session days missing: 2003-03-22, 2003-10-25, 2003-11-15 (+18 more)"
INFO,GAP_WEEKEND,universe_daily,NSE_EQ|INE631A01022,1d,21,"21 special-session days missing: 2003-03-22, 2003-10-25, 2003-11-15 (+18 more)"
INFO,GAP_WEEKEND,universe_daily,NSE_EQ|INE632C01026,1d,1,1 special-session days missing: 2016-10-30
INFO,GAP_WEEKEND,universe_daily,NSE_EQ|INE633B01018,1d,21,"21 special-session days missing: 2003-03-22, 2003-10-25, 2003-11-15 (+18 more)"
INFO,GAP_WEEKEND,universe_daily,NSE_EQ|INE634A01018,1d,21,"21 special-session days missing: 2003-03-22, 2003-10-25, 2003-11-15 (+18 more)"
INFO,GAP_WEEKEND,universe_daily,NSE_EQ|INE634I01029,1d,11,"11 special-session days missing: 2009-10-17, 2010-02-06, 2012-01-07 (+8 more)"
INFO,GAP_WEEKEND,universe_daily,NSE_EQ|INE635A01023,1d,24,"24 special-session days missing: 2003-03-22, 2003-10-25, 2003-11-15 (+21 more)"
INFO,GAP_WEEKEND,universe_daily,NSE_EQ|INE635Q01029,1d,2,"2 special-session days missing: 2015-02-28, 2016-10-30"
INFO,GAP_WEEKEND,universe_daily,NSE_EQ|INE636A01039,1d,12,"12 special-session days missing: 2006-10-21, 2009-10-17, 2010-02-06 (+9 more)"
INFO,GAP_WEEKEND,universe_daily,NSE_EQ|INE637C01025,1d,1,1 special-session days missing: 2016-10-30
INFO,GAP_WEEKEND,universe_daily,NSE_EQ|INE640A01023,1d,21,"21 special-session days missing: 2003-03-22, 2003-10-25, 2003-11-15 (+18 more)"
INFO,GAP_WEEKEND,universe_daily,NSE_EQ|INE640C01011,1d,9,"9 special-session days missing: 2012-01-07, 2012-03-03, 2012-04-28 (+6 more)"
INFO,GAP_WEEKEND,universe_daily,NSE_EQ|INE641C01019,1d,14,"14 special-session days missing: 2009-10-17, 2010-02-06, 2012-01-07 (+11 more)"
INFO,GAP_WEEKEND,universe_daily,NSE_EQ|INE642Y01029,1d,2,"2 special-session days missing: 2019-10-27, 2020-02-01"
INFO,GAP_WEEKEND,universe_daily,NSE_EQ|INE643A01035,1d,21,"21 special-session days missing: 2003-03-22, 2003-10-25, 2003-11-15 (+18 more)"
INFO,GAP_WEEKEND,universe_daily,NSE_EQ|INE644Y01017,1d,1,1 special-session days missing: 2019-10-27
INFO,GAP_WEEKEND,universe_daily,NSE_EQ|INE646C01018,1d,2,"2 special-session days missing: 2016-10-30, 2024-03-02"
INFO,GAP_WEEKEND,universe_daily,NSE_EQ|INE646L01027,1d,1,1 special-session days missing: 2016-10-30
INFO,GAP_WEEKEND,universe_daily,NSE_EQ|INE647A01010,1d,21,"21 special-session days missing: 2003-03-22, 2003-10-25, 2003-11-15 (+18 more)"
INFO,GAP_WEEKEND,universe_daily,NSE_EQ|INE647O01011,1d,4,"4 special-session days missing: 2013-11-03, 2014-03-22, 2015-02-28 (+1 more)"
INFO,GAP_WEEKEND,universe_daily,NSE_EQ|INE650K01021,1d,4,"4 special-session days missing: 2014-03-22, 2015-02-28, 2016-10-30 (+1 more)"
INFO,GAP_WEEKEND,universe_daily,NSE_EQ|INE652F01027,1d,2,"2 special-session days missing: 2015-02-28, 2016-10-30"
INFO,GAP_WEEKEND,universe_daily,NSE_EQ|INE652Z01025,1d,3,"3 special-session days missing: 2019-10-27, 2020-02-01, 2020-11-14"
INFO,GAP_WEEKEND,universe_daily,NSE_EQ|INE655A01013,1d,20,"20 special-session days missing: 2003-10-25, 2003-11-15, 2004-04-17 (+17 more)"
INFO,GAP_WEEKEND,universe_daily,NSE_EQ|INE655B01011,1d,2,"2 special-session days missing: 2015-02-28, 2016-10-30"
INFO,GAP_WEEKEND,universe_daily,NSE_EQ|INE657B01025,1d,5,"5 special-session days missing: 2015-02-28, 2016-10-30, 2019-10-27 (+2 more)"
INFO,GAP_WEEKEND,universe_daily,NSE_EQ|INE658G01014,1d,9,"9 special-session days missing: 2012-01-07, 2012-03-03, 2012-04-28 (+6 more)"
INFO,GAP_WEEKEND,universe_daily,NSE_EQ|INE658T01017,1d,4,"4 special-session days missing: 2016-10-30, 2019-10-27, 2020-02-01 (+1 more)"
INFO,GAP_WEEKEND,universe_daily,NSE_EQ|INE659A01023,1d,21,"21 special-session days missing: 2003-03-22, 2003-10-25, 2003-11-15 (+18 more)"
INFO,GAP_WEEKEND,universe_daily,NSE_EQ|INE660A01013,1d,21,"21 special-session days missing: 2003-03-22, 2003-10-25, 2003-11-15 (+18 more)"
INFO,GAP_WEEKEND,universe_daily,NSE_EQ|INE663B01015,1d,1,1 special-session days missing: 2016-10-30
INFO,GAP_WEEKEND,universe_daily,NSE_EQ|INE663F01032,1d,11,"11 special-session days missing: 2009-10-17, 2010-02-06, 2012-01-07 (+8 more)"
INFO,GAP_WEEKEND,universe_daily,NSE_EQ|INE665A01038,1d,6,"6 special-session days missing: 2012-09-08, 2013-05-11, 2013-11-03 (+3 more)"
INFO,GAP_WEEKEND,universe_daily,NSE_EQ|INE665J01013,1d,5,"5 special-session days missing: 2013-05-11, 2013-11-03, 2014-03-22 (+2 more)"
INFO,GAP_WEEKEND,universe_daily,NSE_EQ|INE667G01023,1d,16,"16 special-session days missing: 2005-06-04, 2005-11-26, 2006-04-29 (+13 more)"
INFO,GAP_WEEKEND,universe_daily,NSE_EQ|INE668D01028,1d,11,"11 special-session days missing: 2009-10-17, 2010-02-06, 2012-01-07 (+8 more)"
INFO,GAP_WEEKEND,universe_daily,NSE_EQ|INE668F01031,1d,11,"11 special-session days missing: 2009-10-17, 2010-02-06, 2012-01-07 (+8 more)"
INFO,GAP_WEEKEND,universe_daily,NSE_EQ|INE669A01022,1d,13,"13 special-session days missing: 2012-01-07, 2012-03-03, 2012-04-28 (+10 more)"
INFO,GAP_WEEKEND,universe_daily,NSE_EQ|INE669E01016,1d,11,"11 special-session days missing: 2009-10-17, 2010-02-06, 2012-01-07 (+8 more)"
INFO,GAP_WEEKEND,universe_daily,NSE_EQ|INE669X01032,1d,2,"2 special-session days missing: 2019-10-27, 2020-02-01"
INFO,GAP_WEEKEND,universe_daily,NSE_EQ|INE670A01012,1d,21,"21 special-session days missing: 2003-03-22, 2003-10-25, 2003-11-15 (+18 more)"
INFO,GAP_WEEKEND,universe_daily,NSE_EQ|INE671A01010,1d,21,"21 special-session days missing: 2003-03-22, 2003-10-25, 2003-11-15 (+18 more)"
INFO,GAP_WEEKEND,universe_daily,NSE_EQ|INE671H01015,1d,11,"11 special-session days missing: 2009-10-17, 2010-02-06, 2012-01-07 (+8 more)"
INFO,GAP_WEEKEND,universe_daily,NSE_EQ|INE672A01026,1d,21,"21 special-session days missing: 2003-03-22, 2003-10-25, 2003-11-15 (+18 more)"
INFO,GAP_WEEKEND,universe_daily,NSE_EQ|INE672B01032,1d,20,"20 special-session days missing: 2003-10-25, 2003-11-15, 2004-04-17 (+17 more)"
INFO,GAP_WEEKEND,universe_daily,NSE_EQ|INE676A01027,1d,21,"21 special-session days missing: 2003-03-22, 2003-10-25, 2003-11-15 (+18 more)"
INFO,GAP_WEEKEND,universe_daily,NSE_EQ|INE680A01011,1d,18,"18 special-session days missing: 2004-04-17, 2004-10-09, 2005-06-04 (+15 more)"
INFO,GAP_WEEKEND,universe_daily,NSE_EQ|INE681B01017,1d,21,"21 special-session days missing: 2003-03-22, 2003-10-25, 2003-11-15 (+18 more)"
INFO,GAP_WEEKEND,universe_daily,NSE_EQ|INE681C01015,1d,22,"22 special-session days missing: 2003-03-22, 2003-10-25, 2003-11-15 (+19 more)"
INFO,GAP_WEEKEND,universe_daily,NSE_EQ|INE683A01023,1d,21,"21 special-session days missing: 2003-03-22, 2003-10-25, 2003-11-15 (+18 more)"
INFO,GAP_WEEKEND,universe_daily,NSE_EQ|INE683C01011,1d,9,"9 special-session days missing: 2012-01-07, 2012-03-03, 2012-04-28 (+6 more)"
INFO,GAP_WEEKEND,universe_daily,NSE_EQ|INE684F01012,1d,11,"11 special-session days missing: 2009-10-17, 2010-02-06, 2012-01-07 (+8 more)"
INFO,GAP_WEEKEND,universe_daily,NSE_EQ|INE685A01028,1d,21,"21 special-session days missing: 2003-03-22, 2003-10-25, 2003-11-15 (+18 more)"
INFO,GAP_WEEKEND,universe_daily,NSE_EQ|INE686A01026,1d,21,"21 special-session days missing: 2003-03-22, 2003-10-25, 2003-11-15 (+18 more)"
INFO,GAP_WEEKEND,universe_daily,NSE_EQ|INE686F01025,1d,11,"11 special-session days missing: 2009-10-17, 2010-02-06, 2012-01-07 (+8 more)"
INFO,GAP_WEEKEND,universe_daily,NSE_EQ|INE688A01022,1d,21,"21 special-session days missing: 2003-03-22, 2003-10-25, 2003-11-15 (+18 more)"
INFO,GAP_WEEKEND,universe_daily,NSE_EQ|INE688D01026,1d,9,"9 special-session days missing: 2012-01-07, 2012-03-03, 2012-04-28 (+6 more)"
INFO,GAP_WEEKEND,universe_daily,NSE_EQ|INE688J01023,1d,11,"11 special-session days missing: 2009-10-17, 2010-02-06, 2012-01-07 (+8 more)"
INFO,GAP_WEEKEND,universe_daily,NSE_EQ|INE690A01028,1d,21,"21 special-session days missing: 2003-03-22, 2003-10-25, 2003-11-15 (+18 more)"
INFO,GAP_WEEKEND,universe_daily,NSE_EQ|INE691A01018,1d,20,"20 special-session days missing: 2003-10-25, 2003-11-15, 2004-04-17 (+17 more)"
INFO,GAP_WEEKEND,universe_daily,NSE_EQ|INE692A01016,1d,21,"21 special-session days missing: 2003-03-22, 2003-10-25, 2003-11-15 (+18 more)"
INFO,GAP_WEEKEND,universe_daily,NSE_EQ|INE692B01014,1d,9,"9 special-session days missing: 2012-01-07, 2012-03-03, 2012-04-28 (+6 more)"
INFO,GAP_WEEKEND,universe_daily,NSE_EQ|INE692G01013,1d,16,"16 special-session days missing: 2005-06-04, 2005-11-26, 2006-04-29 (+13 more)"
INFO,GAP_WEEKEND,universe_daily,NSE_EQ|INE694A01020,1d,21,"21 special-session days missing: 2003-03-22, 2003-10-25, 2003-11-15 (+18 more)"
INFO,GAP_WEEKEND,universe_daily,NSE_EQ|INE694D01016,1d,9,"9 special-session days missing: 2012-01-07, 2012-03-03, 2012-04-28 (+6 more)"
INFO,GAP_WEEKEND,universe_daily,NSE_EQ|INE696K01024,1d,10,"10 special-session days missing: 2012-01-07, 2012-03-03, 2012-04-28 (+7 more)"
INFO,GAP_WEEKEND,universe_daily,NSE_EQ|INE696V01013,1d,3,"3 special-session days missing: 2019-10-27, 2020-02-01, 2020-11-14"
INFO,GAP_WEEKEND,universe_daily,NSE_EQ|INE697V01011,1d,3,"3 special-session days missing: 2019-10-27, 2020-02-01, 2020-11-14"
INFO,GAP_WEEKEND,universe_daily,NSE_EQ|INE699B01027,1d,10,"10 special-session days missing: 2010-02-06, 2012-01-07, 2012-03-03 (+7 more)"
INFO,GAP_WEEKEND,universe_daily,NSE_EQ|INE700A01033,1d,21,"21 special-session days missing: 2003-03-22, 2003-10-25, 2003-11-15 (+18 more)"
INFO,GAP_WEEKEND,universe_daily,NSE_EQ|INE701A01023,1d,21,"21 special-session days missing: 2003-03-22, 2003-10-25, 2003-11-15 (+18 more)"
INFO,GAP_WEEKEND,universe_daily,NSE_EQ|INE702C01027,1d,9,"9 special-session days missing: 2012-01-07, 2012-03-03, 2012-04-28 (+6 more)"
INFO,GAP_WEEKEND,universe_daily,NSE_EQ|INE703B01027,1d,13,"13 special-session days missing: 2006-06-25, 2006-10-21, 2009-10-17 (+10 more)"
INFO,GAP_WEEKEND,universe_daily,NSE_EQ|INE703H01016,1d,11,"11 special-session days missing: 2009-10-17, 2010-02-06, 2012-01-07 (+8 more)"
INFO,GAP_WEEKEND,universe_daily,NSE_EQ|INE704H01022,1d,11,"11 special-session days missing: 2009-10-17, 2010-02-06, 2012-01-07 (+8 more)"
INFO,GAP_WEEKEND,universe_daily,NSE_EQ|INE705X01026,1d,4,"4 special-session days missing: 2016-10-30, 2019-10-27, 2020-02-01 (+1 more)"
INFO,GAP_WEEKEND,universe_daily,NSE_EQ|INE707A01012,1d,21,"21 special-session days missing: 2003-03-22, 2003-10-25, 2003-11-15 (+18 more)"
INFO,GAP_WEEKEND,universe_daily,NSE_EQ|INE709A01018,1d,21,"21 special-session days missing: 2003-03-22, 2003-10-25, 2003-11-15 (+18 more)"
INFO,GAP_WEEKEND,universe_daily,NSE_EQ|INE710A01016,1d,21,"21 special-session days missing: 2003-03-22, 2003-10-25, 2003-11-15 (+18 more)"
INFO,GAP_WEEKEND,universe_daily,NSE_EQ|INE711A01022,1d,21,"21 special-session days missing: 2003-03-22, 2003-10-25, 2003-11-15 (+18 more)"
INFO,GAP_WEEKEND,universe_daily,NSE_EQ|INE712B01010,1d,2,"2 special-session days missing: 2015-02-28, 2016-10-30"
INFO,GAP_WEEKEND,universe_daily,NSE_EQ|INE712K01011,1d,1,1 special-session days missing: 2016-10-30
INFO,GAP_WEEKEND,universe_daily,NSE_EQ|INE713B01026,1d,21,"21 special-session days missing: 2003-03-22, 2003-10-25, 2003-11-15 (+18 more)"
INFO,GAP_WEEKEND,universe_daily,NSE_EQ|INE715A01015,1d,21,"21 special-session days missing: 2003-03-22, 2003-10-25, 2003-11-15 (+18 more)"
INFO,GAP_WEEKEND,universe_daily,NSE_EQ|INE715B01021,1d,21,"21 special-session days missing: 2003-03-22, 2003-10-25, 2003-11-15 (+18 more)"
INFO,GAP_WEEKEND,universe_daily,NSE_EQ|INE715Y01031,1d,3,"3 special-session days missing: 2016-10-30, 2019-10-27, 2020-02-01"
INFO,GAP_WEEKEND,universe_daily,NSE_EQ|INE716A01013,1d,10,"10 special-session days missing: 2010-02-06, 2012-01-07, 2012-03-03 (+7 more)"
INFO,GAP_WEEKEND,universe_daily,NSE_EQ|INE716B01029,1d,21,"21 special-session days missing: 2003-03-22, 2003-10-25, 2003-11-15 (+18 more)"
INFO,GAP_WEEKEND,universe_daily,NSE_EQ|INE718H01014,1d,11,"11 special-session days missing: 2009-10-17, 2010-02-06, 2012-01-07 (+8 more)"
INFO,GAP_WEEKEND,universe_daily,NSE_EQ|INE719F01016,1d,21,"21 special-session days missing: 2006-06-25, 2006-10-21, 2009-10-17 (+18 more)"
INFO,GAP_WEEKEND,universe_daily,NSE_EQ|INE720A01015,1d,21,"21 special-session days missing: 2003-03-22, 2003-10-25, 2003-11-15 (+18 more)"
INFO,GAP_WEEKEND,universe_daily,NSE_EQ|INE721A01047,1d,21,"21 special-session days missing: 2003-03-22, 2003-10-25, 2003-11-15 (+18 more)"
INFO,GAP_WEEKEND,universe_daily,NSE_EQ|INE721Z01010,1d,1,1 special-session days missing: 2020-02-01
INFO,GAP_WEEKEND,universe_daily,NSE_EQ|INE722H01024,1d,11,"11 special-session days missing: 2009-10-17, 2010-02-06, 2012-01-07 (+8 more)"
INFO,GAP_WEEKEND,universe_daily,NSE_EQ|INE722J01012,1d,9,"9 special-session days missing: 2012-01-07, 2012-03-03, 2012-04-28 (+6 more)"
INFO,GAP_WEEKEND,universe_daily,NSE_EQ|INE725A01030,1d,21,"21 special-session days missing: 2003-03-22, 2003-10-25, 2003-11-15 (+18 more)"
INFO,GAP_WEEKEND,universe_daily,NSE_EQ|INE725E01024,1d,9,"9 special-session days missing: 2012-01-07, 2012-03-03, 2012-04-28 (+6 more)"
INFO,GAP_WEEKEND,universe_daily,NSE_EQ|INE725G01011,1d,11,"11 special-session days missing: 2009-10-17, 2010-02-06, 2012-01-07 (+8 more)"
INFO,GAP_WEEKEND,universe_daily,NSE_EQ|INE725L01011,1d,10,"10 special-session days missing: 2012-01-07, 2012-03-03, 2012-04-28 (+7 more)"
INFO,GAP_WEEKEND,universe_daily,NSE_EQ|INE726G01019,1d,1,1 special-session days missing: 2016-10-30
INFO,GAP_WEEKEND,universe_daily,NSE_EQ|INE727B01026,1d,21,"21 special-session days missing: 2003-03-22, 2003-10-25, 2003-11-15 (+18 more)"
INFO,GAP_WEEKEND,universe_daily,NSE_EQ|INE728Z01015,1d,4,"4 special-session days missing: 2015-02-28, 2016-10-30, 2019-10-27 (+1 more)"
INFO,GAP_WEEKEND,universe_daily,NSE_EQ|INE730A01022,1d,1,1 special-session days missing: 2016-10-30
INFO,GAP_WEEKEND,universe_daily,NSE_EQ|INE731A01020,1d,21,"21 special-session days missing: 2003-03-22, 2003-10-25, 2003-11-15 (+18 more)"
INFO,GAP_WEEKEND,universe_daily,NSE_EQ|INE731C01018,1d,12,"12 special-session days missing: 2009-10-17, 2010-02-06, 2012-01-07 (+9 more)"
INFO,GAP_WEEKEND,universe_daily,NSE_EQ|INE731H01025,1d,12,"12 special-session days missing: 2006-10-21, 2009-10-17, 2010-02-06 (+9 more)"
INFO,GAP_WEEKEND,universe_daily,NSE_EQ|INE732A01036,1d,14,"14 special-session days missing: 2006-04-29, 2006-06-25, 2006-10-21 (+11 more)"
INFO,GAP_WEEKEND,universe_daily,NSE_EQ|INE732C01016,1d,11,"11 special-session days missing: 2009-10-17, 2010-02-06, 2012-01-07 (+8 more)"
INFO,GAP_WEEKEND,universe_daily,NSE_EQ|INE732I01021,1d,3,"3 special-session days missing: 2016-10-30, 2019-10-27, 2020-02-01"
INFO,GAP_WEEKEND,universe_daily,NSE_EQ|INE732S01012,1d,1,1 special-session days missing: 2016-10-30
INFO,GAP_WEEKEND,universe_daily,NSE_EQ|INE733A01018,1d,21,"21 special-session days missing: 2003-03-22, 2003-10-25, 2003-11-15 (+18 more)"
INFO,GAP_WEEKEND,universe_daily,NSE_EQ|INE733E01010,1d,16,"16 special-session days missing: 2005-06-04, 2005-11-26, 2006-04-29 (+13 more)"
INFO,GAP_WEEKEND,universe_daily,NSE_EQ|INE734N01019,1d,2,"2 special-session days missing: 2015-02-28, 2016-10-30"
INFO,GAP_WEEKEND,universe_daily,NSE_EQ|INE735M01018,1d,6,"6 special-session days missing: 2012-09-08, 2013-05-11, 2013-11-03 (+3 more)"
INFO,GAP_WEEKEND,universe_daily,NSE_EQ|INE737B01033,1d,21,"21 special-session days missing: 2003-03-22, 2003-10-25, 2003-11-15 (+18 more)"
INFO,GAP_WEEKEND,universe_daily,NSE_EQ|INE737H01014,1d,12,"12 special-session days missing: 2006-10-21, 2009-10-17, 2010-02-06 (+9 more)"
INFO,GAP_WEEKEND,universe_daily,NSE_EQ|INE737W01013,1d,2,"2 special-session days missing: 2015-02-28, 2016-10-30"
INFO,GAP_WEEKEND,universe_daily,NSE_EQ|INE738I01010,1d,11,"11 special-session days missing: 2009-10-17, 2010-02-06, 2012-01-07 (+8 more)"
INFO,GAP_WEEKEND,universe_daily,NSE_EQ|INE738V01013,1d,4,"4 special-session days missing: 2016-10-30, 2019-10-27, 2020-02-01 (+1 more)"
INFO,GAP_WEEKEND,universe_daily,NSE_EQ|INE739E01017,1d,11,"11 special-session days missing: 2009-10-17, 2010-02-06, 2012-01-07 (+8 more)"
INFO,GAP_WEEKEND,universe_daily,NSE_EQ|INE741L01018,1d,5,"5 special-session days missing: 2013-05-11, 2013-11-03, 2014-03-22 (+2 more)"
INFO,GAP_WEEKEND,universe_daily,NSE_EQ|INE742B01025,1d,16,"16 special-session days missing: 2005-06-04, 2005-11-26, 2006-04-29 (+13 more)"
INFO,GAP_WEEKEND,universe_daily,NSE_EQ|INE742C01031,1d,21,"21 special-session days missing: 2003-03-22, 2003-10-25, 2003-11-15 (+18 more)"
INFO,GAP_WEEKEND,universe_daily,NSE_EQ|INE742F01042,1d,11,"11 special-session days missing: 2009-10-17, 2010-02-06, 2012-01-07 (+8 more)"
INFO,GAP_WEEKEND,universe_daily,NSE_EQ|INE743M01012,1d,7,"7 special-session days missing: 2012-04-28, 2012-09-08, 2013-05-11 (+4 more)"
INFO,GAP_WEEKEND,universe_daily,NSE_EQ|INE745G01043,1d,7,"7 special-session days missing: 2012-04-28, 2012-09-08, 2013-05-11 (+4 more)"
INFO,GAP_WEEKEND,universe_daily,NSE_EQ|INE747B01016,1d,2,"2 special-session days missing: 2015-02-28, 2016-10-30"
INFO,GAP_WEEKEND,universe_daily,NSE_EQ|INE747K01017,1d,5,"5 special-session days missing: 2015-02-28, 2016-10-30, 2019-10-27 (+2 more)"
INFO,GAP_WEEKEND,universe_daily,NSE_EQ|INE749A01030,1d,21,"21 special-session days missing: 2003-03-22, 2003-10-25, 2003-11-15 (+18 more)"
INFO,GAP_WEEKEND,universe_daily,NSE_EQ|INE749B01020,1d,24,"24 special-session days missing: 2003-03-22, 2003-10-25, 2003-11-15 (+21 more)"
INFO,GAP_WEEKEND,universe_daily,NSE_EQ|INE750A01020,1d,21,"21 special-session days missing: 2003-03-22, 2003-10-25, 2003-11-15 (+18 more)"
INFO,GAP_WEEKEND,universe_daily,NSE_EQ|INE750C01026,1d,21,"21 special-session days missing: 2003-03-22, 2003-10-25, 2003-11-15 (+18 more)"
INFO,GAP_WEEKEND,universe_daily,NSE_EQ|INE750M01017,1d,7,"7 special-session days missing: 2012-04-28, 2012-09-08, 2013-05-11 (+4 more)"
INFO,GAP_WEEKEND,universe_daily,NSE_EQ|INE751B01018,1d,4,"4 special-session days missing: 2016-10-30, 2019-10-27, 2020-02-01 (+1 more)"
INFO,GAP_WEEKEND,universe_daily,NSE_EQ|INE752E01010,1d,11,"11 special-session days missing: 2009-10-17, 2010-02-06, 2012-01-07 (+8 more)"
INFO,GAP_WEEKEND,universe_daily,NSE_EQ|INE752G01015,1d,15,"15 special-session days missing: 2005-11-26, 2006-04-29, 2006-06-25 (+12 more)"
INFO,GAP_WEEKEND,universe_daily,NSE_EQ|INE752H01013,1d,5,"5 special-session days missing: 2013-05-11, 2013-11-03, 2014-03-22 (+2 more)"
INFO,GAP_WEEKEND,universe_daily,NSE_EQ|INE754A01055,1d,20,"20 special-session days missing: 2003-10-25, 2003-11-15, 2004-04-17 (+17 more)"
INFO,GAP_WEEKEND,universe_daily,NSE_EQ|INE754X01016,1d,3,"3 special-session days missing: 2015-02-28, 2016-10-30, 2019-10-27"
INFO,GAP_WEEKEND,universe_daily,NSE_EQ|INE756C01015,1d,2,"2 special-session days missing: 2016-10-30, 2019-10-27"
INFO,GAP_WEEKEND,universe_daily,NSE_EQ|INE757A01017,1d,21,"21 special-session days missing: 2003-03-22, 2003-10-25, 2003-11-15 (+18 more)"
INFO,GAP_WEEKEND,universe_daily,NSE_EQ|INE758C01029,1d,10,"10 special-session days missing: 2010-02-06, 2012-01-07, 2012-03-03 (+7 more)"
INFO,GAP_WEEKEND,universe_daily,NSE_EQ|INE759A01021,1d,21,"21 special-session days missing: 2003-03-22, 2003-10-25, 2003-11-15 (+18 more)"
INFO,GAP_WEEKEND,universe_daily,NSE_EQ|INE760A01029,1d,11,"11 special-session days missing: 2009-10-17, 2010-02-06, 2012-01-07 (+8 more)"
INFO,GAP_WEEKEND,universe_daily,NSE_EQ|INE760L01018,1d,6,"6 special-session days missing: 2012-09-08, 2013-05-11, 2013-11-03 (+3 more)"
INFO,GAP_WEEKEND,universe_daily,NSE_EQ|INE761H01022,1d,11,"11 special-session days missing: 2009-10-17, 2010-02-06, 2012-01-07 (+8 more)"
INFO,GAP_WEEKEND,universe_daily,NSE_EQ|INE761Y01019,1d,1,1 special-session days missing: 2020-11-14
INFO,GAP_WEEKEND,universe_daily,NSE_EQ|INE763I01026,1d,11,"11 special-session days missing: 2009-10-17, 2010-02-06, 2012-01-07 (+8 more)"
INFO,GAP_WEEKEND,universe_daily,NSE_EQ|INE764D01017,1d,9,"9 special-session days missing: 2012-01-07, 2012-03-03, 2012-04-28 (+6 more)"
INFO,GAP_WEEKEND,universe_daily,NSE_EQ|INE767A01016,1d,20,"20 special-session days missing: 2003-10-25, 2003-11-15, 2004-04-17 (+17 more)"
INFO,GAP_WEEKEND,universe_daily,NSE_EQ|INE768C01028,1d,10,"10 special-session days missing: 2010-02-06, 2012-01-07, 2012-03-03 (+7 more)"
INFO,GAP_WEEKEND,universe_daily,NSE_EQ|INE769A01020,1d,21,"21 special-session days missing: 2003-03-22, 2003-10-25, 2003-11-15 (+18 more)"
INFO,GAP_WEEKEND,universe_daily,NSE_EQ|INE771A01026,1d,21,"21 special-session days missing: 2003-03-22, 2003-10-25, 2003-11-15 (+18 more)"
INFO,GAP_WEEKEND,universe_daily,NSE_EQ|INE774D01024,1d,14,"14 special-session days missing: 2006-04-29, 2006-06-25, 2006-10-21 (+11 more)"
INFO,GAP_WEEKEND,universe_daily,NSE_EQ|INE775A01035,1d,21,"21 special-session days missing: 2003-03-22, 2003-10-25, 2003-11-15 (+18 more)"
INFO,GAP_WEEKEND,universe_daily,NSE_EQ|INE776C01039,1d,12,"12 special-session days missing: 2006-10-21, 2009-10-17, 2010-02-06 (+9 more)"
INFO,GAP_WEEKEND,universe_daily,NSE_EQ|INE778B01029,1d,9,"9 special-session days missing: 2012-01-07, 2012-03-03, 2012-04-28 (+6 more)"
INFO,GAP_WEEKEND,universe_daily,NSE_EQ|INE778K01012,1d,10,"10 special-session days missing: 2012-01-07, 2012-03-03, 2012-04-28 (+7 more)"
INFO,GAP_WEEKEND,universe_daily,NSE_EQ|INE780C01023,1d,21,"21 special-session days missing: 2003-03-22, 2003-10-25, 2003-11-15 (+18 more)"
INFO,GAP_WEEKEND,universe_daily,NSE_EQ|INE781B01015,1d,20,"20 special-session days missing: 2003-10-25, 2003-11-15, 2004-04-17 (+17 more)"
INFO,GAP_WEEKEND,universe_daily,NSE_EQ|INE782A01015,1d,21,"21 special-session days missing: 2003-03-22, 2003-10-25, 2003-11-15 (+18 more)"
INFO,GAP_WEEKEND,universe_daily,NSE_EQ|INE782E01017,1d,1,1 special-session days missing: 2016-10-30
INFO,GAP_WEEKEND,universe_daily,NSE_EQ|INE785A01026,1d,21,"21 special-session days missing: 2003-03-22, 2003-10-25, 2003-11-15 (+18 more)"
INFO,GAP_WEEKEND,universe_daily,NSE_EQ|INE785M01021,1d,5,"5 special-session days missing: 2013-05-11, 2013-11-03, 2014-03-22 (+2 more)"
INFO,GAP_WEEKEND,universe_daily,NSE_EQ|INE786A01032,1d,21,"21 special-session days missing: 2003-03-22, 2003-10-25, 2003-11-15 (+18 more)"
INFO,GAP_WEEKEND,universe_daily,NSE_EQ|INE786F01031,1d,14,"14 special-session days missing: 2006-04-29, 2006-06-25, 2006-10-21 (+11 more)"
INFO,GAP_WEEKEND,universe_daily,NSE_EQ|INE786W01010,1d,2,"2 special-session days missing: 2019-10-27, 2020-11-14"
INFO,GAP_WEEKEND,universe_daily,NSE_EQ|INE787D01026,1d,14,"14 special-session days missing: 2006-04-29, 2006-06-25, 2006-10-21 (+11 more)"
INFO,GAP_WEEKEND,universe_daily,NSE_EQ|INE788H01017,1d,11,"11 special-session days missing: 2009-10-17, 2010-02-06, 2012-01-07 (+8 more)"
INFO,GAP_WEEKEND,universe_daily,NSE_EQ|INE789E01012,1d,15,"15 special-session days missing: 2005-11-26, 2006-04-29, 2006-06-25 (+12 more)"
INFO,GAP_WEEKEND,universe_daily,NSE_EQ|INE790G01031,1d,10,"10 special-session days missing: 2010-02-06, 2012-01-07, 2012-03-03 (+7 more)"
INFO,GAP_WEEKEND,universe_daily,NSE_EQ|INE791A01024,1d,9,"9 special-session days missing: 2012-01-07, 2012-03-03, 2012-04-28 (+6 more)"
INFO,GAP_WEEKEND,universe_daily,NSE_EQ|INE791I01019,1d,11,"11 special-session days missing: 2009-10-17, 2010-02-06, 2012-01-07 (+8 more)"
INFO,GAP_WEEKEND,universe_daily,NSE_EQ|INE792B01012,1d,14,"14 special-session days missing: 2009-10-17, 2010-02-06, 2012-01-07 (+11 more)"
INFO,GAP_WEEKEND,universe_daily,NSE_EQ|INE792H01019,1d,11,"11 special-session days missing: 2009-10-17, 2010-02-06, 2012-01-07 (+8 more)"
INFO,GAP_WEEKEND,universe_daily,NSE_EQ|INE793A01012,1d,21,"21 special-session days missing: 2003-03-22, 2003-10-25, 2003-11-15 (+18 more)"
INFO,GAP_WEEKEND,universe_daily,NSE_EQ|INE794A01010,1d,21,"21 special-session days missing: 2003-03-22, 2003-10-25, 2003-11-15 (+18 more)"
INFO,GAP_WEEKEND,universe_daily,NSE_EQ|INE794B01026,1d,21,"21 special-session days missing: 2003-03-22, 2003-10-25, 2003-11-15 (+18 more)"
INFO,GAP_WEEKEND,universe_daily,NSE_EQ|INE796G01012,1d,9,"9 special-session days missing: 2012-01-07, 2012-03-03, 2012-04-28 (+6 more)"
INFO,GAP_WEEKEND,universe_daily,NSE_EQ|INE797F01020,1d,9,"9 special-session days missing: 2012-01-07, 2012-03-03, 2012-04-28 (+6 more)"
INFO,GAP_WEEKEND,universe_daily,NSE_EQ|INE797H01018,1d,11,"11 special-session days missing: 2009-10-17, 2010-02-06, 2012-01-07 (+8 more)"
INFO,GAP_WEEKEND,universe_daily,NSE_EQ|INE800H01010,1d,11,"11 special-session days missing: 2009-10-17, 2010-02-06, 2012-01-07 (+8 more)"
INFO,GAP_WEEKEND,universe_daily,NSE_EQ|INE801L01010,1d,2,"2 special-session days missing: 2019-10-27, 2020-02-01"
INFO,GAP_WEEKEND,universe_daily,NSE_EQ|INE801V01019,1d,3,"3 special-session days missing: 2019-10-27, 2020-02-01, 2020-11-14"
INFO,GAP_WEEKEND,universe_daily,NSE_EQ|INE802B01027,1d,1,1 special-session days missing: 2016-10-30
INFO,GAP_WEEKEND,universe_daily,NSE_EQ|INE802C01033,1d,15,"15 special-session days missing: 2005-11-26, 2006-04-29, 2006-06-25 (+12 more)"
INFO,GAP_WEEKEND,universe_daily,NSE_EQ|INE802W01023,1d,1,1 special-session days missing: 2025-02-01
INFO,GAP_WEEKEND,universe_daily,NSE_EQ|INE803H01014,1d,11,"11 special-session days missing: 2009-10-17, 2010-02-06, 2012-01-07 (+8 more)"
INFO,GAP_WEEKEND,universe_daily,NSE_EQ|INE804H01012,1d,11,"11 special-session days missing: 2009-10-17, 2010-02-06, 2012-01-07 (+8 more)"
INFO,GAP_WEEKEND,universe_daily,NSE_EQ|INE804L01022,1d,24,"24 special-session days missing: 2003-03-22, 2003-10-25, 2003-11-15 (+21 more)"
INFO,GAP_WEEKEND,universe_daily,NSE_EQ|INE805C01028,1d,21,"21 special-session days missing: 2003-03-22, 2003-10-25, 2003-11-15 (+18 more)"
INFO,GAP_WEEKEND,universe_daily,NSE_EQ|INE805D01034,1d,10,"10 special-session days missing: 2010-02-06, 2012-01-07, 2012-03-03 (+7 more)"
INFO,GAP_WEEKEND,universe_daily,NSE_EQ|INE806A01020,1d,9,"9 special-session days missing: 2012-01-07, 2012-03-03, 2012-04-28 (+6 more)"
INFO,GAP_WEEKEND,universe_daily,NSE_EQ|INE807F01027,1d,1,1 special-session days missing: 2016-10-30
INFO,GAP_WEEKEND,universe_daily,NSE_EQ|INE809A01032,1d,4,"4 special-session days missing: 2016-10-30, 2019-10-27, 2020-02-01 (+1 more)"
INFO,GAP_WEEKEND,universe_daily,NSE_EQ|INE811K01011,1d,9,"9 special-session days missing: 2012-01-07, 2012-03-03, 2012-04-28 (+6 more)"
INFO,GAP_WEEKEND,universe_daily,NSE_EQ|INE812G01025,1d,11,"11 special-session days missing: 2009-10-17, 2010-02-06, 2012-01-07 (+8 more)"
INFO,GAP_WEEKEND,universe_daily,NSE_EQ|INE813A01018,1d,21,"21 special-session days missing: 2003-03-22, 2003-10-25, 2003-11-15 (+18 more)"
INFO,GAP_WEEKEND,universe_daily,NSE_EQ|INE813H01021,1d,11,"11 special-session days missing: 2009-10-17, 2010-02-06, 2012-01-07 (+8 more)"
INFO,GAP_WEEKEND,universe_daily,NSE_EQ|INE814H01029,1d,11,"11 special-session days missing: 2009-10-17, 2010-02-06, 2012-01-07 (+8 more)"
INFO,GAP_WEEKEND,universe_daily,NSE_EQ|INE816B01035,1d,9,"9 special-session days missing: 2012-01-07, 2012-03-03, 2012-04-28 (+6 more)"
INFO,GAP_WEEKEND,universe_daily,NSE_EQ|INE818A01017,1d,12,"12 special-session days missing: 2006-10-21, 2009-10-17, 2010-02-06 (+9 more)"
INFO,GAP_WEEKEND,universe_daily,NSE_EQ|INE818H01020,1d,11,"11 special-session days missing: 2009-10-17, 2010-02-06, 2012-01-07 (+8 more)"
INFO,GAP_WEEKEND,universe_daily,NSE_EQ|INE819L01012,1d,21,"21 special-session days missing: 2003-03-22, 2003-10-25, 2003-11-15 (+18 more)"
INFO,GAP_WEEKEND,universe_daily,NSE_EQ|INE820Y01021,1d,4,"4 special-session days missing: 2016-10-30, 2019-10-27, 2020-02-01 (+1 more)"
INFO,GAP_WEEKEND,universe_daily,NSE_EQ|INE821I01022,1d,11,"11 special-session days missing: 2009-10-17, 2010-02-06, 2012-01-07 (+8 more)"
INFO,GAP_WEEKEND,universe_daily,NSE_EQ|INE822G01016,1d,11,"11 special-session days missing: 2009-10-17, 2010-02-06, 2012-01-07 (+8 more)"
INFO,GAP_WEEKEND,universe_daily,NSE_EQ|INE823A01017,1d,21,"21 special-session days missing: 2003-03-22, 2003-10-25, 2003-11-15 (+18 more)"
INFO,GAP_WEEKEND,universe_daily,NSE_EQ|INE823G01014,1d,14,"14 special-session days missing: 2006-04-29, 2006-06-25, 2006-10-21 (+11 more)"
INFO,GAP_WEEKEND,universe_daily,NSE_EQ|INE824G01012,1d,15,"15 special-session days missing: 2005-11-26, 2006-04-29, 2006-06-25 (+12 more)"
INFO,GAP_WEEKEND,universe_daily,NSE_EQ|INE824Q01011,1d,1,1 special-session days missing: 2016-10-30
INFO,GAP_WEEKEND,universe_daily,NSE_EQ|INE825A01020,1d,21,"21 special-session days missing: 2003-03-22, 2003-10-25, 2003-11-15 (+18 more)"
INFO,GAP_WEEKEND,universe_daily,NSE_EQ|INE826C01016,1d,11,"11 special-session days missing: 2009-10-17, 2010-02-06, 2012-01-07 (+8 more)"
INFO,GAP_WEEKEND,universe_daily,NSE_EQ|INE828A01016,1d,21,"21 special-session days missing: 2003-03-22, 2003-10-25, 2003-11-15 (+18 more)"
INFO,GAP_WEEKEND,universe_daily,NSE_EQ|INE830Q01018,1d,2,"2 special-session days missing: 2016-10-30, 2019-10-27"
INFO,GAP_WEEKEND,universe_daily,NSE_EQ|INE831A01028,1d,21,"21 special-session days missing: 2003-03-22, 2003-10-25, 2003-11-15 (+18 more)"
INFO,GAP_WEEKEND,universe_daily,NSE_EQ|INE832A01018,1d,1,1 special-session days missing: 2019-10-27
INFO,GAP_WEEKEND,universe_daily,NSE_EQ|INE834M01019,1d,6,"6 special-session days missing: 2012-09-08, 2013-05-11, 2013-11-03 (+3 more)"
INFO,GAP_WEEKEND,universe_daily,NSE_EQ|INE835A01029,1d,22,"22 special-session days missing: 2003-03-22, 2003-10-25, 2003-11-15 (+19 more)"
INFO,GAP_WEEKEND,universe_daily,NSE_EQ|INE835D01023,1d,11,"11 special-session days missing: 2009-10-17, 2010-02-06, 2012-01-07 (+8 more)"
INFO,GAP_WEEKEND,universe_daily,NSE_EQ|INE835G01018,1d,16,"16 special-session days missing: 2005-06-04, 2005-11-26, 2006-04-29 (+13 more)"
INFO,GAP_WEEKEND,universe_daily,NSE_EQ|INE836A01035,1d,21,"21 special-session days missing: 2003-03-22, 2003-10-25, 2003-11-15 (+18 more)"
INFO,GAP_WEEKEND,universe_daily,NSE_EQ|INE836B01017,1d,1,1 special-session days missing: 2016-10-30
INFO,GAP_WEEKEND,universe_daily,NSE_EQ|INE836F01026,1d,11,"11 special-session days missing: 2009-10-17, 2010-02-06, 2012-01-07 (+8 more)"
INFO,GAP_WEEKEND,universe_daily,NSE_EQ|INE837H01020,1d,1,1 special-session days missing: 2016-10-30
INFO,GAP_WEEKEND,universe_daily,NSE_EQ|INE838B01021,1d,21,"21 special-session days missing: 2003-03-22, 2003-10-25, 2003-11-15 (+18 more)"
INFO,GAP_WEEKEND,universe_daily,NSE_EQ|INE838E01017,1d,22,"22 special-session days missing: 2003-03-22, 2003-10-25, 2003-11-15 (+19 more)"
INFO,GAP_WEEKEND,universe_daily,NSE_EQ|INE839M01018,1d,7,"7 special-session days missing: 2012-04-28, 2012-09-08, 2013-05-11 (+4 more)"
INFO,GAP_WEEKEND,universe_daily,NSE_EQ|INE840M01016,1d,5,"5 special-session days missing: 2013-05-11, 2013-11-03, 2014-03-22 (+2 more)"
INFO,GAP_WEEKEND,universe_daily,NSE_EQ|INE841B01017,1d,11,"11 special-session days missing: 2009-10-17, 2010-02-06, 2012-01-07 (+8 more)"
INFO,GAP_WEEKEND,universe_daily,NSE_EQ|INE842C01021,1d,7,"7 special-session days missing: 2012-04-28, 2012-09-08, 2013-05-11 (+4 more)"
INFO,GAP_WEEKEND,universe_daily,NSE_EQ|INE844A01013,1d,9,"9 special-session days missing: 2012-01-07, 2012-03-03, 2012-04-28 (+6 more)"
INFO,GAP_WEEKEND,universe_daily,NSE_EQ|INE844K01012,1d,9,"9 special-session days missing: 2012-01-07, 2012-03-03, 2012-04-28 (+6 more)"
INFO,GAP_WEEKEND,universe_daily,NSE_EQ|INE844O01030,1d,21,"21 special-session days missing: 2003-03-22, 2003-10-25, 2003-11-15 (+18 more)"
INFO,GAP_WEEKEND,universe_daily,NSE_EQ|INE845D01014,1d,1,1 special-session days missing: 2016-10-30
INFO,GAP_WEEKEND,universe_daily,NSE_EQ|INE847C01020,1d,5,"5 special-session days missing: 2013-05-11, 2013-11-03, 2014-03-22 (+2 more)"
INFO,GAP_WEEKEND,universe_daily,NSE_EQ|INE848A01014,1d,11,"11 special-session days missing: 2009-10-17, 2010-02-06, 2012-01-07 (+8 more)"
INFO,GAP_WEEKEND,universe_daily,NSE_EQ|INE848E01016,1d,11,"11 special-session days missing: 2009-10-17, 2010-02-06, 2012-01-07 (+8 more)"
INFO,GAP_WEEKEND,universe_daily,NSE_EQ|INE849A01020,1d,21,"21 special-session days missing: 2003-03-22, 2003-10-25, 2003-11-15 (+18 more)"
INFO,GAP_WEEKEND,universe_daily,NSE_EQ|INE850E01012,1d,1,1 special-session days missing: 2016-10-30
INFO,GAP_WEEKEND,universe_daily,NSE_EQ|INE854B01010,1d,21,"21 special-session days missing: 2003-03-22, 2003-10-25, 2003-11-15 (+18 more)"
INFO,GAP_WEEKEND,universe_daily,NSE_EQ|INE854D01024,1d,21,"21 special-session days missing: 2003-03-22, 2003-10-25, 2003-11-15 (+18 more)"
INFO,GAP_WEEKEND,universe_daily,NSE_EQ|INE855B01025,1d,11,"11 special-session days missing: 2009-10-17, 2010-02-06, 2012-01-07 (+8 more)"
INFO,GAP_WEEKEND,universe_daily,NSE_EQ|INE855C01023,1d,9,"9 special-session days missing: 2012-01-07, 2012-03-03, 2012-04-28 (+6 more)"
INFO,GAP_WEEKEND,universe_daily,NSE_EQ|INE858F01012,1d,14,"14 special-session days missing: 2006-04-29, 2006-06-25, 2006-10-21 (+11 more)"
INFO,GAP_WEEKEND,universe_daily,NSE_EQ|INE859A01011,1d,21,"21 special-session days missing: 2003-03-22, 2003-10-25, 2003-11-15 (+18 more)"
INFO,GAP_WEEKEND,universe_daily,NSE_EQ|INE859Q01017,1d,1,1 special-session days missing: 2016-10-30
INFO,GAP_WEEKEND,universe_daily,NSE_EQ|INE860A01027,1d,21,"21 special-session days missing: 2003-03-22, 2003-10-25, 2003-11-15 (+18 more)"
INFO,GAP_WEEKEND,universe_daily,NSE_EQ|INE862Y01015,1d,1,1 special-session days missing: 2020-02-01
INFO,GAP_WEEKEND,universe_daily,NSE_EQ|INE863B01029,1d,1,1 special-session days missing: 2016-10-30
INFO,GAP_WEEKEND,universe_daily,NSE_EQ|INE863I01016,1d,9,"9 special-session days missing: 2012-01-07, 2012-03-03, 2012-04-28 (+6 more)"
INFO,GAP_WEEKEND,universe_daily,NSE_EQ|INE865C01022,1d,9,"9 special-session days missing: 2012-01-07, 2012-03-03, 2012-04-28 (+6 more)"
INFO,GAP_WEEKEND,universe_daily,NSE_EQ|INE865T01018,1d,1,1 special-session days missing: 2016-10-30
INFO,GAP_WEEKEND,universe_daily,NSE_EQ|INE868B01028,1d,21,"21 special-session days missing: 2003-03-22, 2003-10-25, 2003-11-15 (+18 more)"
INFO,GAP_WEEKEND,universe_daily,NSE_EQ|INE869Y01028,1d,2,"2 special-session days missing: 2019-10-27, 2020-02-01"
INFO,GAP_WEEKEND,universe_daily,NSE_EQ|INE870D01012,1d,11,"11 special-session days missing: 2009-10-17, 2010-02-06, 2012-01-07 (+8 more)"
INFO,GAP_WEEKEND,universe_daily,NSE_EQ|INE870H01013,1d,11,"11 special-session days missing: 2009-10-17, 2010-02-06, 2012-01-07 (+8 more)"
INFO,GAP_WEEKEND,universe_daily,NSE_EQ|INE871C01038,1d,1,1 special-session days missing: 2016-10-30
INFO,GAP_WEEKEND,universe_daily,NSE_EQ|INE871H01011,1d,11,"11 special-session days missing: 2009-10-17, 2010-02-06, 2012-01-07 (+8 more)"
INFO,GAP_WEEKEND,universe_daily,NSE_EQ|INE872H01027,1d,11,"11 special-session days missing: 2009-10-17, 2010-02-06, 2012-01-07 (+8 more)"
INFO,GAP_WEEKEND,universe_daily,NSE_EQ|INE873D01024,1d,16,"16 special-session days missing: 2005-06-04, 2005-11-26, 2006-04-29 (+13 more)"
INFO,GAP_WEEKEND,universe_daily,NSE_EQ|INE874F01027,1d,23,"23 special-session days missing: 2003-03-22, 2003-10-25, 2003-11-15 (+20 more)"
INFO,GAP_WEEKEND,universe_daily,NSE_EQ|INE874I01013,1d,9,"9 special-session days missing: 2012-01-07, 2012-03-03, 2012-04-28 (+6 more)"
INFO,GAP_WEEKEND,universe_daily,NSE_EQ|INE875G01048,1d,14,"14 special-session days missing: 2006-04-29, 2006-06-25, 2006-10-21 (+11 more)"
INFO,GAP_WEEKEND,universe_daily,NSE_EQ|INE875R01011,1d,1,1 special-session days missing: 2016-10-30
INFO,GAP_WEEKEND,universe_daily,NSE_EQ|INE876N01018,1d,4,"4 special-session days missing: 2013-11-03, 2014-03-22, 2015-02-28 (+1 more)"
INFO,GAP_WEEKEND,universe_daily,NSE_EQ|INE877F01012,1d,18,"18 special-session days missing: 2004-04-17, 2004-10-09, 2005-06-04 (+15 more)"
INFO,GAP_WEEKEND,universe_daily,NSE_EQ|INE877I01016,1d,11,"11 special-session days missing: 2009-10-17, 2010-02-06, 2012-01-07 (+8 more)"
INFO,GAP_WEEKEND,universe_daily,NSE_EQ|INE878A01011,1d,21,"21 special-session days missing: 2003-03-22, 2003-10-25, 2003-11-15 (+18 more)"
INFO,GAP_WEEKEND,universe_daily,NSE_EQ|INE878B01027,1d,14,"14 special-session days missing: 2006-04-29, 2006-06-25, 2006-10-21 (+11 more)"
INFO,GAP_WEEKEND,universe_daily,NSE_EQ|INE878H01024,1d,9,"9 special-session days missing: 2012-01-07, 2012-03-03, 2012-04-28 (+6 more)"
INFO,GAP_WEEKEND,universe_daily,NSE_EQ|INE878K01010,1d,9,"9 special-session days missing: 2012-01-07, 2012-03-03, 2012-04-28 (+6 more)"
INFO,GAP_WEEKEND,universe_daily,NSE_EQ|INE879A01019,1d,21,"21 special-session days missing: 2003-03-22, 2003-10-25, 2003-11-15 (+18 more)"
INFO,GAP_WEEKEND,universe_daily,NSE_EQ|INE879E01037,1d,10,"10 special-session days missing: 2012-01-07, 2012-03-03, 2012-04-28 (+7 more)"
INFO,GAP_WEEKEND,universe_daily,NSE_EQ|INE879I01012,1d,9,"9 special-session days missing: 2012-01-07, 2012-03-03, 2012-04-28 (+6 more)"
INFO,GAP_WEEKEND,universe_daily,NSE_EQ|INE880Y01017,1d,2,"2 special-session days missing: 2019-10-27, 2020-02-01"
INFO,GAP_WEEKEND,universe_daily,NSE_EQ|INE881D01027,1d,21,"21 special-session days missing: 2003-03-22, 2003-10-25, 2003-11-15 (+18 more)"
INFO,GAP_WEEKEND,universe_daily,NSE_EQ|INE882A01013,1d,21,"21 special-session days missing: 2003-03-22, 2003-10-25, 2003-11-15 (+18 more)"
INFO,GAP_WEEKEND,universe_daily,NSE_EQ|INE883A01011,1d,21,"21 special-session days missing: 2003-03-22, 2003-10-25, 2003-11-15 (+18 more)"
INFO,GAP_WEEKEND,universe_daily,NSE_EQ|INE883N01014,1d,1,1 special-session days missing: 2016-10-30
INFO,GAP_WEEKEND,universe_daily,NSE_EQ|INE884A01027,1d,9,"9 special-session days missing: 2012-01-07, 2012-03-03, 2012-04-28 (+6 more)"
INFO,GAP_WEEKEND,universe_daily,NSE_EQ|INE885A01032,1d,21,"21 special-session days missing: 2003-03-22, 2003-10-25, 2003-11-15 (+18 more)"
INFO,GAP_WEEKEND,universe_daily,NSE_EQ|INE885F01015,1d,4,"4 special-session days missing: 2016-10-30, 2019-10-27, 2023-11-12 (+1 more)"
INFO,GAP_WEEKEND,universe_daily,NSE_EQ|INE886A01014,1d,10,"10 special-session days missing: 2012-01-07, 2012-03-03, 2012-04-28 (+7 more)"
INFO,GAP_WEEKEND,universe_daily,NSE_EQ|INE887G01027,1d,9,"9 special-session days missing: 2012-01-07, 2012-03-03, 2012-04-28 (+6 more)"
INFO,GAP_WEEKEND,universe_daily,NSE_EQ|INE891B01012,1d,13,"13 special-session days missing: 2012-01-07, 2012-03-03, 2012-04-28 (+10 more)"
INFO,GAP_WEEKEND,universe_daily,NSE_EQ|INE891D01026,1d,11,"11 special-session days missing: 2009-10-17, 2010-02-06, 2012-01-07 (+8 more)"
INFO,GAP_WEEKEND,universe_daily,NSE_EQ|INE893I01013,1d,9,"9 special-session days missing: 2012-01-07, 2012-03-03, 2012-04-28 (+6 more)"
INFO,GAP_WEEKEND,universe_daily,NSE_EQ|INE893J01029,1d,2,"2 special-session days missing: 2015-02-28, 2016-10-30"
INFO,GAP_WEEKEND,universe_daily,NSE_EQ|INE895B01021,1d,9,"9 special-session days missing: 2012-01-07, 2012-03-03, 2012-04-28 (+6 more)"
INFO,GAP_WEEKEND,universe_daily,NSE_EQ|INE898S01029,1d,1,1 special-session days missing: 2016-10-30
INFO,GAP_WEEKEND,universe_daily,NSE_EQ|INE899L01030,1d,1,1 special-session days missing: 2024-05-18
INFO,GAP_WEEKEND,universe_daily,NSE_EQ|INE900B01029,1d,21,"21 special-session days missing: 2003-03-22, 2003-10-25, 2003-11-15 (+18 more)"
INFO,GAP_WEEKEND,universe_daily,NSE_EQ|INE900C01027,1d,20,"20 special-session days missing: 2003-10-25, 2003-11-15, 2004-04-17 (+17 more)"
INFO,GAP_WEEKEND,universe_daily,NSE_EQ|INE900L01028,1d,2,"2 special-session days missing: 2016-10-30, 2020-02-01"
INFO,GAP_WEEKEND,universe_daily,NSE_EQ|INE901L01018,1d,9,"9 special-session days missing: 2012-01-07, 2012-03-03, 2012-04-28 (+6 more)"
INFO,GAP_WEEKEND,universe_daily,NSE_EQ|INE902B01017,1d,1,1 special-session days missing: 2020-11-14
INFO,GAP_WEEKEND,universe_daily,NSE_EQ|INE907A01026,1d,11,"11 special-session days missing: 2009-10-17, 2010-02-06, 2012-01-07 (+8 more)"
INFO,GAP_WEEKEND,universe_daily,NSE_EQ|INE908D01010,1d,9,"9 special-session days missing: 2012-01-07, 2012-03-03, 2012-04-28 (+6 more)"
INFO,GAP_WEEKEND,universe_daily,NSE_EQ|INE908V01012,1d,1,1 special-session days missing: 2020-02-01
INFO,GAP_WEEKEND,universe_daily,NSE_EQ|INE910C01018,1d,10,"10 special-session days missing: 2010-02-06, 2012-01-07, 2012-03-03 (+7 more)"
INFO,GAP_WEEKEND,universe_daily,NSE_EQ|INE912H01013,1d,10,"10 special-session days missing: 2010-02-06, 2012-01-07, 2012-03-03 (+7 more)"
INFO,GAP_WEEKEND,universe_daily,NSE_EQ|INE913H01037,1d,1,1 special-session days missing: 2016-10-30
INFO,GAP_WEEKEND,universe_daily,NSE_EQ|INE914E01040,1d,1,1 special-session days missing: 2016-10-30
INFO,GAP_WEEKEND,universe_daily,NSE_EQ|INE915B01019,1d,21,"21 special-session days missing: 2003-03-22, 2003-10-25, 2003-11-15 (+18 more)"
INFO,GAP_WEEKEND,universe_daily,NSE_EQ|INE917H01012,1d,11,"11 special-session days missing: 2009-10-17, 2010-02-06, 2012-01-07 (+8 more)"
INFO,GAP_WEEKEND,universe_daily,NSE_EQ|INE917I01010,1d,11,"11 special-session days missing: 2009-10-17, 2010-02-06, 2012-01-07 (+8 more)"
INFO,GAP_WEEKEND,universe_daily,NSE_EQ|INE917M01012,1d,1,1 special-session days missing: 2016-10-30
INFO,GAP_WEEKEND,universe_daily,NSE_EQ|INE918I01026,1d,11,"11 special-session days missing: 2009-10-17, 2010-02-06, 2012-01-07 (+8 more)"
INFO,GAP_WEEKEND,universe_daily,NSE_EQ|INE919H01018,1d,9,"9 special-session days missing: 2012-01-07, 2012-03-03, 2012-04-28 (+6 more)"
INFO,GAP_WEEKEND,universe_daily,NSE_EQ|INE922A01025,1d,16,"16 special-session days missing: 2005-06-04, 2005-11-26, 2006-04-29 (+13 more)"
INFO,GAP_WEEKEND,universe_daily,NSE_EQ|INE922B01023,1d,21,"21 special-session days missing: 2003-03-22, 2003-10-25, 2003-11-15 (+18 more)"
INFO,GAP_WEEKEND,universe_daily,NSE_EQ|INE923A01015,1d,21,"21 special-session days missing: 2003-03-22, 2003-10-25, 2003-11-15 (+18 more)"
INFO,GAP_WEEKEND,universe_daily,NSE_EQ|INE924H01018,1d,9,"9 special-session days missing: 2012-01-07, 2012-03-03, 2012-04-28 (+6 more)"
INFO,GAP_WEEKEND,universe_daily,NSE_EQ|INE925C01016,1d,11,"11 special-session days missing: 2009-10-17, 2010-02-06, 2012-01-07 (+8 more)"
INFO,GAP_WEEKEND,universe_daily,NSE_EQ|INE926K01017,1d,9,"9 special-session days missing: 2012-01-07, 2012-03-03, 2012-04-28 (+6 more)"
INFO,GAP_WEEKEND,universe_daily,NSE_EQ|INE927C01020,1d,11,"11 special-session days missing: 2009-10-17, 2010-02-06, 2012-01-07 (+8 more)"
INFO,GAP_WEEKEND,universe_daily,NSE_EQ|INE927D01051,1d,16,"16 special-session days missing: 2005-06-04, 2005-11-26, 2006-04-29 (+13 more)"
INFO,GAP_WEEKEND,universe_daily,NSE_EQ|INE930H01031,1d,11,"11 special-session days missing: 2009-10-17, 2010-02-06, 2012-01-07 (+8 more)"
INFO,GAP_WEEKEND,universe_daily,NSE_EQ|INE931S01010,1d,1,1 special-session days missing: 2016-10-30
INFO,GAP_WEEKEND,universe_daily,NSE_EQ|INE932A01024,1d,9,"9 special-session days missing: 2012-01-07, 2012-03-03, 2012-04-28 (+6 more)"
INFO,GAP_WEEKEND,universe_daily,NSE_EQ|INE932C01012,1d,21,"21 special-session days missing: 2003-03-22, 2003-10-25, 2003-11-15 (+18 more)"
INFO,GAP_WEEKEND,universe_daily,NSE_EQ|INE933B01012,1d,11,"11 special-session days missing: 2009-10-17, 2010-02-06, 2012-01-07 (+8 more)"
INFO,GAP_WEEKEND,universe_daily,NSE_EQ|INE933K01021,1d,9,"9 special-session days missing: 2012-01-07, 2012-03-03, 2012-04-28 (+6 more)"
INFO,GAP_WEEKEND,universe_daily,NSE_EQ|INE933X01016,1d,4,"4 special-session days missing: 2016-10-30, 2019-10-27, 2020-02-01 (+1 more)"
INFO,GAP_WEEKEND,universe_daily,NSE_EQ|INE934S01014,1d,1,1 special-session days missing: 2016-10-30
INFO,GAP_WEEKEND,universe_daily,NSE_EQ|INE935A01035,1d,21,"21 special-session days missing: 2003-03-22, 2003-10-25, 2003-11-15 (+18 more)"
INFO,GAP_WEEKEND,universe_daily,NSE_EQ|INE937A01023,1d,9,"9 special-session days missing: 2012-01-07, 2012-03-03, 2012-04-28 (+6 more)"
INFO,GAP_WEEKEND,universe_daily,NSE_EQ|INE937C01029,1d,1,1 special-session days missing: 2016-10-30
INFO,GAP_WEEKEND,universe_daily,NSE_EQ|INE938A01021,1d,12,"12 special-session days missing: 2012-01-07, 2012-03-03, 2012-04-28 (+9 more)"
INFO,GAP_WEEKEND,universe_daily,NSE_EQ|INE939A01011,1d,21,"21 special-session days missing: 2003-03-22, 2003-10-25, 2003-11-15 (+18 more)"
INFO,GAP_WEEKEND,universe_daily,NSE_EQ|INE940H01022,1d,11,"11 special-session days missing: 2009-10-17, 2010-02-06, 2012-01-07 (+8 more)"
INFO,GAP_WEEKEND,universe_daily,NSE_EQ|INE942G01012,1d,15,"15 special-session days missing: 2005-11-26, 2006-04-29, 2006-06-25 (+12 more)"
INFO,GAP_WEEKEND,universe_daily,NSE_EQ|INE943D01017,1d,21,"21 special-session days missing: 2003-03-22, 2003-10-25, 2003-11-15 (+18 more)"
INFO,GAP_WEEKEND,universe_daily,NSE_EQ|INE944F01028,1d,21,"21 special-session days missing: 2003-03-22, 2003-10-25, 2003-11-15 (+18 more)"
INFO,GAP_WEEKEND,universe_daily,NSE_EQ|INE945H01021,1d,11,"11 special-session days missing: 2009-10-17, 2010-02-06, 2012-01-07 (+8 more)"
INFO,GAP_WEEKEND,universe_daily,NSE_EQ|INE947A01014,1d,21,"21 special-session days missing: 2003-03-22, 2003-10-25, 2003-11-15 (+18 more)"
INFO,GAP_WEEKEND,universe_daily,NSE_EQ|INE947I01017,1d,11,"11 special-session days missing: 2009-10-17, 2010-02-06, 2012-01-07 (+8 more)"
INFO,GAP_WEEKEND,universe_daily,NSE_EQ|INE947J01015,1d,10,"10 special-session days missing: 2010-02-06, 2012-01-07, 2012-03-03 (+7 more)"
INFO,GAP_WEEKEND,universe_daily,NSE_EQ|INE947T01022,1d,5,"5 special-session days missing: 2019-10-27, 2020-02-01, 2024-03-02 (+2 more)"
INFO,GAP_WEEKEND,universe_daily,NSE_EQ|INE948A01012,1d,21,"21 special-session days missing: 2003-03-22, 2003-10-25, 2003-11-15 (+18 more)"
INFO,GAP_WEEKEND,universe_daily,NSE_EQ|INE949H01023,1d,9,"9 special-session days missing: 2012-01-07, 2012-03-03, 2012-04-28 (+6 more)"
INFO,GAP_WEEKEND,universe_daily,NSE_EQ|INE949P01018,1d,2,"2 special-session days missing: 2015-02-28, 2016-10-30"
INFO,GAP_WEEKEND,universe_daily,NSE_EQ|INE950I01011,1d,10,"10 special-session days missing: 2010-02-06, 2012-01-07, 2012-03-03 (+7 more)"
INFO,GAP_WEEKEND,universe_daily,NSE_EQ|INE950M01013,1d,2,"2 special-session days missing: 2015-02-28, 2016-10-30"
INFO,GAP_WEEKEND,universe_daily,NSE_EQ|INE951D01028,1d,4,"4 special-session days missing: 2013-11-03, 2014-03-22, 2015-02-28 (+1 more)"
INFO,GAP_WEEKEND,universe_daily,NSE_EQ|INE951I01027,1d,11,"11 special-session days missing: 2009-10-17, 2010-02-06, 2012-01-07 (+8 more)"
INFO,GAP_WEEKEND,universe_daily,NSE_EQ|INE952H01027,1d,11,"11 special-session days missing: 2009-10-17, 2010-02-06, 2012-01-07 (+8 more)"
INFO,GAP_WEEKEND,universe_daily,NSE_EQ|INE954E01012,1d,6,"6 special-session days missing: 2013-05-11, 2013-11-03, 2014-03-22 (+3 more)"
INFO,GAP_WEEKEND,universe_daily,NSE_EQ|INE955D01029,1d,15,"15 special-session days missing: 2005-11-26, 2006-04-29, 2006-06-25 (+12 more)"
INFO,GAP_WEEKEND,universe_daily,NSE_EQ|INE955I01044,1d,5,"5 special-session days missing: 2016-10-30, 2019-10-27, 2020-02-01 (+2 more)"
INFO,GAP_WEEKEND,universe_daily,NSE_EQ|INE956G01038,1d,9,"9 special-session days missing: 2012-01-07, 2012-03-03, 2012-04-28 (+6 more)"
INFO,GAP_WEEKEND,universe_daily,NSE_EQ|INE959A01019,1d,1,1 special-session days missing: 2016-10-30
INFO,GAP_WEEKEND,universe_daily,NSE_EQ|INE961O01016,1d,3,"3 special-session days missing: 2019-10-27, 2020-02-01, 2020-11-14"
INFO,GAP_WEEKEND,universe_daily,NSE_EQ|INE964H01014,1d,11,"11 special-session days missing: 2009-10-17, 2010-02-06, 2012-01-07 (+8 more)"
INFO,GAP_WEEKEND,universe_daily,NSE_EQ|INE964W01021,1d,3,"3 special-session days missing: 2019-10-27, 2020-02-01, 2020-11-14"
INFO,GAP_WEEKEND,universe_daily,NSE_EQ|INE966H01019,1d,11,"11 special-session days missing: 2009-10-17, 2010-02-06, 2012-01-07 (+8 more)"
INFO,GAP_WEEKEND,universe_daily,NSE_EQ|INE967C01018,1d,21,"21 special-session days missing: 2003-03-22, 2003-10-25, 2003-11-15 (+18 more)"
INFO,GAP_WEEKEND,universe_daily,NSE_EQ|INE970N01027,1d,5,"5 special-session days missing: 2014-03-22, 2015-02-28, 2016-10-30 (+2 more)"
INFO,GAP_WEEKEND,universe_daily,NSE_EQ|INE972X01022,1d,3,"3 special-session days missing: 2015-02-28, 2016-10-30, 2019-10-27"
INFO,GAP_WEEKEND,universe_daily,NSE_EQ|INE976A01021,1d,21,"21 special-session days missing: 2003-03-22, 2003-10-25, 2003-11-15 (+18 more)"
INFO,GAP_WEEKEND,universe_daily,NSE_EQ|INE976G01028,1d,1,1 special-session days missing: 2016-10-30
INFO,GAP_WEEKEND,universe_daily,NSE_EQ|INE976T01013,1d,1,1 special-session days missing: 2016-10-30
INFO,GAP_WEEKEND,universe_daily,NSE_EQ|INE977Y01011,1d,2,"2 special-session days missing: 2019-10-27, 2020-11-14"
INFO,GAP_WEEKEND,universe_daily,NSE_EQ|INE978A01027,1d,21,"21 special-session days missing: 2003-03-22, 2003-10-25, 2003-11-15 (+18 more)"
INFO,GAP_WEEKEND,universe_daily,NSE_EQ|INE978G01016,1d,15,"15 special-session days missing: 2005-11-26, 2006-04-29, 2006-06-25 (+12 more)"
INFO,GAP_WEEKEND,universe_daily,NSE_EQ|INE979A01025,1d,21,"21 special-session days missing: 2003-03-22, 2003-10-25, 2003-11-15 (+18 more)"
INFO,GAP_WEEKEND,universe_daily,NSE_EQ|INE982B01027,1d,9,"9 special-session days missing: 2012-01-07, 2012-03-03, 2012-04-28 (+6 more)"
INFO,GAP_WEEKEND,universe_daily,NSE_EQ|INE982F01036,1d,9,"9 special-session days missing: 2012-01-07, 2012-03-03, 2012-04-28 (+6 more)"
INFO,GAP_WEEKEND,universe_daily,NSE_EQ|INE985S01024,1d,1,1 special-session days missing: 2016-10-30
INFO,GAP_WEEKEND,universe_daily,NSE_EQ|INE987B01026,1d,21,"21 special-session days missing: 2003-03-22, 2003-10-25, 2003-11-15 (+18 more)"
INFO,GAP_WEEKEND,universe_daily,NSE_EQ|INE989A01032,1d,11,"11 special-session days missing: 2009-10-17, 2010-02-06, 2012-01-07 (+8 more)"
INFO,GAP_WEEKEND,universe_daily,NSE_EQ|INE991I01015,1d,1,1 special-session days missing: 2016-10-30
INFO,GAP_WEEKEND,universe_daily,NSE_EQ|INE992I01013,1d,1,1 special-session days missing: 2024-05-18
INFO,GAP_WEEKEND,universe_daily,NSE_EQ|INE993A01026,1d,21,"21 special-session days missing: 2003-03-22, 2003-10-25, 2003-11-15 (+18 more)"
INFO,GAP_WEEKEND,universe_daily,NSE_EQ|INE995D01025,1d,3,"3 special-session days missing: 2015-02-28, 2016-10-30, 2019-10-27"
INFO,GAP_WEEKEND,universe_daily,NSE_EQ|INE997Y01027,1d,2,"2 special-session days missing: 2019-10-27, 2020-02-01"
INFO,GAP_WEEKEND,universe_daily,NSE_EQ|INE998H01012,1d,9,"9 special-session days missing: 2012-01-07, 2012-03-03, 2012-04-28 (+6 more)"
INFO,GAP_WEEKEND,universe_daily,NSE_EQ|INE998I01010,1d,11,"11 special-session days missing: 2009-10-17, 2010-02-06, 2012-01-07 (+8 more)"
INFO,GAP_WEEKEND,universe_daily,NSE_EQ|INE999A01023,1d,21,"21 special-session days missing: 2003-03-22, 2003-10-25, 2003-11-15 (+18 more)"
INFO,GAP_WEEKEND,universe_daily,NSE_EQ|INE999K01014,1d,9,"9 special-session days missing: 2012-01-07, 2012-03-03, 2012-04-28 (+6 more)"
INFO,GAP_WEEKEND,universe_daily,NSE_EQ|INF082J01408,1d,9,"9 special-session days missing: 2012-01-07, 2012-03-03, 2012-04-28 (+6 more)"
INFO,GAP_WEEKEND,universe_daily,NSE_EQ|INF082J01499,1d,9,"9 special-session days missing: 2012-01-07, 2012-03-03, 2012-04-28 (+6 more)"
INFO,GAP_WEEKEND,universe_daily,NSE_EQ|INF109K012R6,1d,2,"2 special-session days missing: 2015-02-28, 2016-10-30"
INFO,GAP_WEEKEND,universe_daily,NSE_EQ|INF109KC10W0,1d,1,1 special-session days missing: 2015-02-28
INFO,GAP_WEEKEND,universe_daily,NSE_EQ|INF109KC11V0,1d,1,1 special-session days missing: 2016-10-30
INFO,GAP_WEEKEND,universe_daily,NSE_EQ|INF109KC16V9,1d,3,"3 special-session days missing: 2013-11-03, 2014-03-22, 2015-02-28"
INFO,GAP_WEEKEND,universe_daily,NSE_EQ|INF109KC18O0,1d,2,"2 special-session days missing: 2024-03-02, 2025-02-01"
INFO,GAP_WEEKEND,universe_daily,NSE_EQ|INF109KC1KT9,1d,1,1 special-session days missing: 2016-10-30
INFO,GAP_WEEKEND,universe_daily,NSE_EQ|INF109KC1NT3,1d,2,"2 special-session days missing: 2015-02-28, 2016-10-30"
INFO,GAP_WEEKEND,universe_daily,NSE_EQ|INF174K014P6,1d,9,"9 special-session days missing: 2012-01-07, 2012-03-03, 2012-04-28 (+6 more)"
INFO,GAP_WEEKEND,universe_daily,NSE_EQ|INF174KA1A86,1d,9,"9 special-session days missing: 2012-01-07, 2012-03-03, 2012-04-28 (+6 more)"
INFO,GAP_WEEKEND,universe_daily,NSE_EQ|INF174KA1HJ8,1d,9,"9 special-session days missing: 2012-01-07, 2012-03-03, 2012-04-28 (+6 more)"
INFO,GAP_WEEKEND,universe_daily,NSE_EQ|INF174KA1JF2,1d,4,"4 special-session days missing: 2016-10-30, 2019-10-27, 2020-02-01 (+1 more)"
INFO,GAP_WEEKEND,universe_daily,NSE_EQ|INF174KA1LV5,1d,4,"4 special-session days missing: 2019-10-27, 2020-02-01, 2020-11-14 (+1 more)"
INFO,GAP_WEEKEND,universe_daily,NSE_EQ|INF174KA1ZB7,1d,2,"2 special-session days missing: 2015-02-28, 2016-10-30"
INFO,GAP_WEEKEND,universe_daily,NSE_EQ|INF174KA1ZE1,1d,1,1 special-session days missing: 2016-10-30
INFO,GAP_WEEKEND,universe_daily,NSE_EQ|INF179KC1965,1d,1,1 special-session days missing: 2016-10-30
INFO,GAP_WEEKEND,universe_daily,NSE_EQ|INF179KC1981,1d,9,"9 special-session days missing: 2012-01-07, 2012-03-03, 2012-04-28 (+6 more)"
INFO,GAP_WEEKEND,universe_daily,NSE_EQ|INF179KC1DK8,1d,3,"3 special-session days missing: 2019-10-27, 2020-02-01, 2020-11-14"
INFO,GAP_WEEKEND,universe_daily,NSE_EQ|INF179KC1HX2,1d,1,1 special-session days missing: 2016-10-30
INFO,GAP_WEEKEND,universe_daily,NSE_EQ|INF179KC1JG3,1d,2,"2 special-session days missing: 2024-01-20, 2024-03-02"
INFO,GAP_WEEKEND,universe_daily,NSE_EQ|INF194KA1U07,1d,1,1 special-session days missing: 2016-10-30
INFO,GAP_WEEKEND,universe_daily,NSE_EQ|INF200KA13Z8,1d,1,1 special-session days missing: 2024-03-02
INFO,GAP_WEEKEND,universe_daily,NSE_EQ|INF200KA1580,1d,1,1 special-session days missing: 2016-10-30
INFO,GAP_WEEKEND,universe_daily,NSE_EQ|INF200KA1598,1d,1,1 special-session days missing: 2016-10-30
INFO,GAP_WEEKEND,universe_daily,NSE_EQ|INF200KA16D8,1d,9,"9 special-session days missing: 2012-01-07, 2012-03-03, 2012-04-28 (+6 more)"
INFO,GAP_WEEKEND,universe_daily,NSE_EQ|INF200KA1FS1,1d,1,1 special-session days missing: 2016-10-30
INFO,GAP_WEEKEND,universe_daily,NSE_EQ|INF200KA1JT1,1d,1,1 special-session days missing: 2016-10-30
INFO,GAP_WEEKEND,universe_daily,NSE_EQ|INF204K014N5,1d,2,"2 special-session days missing: 2015-02-28, 2016-10-30"
INFO,GAP_WEEKEND,universe_daily,NSE_EQ|INF204KA1LD7,1d,2,"2 special-session days missing: 2015-02-28, 2016-10-30"
INFO,GAP_WEEKEND,universe_daily,NSE_EQ|INF204KA1MS3,1d,2,"2 special-session days missing: 2015-02-28, 2016-10-30"
INFO,GAP_WEEKEND,universe_daily,NSE_EQ|INF204KB14I2,1d,2,"2 special-session days missing: 2015-02-28, 2016-10-30"
INFO,GAP_WEEKEND,universe_daily,NSE_EQ|INF204KB15I9,1d,8,"8 special-session days missing: 2004-10-09, 2005-06-04, 2005-11-26 (+5 more)"
INFO,GAP_WEEKEND,universe_daily,NSE_EQ|INF204KB16I7,1d,9,"9 special-session days missing: 2012-01-07, 2012-03-03, 2012-04-28 (+6 more)"
INFO,GAP_WEEKEND,universe_daily,NSE_EQ|INF204KB17I5,1d,9,"9 special-session days missing: 2012-01-07, 2012-03-03, 2012-04-28 (+6 more)"
INFO,GAP_WEEKEND,universe_daily,NSE_EQ|INF204KB1882,1d,1,1 special-session days missing: 2016-10-30
INFO,GAP_WEEKEND,universe_daily,NSE_EQ|INF204KB18I3,1d,1,1 special-session days missing: 2016-10-30
INFO,GAP_WEEKEND,universe_daily,NSE_EQ|INF204KB19I1,1d,5,"5 special-session days missing: 2012-01-07, 2012-03-03, 2012-09-08 (+2 more)"
INFO,GAP_WEEKEND,universe_daily,NSE_EQ|INF204KC1030,1d,5,"5 special-session days missing: 2015-02-28, 2016-10-30, 2019-10-27 (+2 more)"
INFO,GAP_WEEKEND,universe_daily,NSE_EQ|INF205KA1BP1,1d,11,"11 special-session days missing: 2012-01-07, 2012-03-03, 2012-04-28 (+8 more)"
INFO,GAP_WEEKEND,universe_daily,NSE_EQ|INF205KA1CC7,1d,11,"11 special-session days missing: 2012-01-07, 2012-03-03, 2012-04-28 (+8 more)"
INFO,GAP_WEEKEND,universe_daily,NSE_EQ|INF209KB18D3,1d,2,"2 special-session days missing: 2015-02-28, 2016-10-30"
INFO,GAP_WEEKEND,universe_daily,NSE_EQ|INF209KB18T9,1d,4,"4 special-session days missing: 2019-10-27, 2020-02-01, 2020-11-14 (+1 more)"
INFO,GAP_WEEKEND,universe_daily,NSE_EQ|INF209KB19D1,1d,2,"2 special-session days missing: 2015-02-28, 2016-10-30"
INFO,GAP_WEEKEND,universe_daily,NSE_EQ|INF209KC1134,1d,1,1 special-session days missing: 2025-02-01
INFO,GAP_WEEKEND,universe_daily,NSE_EQ|INF209KC1142,1d,1,1 special-session days missing: 2025-02-01
INFO,GAP_WEEKEND,universe_daily,NSE_EQ|INF247L01023,1d,2,"2 special-session days missing: 2015-02-28, 2016-10-30"
INFO,GAP_WEEKEND,universe_daily,NSE_EQ|INF247L01536,1d,9,"9 special-session days missing: 2012-01-07, 2012-03-03, 2012-04-28 (+6 more)"
INFO,GAP_WEEKEND,universe_daily,NSE_EQ|INF247L01AP3,1d,2,"2 special-session days missing: 2015-02-28, 2016-10-30"
INFO,GAP_WEEKEND,universe_daily,NSE_EQ|INF247L01BL0,1d,3,"3 special-session days missing: 2019-10-27, 2020-02-01, 2020-11-14"
INFO,GAP_WEEKEND,universe_daily,NSE_EQ|INF277K015R5,1d,1,1 special-session days missing: 2019-10-27
INFO,GAP_WEEKEND,universe_daily,NSE_EQ|INF346A01034,1d,2,"2 special-session days missing: 2015-02-28, 2016-10-30"
INFO,GAP_WEEKEND,universe_daily,NSE_EQ|INF457M01133,1d,2,"2 special-session days missing: 2015-02-28, 2016-10-30"
INFO,GAP_WEEKEND,universe_daily,NSE_EQ|INF732E01037,1d,9,"9 special-session days missing: 2012-01-07, 2012-03-03, 2012-04-28 (+6 more)"
INFO,GAP_WEEKEND,universe_daily,NSE_EQ|INF732E01045,1d,9,"9 special-session days missing: 2012-01-07, 2012-03-03, 2012-04-28 (+6 more)"
INFO,GAP_WEEKEND,universe_daily,NSE_EQ|INF732E01128,1d,10,"10 special-session days missing: 2010-02-06, 2012-01-07, 2012-03-03 (+7 more)"
INFO,GAP_WEEKEND,universe_daily,NSE_EQ|INF732E01268,1d,9,"9 special-session days missing: 2012-01-07, 2012-03-03, 2012-04-28 (+6 more)"
INFO,GAP_WEEKEND,universe_daily,NSE_EQ|INF767K01MV5,1d,2,"2 special-session days missing: 2015-02-28, 2016-10-30"
INFO,GAP_WEEKEND,universe_daily,NSE_EQ|INF767K01OS7,1d,1,1 special-session days missing: 2016-10-30
INFO,GAP_WEEKEND,universe_daily,NSE_EQ|INF767K01OT5,1d,2,"2 special-session days missing: 2016-10-30, 2019-10-27"
INFO,GAP_WEEKEND,universe_daily,NSE_EQ|INF767K01PC8,1d,2,"2 special-session days missing: 2016-10-30, 2019-10-27"
INFO,GAP_WEEKEND,universe_daily,NSE_EQ|INF767K01SM1,1d,2,"2 special-session days missing: 2015-02-28, 2016-10-30"
INFO,GAP_WEEKEND,universe_daily,NSE_EQ|INF769K01JP9,1d,4,"4 special-session days missing: 2015-02-28, 2019-10-27, 2020-02-01 (+1 more)"
INFO,GAP_WEEKEND,universe_daily,NSE_EQ|INF789F1AUU3,1d,2,"2 special-session days missing: 2019-10-27, 2020-02-01"
INFO,GAP_WEEKEND,universe_daily,NSE_EQ|INF789F1AUX7,1d,9,"9 special-session days missing: 2012-01-07, 2012-03-03, 2012-04-28 (+6 more)"
INFO,GAP_WEEKEND,universe_daily,NSE_EQ|INF789F1AZC0,1d,1,1 special-session days missing: 2016-10-30
INFO,GAP_WEEKEND,universe_daily,NSE_EQ|INF789F1AZD8,1d,1,1 special-session days missing: 2025-02-01
INFO,GAP_WEEKEND,universe_daily,NSE_EQ|INF789F1AZE6,1d,2,"2 special-session days missing: 2024-05-18, 2025-02-01"
INFO,GAP_WEEKEND,universe_daily,NSE_EQ|INF789FB1X58,1d,1,1 special-session days missing: 2016-10-30
INFO,GAP_WEEKEND,universe_daily,NSE_EQ|INF846K01W80,1d,9,"9 special-session days missing: 2012-01-07, 2012-03-03, 2012-04-28 (+6 more)"
INFO,GAP_WEEKEND,indices_daily,NSE_INDEX|NIFTY LARGEMID250,1d,2,"2 special-session days missing: 2019-10-27, 2020-02-01"
INFO,GAP_WEEKEND,indices_daily,NSE_INDEX|NIFTY M150 QLTY50,1d,2,"2 special-session days missing: 2023-11-12, 2024-01-20"
INFO,GAP_WEEKEND,indices_daily,NSE_INDEX|NIFTY50 EQL Wgt,1d,4,"4 special-session days missing: 2016-10-30, 2019-10-27, 2020-02-01 (+1 more)"
INFO,GAP_WEEKEND,indices_daily,NSE_INDEX|Nifty GS 15YrPlus,1d,1,1 special-session days missing: 2016-10-30
INFO,GAP_WEEKEND,indices_daily,NSE_INDEX|Nifty GS Compsite,1d,6,"6 special-session days missing: 2016-10-30, 2019-10-27, 2020-02-01 (+3 more)"
INFO,GAP_WEEKEND,indices_daily,NSE_INDEX|Nifty GrowSect 15,1d,2,"2 special-session days missing: 2020-02-01, 2020-11-14"
INFO,GAP_WEEKEND,indices_daily,NSE_INDEX|Nifty Tata 25 Cap,1d,1,1 special-session days missing: 2024-05-18
INFO,GAP_WEEKEND,indices_daily,NSE_INDEX|Nifty100ESGSecLdr,1d,2,"2 special-session days missing: 2023-11-12, 2024-01-20"
INFO,INTRADAY_DAILY_CLOSE,stocks_intraday,NSE_EQ|INE002A01018,5m,2,2/268 full days: last intraday close vs daily close > 0.5%; worst 2025-12-04 intraday 1525.30 vs daily 1535.60 (-0.67%)
INFO,INTRADAY_DAILY_CLOSE,stocks_intraday,NSE_EQ|INE002A01018,15m,2,2/268 full days: last intraday close vs daily close > 0.5%; worst 2025-12-04 intraday 1525.30 vs daily 1535.60 (-0.67%)
INFO,INTRADAY_DAILY_CLOSE,stocks_intraday,NSE_EQ|INE002A01018,60m,2,2/268 full days: last intraday close vs daily close > 0.5%; worst 2025-12-04 intraday 1525.30 vs daily 1535.60 (-0.67%)
INFO,INTRADAY_DAILY_CLOSE,stocks_intraday,NSE_EQ|INE003A01024,5m,10,10/268 full days: last intraday close vs daily close > 0.5%; worst 2026-06-08 intraday 3576.00 vs daily 3624.00 (-1.32%)
INFO,INTRADAY_DAILY_CLOSE,stocks_intraday,NSE_EQ|INE003A01024,15m,10,10/268 full days: last intraday close vs daily close > 0.5%; worst 2026-06-08 intraday 3576.00 vs daily 3624.00 (-1.32%)
INFO,INTRADAY_DAILY_CLOSE,stocks_intraday,NSE_EQ|INE003A01024,60m,10,10/268 full days: last intraday close vs daily close > 0.5%; worst 2026-06-08 intraday 3576.00 vs daily 3624.00 (-1.32%)
INFO,INTRADAY_DAILY_CLOSE,stocks_intraday,NSE_EQ|INE006I01046,5m,22,22/268 full days: last intraday close vs daily close > 0.5%; worst 2026-04-17 intraday 1629.00 vs daily 1605.00 (+1.50%)
INFO,INTRADAY_DAILY_CLOSE,stocks_intraday,NSE_EQ|INE006I01046,15m,22,22/268 full days: last intraday close vs daily close > 0.5%; worst 2026-04-17 intraday 1629.00 vs daily 1605.00 (+1.50%)
INFO,INTRADAY_DAILY_CLOSE,stocks_intraday,NSE_EQ|INE006I01046,60m,22,22/268 full days: last intraday close vs daily close > 0.5%; worst 2026-04-17 intraday 1629.00 vs daily 1605.00 (+1.50%)
INFO,INTRADAY_DAILY_CLOSE,stocks_intraday,NSE_EQ|INE009A01021,5m,5,5/268 full days: last intraday close vs daily close > 0.5%; worst 2026-04-23 intraday 1231.80 vs daily 1240.60 (-0.71%)
INFO,INTRADAY_DAILY_CLOSE,stocks_intraday,NSE_EQ|INE009A01021,15m,5,5/268 full days: last intraday close vs daily close > 0.5%; worst 2026-04-23 intraday 1231.80 vs daily 1240.60 (-0.71%)
INFO,INTRADAY_DAILY_CLOSE,stocks_intraday,NSE_EQ|INE009A01021,60m,5,5/268 full days: last intraday close vs daily close > 0.5%; worst 2026-04-23 intraday 1231.80 vs daily 1240.60 (-0.71%)
INFO,INTRADAY_DAILY_CLOSE,stocks_intraday,NSE_EQ|INE010B01027,5m,3,3/268 full days: last intraday close vs daily close > 0.5%; worst 2026-03-30 intraday 878.90 vs daily 871.20 (+0.88%)
INFO,INTRADAY_DAILY_CLOSE,stocks_intraday,NSE_EQ|INE010B01027,15m,3,3/268 full days: last intraday close vs daily close > 0.5%; worst 2026-03-30 intraday 878.90 vs daily 871.20 (+0.88%)
INFO,INTRADAY_DAILY_CLOSE,stocks_intraday,NSE_EQ|INE010B01027,60m,3,3/268 full days: last intraday close vs daily close > 0.5%; worst 2026-03-30 intraday 878.90 vs daily 871.20 (+0.88%)
INFO,INTRADAY_DAILY_CLOSE,stocks_intraday,NSE_EQ|INE016A01026,5m,7,7/268 full days: last intraday close vs daily close > 0.5%; worst 2026-05-29 intraday 450.00 vs daily 443.40 (+1.49%)
INFO,INTRADAY_DAILY_CLOSE,stocks_intraday,NSE_EQ|INE016A01026,15m,7,7/268 full days: last intraday close vs daily close > 0.5%; worst 2026-05-29 intraday 450.00 vs daily 443.40 (+1.49%)
INFO,INTRADAY_DAILY_CLOSE,stocks_intraday,NSE_EQ|INE016A01026,60m,7,7/268 full days: last intraday close vs daily close > 0.5%; worst 2026-05-29 intraday 450.00 vs daily 443.40 (+1.49%)
INFO,INTRADAY_DAILY_CLOSE,stocks_intraday,NSE_EQ|INE018A01030,5m,1,1/268 full days: last intraday close vs daily close > 0.5%; worst 2026-05-05 intraday 4075.00 vs daily 4054.50 (+0.51%)
INFO,INTRADAY_DAILY_CLOSE,stocks_intraday,NSE_EQ|INE018A01030,15m,1,1/268 full days: last intraday close vs daily close > 0.5%; worst 2026-05-05 intraday 4075.00 vs daily 4054.50 (+0.51%)
INFO,INTRADAY_DAILY_CLOSE,stocks_intraday,NSE_EQ|INE018A01030,60m,1,1/268 full days: last intraday close vs daily close > 0.5%; worst 2026-05-05 intraday 4075.00 vs daily 4054.50 (+0.51%)
INFO,INTRADAY_DAILY_CLOSE,stocks_intraday,NSE_EQ|INE018E01016,5m,16,16/268 full days: last intraday close vs daily close > 0.5%; worst 2026-02-25 intraday 780.00 vs daily 788.75 (-1.11%)
INFO,INTRADAY_DAILY_CLOSE,stocks_intraday,NSE_EQ|INE018E01016,15m,16,16/268 full days: last intraday close vs daily close > 0.5%; worst 2026-02-25 intraday 780.00 vs daily 788.75 (-1.11%)
INFO,INTRADAY_DAILY_CLOSE,stocks_intraday,NSE_EQ|INE018E01016,60m,16,16/268 full days: last intraday close vs daily close > 0.5%; worst 2026-02-25 intraday 780.00 vs daily 788.75 (-1.11%)
INFO,INTRADAY_DAILY_CLOSE,stocks_intraday,NSE_EQ|INE019A01038,5m,9,9/268 full days: last intraday close vs daily close > 0.5%; worst 2026-07-07 intraday 1237.40 vs daily 1246.40 (-0.72%)
INFO,INTRADAY_DAILY_CLOSE,stocks_intraday,NSE_EQ|INE019A01038,15m,9,9/268 full days: last intraday close vs daily close > 0.5%; worst 2026-07-07 intraday 1237.40 vs daily 1246.40 (-0.72%)
INFO,INTRADAY_DAILY_CLOSE,stocks_intraday,NSE_EQ|INE019A01038,60m,9,9/268 full days: last intraday close vs daily close > 0.5%; worst 2026-07-07 intraday 1237.40 vs daily 1246.40 (-0.72%)
INFO,INTRADAY_DAILY_CLOSE,stocks_intraday,NSE_EQ|INE01EA01019,5m,12,12/268 full days: last intraday close vs daily close > 0.5%; worst 2025-11-24 intraday 131.81 vs daily 133.59 (-1.33%)
INFO,INTRADAY_DAILY_CLOSE,stocks_intraday,NSE_EQ|INE01EA01019,15m,12,12/268 full days: last intraday close vs daily close > 0.5%; worst 2025-11-24 intraday 131.81 vs daily 133.59 (-1.33%)
INFO,INTRADAY_DAILY_CLOSE,stocks_intraday,NSE_EQ|INE01EA01019,60m,12,12/268 full days: last intraday close vs daily close > 0.5%; worst 2025-11-24 intraday 131.81 vs daily 133.59 (-1.33%)
INFO,INTRADAY_DAILY_CLOSE,stocks_intraday,NSE_EQ|INE020B01018,5m,4,4/268 full days: last intraday close vs daily close > 0.5%; worst 2025-10-29 intraday 388.00 vs daily 385.55 (+0.64%)
INFO,INTRADAY_DAILY_CLOSE,stocks_intraday,NSE_EQ|INE020B01018,15m,4,4/268 full days: last intraday close vs daily close > 0.5%; worst 2025-10-29 intraday 388.00 vs daily 385.55 (+0.64%)
INFO,INTRADAY_DAILY_CLOSE,stocks_intraday,NSE_EQ|INE020B01018,60m,4,4/268 full days: last intraday close vs daily close > 0.5%; worst 2025-10-29 intraday 388.00 vs daily 385.55 (+0.64%)
INFO,INTRADAY_DAILY_CLOSE,stocks_intraday,NSE_EQ|INE022Q01020,5m,8,8/268 full days: last intraday close vs daily close > 0.5%; worst 2026-01-06 intraday 146.21 vs daily 148.67 (-1.65%)
INFO,INTRADAY_DAILY_CLOSE,stocks_intraday,NSE_EQ|INE022Q01020,15m,8,8/268 full days: last intraday close vs daily close > 0.5%; worst 2026-01-06 intraday 146.21 vs daily 148.67 (-1.65%)
INFO,INTRADAY_DAILY_CLOSE,stocks_intraday,NSE_EQ|INE022Q01020,60m,8,8/268 full days: last intraday close vs daily close > 0.5%; worst 2026-01-06 intraday 146.21 vs daily 148.67 (-1.65%)
INFO,INTRADAY_DAILY_CLOSE,stocks_intraday,NSE_EQ|INE027H01010,5m,10,10/268 full days: last intraday close vs daily close > 0.5%; worst 2025-10-28 intraday 1187.90 vs daily 1179.70 (+0.70%)
INFO,INTRADAY_DAILY_CLOSE,stocks_intraday,NSE_EQ|INE027H01010,15m,10,10/268 full days: last intraday close vs daily close > 0.5%; worst 2025-10-28 intraday 1187.90 vs daily 1179.70 (+0.70%)
INFO,INTRADAY_DAILY_CLOSE,stocks_intraday,NSE_EQ|INE027H01010,60m,10,10/268 full days: last intraday close vs daily close > 0.5%; worst 2025-10-28 intraday 1187.90 vs daily 1179.70 (+0.70%)
INFO,INTRADAY_DAILY_CLOSE,stocks_intraday,NSE_EQ|INE028A01039,5m,3,3/268 full days: last intraday close vs daily close > 0.5%; worst 2025-10-27 intraday 275.20 vs daily 273.65 (+0.57%)
INFO,INTRADAY_DAILY_CLOSE,stocks_intraday,NSE_EQ|INE028A01039,15m,3,3/268 full days: last intraday close vs daily close > 0.5%; worst 2025-10-27 intraday 275.20 vs daily 273.65 (+0.57%)
INFO,INTRADAY_DAILY_CLOSE,stocks_intraday,NSE_EQ|INE028A01039,60m,3,3/268 full days: last intraday close vs daily close > 0.5%; worst 2025-10-27 intraday 275.20 vs daily 273.65 (+0.57%)
INFO,INTRADAY_DAILY_CLOSE,stocks_intraday,NSE_EQ|INE029A01011,5m,3,3/268 full days: last intraday close vs daily close > 0.5%; worst 2026-07-22 intraday 309.55 vs daily 314.00 (-1.42%)
INFO,INTRADAY_DAILY_CLOSE,stocks_intraday,NSE_EQ|INE029A01011,15m,3,3/268 full days: last intraday close vs daily close > 0.5%; worst 2026-07-22 intraday 309.55 vs daily 314.00 (-1.42%)
INFO,INTRADAY_DAILY_CLOSE,stocks_intraday,NSE_EQ|INE029A01011,60m,3,3/268 full days: last intraday close vs daily close > 0.5%; worst 2026-07-22 intraday 309.55 vs daily 314.00 (-1.42%)
INFO,INTRADAY_DAILY_CLOSE,stocks_intraday,NSE_EQ|INE030A01027,5m,4,4/267 full days: last intraday close vs daily close > 0.5%; worst 2026-03-20 intraday 2095.00 vs daily 2082.70 (+0.59%)
INFO,INTRADAY_DAILY_CLOSE,stocks_intraday,NSE_EQ|INE030A01027,15m,4,4/267 full days: last intraday close vs daily close > 0.5%; worst 2026-03-20 intraday 2095.00 vs daily 2082.70 (+0.59%)
INFO,INTRADAY_DAILY_CLOSE,stocks_intraday,NSE_EQ|INE030A01027,60m,4,4/268 full days: last intraday close vs daily close > 0.5%; worst 2026-03-20 intraday 2095.00 vs daily 2082.70 (+0.59%)
INFO,INTRADAY_DAILY_CLOSE,stocks_intraday,NSE_EQ|INE038A01020,5m,5,5/268 full days: last intraday close vs daily close > 0.5%; worst 2026-06-08 intraday 1053.00 vs daily 1062.40 (-0.88%)
INFO,INTRADAY_DAILY_CLOSE,stocks_intraday,NSE_EQ|INE038A01020,15m,5,5/268 full days: last intraday close vs daily close > 0.5%; worst 2026-06-08 intraday 1053.00 vs daily 1062.40 (-0.88%)
INFO,INTRADAY_DAILY_CLOSE,stocks_intraday,NSE_EQ|INE038A01020,60m,5,5/268 full days: last intraday close vs daily close > 0.5%; worst 2026-06-08 intraday 1053.00 vs daily 1062.40 (-0.88%)
INFO,INTRADAY_DAILY_CLOSE,stocks_intraday,NSE_EQ|INE040A01034,5m,1,1/268 full days: last intraday close vs daily close > 0.5%; worst 2026-05-12 intraday 755.00 vs daily 750.45 (+0.61%)
INFO,INTRADAY_DAILY_CLOSE,stocks_intraday,NSE_EQ|INE040A01034,15m,1,1/268 full days: last intraday close vs daily close > 0.5%; worst 2026-05-12 intraday 755.00 vs daily 750.45 (+0.61%)
INFO,INTRADAY_DAILY_CLOSE,stocks_intraday,NSE_EQ|INE040A01034,60m,1,1/268 full days: last intraday close vs daily close > 0.5%; worst 2026-05-12 intraday 755.00 vs daily 750.45 (+0.61%)
INFO,INTRADAY_DAILY_CLOSE,stocks_intraday,NSE_EQ|INE040H01021,5m,6,6/268 full days: last intraday close vs daily close > 0.5%; worst 2026-05-29 intraday 57.75 vs daily 56.99 (+1.33%)
INFO,INTRADAY_DAILY_CLOSE,stocks_intraday,NSE_EQ|INE040H01021,15m,6,6/268 full days: last intraday close vs daily close > 0.5%; worst 2026-05-29 intraday 57.75 vs daily 56.99 (+1.33%)
INFO,INTRADAY_DAILY_CLOSE,stocks_intraday,NSE_EQ|INE040H01021,60m,6,6/268 full days: last intraday close vs daily close > 0.5%; worst 2026-05-29 intraday 57.75 vs daily 56.99 (+1.33%)
INFO,INTRADAY_DAILY_CLOSE,stocks_intraday,NSE_EQ|INE044A01036,5m,4,4/268 full days: last intraday close vs daily close > 0.5%; worst 2025-11-04 intraday 1702.70 vs daily 1690.00 (+0.75%)
INFO,INTRADAY_DAILY_CLOSE,stocks_intraday,NSE_EQ|INE044A01036,15m,4,4/268 full days: last intraday close vs daily close > 0.5%; worst 2025-11-04 intraday 1702.70 vs daily 1690.00 (+0.75%)
INFO,INTRADAY_DAILY_CLOSE,stocks_intraday,NSE_EQ|INE044A01036,60m,4,4/268 full days: last intraday close vs daily close > 0.5%; worst 2025-11-04 intraday 1702.70 vs daily 1690.00 (+0.75%)
INFO,INTRADAY_DAILY_CLOSE,stocks_intraday,NSE_EQ|INE047A01021,5m,11,11/268 full days: last intraday close vs daily close > 0.5%; worst 2026-06-29 intraday 3110.00 vs daily 3080.20 (+0.97%)
INFO,INTRADAY_DAILY_CLOSE,stocks_intraday,NSE_EQ|INE047A01021,15m,11,11/268 full days: last intraday close vs daily close > 0.5%; worst 2026-06-29 intraday 3110.00 vs daily 3080.20 (+0.97%)
INFO,INTRADAY_DAILY_CLOSE,stocks_intraday,NSE_EQ|INE047A01021,60m,11,11/268 full days: last intraday close vs daily close > 0.5%; worst 2026-06-29 intraday 3110.00 vs daily 3080.20 (+0.97%)
INFO,INTRADAY_DAILY_CLOSE,stocks_intraday,NSE_EQ|INE04I401011,5m,14,14/268 full days: last intraday close vs daily close > 0.5%; worst 2025-09-30 intraday 1112.00 vs daily 1097.70 (+1.30%)
INFO,INTRADAY_DAILY_CLOSE,stocks_intraday,NSE_EQ|INE04I401011,15m,14,14/268 full days: last intraday close vs daily close > 0.5%; worst 2025-09-30 intraday 1112.00 vs daily 1097.70 (+1.30%)
INFO,INTRADAY_DAILY_CLOSE,stocks_intraday,NSE_EQ|INE04I401011,60m,14,14/268 full days: last intraday close vs daily close > 0.5%; worst 2025-09-30 intraday 1112.00 vs daily 1097.70 (+1.30%)
INFO,INTRADAY_DAILY_CLOSE,stocks_intraday,NSE_EQ|INE053A01029,5m,6,6/268 full days: last intraday close vs daily close > 0.5%; worst 2026-02-12 intraday 702.45 vs daily 712.00 (-1.34%)
INFO,INTRADAY_DAILY_CLOSE,stocks_intraday,NSE_EQ|INE053A01029,15m,6,6/268 full days: last intraday close vs daily close > 0.5%; worst 2026-02-12 intraday 702.45 vs daily 712.00 (-1.34%)
INFO,INTRADAY_DAILY_CLOSE,stocks_intraday,NSE_EQ|INE053A01029,60m,6,6/268 full days: last intraday close vs daily close > 0.5%; worst 2026-02-12 intraday 702.45 vs daily 712.00 (-1.34%)
INFO,INTRADAY_DAILY_CLOSE,stocks_intraday,NSE_EQ|INE053F01010,5m,4,4/268 full days: last intraday close vs daily close > 0.5%; worst 2026-01-22 intraday 117.85 vs daily 117.02 (+0.71%)
INFO,INTRADAY_DAILY_CLOSE,stocks_intraday,NSE_EQ|INE053F01010,15m,4,4/268 full days: last intraday close vs daily close > 0.5%; worst 2026-01-22 intraday 117.85 vs daily 117.02 (+0.71%)
INFO,INTRADAY_DAILY_CLOSE,stocks_intraday,NSE_EQ|INE053F01010,60m,4,4/268 full days: last intraday close vs daily close > 0.5%; worst 2026-01-22 intraday 117.85 vs daily 117.02 (+0.71%)
INFO,INTRADAY_DAILY_CLOSE,stocks_intraday,NSE_EQ|INE059A01026,5m,1,1/268 full days: last intraday close vs daily close > 0.5%; worst 2026-01-23 intraday 1322.30 vs daily 1315.00 (+0.56%)
INFO,INTRADAY_DAILY_CLOSE,stocks_intraday,NSE_EQ|INE059A01026,15m,1,1/268 full days: last intraday close vs daily close > 0.5%; worst 2026-01-23 intraday 1322.30 vs daily 1315.00 (+0.56%)
INFO,INTRADAY_DAILY_CLOSE,stocks_intraday,NSE_EQ|INE059A01026,60m,1,1/268 full days: last intraday close vs daily close > 0.5%; worst 2026-01-23 intraday 1322.30 vs daily 1315.00 (+0.56%)
INFO,INTRADAY_DAILY_CLOSE,stocks_intraday,NSE_EQ|INE061F01013,5m,14,14/268 full days: last intraday close vs daily close > 0.5%; worst 2026-06-29 intraday 963.70 vs daily 950.40 (+1.40%)
INFO,INTRADAY_DAILY_CLOSE,stocks_intraday,NSE_EQ|INE061F01013,15m,14,14/268 full days: last intraday close vs daily close > 0.5%; worst 2026-06-29 intraday 963.70 vs daily 950.40 (+1.40%)
INFO,INTRADAY_DAILY_CLOSE,stocks_intraday,NSE_EQ|INE061F01013,60m,14,14/268 full days: last intraday close vs daily close > 0.5%; worst 2026-06-29 intraday 963.70 vs daily 950.40 (+1.40%)
INFO,INTRADAY_DAILY_CLOSE,stocks_intraday,NSE_EQ|INE062A01020,5m,2,2/268 full days: last intraday close vs daily close > 0.5%; worst 2026-03-24 intraday 1038.00 vs daily 1030.80 (+0.70%)
INFO,INTRADAY_DAILY_CLOSE,stocks_intraday,NSE_EQ|INE062A01020,15m,2,2/268 full days: last intraday close vs daily close > 0.5%; worst 2026-03-24 intraday 1038.00 vs daily 1030.80 (+0.70%)
INFO,INTRADAY_DAILY_CLOSE,stocks_intraday,NSE_EQ|INE062A01020,60m,2,2/268 full days: last intraday close vs daily close > 0.5%; worst 2026-03-24 intraday 1038.00 vs daily 1030.80 (+0.70%)
INFO,INTRADAY_DAILY_CLOSE,stocks_intraday,NSE_EQ|INE066A01021,5m,6,6/268 full days: last intraday close vs daily close > 0.5%; worst 2026-06-29 intraday 7510.00 vs daily 7426.00 (+1.13%)
INFO,INTRADAY_DAILY_CLOSE,stocks_intraday,NSE_EQ|INE066A01021,15m,6,6/268 full days: last intraday close vs daily close > 0.5%; worst 2026-06-29 intraday 7510.00 vs daily 7426.00 (+1.13%)
INFO,INTRADAY_DAILY_CLOSE,stocks_intraday,NSE_EQ|INE066A01021,60m,6,6/268 full days: last intraday close vs daily close > 0.5%; worst 2026-06-29 intraday 7510.00 vs daily 7426.00 (+1.13%)
INFO,INTRADAY_DAILY_CLOSE,stocks_intraday,NSE_EQ|INE066F01020,5m,3,3/268 full days: last intraday close vs daily close > 0.5%; worst 2026-07-08 intraday 4328.80 vs daily 4364.70 (-0.82%)
INFO,INTRADAY_DAILY_CLOSE,stocks_intraday,NSE_EQ|INE066F01020,15m,3,3/268 full days: last intraday close vs daily close > 0.5%; worst 2026-07-08 intraday 4328.80 vs daily 4364.70 (-0.82%)
INFO,INTRADAY_DAILY_CLOSE,stocks_intraday,NSE_EQ|INE066F01020,60m,3,3/268 full days: last intraday close vs daily close > 0.5%; worst 2026-07-08 intraday 4328.80 vs daily 4364.70 (-0.82%)
INFO,INTRADAY_DAILY_CLOSE,stocks_intraday,NSE_EQ|INE066P01011,5m,18,18/268 full days: last intraday close vs daily close > 0.5%; worst 2026-01-21 intraday 105.90 vs daily 104.69 (+1.16%)
INFO,INTRADAY_DAILY_CLOSE,stocks_intraday,NSE_EQ|INE066P01011,15m,18,18/268 full days: last intraday close vs daily close > 0.5%; worst 2026-01-21 intraday 105.90 vs daily 104.69 (+1.16%)
INFO,INTRADAY_DAILY_CLOSE,stocks_intraday,NSE_EQ|INE066P01011,60m,18,18/268 full days: last intraday close vs daily close > 0.5%; worst 2026-01-21 intraday 105.90 vs daily 104.69 (+1.16%)
INFO,INTRADAY_DAILY_CLOSE,stocks_intraday,NSE_EQ|INE067A01029,5m,5,5/268 full days: last intraday close vs daily close > 0.5%; worst 2026-07-24 intraday 883.00 vs daily 867.70 (+1.76%)
INFO,INTRADAY_DAILY_CLOSE,stocks_intraday,NSE_EQ|INE067A01029,15m,5,5/268 full days: last intraday close vs daily close > 0.5%; worst 2026-07-24 intraday 883.00 vs daily 867.70 (+1.76%)
INFO,INTRADAY_DAILY_CLOSE,stocks_intraday,NSE_EQ|INE067A01029,60m,5,5/268 full days: last intraday close vs daily close > 0.5%; worst 2026-07-24 intraday 883.00 vs daily 867.70 (+1.76%)
INFO,INTRADAY_DAILY_CLOSE,stocks_intraday,NSE_EQ|INE073K01018,5m,14,14/268 full days: last intraday close vs daily close > 0.5%; worst 2026-01-20 intraday 441.00 vs daily 445.95 (-1.11%)
INFO,INTRADAY_DAILY_CLOSE,stocks_intraday,NSE_EQ|INE073K01018,15m,14,14/268 full days: last intraday close vs daily close > 0.5%; worst 2026-01-20 intraday 441.00 vs daily 445.95 (-1.11%)
INFO,INTRADAY_DAILY_CLOSE,stocks_intraday,NSE_EQ|INE073K01018,60m,14,14/268 full days: last intraday close vs daily close > 0.5%; worst 2026-01-20 intraday 441.00 vs daily 445.95 (-1.11%)
INFO,INTRADAY_DAILY_CLOSE,stocks_intraday,NSE_EQ|INE075A01022,5m,1,1/268 full days: last intraday close vs daily close > 0.5%; worst 2026-03-16 intraday 194.05 vs daily 195.11 (-0.54%)
INFO,INTRADAY_DAILY_CLOSE,stocks_intraday,NSE_EQ|INE075A01022,15m,1,1/268 full days: last intraday close vs daily close > 0.5%; worst 2026-03-16 intraday 194.05 vs daily 195.11 (-0.54%)
INFO,INTRADAY_DAILY_CLOSE,stocks_intraday,NSE_EQ|INE075A01022,60m,1,1/268 full days: last intraday close vs daily close > 0.5%; worst 2026-03-16 intraday 194.05 vs daily 195.11 (-0.54%)
INFO,INTRADAY_DAILY_CLOSE,stocks_intraday,NSE_EQ|INE079A01024,5m,7,7/268 full days: last intraday close vs daily close > 0.5%; worst 2026-06-08 intraday 411.35 vs daily 415.30 (-0.95%)
INFO,INTRADAY_DAILY_CLOSE,stocks_intraday,NSE_EQ|INE079A01024,15m,7,7/268 full days: last intraday close vs daily close > 0.5%; worst 2026-06-08 intraday 411.35 vs daily 415.30 (-0.95%)
INFO,INTRADAY_DAILY_CLOSE,stocks_intraday,NSE_EQ|INE079A01024,60m,7,7/268 full days: last intraday close vs daily close > 0.5%; worst 2026-06-08 intraday 411.35 vs daily 415.30 (-0.95%)
INFO,INTRADAY_DAILY_CLOSE,stocks_intraday,NSE_EQ|INE07Y701011,5m,18,18/268 full days: last intraday close vs daily close > 0.5%; worst 2026-01-09 intraday 17700.00 vs daily 17881.00 (-1.01%)
INFO,INTRADAY_DAILY_CLOSE,stocks_intraday,NSE_EQ|INE07Y701011,15m,18,18/268 full days: last intraday close vs daily close > 0.5%; worst 2026-01-09 intraday 17700.00 vs daily 17881.00 (-1.01%)
INFO,INTRADAY_DAILY_CLOSE,stocks_intraday,NSE_EQ|INE07Y701011,60m,18,18/268 full days: last intraday close vs daily close > 0.5%; worst 2026-01-09 intraday 17700.00 vs daily 17881.00 (-1.01%)
INFO,INTRADAY_DAILY_CLOSE,stocks_intraday,NSE_EQ|INE081A01020,5m,3,3/268 full days: last intraday close vs daily close > 0.5%; worst 2026-05-29 intraday 210.19 vs daily 208.02 (+1.04%)
INFO,INTRADAY_DAILY_CLOSE,stocks_intraday,NSE_EQ|INE081A01020,15m,3,3/268 full days: last intraday close vs daily close > 0.5%; worst 2026-05-29 intraday 210.19 vs daily 208.02 (+1.04%)
INFO,INTRADAY_DAILY_CLOSE,stocks_intraday,NSE_EQ|INE081A01020,60m,3,3/268 full days: last intraday close vs daily close > 0.5%; worst 2026-05-29 intraday 210.19 vs daily 208.02 (+1.04%)
INFO,INTRADAY_DAILY_CLOSE,stocks_intraday,NSE_EQ|INE084A01016,5m,2,2/268 full days: last intraday close vs daily close > 0.5%; worst 2025-10-27 intraday 140.66 vs daily 139.71 (+0.68%)
INFO,INTRADAY_DAILY_CLOSE,stocks_intraday,NSE_EQ|INE084A01016,15m,2,2/268 full days: last intraday close vs daily close > 0.5%; worst 2025-10-27 intraday 140.66 vs daily 139.71 (+0.68%)
INFO,INTRADAY_DAILY_CLOSE,stocks_intraday,NSE_EQ|INE084A01016,60m,2,2/268 full days: last intraday close vs daily close > 0.5%; worst 2025-10-27 intraday 140.66 vs daily 139.71 (+0.68%)
INFO,INTRADAY_DAILY_CLOSE,stocks_intraday,NSE_EQ|INE089A01031,5m,7,7/268 full days: last intraday close vs daily close > 0.5%; worst 2026-05-29 intraday 1320.00 vs daily 1303.50 (+1.27%)
INFO,INTRADAY_DAILY_CLOSE,stocks_intraday,NSE_EQ|INE089A01031,15m,7,7/268 full days: last intraday close vs daily close > 0.5%; worst 2026-05-29 intraday 1320.00 vs daily 1303.50 (+1.27%)
INFO,INTRADAY_DAILY_CLOSE,stocks_intraday,NSE_EQ|INE089A01031,60m,7,7/268 full days: last intraday close vs daily close > 0.5%; worst 2026-05-29 intraday 1320.00 vs daily 1303.50 (+1.27%)
INFO,INTRADAY_DAILY_CLOSE,stocks_intraday,NSE_EQ|INE090A01021,5m,3,3/268 full days: last intraday close vs daily close > 0.5%; worst 2026-07-28 intraday 1417.60 vs daily 1430.80 (-0.92%)
INFO,INTRADAY_DAILY_CLOSE,stocks_intraday,NSE_EQ|INE090A01021,15m,3,3/268 full days: last intraday close vs daily close > 0.5%; worst 2026-07-28 intraday 1417.60 vs daily 1430.80 (-0.92%)
INFO,INTRADAY_DAILY_CLOSE,stocks_intraday,NSE_EQ|INE090A01021,60m,3,3/268 full days: last intraday close vs daily close > 0.5%; worst 2026-07-28 intraday 1417.60 vs daily 1430.80 (-0.92%)
INFO,INTRADAY_DAILY_CLOSE,stocks_intraday,NSE_EQ|INE092T01019,5m,5,5/268 full days: last intraday close vs daily close > 0.5%; worst 2026-02-18 intraday 85.35 vs daily 84.61 (+0.87%)
INFO,INTRADAY_DAILY_CLOSE,stocks_intraday,NSE_EQ|INE092T01019,15m,5,5/268 full days: last intraday close vs daily close > 0.5%; worst 2026-02-18 intraday 85.35 vs daily 84.61 (+0.87%)
INFO,INTRADAY_DAILY_CLOSE,stocks_intraday,NSE_EQ|INE092T01019,60m,5,5/268 full days: last intraday close vs daily close > 0.5%; worst 2026-02-18 intraday 85.35 vs daily 84.61 (+0.87%)
INFO,INTRADAY_DAILY_CLOSE,stocks_intraday,NSE_EQ|INE093I01010,5m,23,23/268 full days: last intraday close vs daily close > 0.5%; worst 2026-03-11 intraday 1470.10 vs daily 1488.80 (-1.26%)
INFO,INTRADAY_DAILY_CLOSE,stocks_intraday,NSE_EQ|INE093I01010,15m,23,23/268 full days: last intraday close vs daily close > 0.5%; worst 2026-03-11 intraday 1470.10 vs daily 1488.80 (-1.26%)
INFO,INTRADAY_DAILY_CLOSE,stocks_intraday,NSE_EQ|INE093I01010,60m,23,23/268 full days: last intraday close vs daily close > 0.5%; worst 2026-03-11 intraday 1470.10 vs daily 1488.80 (-1.26%)
INFO,INTRADAY_DAILY_CLOSE,stocks_intraday,NSE_EQ|INE094A01015,5m,8,8/268 full days: last intraday close vs daily close > 0.5%; worst 2026-03-19 intraday 327.45 vs daily 324.80 (+0.82%)
INFO,INTRADAY_DAILY_CLOSE,stocks_intraday,NSE_EQ|INE094A01015,15m,8,8/268 full days: last intraday close vs daily close > 0.5%; worst 2026-03-19 intraday 327.45 vs daily 324.80 (+0.82%)
INFO,INTRADAY_DAILY_CLOSE,stocks_intraday,NSE_EQ|INE094A01015,60m,8,8/268 full days: last intraday close vs daily close > 0.5%; worst 2026-03-19 intraday 327.45 vs daily 324.80 (+0.82%)
INFO,INTRADAY_DAILY_CLOSE,stocks_intraday,NSE_EQ|INE095A01012,5m,4,4/268 full days: last intraday close vs daily close > 0.5%; worst 2025-09-29 intraday 734.60 vs daily 723.40 (+1.55%)
INFO,INTRADAY_DAILY_CLOSE,stocks_intraday,NSE_EQ|INE095A01012,15m,4,4/268 full days: last intraday close vs daily close > 0.5%; worst 2025-09-29 intraday 734.60 vs daily 723.40 (+1.55%)
INFO,INTRADAY_DAILY_CLOSE,stocks_intraday,NSE_EQ|INE095A01012,60m,4,4/268 full days: last intraday close vs daily close > 0.5%; worst 2025-09-29 intraday 734.60 vs daily 723.40 (+1.55%)
INFO,INTRADAY_DAILY_CLOSE,stocks_intraday,NSE_EQ|INE095N01031,5m,8,8/268 full days: last intraday close vs daily close > 0.5%; worst 2026-05-29 intraday 101.30 vs daily 100.26 (+1.04%)
INFO,INTRADAY_DAILY_CLOSE,stocks_intraday,NSE_EQ|INE095N01031,15m,8,8/268 full days: last intraday close vs daily close > 0.5%; worst 2026-05-29 intraday 101.30 vs daily 100.26 (+1.04%)
INFO,INTRADAY_DAILY_CLOSE,stocks_intraday,NSE_EQ|INE095N01031,60m,8,8/268 full days: last intraday close vs daily close > 0.5%; worst 2026-05-29 intraday 101.30 vs daily 100.26 (+1.04%)
INFO,INTRADAY_DAILY_CLOSE,stocks_intraday,NSE_EQ|INE0BS701011,5m,45,45/268 full days: last intraday close vs daily close > 0.5%; worst 2026-04-17 intraday 1048.00 vs daily 1034.60 (+1.30%)
INFO,INTRADAY_DAILY_CLOSE,stocks_intraday,NSE_EQ|INE0BS701011,15m,45,45/268 full days: last intraday close vs daily close > 0.5%; worst 2026-04-17 intraday 1048.00 vs daily 1034.60 (+1.30%)
INFO,INTRADAY_DAILY_CLOSE,stocks_intraday,NSE_EQ|INE0BS701011,60m,45,45/268 full days: last intraday close vs daily close > 0.5%; worst 2026-04-17 intraday 1048.00 vs daily 1034.60 (+1.30%)
INFO,INTRADAY_DAILY_CLOSE,stocks_intraday,NSE_EQ|INE0J1Y01017,5m,3,3/268 full days: last intraday close vs daily close > 0.5%; worst 2026-04-13 intraday 404.50 vs daily 401.80 (+0.67%)
INFO,INTRADAY_DAILY_CLOSE,stocks_intraday,NSE_EQ|INE0J1Y01017,15m,3,3/268 full days: last intraday close vs daily close > 0.5%; worst 2026-04-13 intraday 404.50 vs daily 401.80 (+0.67%)
INFO,INTRADAY_DAILY_CLOSE,stocks_intraday,NSE_EQ|INE0J1Y01017,60m,3,3/268 full days: last intraday close vs daily close > 0.5%; worst 2026-04-13 intraday 404.50 vs daily 401.80 (+0.67%)
INFO,INTRADAY_DAILY_CLOSE,stocks_intraday,NSE_EQ|INE101A01026,5m,2,2/268 full days: last intraday close vs daily close > 0.5%; worst 2026-05-29 intraday 3066.10 vs daily 3045.60 (+0.67%)
INFO,INTRADAY_DAILY_CLOSE,stocks_intraday,NSE_EQ|INE101A01026,15m,2,2/268 full days: last intraday close vs daily close > 0.5%; worst 2026-05-29 intraday 3066.10 vs daily 3045.60 (+0.67%)
INFO,INTRADAY_DAILY_CLOSE,stocks_intraday,NSE_EQ|INE101A01026,60m,2,2/268 full days: last intraday close vs daily close > 0.5%; worst 2026-05-29 intraday 3066.10 vs daily 3045.60 (+0.67%)
INFO,INTRADAY_DAILY_CLOSE,stocks_intraday,NSE_EQ|INE102D01028,5m,13,13/268 full days: last intraday close vs daily close > 0.5%; worst 2026-03-30 intraday 994.90 vs daily 984.80 (+1.03%)
INFO,INTRADAY_DAILY_CLOSE,stocks_intraday,NSE_EQ|INE102D01028,15m,13,13/268 full days: last intraday close vs daily close > 0.5%; worst 2026-03-30 intraday 994.90 vs daily 984.80 (+1.03%)
INFO,INTRADAY_DAILY_CLOSE,stocks_intraday,NSE_EQ|INE102D01028,60m,13,13/268 full days: last intraday close vs daily close > 0.5%; worst 2026-03-30 intraday 994.90 vs daily 984.80 (+1.03%)
INFO,INTRADAY_DAILY_CLOSE,stocks_intraday,NSE_EQ|INE111A01025,5m,12,12/268 full days: last intraday close vs daily close > 0.5%; worst 2026-03-24 intraday 439.00 vs daily 433.10 (+1.36%)
INFO,INTRADAY_DAILY_CLOSE,stocks_intraday,NSE_EQ|INE111A01025,15m,12,12/268 full days: last intraday close vs daily close > 0.5%; worst 2026-03-24 intraday 439.00 vs daily 433.10 (+1.36%)
INFO,INTRADAY_DAILY_CLOSE,stocks_intraday,NSE_EQ|INE111A01025,60m,12,12/268 full days: last intraday close vs daily close > 0.5%; worst 2026-03-24 intraday 439.00 vs daily 433.10 (+1.36%)
INFO,INTRADAY_DAILY_CLOSE,stocks_intraday,NSE_EQ|INE114A01011,5m,19,19/268 full days: last intraday close vs daily close > 0.5%; worst 2026-05-18 intraday 190.05 vs daily 192.73 (-1.39%)
INFO,INTRADAY_DAILY_CLOSE,stocks_intraday,NSE_EQ|INE114A01011,15m,19,19/268 full days: last intraday close vs daily close > 0.5%; worst 2026-05-18 intraday 190.05 vs daily 192.73 (-1.39%)
INFO,INTRADAY_DAILY_CLOSE,stocks_intraday,NSE_EQ|INE114A01011,60m,19,19/268 full days: last intraday close vs daily close > 0.5%; worst 2026-05-18 intraday 190.05 vs daily 192.73 (-1.39%)
INFO,INTRADAY_DAILY_CLOSE,stocks_intraday,NSE_EQ|INE115A01026,5m,4,4/268 full days: last intraday close vs daily close > 0.5%; worst 2026-02-27 intraday 542.00 vs daily 537.75 (+0.79%)
INFO,INTRADAY_DAILY_CLOSE,stocks_intraday,NSE_EQ|INE115A01026,15m,4,4/268 full days: last intraday close vs daily close > 0.5%; worst 2026-02-27 intraday 542.00 vs daily 537.75 (+0.79%)
INFO,INTRADAY_DAILY_CLOSE,stocks_intraday,NSE_EQ|INE115A01026,60m,4,4/268 full days: last intraday close vs daily close > 0.5%; worst 2026-02-27 intraday 542.00 vs daily 537.75 (+0.79%)
INFO,INTRADAY_DAILY_CLOSE,stocks_intraday,NSE_EQ|INE117A01022,5m,8,8/268 full days: last intraday close vs daily close > 0.5%; worst 2026-01-27 intraday 4777.00 vs daily 4707.50 (+1.48%)
INFO,INTRADAY_DAILY_CLOSE,stocks_intraday,NSE_EQ|INE117A01022,15m,8,8/268 full days: last intraday close vs daily close > 0.5%; worst 2026-01-27 intraday 4777.00 vs daily 4707.50 (+1.48%)
INFO,INTRADAY_DAILY_CLOSE,stocks_intraday,NSE_EQ|INE117A01022,60m,8,8/268 full days: last intraday close vs daily close > 0.5%; worst 2026-01-27 intraday 4777.00 vs daily 4707.50 (+1.48%)
INFO,INTRADAY_DAILY_CLOSE,stocks_intraday,NSE_EQ|INE118H01025,5m,7,7/268 full days: last intraday close vs daily close > 0.5%; worst 2026-02-26 intraday 2774.00 vs daily 2800.90 (-0.96%)
INFO,INTRADAY_DAILY_CLOSE,stocks_intraday,NSE_EQ|INE118H01025,15m,7,7/268 full days: last intraday close vs daily close > 0.5%; worst 2026-02-26 intraday 2774.00 vs daily 2800.90 (-0.96%)
INFO,INTRADAY_DAILY_CLOSE,stocks_intraday,NSE_EQ|INE118H01025,60m,7,7/268 full days: last intraday close vs daily close > 0.5%; worst 2026-02-26 intraday 2774.00 vs daily 2800.90 (-0.96%)
INFO,INTRADAY_DAILY_CLOSE,stocks_intraday,NSE_EQ|INE121A01024,5m,18,18/268 full days: last intraday close vs daily close > 0.5%; worst 2026-05-12 intraday 1578.30 vs daily 1561.00 (+1.11%)
INFO,INTRADAY_DAILY_CLOSE,stocks_intraday,NSE_EQ|INE121A01024,15m,18,18/268 full days: last intraday close vs daily close > 0.5%; worst 2026-05-12 intraday 1578.30 vs daily 1561.00 (+1.11%)
INFO,INTRADAY_DAILY_CLOSE,stocks_intraday,NSE_EQ|INE121A01024,60m,18,18/268 full days: last intraday close vs daily close > 0.5%; worst 2026-05-12 intraday 1578.30 vs daily 1561.00 (+1.11%)
INFO,INTRADAY_DAILY_CLOSE,stocks_intraday,NSE_EQ|INE121E01018,5m,13,13/268 full days: last intraday close vs daily close > 0.5%; worst 2026-06-08 intraday 565.00 vs daily 570.95 (-1.04%)
INFO,INTRADAY_DAILY_CLOSE,stocks_intraday,NSE_EQ|INE121E01018,15m,13,13/268 full days: last intraday close vs daily close > 0.5%; worst 2026-06-08 intraday 565.00 vs daily 570.95 (-1.04%)
INFO,INTRADAY_DAILY_CLOSE,stocks_intraday,NSE_EQ|INE121E01018,60m,13,13/268 full days: last intraday close vs daily close > 0.5%; worst 2026-06-08 intraday 565.00 vs daily 570.95 (-1.04%)
INFO,INTRADAY_DAILY_CLOSE,stocks_intraday,NSE_EQ|INE121J01017,5m,13,13/268 full days: last intraday close vs daily close > 0.5%; worst 2026-07-22 intraday 399.75 vs daily 394.85 (+1.24%)
INFO,INTRADAY_DAILY_CLOSE,stocks_intraday,NSE_EQ|INE121J01017,15m,13,13/268 full days: last intraday close vs daily close > 0.5%; worst 2026-07-22 intraday 399.75 vs daily 394.85 (+1.24%)
INFO,INTRADAY_DAILY_CLOSE,stocks_intraday,NSE_EQ|INE121J01017,60m,13,13/268 full days: last intraday close vs daily close > 0.5%; worst 2026-07-22 intraday 399.75 vs daily 394.85 (+1.24%)
INFO,INTRADAY_DAILY_CLOSE,stocks_intraday,NSE_EQ|INE127D01025,5m,4,4/268 full days: last intraday close vs daily close > 0.5%; worst 2025-12-30 intraday 2652.00 vs daily 2630.20 (+0.83%)
INFO,INTRADAY_DAILY_CLOSE,stocks_intraday,NSE_EQ|INE127D01025,15m,4,4/268 full days: last intraday close vs daily close > 0.5%; worst 2025-12-30 intraday 2652.00 vs daily 2630.20 (+0.83%)
INFO,INTRADAY_DAILY_CLOSE,stocks_intraday,NSE_EQ|INE127D01025,60m,4,4/268 full days: last intraday close vs daily close > 0.5%; worst 2025-12-30 intraday 2652.00 vs daily 2630.20 (+0.83%)
INFO,INTRADAY_DAILY_CLOSE,stocks_intraday,NSE_EQ|INE129A01019,5m,5,5/268 full days: last intraday close vs daily close > 0.5%; worst 2026-05-29 intraday 166.00 vs daily 164.51 (+0.91%)
INFO,INTRADAY_DAILY_CLOSE,stocks_intraday,NSE_EQ|INE129A01019,15m,5,5/268 full days: last intraday close vs daily close > 0.5%; worst 2026-05-29 intraday 166.00 vs daily 164.51 (+0.91%)
INFO,INTRADAY_DAILY_CLOSE,stocks_intraday,NSE_EQ|INE129A01019,60m,5,5/268 full days: last intraday close vs daily close > 0.5%; worst 2026-05-29 intraday 166.00 vs daily 164.51 (+0.91%)
INFO,INTRADAY_DAILY_CLOSE,stocks_intraday,NSE_EQ|INE134E01011,5m,6,6/268 full days: last intraday close vs daily close > 0.5%; worst 2026-03-04 intraday 391.35 vs daily 396.55 (-1.31%)
INFO,INTRADAY_DAILY_CLOSE,stocks_intraday,NSE_EQ|INE134E01011,15m,6,6/268 full days: last intraday close vs daily close > 0.5%; worst 2026-03-04 intraday 391.35 vs daily 396.55 (-1.31%)
INFO,INTRADAY_DAILY_CLOSE,stocks_intraday,NSE_EQ|INE134E01011,60m,6,6/268 full days: last intraday close vs daily close > 0.5%; worst 2026-03-04 intraday 391.35 vs daily 396.55 (-1.31%)
INFO,INTRADAY_DAILY_CLOSE,stocks_intraday,NSE_EQ|INE138Y01010,5m,16,16/268 full days: last intraday close vs daily close > 0.5%; worst 2026-01-27 intraday 1025.90 vs daily 1016.00 (+0.97%)
INFO,INTRADAY_DAILY_CLOSE,stocks_intraday,NSE_EQ|INE138Y01010,15m,16,16/268 full days: last intraday close vs daily close > 0.5%; worst 2026-01-27 intraday 1025.90 vs daily 1016.00 (+0.97%)
INFO,INTRADAY_DAILY_CLOSE,stocks_intraday,NSE_EQ|INE138Y01010,60m,16,16/268 full days: last intraday close vs daily close > 0.5%; worst 2026-01-27 intraday 1025.90 vs daily 1016.00 (+0.97%)
INFO,INTRADAY_DAILY_CLOSE,stocks_intraday,NSE_EQ|INE139A01034,5m,10,10/268 full days: last intraday close vs daily close > 0.5%; worst 2026-04-30 intraday 395.35 vs daily 399.30 (-0.99%)
INFO,INTRADAY_DAILY_CLOSE,stocks_intraday,NSE_EQ|INE139A01034,15m,10,10/268 full days: last intraday close vs daily close > 0.5%; worst 2026-04-30 intraday 395.35 vs daily 399.30 (-0.99%)
INFO,INTRADAY_DAILY_CLOSE,stocks_intraday,NSE_EQ|INE139A01034,60m,10,10/268 full days: last intraday close vs daily close > 0.5%; worst 2026-04-30 intraday 395.35 vs daily 399.30 (-0.99%)
INFO,INTRADAY_DAILY_CLOSE,stocks_intraday,NSE_EQ|INE148O01028,5m,9,9/268 full days: last intraday close vs daily close > 0.5%; worst 2025-11-06 intraday 436.40 vs daily 442.60 (-1.40%)
INFO,INTRADAY_DAILY_CLOSE,stocks_intraday,NSE_EQ|INE148O01028,15m,9,9/268 full days: last intraday close vs daily close > 0.5%; worst 2025-11-06 intraday 436.40 vs daily 442.60 (-1.40%)
INFO,INTRADAY_DAILY_CLOSE,stocks_intraday,NSE_EQ|INE148O01028,60m,9,9/268 full days: last intraday close vs daily close > 0.5%; worst 2025-11-06 intraday 436.40 vs daily 442.60 (-1.40%)
INFO,INTRADAY_DAILY_CLOSE,stocks_intraday,NSE_EQ|INE154A01025,5m,1,1/268 full days: last intraday close vs daily close > 0.5%; worst 2025-09-29 intraday 404.40 vs daily 407.25 (-0.70%)
INFO,INTRADAY_DAILY_CLOSE,stocks_intraday,NSE_EQ|INE154A01025,15m,1,1/268 full days: last intraday close vs daily close > 0.5%; worst 2025-09-29 intraday 404.40 vs daily 407.25 (-0.70%)
INFO,INTRADAY_DAILY_CLOSE,stocks_intraday,NSE_EQ|INE154A01025,60m,1,1/268 full days: last intraday close vs daily close > 0.5%; worst 2025-09-29 intraday 404.40 vs daily 407.25 (-0.70%)
INFO,INTRADAY_DAILY_CLOSE,stocks_intraday,NSE_EQ|INE155A01022,5m,4,4/267 full days: last intraday close vs daily close > 0.5%; worst 2026-02-13 intraday 378.00 vs daily 380.25 (-0.59%)
INFO,INTRADAY_DAILY_CLOSE,stocks_intraday,NSE_EQ|INE155A01022,15m,4,4/267 full days: last intraday close vs daily close > 0.5%; worst 2026-02-13 intraday 378.00 vs daily 380.25 (-0.59%)
INFO,INTRADAY_DAILY_CLOSE,stocks_intraday,NSE_EQ|INE155A01022,60m,4,4/268 full days: last intraday close vs daily close > 0.5%; worst 2026-02-13 intraday 378.00 vs daily 380.25 (-0.59%)
INFO,INTRADAY_DAILY_CLOSE,stocks_intraday,NSE_EQ|INE158A01026,5m,6,6/268 full days: last intraday close vs daily close > 0.5%; worst 2025-09-29 intraday 5345.50 vs daily 5300.50 (+0.85%)
INFO,INTRADAY_DAILY_CLOSE,stocks_intraday,NSE_EQ|INE158A01026,15m,6,6/268 full days: last intraday close vs daily close > 0.5%; worst 2025-09-29 intraday 5345.50 vs daily 5300.50 (+0.85%)
INFO,INTRADAY_DAILY_CLOSE,stocks_intraday,NSE_EQ|INE158A01026,60m,6,6/268 full days: last intraday close vs daily close > 0.5%; worst 2025-09-29 intraday 5345.50 vs daily 5300.50 (+0.85%)
INFO,INTRADAY_DAILY_CLOSE,stocks_intraday,NSE_EQ|INE160A01022,5m,1,1/268 full days: last intraday close vs daily close > 0.5%; worst 2026-03-19 intraday 110.05 vs daily 109.49 (+0.51%)
INFO,INTRADAY_DAILY_CLOSE,stocks_intraday,NSE_EQ|INE160A01022,15m,1,1/268 full days: last intraday close vs daily close > 0.5%; worst 2026-03-19 intraday 110.05 vs daily 109.49 (+0.51%)
INFO,INTRADAY_DAILY_CLOSE,stocks_intraday,NSE_EQ|INE160A01022,60m,1,1/268 full days: last intraday close vs daily close > 0.5%; worst 2026-03-19 intraday 110.05 vs daily 109.49 (+0.51%)
INFO,INTRADAY_DAILY_CLOSE,stocks_intraday,NSE_EQ|INE171A01029,5m,6,6/268 full days: last intraday close vs daily close > 0.5%; worst 2026-07-16 intraday 329.25 vs daily 326.60 (+0.81%)
INFO,INTRADAY_DAILY_CLOSE,stocks_intraday,NSE_EQ|INE171A01029,15m,6,6/268 full days: last intraday close vs daily close > 0.5%; worst 2026-07-16 intraday 329.25 vs daily 326.60 (+0.81%)
INFO,INTRADAY_DAILY_CLOSE,stocks_intraday,NSE_EQ|INE171A01029,60m,6,6/268 full days: last intraday close vs daily close > 0.5%; worst 2026-07-16 intraday 329.25 vs daily 326.60 (+0.81%)
INFO,INTRADAY_DAILY_CLOSE,stocks_intraday,NSE_EQ|INE171Z01026,5m,14,14/268 full days: last intraday close vs daily close > 0.5%; worst 2026-05-29 intraday 1221.00 vs daily 1204.60 (+1.36%)
INFO,INTRADAY_DAILY_CLOSE,stocks_intraday,NSE_EQ|INE171Z01026,15m,14,14/268 full days: last intraday close vs daily close > 0.5%; worst 2026-05-29 intraday 1221.00 vs daily 1204.60 (+1.36%)
INFO,INTRADAY_DAILY_CLOSE,stocks_intraday,NSE_EQ|INE171Z01026,60m,14,14/268 full days: last intraday close vs daily close > 0.5%; worst 2026-05-29 intraday 1221.00 vs daily 1204.60 (+1.36%)
INFO,INTRADAY_DAILY_CLOSE,stocks_intraday,NSE_EQ|INE176B01034,5m,10,10/268 full days: last intraday close vs daily close > 0.5%; worst 2026-04-22 intraday 1325.00 vs daily 1348.70 (-1.76%)
INFO,INTRADAY_DAILY_CLOSE,stocks_intraday,NSE_EQ|INE176B01034,15m,10,10/268 full days: last intraday close vs daily close > 0.5%; worst 2026-04-22 intraday 1325.00 vs daily 1348.70 (-1.76%)
INFO,INTRADAY_DAILY_CLOSE,stocks_intraday,NSE_EQ|INE176B01034,60m,10,10/268 full days: last intraday close vs daily close > 0.5%; worst 2026-04-22 intraday 1325.00 vs daily 1348.70 (-1.76%)
INFO,INTRADAY_DAILY_CLOSE,stocks_intraday,NSE_EQ|INE180A01020,5m,22,22/268 full days: last intraday close vs daily close > 0.5%; worst 2026-03-30 intraday 1475.70 vs daily 1490.70 (-1.01%)
INFO,INTRADAY_DAILY_CLOSE,stocks_intraday,NSE_EQ|INE180A01020,15m,22,22/268 full days: last intraday close vs daily close > 0.5%; worst 2026-03-30 intraday 1475.70 vs daily 1490.70 (-1.01%)
INFO,INTRADAY_DAILY_CLOSE,stocks_intraday,NSE_EQ|INE180A01020,60m,22,22/268 full days: last intraday close vs daily close > 0.5%; worst 2026-03-30 intraday 1475.70 vs daily 1490.70 (-1.01%)
INFO,INTRADAY_DAILY_CLOSE,stocks_intraday,NSE_EQ|INE192A01025,5m,5,5/268 full days: last intraday close vs daily close > 0.5%; worst 2025-11-06 intraday 1180.50 vs daily 1190.40 (-0.83%)
INFO,INTRADAY_DAILY_CLOSE,stocks_intraday,NSE_EQ|INE192A01025,15m,5,5/268 full days: last intraday close vs daily close > 0.5%; worst 2025-11-06 intraday 1180.50 vs daily 1190.40 (-0.83%)
INFO,INTRADAY_DAILY_CLOSE,stocks_intraday,NSE_EQ|INE192A01025,60m,5,5/268 full days: last intraday close vs daily close > 0.5%; worst 2025-11-06 intraday 1180.50 vs daily 1190.40 (-0.83%)
INFO,INTRADAY_DAILY_CLOSE,stocks_intraday,NSE_EQ|INE192R01011,5m,7,7/268 full days: last intraday close vs daily close > 0.5%; worst 2026-03-30 intraday 4000.00 vs daily 3956.80 (+1.09%)
INFO,INTRADAY_DAILY_CLOSE,stocks_intraday,NSE_EQ|INE192R01011,15m,7,7/268 full days: last intraday close vs daily close > 0.5%; worst 2026-03-30 intraday 4000.00 vs daily 3956.80 (+1.09%)
INFO,INTRADAY_DAILY_CLOSE,stocks_intraday,NSE_EQ|INE192R01011,60m,7,7/268 full days: last intraday close vs daily close > 0.5%; worst 2026-03-30 intraday 4000.00 vs daily 3956.80 (+1.09%)
INFO,INTRADAY_DAILY_CLOSE,stocks_intraday,NSE_EQ|INE195A01028,5m,11,11/268 full days: last intraday close vs daily close > 0.5%; worst 2025-09-09 intraday 4309.90 vs daily 4378.50 (-1.57%)
INFO,INTRADAY_DAILY_CLOSE,stocks_intraday,NSE_EQ|INE195A01028,15m,11,11/268 full days: last intraday close vs daily close > 0.5%; worst 2025-09-09 intraday 4309.90 vs daily 4378.50 (-1.57%)
INFO,INTRADAY_DAILY_CLOSE,stocks_intraday,NSE_EQ|INE195A01028,60m,11,11/268 full days: last intraday close vs daily close > 0.5%; worst 2025-09-09 intraday 4309.90 vs daily 4378.50 (-1.57%)
INFO,INTRADAY_DAILY_CLOSE,stocks_intraday,NSE_EQ|INE196A01026,5m,8,8/268 full days: last intraday close vs daily close > 0.5%; worst 2026-03-13 intraday 757.80 vs daily 752.40 (+0.72%)
INFO,INTRADAY_DAILY_CLOSE,stocks_intraday,NSE_EQ|INE196A01026,15m,8,8/268 full days: last intraday close vs daily close > 0.5%; worst 2026-03-13 intraday 757.80 vs daily 752.40 (+0.72%)
INFO,INTRADAY_DAILY_CLOSE,stocks_intraday,NSE_EQ|INE196A01026,60m,8,8/268 full days: last intraday close vs daily close > 0.5%; worst 2026-03-13 intraday 757.80 vs daily 752.40 (+0.72%)
INFO,INTRADAY_DAILY_CLOSE,stocks_intraday,NSE_EQ|INE200M01039,5m,9,9/268 full days: last intraday close vs daily close > 0.5%; worst 2026-04-16 intraday 465.25 vs daily 460.40 (+1.05%)
INFO,INTRADAY_DAILY_CLOSE,stocks_intraday,NSE_EQ|INE200M01039,15m,9,9/268 full days: last intraday close vs daily close > 0.5%; worst 2026-04-16 intraday 465.25 vs daily 460.40 (+1.05%)
INFO,INTRADAY_DAILY_CLOSE,stocks_intraday,NSE_EQ|INE200M01039,60m,9,9/268 full days: last intraday close vs daily close > 0.5%; worst 2026-04-16 intraday 465.25 vs daily 460.40 (+1.05%)
INFO,INTRADAY_DAILY_CLOSE,stocks_intraday,NSE_EQ|INE202E01016,5m,9,9/268 full days: last intraday close vs daily close > 0.5%; worst 2026-05-29 intraday 135.39 vs daily 133.25 (+1.61%)
INFO,INTRADAY_DAILY_CLOSE,stocks_intraday,NSE_EQ|INE202E01016,15m,9,9/268 full days: last intraday close vs daily close > 0.5%; worst 2026-05-29 intraday 135.39 vs daily 133.25 (+1.61%)
INFO,INTRADAY_DAILY_CLOSE,stocks_intraday,NSE_EQ|INE202E01016,60m,9,9/268 full days: last intraday close vs daily close > 0.5%; worst 2026-05-29 intraday 135.39 vs daily 133.25 (+1.61%)
INFO,INTRADAY_DAILY_CLOSE,stocks_intraday,NSE_EQ|INE205A01025,5m,6,6/267 full days: last intraday close vs daily close > 0.5%; worst 2025-10-29 intraday 512.00 vs daily 516.20 (-0.81%)
INFO,INTRADAY_DAILY_CLOSE,stocks_intraday,NSE_EQ|INE205A01025,15m,6,6/267 full days: last intraday close vs daily close > 0.5%; worst 2025-10-29 intraday 512.00 vs daily 516.20 (-0.81%)
INFO,INTRADAY_DAILY_CLOSE,stocks_intraday,NSE_EQ|INE205A01025,60m,7,7/268 full days: last intraday close vs daily close > 0.5%; worst 2025-10-29 intraday 512.00 vs daily 516.20 (-0.81%)
INFO,INTRADAY_DAILY_CLOSE,stocks_intraday,NSE_EQ|INE208A01029,5m,10,10/268 full days: last intraday close vs daily close > 0.5%; worst 2026-06-03 intraday 147.20 vs daily 145.84 (+0.93%)
INFO,INTRADAY_DAILY_CLOSE,stocks_intraday,NSE_EQ|INE208A01029,15m,10,10/268 full days: last intraday close vs daily close > 0.5%; worst 2026-06-03 intraday 147.20 vs daily 145.84 (+0.93%)
INFO,INTRADAY_DAILY_CLOSE,stocks_intraday,NSE_EQ|INE208A01029,60m,10,10/268 full days: last intraday close vs daily close > 0.5%; worst 2026-06-03 intraday 147.20 vs daily 145.84 (+0.93%)
INFO,INTRADAY_DAILY_CLOSE,stocks_intraday,NSE_EQ|INE211B01039,5m,42,42/268 full days: last intraday close vs daily close > 0.5%; worst 2026-03-05 intraday 1609.90 vs daily 1633.60 (-1.45%)
INFO,INTRADAY_DAILY_CLOSE,stocks_intraday,NSE_EQ|INE211B01039,15m,42,42/268 full days: last intraday close vs daily close > 0.5%; worst 2026-03-05 intraday 1609.90 vs daily 1633.60 (-1.45%)
INFO,INTRADAY_DAILY_CLOSE,stocks_intraday,NSE_EQ|INE211B01039,60m,42,42/268 full days: last intraday close vs daily close > 0.5%; worst 2026-03-05 intraday 1609.90 vs daily 1633.60 (-1.45%)
INFO,INTRADAY_DAILY_CLOSE,stocks_intraday,NSE_EQ|INE213A01029,5m,1,1/268 full days: last intraday close vs daily close > 0.5%; worst 2025-10-29 intraday 257.09 vs daily 255.64 (+0.57%)
INFO,INTRADAY_DAILY_CLOSE,stocks_intraday,NSE_EQ|INE213A01029,15m,1,1/268 full days: last intraday close vs daily close > 0.5%; worst 2025-10-29 intraday 257.09 vs daily 255.64 (+0.57%)
INFO,INTRADAY_DAILY_CLOSE,stocks_intraday,NSE_EQ|INE213A01029,60m,1,1/268 full days: last intraday close vs daily close > 0.5%; worst 2025-10-29 intraday 257.09 vs daily 255.64 (+0.57%)
INFO,INTRADAY_DAILY_CLOSE,stocks_intraday,NSE_EQ|INE214T01019,5m,8,8/268 full days: last intraday close vs daily close > 0.5%; worst 2026-03-20 intraday 4355.00 vs daily 4298.80 (+1.31%)
INFO,INTRADAY_DAILY_CLOSE,stocks_intraday,NSE_EQ|INE214T01019,15m,8,8/268 full days: last intraday close vs daily close > 0.5%; worst 2026-03-20 intraday 4355.00 vs daily 4298.80 (+1.31%)
INFO,INTRADAY_DAILY_CLOSE,stocks_intraday,NSE_EQ|INE214T01019,60m,8,8/268 full days: last intraday close vs daily close > 0.5%; worst 2026-03-20 intraday 4355.00 vs daily 4298.80 (+1.31%)
INFO,INTRADAY_DAILY_CLOSE,stocks_intraday,NSE_EQ|INE216A01030,5m,4,4/268 full days: last intraday close vs daily close > 0.5%; worst 2026-05-07 intraday 5885.50 vs daily 5814.00 (+1.23%)
INFO,INTRADAY_DAILY_CLOSE,stocks_intraday,NSE_EQ|INE216A01030,15m,4,4/268 full days: last intraday close vs daily close > 0.5%; worst 2026-05-07 intraday 5885.50 vs daily 5814.00 (+1.23%)
INFO,INTRADAY_DAILY_CLOSE,stocks_intraday,NSE_EQ|INE216A01030,60m,4,4/268 full days: last intraday close vs daily close > 0.5%; worst 2026-05-07 intraday 5885.50 vs daily 5814.00 (+1.23%)
INFO,INTRADAY_DAILY_CLOSE,stocks_intraday,NSE_EQ|INE226A01021,5m,21,21/268 full days: last intraday close vs daily close > 0.5%; worst 2026-05-29 intraday 1258.00 vs daily 1245.70 (+0.99%)
INFO,INTRADAY_DAILY_CLOSE,stocks_intraday,NSE_EQ|INE226A01021,15m,21,21/268 full days: last intraday close vs daily close > 0.5%; worst 2026-05-29 intraday 1258.00 vs daily 1245.70 (+0.99%)
INFO,INTRADAY_DAILY_CLOSE,stocks_intraday,NSE_EQ|INE226A01021,60m,21,21/268 full days: last intraday close vs daily close > 0.5%; worst 2026-05-29 intraday 1258.00 vs daily 1245.70 (+0.99%)
INFO,INTRADAY_DAILY_CLOSE,stocks_intraday,NSE_EQ|INE237A01036,5m,5,5/268 full days: last intraday close vs daily close > 0.5%; worst 2026-06-30 intraday 396.00 vs daily 392.25 (+0.96%)
INFO,INTRADAY_DAILY_CLOSE,stocks_intraday,NSE_EQ|INE237A01036,15m,5,5/268 full days: last intraday close vs daily close > 0.5%; worst 2026-06-30 intraday 396.00 vs daily 392.25 (+0.96%)
INFO,INTRADAY_DAILY_CLOSE,stocks_intraday,NSE_EQ|INE237A01036,60m,5,5/268 full days: last intraday close vs daily close > 0.5%; worst 2026-06-30 intraday 396.00 vs daily 392.25 (+0.96%)
INFO,INTRADAY_DAILY_CLOSE,stocks_intraday,NSE_EQ|INE238A01034,5m,6,6/268 full days: last intraday close vs daily close > 0.5%; worst 2026-06-29 intraday 1368.00 vs daily 1356.80 (+0.83%)
INFO,INTRADAY_DAILY_CLOSE,stocks_intraday,NSE_EQ|INE238A01034,15m,6,6/268 full days: last intraday close vs daily close > 0.5%; worst 2026-06-29 intraday 1368.00 vs daily 1356.80 (+0.83%)
INFO,INTRADAY_DAILY_CLOSE,stocks_intraday,NSE_EQ|INE238A01034,60m,6,6/268 full days: last intraday close vs daily close > 0.5%; worst 2026-06-29 intraday 1368.00 vs daily 1356.80 (+0.83%)
INFO,INTRADAY_DAILY_CLOSE,stocks_intraday,NSE_EQ|INE239A01024,5m,8,8/268 full days: last intraday close vs daily close > 0.5%; worst 2026-05-29 intraday 1443.00 vs daily 1421.50 (+1.51%)
INFO,INTRADAY_DAILY_CLOSE,stocks_intraday,NSE_EQ|INE239A01024,15m,8,8/268 full days: last intraday close vs daily close > 0.5%; worst 2026-05-29 intraday 1443.00 vs daily 1421.50 (+1.51%)
INFO,INTRADAY_DAILY_CLOSE,stocks_intraday,NSE_EQ|INE239A01024,60m,8,8/268 full days: last intraday close vs daily close > 0.5%; worst 2026-05-29 intraday 1443.00 vs daily 1421.50 (+1.51%)
INFO,INTRADAY_DAILY_CLOSE,stocks_intraday,NSE_EQ|INE242A01010,5m,2,2/268 full days: last intraday close vs daily close > 0.5%; worst 2026-03-30 intraday 136.10 vs daily 135.40 (+0.52%)
INFO,INTRADAY_DAILY_CLOSE,stocks_intraday,NSE_EQ|INE242A01010,15m,2,2/268 full days: last intraday close vs daily close > 0.5%; worst 2026-03-30 intraday 136.10 vs daily 135.40 (+0.52%)
INFO,INTRADAY_DAILY_CLOSE,stocks_intraday,NSE_EQ|INE242A01010,60m,2,2/268 full days: last intraday close vs daily close > 0.5%; worst 2026-03-30 intraday 136.10 vs daily 135.40 (+0.52%)
INFO,INTRADAY_DAILY_CLOSE,stocks_intraday,NSE_EQ|INE245A01021,5m,4,4/268 full days: last intraday close vs daily close > 0.5%; worst 2026-03-23 intraday 382.90 vs daily 386.95 (-1.05%)
INFO,INTRADAY_DAILY_CLOSE,stocks_intraday,NSE_EQ|INE245A01021,15m,4,4/268 full days: last intraday close vs daily close > 0.5%; worst 2026-03-23 intraday 382.90 vs daily 386.95 (-1.05%)
INFO,INTRADAY_DAILY_CLOSE,stocks_intraday,NSE_EQ|INE245A01021,60m,4,4/268 full days: last intraday close vs daily close > 0.5%; worst 2026-03-23 intraday 382.90 vs daily 386.95 (-1.05%)
INFO,INTRADAY_DAILY_CLOSE,stocks_intraday,NSE_EQ|INE249Z01020,5m,5,5/268 full days: last intraday close vs daily close > 0.5%; worst 2025-12-04 intraday 2659.40 vs daily 2641.20 (+0.69%)
INFO,INTRADAY_DAILY_CLOSE,stocks_intraday,NSE_EQ|INE249Z01020,15m,5,5/268 full days: last intraday close vs daily close > 0.5%; worst 2025-12-04 intraday 2659.40 vs daily 2641.20 (+0.69%)
INFO,INTRADAY_DAILY_CLOSE,stocks_intraday,NSE_EQ|INE249Z01020,60m,5,5/268 full days: last intraday close vs daily close > 0.5%; worst 2025-12-04 intraday 2659.40 vs daily 2641.20 (+0.69%)
INFO,INTRADAY_DAILY_CLOSE,stocks_intraday,NSE_EQ|INE257A01026,5m,8,8/268 full days: last intraday close vs daily close > 0.5%; worst 2026-01-08 intraday 276.90 vs daily 271.75 (+1.90%)
INFO,INTRADAY_DAILY_CLOSE,stocks_intraday,NSE_EQ|INE257A01026,15m,8,8/268 full days: last intraday close vs daily close > 0.5%; worst 2026-01-08 intraday 276.90 vs daily 271.75 (+1.90%)
INFO,INTRADAY_DAILY_CLOSE,stocks_intraday,NSE_EQ|INE257A01026,60m,8,8/268 full days: last intraday close vs daily close > 0.5%; worst 2026-01-08 intraday 276.90 vs daily 271.75 (+1.90%)
INFO,INTRADAY_DAILY_CLOSE,stocks_intraday,NSE_EQ|INE259A01022,5m,6,6/268 full days: last intraday close vs daily close > 0.5%; worst 2026-05-12 intraday 2145.00 vs daily 2125.20 (+0.93%)
INFO,INTRADAY_DAILY_CLOSE,stocks_intraday,NSE_EQ|INE259A01022,15m,6,6/268 full days: last intraday close vs daily close > 0.5%; worst 2026-05-12 intraday 2145.00 vs daily 2125.20 (+0.93%)
INFO,INTRADAY_DAILY_CLOSE,stocks_intraday,NSE_EQ|INE259A01022,60m,6,6/268 full days: last intraday close vs daily close > 0.5%; worst 2026-05-12 intraday 2145.00 vs daily 2125.20 (+0.93%)
INFO,INTRADAY_DAILY_CLOSE,stocks_intraday,NSE_EQ|INE260B01028,5m,20,20/268 full days: last intraday close vs daily close > 0.5%; worst 2026-02-02 intraday 1940.00 vs daily 1916.80 (+1.21%)
INFO,INTRADAY_DAILY_CLOSE,stocks_intraday,NSE_EQ|INE260B01028,15m,20,20/268 full days: last intraday close vs daily close > 0.5%; worst 2026-02-02 intraday 1940.00 vs daily 1916.80 (+1.21%)
INFO,INTRADAY_DAILY_CLOSE,stocks_intraday,NSE_EQ|INE260B01028,60m,20,20/268 full days: last intraday close vs daily close > 0.5%; worst 2026-02-02 intraday 1940.00 vs daily 1916.80 (+1.21%)
INFO,INTRADAY_DAILY_CLOSE,stocks_intraday,NSE_EQ|INE263A01024,5m,4,4/268 full days: last intraday close vs daily close > 0.5%; worst 2026-05-05 intraday 436.50 vs daily 433.35 (+0.73%)
INFO,INTRADAY_DAILY_CLOSE,stocks_intraday,NSE_EQ|INE263A01024,15m,4,4/268 full days: last intraday close vs daily close > 0.5%; worst 2026-05-05 intraday 436.50 vs daily 433.35 (+0.73%)
INFO,INTRADAY_DAILY_CLOSE,stocks_intraday,NSE_EQ|INE263A01024,60m,4,4/268 full days: last intraday close vs daily close > 0.5%; worst 2026-05-05 intraday 436.50 vs daily 433.35 (+0.73%)
INFO,INTRADAY_DAILY_CLOSE,stocks_intraday,NSE_EQ|INE267A01025,5m,6,6/268 full days: last intraday close vs daily close > 0.5%; worst 2026-03-30 intraday 511.00 vs daily 502.15 (+1.76%)
INFO,INTRADAY_DAILY_CLOSE,stocks_intraday,NSE_EQ|INE267A01025,15m,6,6/268 full days: last intraday close vs daily close > 0.5%; worst 2026-03-30 intraday 511.00 vs daily 502.15 (+1.76%)
INFO,INTRADAY_DAILY_CLOSE,stocks_intraday,NSE_EQ|INE267A01025,60m,6,6/268 full days: last intraday close vs daily close > 0.5%; worst 2026-03-30 intraday 511.00 vs daily 502.15 (+1.76%)
INFO,INTRADAY_DAILY_CLOSE,stocks_intraday,NSE_EQ|INE271C01023,5m,7,7/268 full days: last intraday close vs daily close > 0.5%; worst 2026-05-29 intraday 597.00 vs daily 590.60 (+1.08%)
INFO,INTRADAY_DAILY_CLOSE,stocks_intraday,NSE_EQ|INE271C01023,15m,7,7/268 full days: last intraday close vs daily close > 0.5%; worst 2026-05-29 intraday 597.00 vs daily 590.60 (+1.08%)
INFO,INTRADAY_DAILY_CLOSE,stocks_intraday,NSE_EQ|INE271C01023,60m,7,7/268 full days: last intraday close vs daily close > 0.5%; worst 2026-05-29 intraday 597.00 vs daily 590.60 (+1.08%)
INFO,INTRADAY_DAILY_CLOSE,stocks_intraday,NSE_EQ|INE274J01014,5m,15,15/268 full days: last intraday close vs daily close > 0.5%; worst 2026-02-10 intraday 483.85 vs daily 488.85 (-1.02%)
INFO,INTRADAY_DAILY_CLOSE,stocks_intraday,NSE_EQ|INE274J01014,15m,15,15/268 full days: last intraday close vs daily close > 0.5%; worst 2026-02-10 intraday 483.85 vs daily 488.85 (-1.02%)
INFO,INTRADAY_DAILY_CLOSE,stocks_intraday,NSE_EQ|INE274J01014,60m,15,15/268 full days: last intraday close vs daily close > 0.5%; worst 2026-02-10 intraday 483.85 vs daily 488.85 (-1.02%)
INFO,INTRADAY_DAILY_CLOSE,stocks_intraday,NSE_EQ|INE280A01028,5m,7,7/268 full days: last intraday close vs daily close > 0.5%; worst 2026-03-25 intraday 4080.00 vs daily 4039.30 (+1.01%)
INFO,INTRADAY_DAILY_CLOSE,stocks_intraday,NSE_EQ|INE280A01028,15m,7,7/268 full days: last intraday close vs daily close > 0.5%; worst 2026-03-25 intraday 4080.00 vs daily 4039.30 (+1.01%)
INFO,INTRADAY_DAILY_CLOSE,stocks_intraday,NSE_EQ|INE280A01028,60m,7,7/268 full days: last intraday close vs daily close > 0.5%; worst 2026-03-25 intraday 4080.00 vs daily 4039.30 (+1.01%)
INFO,INTRADAY_DAILY_CLOSE,stocks_intraday,NSE_EQ|INE296A01032,5m,6,6/268 full days: last intraday close vs daily close > 0.5%; worst 2026-02-19 intraday 1007.00 vs daily 1017.05 (-0.99%)
INFO,INTRADAY_DAILY_CLOSE,stocks_intraday,NSE_EQ|INE296A01032,15m,6,6/268 full days: last intraday close vs daily close > 0.5%; worst 2026-02-19 intraday 1007.00 vs daily 1017.05 (-0.99%)
INFO,INTRADAY_DAILY_CLOSE,stocks_intraday,NSE_EQ|INE296A01032,60m,6,6/268 full days: last intraday close vs daily close > 0.5%; worst 2026-02-19 intraday 1007.00 vs daily 1017.05 (-0.99%)
INFO,INTRADAY_DAILY_CLOSE,stocks_intraday,NSE_EQ|INE298A01020,5m,14,14/268 full days: last intraday close vs daily close > 0.5%; worst 2026-03-30 intraday 4455.90 vs daily 4500.10 (-0.98%)
INFO,INTRADAY_DAILY_CLOSE,stocks_intraday,NSE_EQ|INE298A01020,15m,14,14/268 full days: last intraday close vs daily close > 0.5%; worst 2026-03-30 intraday 4455.90 vs daily 4500.10 (-0.98%)
INFO,INTRADAY_DAILY_CLOSE,stocks_intraday,NSE_EQ|INE298A01020,60m,14,14/268 full days: last intraday close vs daily close > 0.5%; worst 2026-03-30 intraday 4455.90 vs daily 4500.10 (-0.98%)
INFO,INTRADAY_DAILY_CLOSE,stocks_intraday,NSE_EQ|INE299U01018,5m,17,17/268 full days: last intraday close vs daily close > 0.5%; worst 2026-03-02 intraday 256.40 vs daily 253.45 (+1.16%)
INFO,INTRADAY_DAILY_CLOSE,stocks_intraday,NSE_EQ|INE299U01018,15m,17,17/268 full days: last intraday close vs daily close > 0.5%; worst 2026-03-02 intraday 256.40 vs daily 253.45 (+1.16%)
INFO,INTRADAY_DAILY_CLOSE,stocks_intraday,NSE_EQ|INE299U01018,60m,17,17/268 full days: last intraday close vs daily close > 0.5%; worst 2026-03-02 intraday 256.40 vs daily 253.45 (+1.16%)
INFO,INTRADAY_DAILY_CLOSE,stocks_intraday,NSE_EQ|INE303R01014,5m,19,19/268 full days: last intraday close vs daily close > 0.5%; worst 2026-01-22 intraday 378.45 vs daily 373.55 (+1.31%)
INFO,INTRADAY_DAILY_CLOSE,stocks_intraday,NSE_EQ|INE303R01014,15m,19,19/268 full days: last intraday close vs daily close > 0.5%; worst 2026-01-22 intraday 378.45 vs daily 373.55 (+1.31%)
INFO,INTRADAY_DAILY_CLOSE,stocks_intraday,NSE_EQ|INE303R01014,60m,19,19/268 full days: last intraday close vs daily close > 0.5%; worst 2026-01-22 intraday 378.45 vs daily 373.55 (+1.31%)
INFO,INTRADAY_DAILY_CLOSE,stocks_intraday,NSE_EQ|INE318A01026,5m,10,10/268 full days: last intraday close vs daily close > 0.5%; worst 2026-03-19 intraday 1323.80 vs daily 1308.90 (+1.14%)
INFO,INTRADAY_DAILY_CLOSE,stocks_intraday,NSE_EQ|INE318A01026,15m,10,10/268 full days: last intraday close vs daily close > 0.5%; worst 2026-03-19 intraday 1323.80 vs daily 1308.90 (+1.14%)
INFO,INTRADAY_DAILY_CLOSE,stocks_intraday,NSE_EQ|INE318A01026,60m,10,10/268 full days: last intraday close vs daily close > 0.5%; worst 2026-03-19 intraday 1323.80 vs daily 1308.90 (+1.14%)
INFO,INTRADAY_DAILY_CLOSE,stocks_intraday,NSE_EQ|INE323A01026,5m,15,15/268 full days: last intraday close vs daily close > 0.5%; worst 2026-06-29 intraday 40225.00 vs daily 39885.00 (+0.85%)
INFO,INTRADAY_DAILY_CLOSE,stocks_intraday,NSE_EQ|INE323A01026,15m,15,15/268 full days: last intraday close vs daily close > 0.5%; worst 2026-06-29 intraday 40225.00 vs daily 39885.00 (+0.85%)
INFO,INTRADAY_DAILY_CLOSE,stocks_intraday,NSE_EQ|INE323A01026,60m,15,15/268 full days: last intraday close vs daily close > 0.5%; worst 2026-06-29 intraday 40225.00 vs daily 39885.00 (+0.85%)
INFO,INTRADAY_DAILY_CLOSE,stocks_intraday,NSE_EQ|INE326A01037,5m,10,10/268 full days: last intraday close vs daily close > 0.5%; worst 2025-11-03 intraday 1999.00 vs daily 1983.80 (+0.77%)
INFO,INTRADAY_DAILY_CLOSE,stocks_intraday,NSE_EQ|INE326A01037,15m,10,10/268 full days: last intraday close vs daily close > 0.5%; worst 2025-11-03 intraday 1999.00 vs daily 1983.80 (+0.77%)
INFO,INTRADAY_DAILY_CLOSE,stocks_intraday,NSE_EQ|INE326A01037,60m,10,10/268 full days: last intraday close vs daily close > 0.5%; worst 2025-11-03 intraday 1999.00 vs daily 1983.80 (+0.77%)
INFO,INTRADAY_DAILY_CLOSE,stocks_intraday,NSE_EQ|INE338I01027,5m,21,21/268 full days: last intraday close vs daily close > 0.5%; worst 2026-02-23 intraday 774.90 vs daily 763.25 (+1.53%)
INFO,INTRADAY_DAILY_CLOSE,stocks_intraday,NSE_EQ|INE338I01027,15m,21,21/268 full days: last intraday close vs daily close > 0.5%; worst 2026-02-23 intraday 774.90 vs daily 763.25 (+1.53%)
INFO,INTRADAY_DAILY_CLOSE,stocks_intraday,NSE_EQ|INE338I01027,60m,21,21/268 full days: last intraday close vs daily close > 0.5%; worst 2026-02-23 intraday 774.90 vs daily 763.25 (+1.53%)
INFO,INTRADAY_DAILY_CLOSE,stocks_intraday,NSE_EQ|INE347G01014,5m,11,11/268 full days: last intraday close vs daily close > 0.5%; worst 2026-03-06 intraday 287.80 vs daily 290.40 (-0.90%)
INFO,INTRADAY_DAILY_CLOSE,stocks_intraday,NSE_EQ|INE347G01014,15m,11,11/268 full days: last intraday close vs daily close > 0.5%; worst 2026-03-06 intraday 287.80 vs daily 290.40 (-0.90%)
INFO,INTRADAY_DAILY_CLOSE,stocks_intraday,NSE_EQ|INE347G01014,60m,11,11/268 full days: last intraday close vs daily close > 0.5%; worst 2026-03-06 intraday 287.80 vs daily 290.40 (-0.90%)
INFO,INTRADAY_DAILY_CLOSE,stocks_intraday,NSE_EQ|INE356A01018,5m,17,17/268 full days: last intraday close vs daily close > 0.5%; worst 2026-01-21 intraday 2768.00 vs daily 2798.90 (-1.10%)
INFO,INTRADAY_DAILY_CLOSE,stocks_intraday,NSE_EQ|INE356A01018,15m,17,17/268 full days: last intraday close vs daily close > 0.5%; worst 2026-01-21 intraday 2768.00 vs daily 2798.90 (-1.10%)
INFO,INTRADAY_DAILY_CLOSE,stocks_intraday,NSE_EQ|INE356A01018,60m,17,17/268 full days: last intraday close vs daily close > 0.5%; worst 2026-01-21 intraday 2768.00 vs daily 2798.90 (-1.10%)
INFO,INTRADAY_DAILY_CLOSE,stocks_intraday,NSE_EQ|INE361B01024,5m,9,9/268 full days: last intraday close vs daily close > 0.5%; worst 2025-12-30 intraday 6480.50 vs daily 6360.50 (+1.89%)
INFO,INTRADAY_DAILY_CLOSE,stocks_intraday,NSE_EQ|INE361B01024,15m,9,9/268 full days: last intraday close vs daily close > 0.5%; worst 2025-12-30 intraday 6480.50 vs daily 6360.50 (+1.89%)
INFO,INTRADAY_DAILY_CLOSE,stocks_intraday,NSE_EQ|INE361B01024,60m,9,9/268 full days: last intraday close vs daily close > 0.5%; worst 2025-12-30 intraday 6480.50 vs daily 6360.50 (+1.89%)
INFO,INTRADAY_DAILY_CLOSE,stocks_intraday,NSE_EQ|INE364U01010,5m,22,22/268 full days: last intraday close vs daily close > 0.5%; worst 2025-12-09 intraday 1010.50 vs daily 998.90 (+1.16%)
INFO,INTRADAY_DAILY_CLOSE,stocks_intraday,NSE_EQ|INE364U01010,15m,22,22/268 full days: last intraday close vs daily close > 0.5%; worst 2025-12-09 intraday 1010.50 vs daily 998.90 (+1.16%)
INFO,INTRADAY_DAILY_CLOSE,stocks_intraday,NSE_EQ|INE364U01010,60m,22,22/268 full days: last intraday close vs daily close > 0.5%; worst 2025-12-09 intraday 1010.50 vs daily 998.90 (+1.16%)
INFO,INTRADAY_DAILY_CLOSE,stocks_intraday,NSE_EQ|INE371P01015,5m,16,16/268 full days: last intraday close vs daily close > 0.5%; worst 2026-03-23 intraday 6233.00 vs daily 6289.00 (-0.89%)
INFO,INTRADAY_DAILY_CLOSE,stocks_intraday,NSE_EQ|INE371P01015,15m,16,16/268 full days: last intraday close vs daily close > 0.5%; worst 2026-03-23 intraday 6233.00 vs daily 6289.00 (-0.89%)
INFO,INTRADAY_DAILY_CLOSE,stocks_intraday,NSE_EQ|INE371P01015,60m,16,16/268 full days: last intraday close vs daily close > 0.5%; worst 2026-03-23 intraday 6233.00 vs daily 6289.00 (-0.89%)
INFO,INTRADAY_DAILY_CLOSE,stocks_intraday,NSE_EQ|INE376G01013,5m,11,11/268 full days: last intraday close vs daily close > 0.5%; worst 2026-05-29 intraday 431.85 vs daily 428.65 (+0.75%)
INFO,INTRADAY_DAILY_CLOSE,stocks_intraday,NSE_EQ|INE376G01013,15m,11,11/268 full days: last intraday close vs daily close > 0.5%; worst 2026-05-29 intraday 431.85 vs daily 428.65 (+0.75%)
INFO,INTRADAY_DAILY_CLOSE,stocks_intraday,NSE_EQ|INE376G01013,60m,11,11/268 full days: last intraday close vs daily close > 0.5%; worst 2026-05-29 intraday 431.85 vs daily 428.65 (+0.75%)
INFO,INTRADAY_DAILY_CLOSE,stocks_intraday,NSE_EQ|INE377N01017,5m,15,15/268 full days: last intraday close vs daily close > 0.5%; worst 2025-12-19 intraday 3057.00 vs daily 3025.60 (+1.04%)
INFO,INTRADAY_DAILY_CLOSE,stocks_intraday,NSE_EQ|INE377N01017,15m,15,15/268 full days: last intraday close vs daily close > 0.5%; worst 2025-12-19 intraday 3057.00 vs daily 3025.60 (+1.04%)
INFO,INTRADAY_DAILY_CLOSE,stocks_intraday,NSE_EQ|INE377N01017,60m,15,15/268 full days: last intraday close vs daily close > 0.5%; worst 2025-12-19 intraday 3057.00 vs daily 3025.60 (+1.04%)
INFO,INTRADAY_DAILY_CLOSE,stocks_intraday,NSE_EQ|INE388Y01029,5m,25,25/268 full days: last intraday close vs daily close > 0.5%; worst 2026-02-05 intraday 261.45 vs daily 258.29 (+1.22%)
INFO,INTRADAY_DAILY_CLOSE,stocks_intraday,NSE_EQ|INE388Y01029,15m,25,25/268 full days: last intraday close vs daily close > 0.5%; worst 2026-02-05 intraday 261.45 vs daily 258.29 (+1.22%)
INFO,INTRADAY_DAILY_CLOSE,stocks_intraday,NSE_EQ|INE388Y01029,60m,25,25/268 full days: last intraday close vs daily close > 0.5%; worst 2026-02-05 intraday 261.45 vs daily 258.29 (+1.22%)
INFO,INTRADAY_DAILY_CLOSE,stocks_intraday,NSE_EQ|INE397D01024,5m,5,5/268 full days: last intraday close vs daily close > 0.5%; worst 2026-02-06 intraday 2023.00 vs daily 2038.40 (-0.76%)
INFO,INTRADAY_DAILY_CLOSE,stocks_intraday,NSE_EQ|INE397D01024,15m,5,5/268 full days: last intraday close vs daily close > 0.5%; worst 2026-02-06 intraday 2023.00 vs daily 2038.40 (-0.76%)
INFO,INTRADAY_DAILY_CLOSE,stocks_intraday,NSE_EQ|INE397D01024,60m,5,5/268 full days: last intraday close vs daily close > 0.5%; worst 2026-02-06 intraday 2023.00 vs daily 2038.40 (-0.76%)
INFO,INTRADAY_DAILY_CLOSE,stocks_intraday,NSE_EQ|INE405E01023,5m,22,22/268 full days: last intraday close vs daily close > 0.5%; worst 2026-01-23 intraday 1147.90 vs daily 1134.10 (+1.22%)
INFO,INTRADAY_DAILY_CLOSE,stocks_intraday,NSE_EQ|INE405E01023,15m,22,22/268 full days: last intraday close vs daily close > 0.5%; worst 2026-01-23 intraday 1147.90 vs daily 1134.10 (+1.22%)
INFO,INTRADAY_DAILY_CLOSE,stocks_intraday,NSE_EQ|INE405E01023,60m,22,22/268 full days: last intraday close vs daily close > 0.5%; worst 2026-01-23 intraday 1147.90 vs daily 1134.10 (+1.22%)
INFO,INTRADAY_DAILY_CLOSE,stocks_intraday,NSE_EQ|INE406A01037,5m,17,17/268 full days: last intraday close vs daily close > 0.5%; worst 2026-02-13 intraday 1157.00 vs daily 1145.60 (+1.00%)
INFO,INTRADAY_DAILY_CLOSE,stocks_intraday,NSE_EQ|INE406A01037,15m,17,17/268 full days: last intraday close vs daily close > 0.5%; worst 2026-02-13 intraday 1157.00 vs daily 1145.60 (+1.00%)
INFO,INTRADAY_DAILY_CLOSE,stocks_intraday,NSE_EQ|INE406A01037,60m,17,17/268 full days: last intraday close vs daily close > 0.5%; worst 2026-02-13 intraday 1157.00 vs daily 1145.60 (+1.00%)
INFO,INTRADAY_DAILY_CLOSE,stocks_intraday,NSE_EQ|INE414G01012,5m,9,9/268 full days: last intraday close vs daily close > 0.5%; worst 2026-05-29 intraday 3296.50 vs daily 3342.90 (-1.39%)
INFO,INTRADAY_DAILY_CLOSE,stocks_intraday,NSE_EQ|INE414G01012,15m,9,9/268 full days: last intraday close vs daily close > 0.5%; worst 2026-05-29 intraday 3296.50 vs daily 3342.90 (-1.39%)
INFO,INTRADAY_DAILY_CLOSE,stocks_intraday,NSE_EQ|INE414G01012,60m,9,9/268 full days: last intraday close vs daily close > 0.5%; worst 2026-05-29 intraday 3296.50 vs daily 3342.90 (-1.39%)
INFO,INTRADAY_DAILY_CLOSE,stocks_intraday,NSE_EQ|INE415G01027,5m,16,16/268 full days: last intraday close vs daily close > 0.5%; worst 2026-05-29 intraday 250.10 vs daily 245.45 (+1.89%)
INFO,INTRADAY_DAILY_CLOSE,stocks_intraday,NSE_EQ|INE415G01027,15m,16,16/268 full days: last intraday close vs daily close > 0.5%; worst 2026-05-29 intraday 250.10 vs daily 245.45 (+1.89%)
INFO,INTRADAY_DAILY_CLOSE,stocks_intraday,NSE_EQ|INE415G01027,60m,16,16/268 full days: last intraday close vs daily close > 0.5%; worst 2026-05-29 intraday 250.10 vs daily 245.45 (+1.89%)
INFO,INTRADAY_DAILY_CLOSE,stocks_intraday,NSE_EQ|INE423A01024,5m,5,5/268 full days: last intraday close vs daily close > 0.5%; worst 2025-11-04 intraday 2399.90 vs daily 2419.80 (-0.82%)
INFO,INTRADAY_DAILY_CLOSE,stocks_intraday,NSE_EQ|INE423A01024,15m,5,5/268 full days: last intraday close vs daily close > 0.5%; worst 2025-11-04 intraday 2399.90 vs daily 2419.80 (-0.82%)
INFO,INTRADAY_DAILY_CLOSE,stocks_intraday,NSE_EQ|INE423A01024,60m,5,5/268 full days: last intraday close vs daily close > 0.5%; worst 2025-11-04 intraday 2399.90 vs daily 2419.80 (-0.82%)
INFO,INTRADAY_DAILY_CLOSE,stocks_intraday,NSE_EQ|INE437A01024,5m,5,5/268 full days: last intraday close vs daily close > 0.5%; worst 2026-03-30 intraday 7499.50 vs daily 7419.00 (+1.09%)
INFO,INTRADAY_DAILY_CLOSE,stocks_intraday,NSE_EQ|INE437A01024,15m,5,5/268 full days: last intraday close vs daily close > 0.5%; worst 2026-03-30 intraday 7499.50 vs daily 7419.00 (+1.09%)
INFO,INTRADAY_DAILY_CLOSE,stocks_intraday,NSE_EQ|INE437A01024,60m,5,5/268 full days: last intraday close vs daily close > 0.5%; worst 2026-03-30 intraday 7499.50 vs daily 7419.00 (+1.09%)
INFO,INTRADAY_DAILY_CLOSE,stocks_intraday,NSE_EQ|INE451A01017,5m,27,27/268 full days: last intraday close vs daily close > 0.5%; worst 2025-10-23 intraday 16400.00 vs daily 16675.00 (-1.65%)
INFO,INTRADAY_DAILY_CLOSE,stocks_intraday,NSE_EQ|INE451A01017,15m,27,27/268 full days: last intraday close vs daily close > 0.5%; worst 2025-10-23 intraday 16400.00 vs daily 16675.00 (-1.65%)
INFO,INTRADAY_DAILY_CLOSE,stocks_intraday,NSE_EQ|INE451A01017,60m,27,27/268 full days: last intraday close vs daily close > 0.5%; worst 2025-10-23 intraday 16400.00 vs daily 16675.00 (-1.65%)
INFO,INTRADAY_DAILY_CLOSE,stocks_intraday,NSE_EQ|INE455K01017,5m,5,5/268 full days: last intraday close vs daily close > 0.5%; worst 2026-01-16 intraday 7049.50 vs daily 7121.50 (-1.01%)
INFO,INTRADAY_DAILY_CLOSE,stocks_intraday,NSE_EQ|INE455K01017,15m,5,5/268 full days: last intraday close vs daily close > 0.5%; worst 2026-01-16 intraday 7049.50 vs daily 7121.50 (-1.01%)
INFO,INTRADAY_DAILY_CLOSE,stocks_intraday,NSE_EQ|INE455K01017,60m,5,5/268 full days: last intraday close vs daily close > 0.5%; worst 2026-01-16 intraday 7049.50 vs daily 7121.50 (-1.01%)
INFO,INTRADAY_DAILY_CLOSE,stocks_intraday,NSE_EQ|INE457L01029,5m,22,22/268 full days: last intraday close vs daily close > 0.5%; worst 2026-03-10 intraday 552.00 vs daily 544.10 (+1.45%)
INFO,INTRADAY_DAILY_CLOSE,stocks_intraday,NSE_EQ|INE457L01029,15m,22,22/268 full days: last intraday close vs daily close > 0.5%; worst 2026-03-10 intraday 552.00 vs daily 544.10 (+1.45%)
INFO,INTRADAY_DAILY_CLOSE,stocks_intraday,NSE_EQ|INE457L01029,60m,22,22/268 full days: last intraday close vs daily close > 0.5%; worst 2026-03-10 intraday 552.00 vs daily 544.10 (+1.45%)
INFO,INTRADAY_DAILY_CLOSE,stocks_intraday,NSE_EQ|INE465A01025,5m,12,12/268 full days: last intraday close vs daily close > 0.5%; worst 2025-09-29 intraday 1192.20 vs daily 1214.00 (-1.80%)
INFO,INTRADAY_DAILY_CLOSE,stocks_intraday,NSE_EQ|INE465A01025,15m,12,12/268 full days: last intraday close vs daily close > 0.5%; worst 2025-09-29 intraday 1192.20 vs daily 1214.00 (-1.80%)
INFO,INTRADAY_DAILY_CLOSE,stocks_intraday,NSE_EQ|INE465A01025,60m,12,12/268 full days: last intraday close vs daily close > 0.5%; worst 2025-09-29 intraday 1192.20 vs daily 1214.00 (-1.80%)
INFO,INTRADAY_DAILY_CLOSE,stocks_intraday,NSE_EQ|INE466L01038,5m,23,23/268 full days: last intraday close vs daily close > 0.5%; worst 2026-03-30 intraday 935.00 vs daily 949.60 (-1.54%)
INFO,INTRADAY_DAILY_CLOSE,stocks_intraday,NSE_EQ|INE466L01038,15m,23,23/268 full days: last intraday close vs daily close > 0.5%; worst 2026-03-30 intraday 935.00 vs daily 949.60 (-1.54%)
INFO,INTRADAY_DAILY_CLOSE,stocks_intraday,NSE_EQ|INE466L01038,60m,23,23/268 full days: last intraday close vs daily close > 0.5%; worst 2026-03-30 intraday 935.00 vs daily 949.60 (-1.54%)
INFO,INTRADAY_DAILY_CLOSE,stocks_intraday,NSE_EQ|INE467B01029,5m,1,1/268 full days: last intraday close vs daily close > 0.5%; worst 2026-06-19 intraday 2135.90 vs daily 2125.00 (+0.51%)
INFO,INTRADAY_DAILY_CLOSE,stocks_intraday,NSE_EQ|INE467B01029,15m,1,1/268 full days: last intraday close vs daily close > 0.5%; worst 2026-06-19 intraday 2135.90 vs daily 2125.00 (+0.51%)
INFO,INTRADAY_DAILY_CLOSE,stocks_intraday,NSE_EQ|INE467B01029,60m,1,1/268 full days: last intraday close vs daily close > 0.5%; worst 2026-06-19 intraday 2135.90 vs daily 2125.00 (+0.51%)
INFO,INTRADAY_DAILY_CLOSE,stocks_intraday,NSE_EQ|INE472A01039,5m,21,21/268 full days: last intraday close vs daily close > 0.5%; worst 2025-11-03 intraday 1905.60 vs daily 1934.40 (-1.49%)
INFO,INTRADAY_DAILY_CLOSE,stocks_intraday,NSE_EQ|INE472A01039,15m,21,21/268 full days: last intraday close vs daily close > 0.5%; worst 2025-11-03 intraday 1905.60 vs daily 1934.40 (-1.49%)
INFO,INTRADAY_DAILY_CLOSE,stocks_intraday,NSE_EQ|INE472A01039,60m,21,21/268 full days: last intraday close vs daily close > 0.5%; worst 2025-11-03 intraday 1905.60 vs daily 1934.40 (-1.49%)
INFO,INTRADAY_DAILY_CLOSE,stocks_intraday,NSE_EQ|INE476A01022,5m,5,5/268 full days: last intraday close vs daily close > 0.5%; worst 2026-03-19 intraday 133.90 vs daily 132.92 (+0.74%)
INFO,INTRADAY_DAILY_CLOSE,stocks_intraday,NSE_EQ|INE476A01022,15m,5,5/268 full days: last intraday close vs daily close > 0.5%; worst 2026-03-19 intraday 133.90 vs daily 132.92 (+0.74%)
INFO,INTRADAY_DAILY_CLOSE,stocks_intraday,NSE_EQ|INE476A01022,60m,5,5/268 full days: last intraday close vs daily close > 0.5%; worst 2026-03-19 intraday 133.90 vs daily 132.92 (+0.74%)
INFO,INTRADAY_DAILY_CLOSE,stocks_intraday,NSE_EQ|INE484J01027,5m,12,12/268 full days: last intraday close vs daily close > 0.5%; worst 2026-07-24 intraday 2050.30 vs daily 2028.70 (+1.06%)
INFO,INTRADAY_DAILY_CLOSE,stocks_intraday,NSE_EQ|INE484J01027,15m,12,12/268 full days: last intraday close vs daily close > 0.5%; worst 2026-07-24 intraday 2050.30 vs daily 2028.70 (+1.06%)
INFO,INTRADAY_DAILY_CLOSE,stocks_intraday,NSE_EQ|INE484J01027,60m,12,12/268 full days: last intraday close vs daily close > 0.5%; worst 2026-07-24 intraday 2050.30 vs daily 2028.70 (+1.06%)
INFO,INTRADAY_DAILY_CLOSE,stocks_intraday,NSE_EQ|INE494B01023,5m,7,7/268 full days: last intraday close vs daily close > 0.5%; worst 2026-05-27 intraday 3433.90 vs daily 3384.60 (+1.46%)
INFO,INTRADAY_DAILY_CLOSE,stocks_intraday,NSE_EQ|INE494B01023,15m,7,7/268 full days: last intraday close vs daily close > 0.5%; worst 2026-05-27 intraday 3433.90 vs daily 3384.60 (+1.46%)
INFO,INTRADAY_DAILY_CLOSE,stocks_intraday,NSE_EQ|INE494B01023,60m,7,7/268 full days: last intraday close vs daily close > 0.5%; worst 2026-05-27 intraday 3433.90 vs daily 3384.60 (+1.46%)
INFO,INTRADAY_DAILY_CLOSE,stocks_intraday,NSE_EQ|INE498L01015,5m,10,10/268 full days: last intraday close vs daily close > 0.5%; worst 2026-01-27 intraday 289.80 vs daily 285.25 (+1.60%)
INFO,INTRADAY_DAILY_CLOSE,stocks_intraday,NSE_EQ|INE498L01015,15m,10,10/268 full days: last intraday close vs daily close > 0.5%; worst 2026-01-27 intraday 289.80 vs daily 285.25 (+1.60%)
INFO,INTRADAY_DAILY_CLOSE,stocks_intraday,NSE_EQ|INE498L01015,60m,10,10/268 full days: last intraday close vs daily close > 0.5%; worst 2026-01-27 intraday 289.80 vs daily 285.25 (+1.60%)
INFO,INTRADAY_DAILY_CLOSE,stocks_intraday,NSE_EQ|INE522F01014,5m,4,4/268 full days: last intraday close vs daily close > 0.5%; worst 2026-06-15 intraday 447.50 vs daily 444.05 (+0.78%)
INFO,INTRADAY_DAILY_CLOSE,stocks_intraday,NSE_EQ|INE522F01014,15m,4,4/268 full days: last intraday close vs daily close > 0.5%; worst 2026-06-15 intraday 447.50 vs daily 444.05 (+0.78%)
INFO,INTRADAY_DAILY_CLOSE,stocks_intraday,NSE_EQ|INE522F01014,60m,4,4/268 full days: last intraday close vs daily close > 0.5%; worst 2026-06-15 intraday 447.50 vs daily 444.05 (+0.78%)
INFO,INTRADAY_DAILY_CLOSE,stocks_intraday,NSE_EQ|INE528G01035,5m,2,2/268 full days: last intraday close vs daily close > 0.5%; worst 2026-04-17 intraday 20.41 vs daily 20.19 (+1.09%)
INFO,INTRADAY_DAILY_CLOSE,stocks_intraday,NSE_EQ|INE528G01035,15m,2,2/268 full days: last intraday close vs daily close > 0.5%; worst 2026-04-17 intraday 20.41 vs daily 20.19 (+1.09%)
INFO,INTRADAY_DAILY_CLOSE,stocks_intraday,NSE_EQ|INE528G01035,60m,2,2/268 full days: last intraday close vs daily close > 0.5%; worst 2026-04-17 intraday 20.41 vs daily 20.19 (+1.09%)
INFO,INTRADAY_DAILY_CLOSE,stocks_intraday,NSE_EQ|INE540L01014,5m,18,18/268 full days: last intraday close vs daily close > 0.5%; worst 2026-02-06 intraday 5587.50 vs daily 5684.00 (-1.70%)
INFO,INTRADAY_DAILY_CLOSE,stocks_intraday,NSE_EQ|INE540L01014,15m,18,18/268 full days: last intraday close vs daily close > 0.5%; worst 2026-02-06 intraday 5587.50 vs daily 5684.00 (-1.70%)
INFO,INTRADAY_DAILY_CLOSE,stocks_intraday,NSE_EQ|INE540L01014,60m,18,18/268 full days: last intraday close vs daily close > 0.5%; worst 2026-02-06 intraday 5587.50 vs daily 5684.00 (-1.70%)
INFO,INTRADAY_DAILY_CLOSE,stocks_intraday,NSE_EQ|INE545U01014,5m,17,17/268 full days: last intraday close vs daily close > 0.5%; worst 2026-03-19 intraday 159.33 vs daily 158.06 (+0.80%)
INFO,INTRADAY_DAILY_CLOSE,stocks_intraday,NSE_EQ|INE545U01014,15m,17,17/268 full days: last intraday close vs daily close > 0.5%; worst 2026-03-19 intraday 159.33 vs daily 158.06 (+0.80%)
INFO,INTRADAY_DAILY_CLOSE,stocks_intraday,NSE_EQ|INE545U01014,60m,17,17/268 full days: last intraday close vs daily close > 0.5%; worst 2026-03-19 intraday 159.33 vs daily 158.06 (+0.80%)
INFO,INTRADAY_DAILY_CLOSE,stocks_intraday,NSE_EQ|INE562A01011,5m,11,11/268 full days: last intraday close vs daily close > 0.5%; worst 2026-05-29 intraday 847.00 vs daily 833.00 (+1.68%)
INFO,INTRADAY_DAILY_CLOSE,stocks_intraday,NSE_EQ|INE562A01011,15m,11,11/268 full days: last intraday close vs daily close > 0.5%; worst 2026-05-29 intraday 847.00 vs daily 833.00 (+1.68%)
INFO,INTRADAY_DAILY_CLOSE,stocks_intraday,NSE_EQ|INE562A01011,60m,11,11/268 full days: last intraday close vs daily close > 0.5%; worst 2026-05-29 intraday 847.00 vs daily 833.00 (+1.68%)
INFO,INTRADAY_DAILY_CLOSE,stocks_intraday,NSE_EQ|INE572E01012,5m,25,25/268 full days: last intraday close vs daily close > 0.5%; worst 2026-05-29 intraday 1045.00 vs daily 1030.50 (+1.41%)
INFO,INTRADAY_DAILY_CLOSE,stocks_intraday,NSE_EQ|INE572E01012,15m,25,25/268 full days: last intraday close vs daily close > 0.5%; worst 2026-05-29 intraday 1045.00 vs daily 1030.50 (+1.41%)
INFO,INTRADAY_DAILY_CLOSE,stocks_intraday,NSE_EQ|INE572E01012,60m,25,25/268 full days: last intraday close vs daily close > 0.5%; worst 2026-05-29 intraday 1045.00 vs daily 1030.50 (+1.41%)
INFO,INTRADAY_DAILY_CLOSE,stocks_intraday,NSE_EQ|INE584A01023,5m,4,4/268 full days: last intraday close vs daily close > 0.5%; worst 2026-06-01 intraday 93.55 vs daily 92.37 (+1.28%)
INFO,INTRADAY_DAILY_CLOSE,stocks_intraday,NSE_EQ|INE584A01023,15m,4,4/268 full days: last intraday close vs daily close > 0.5%; worst 2026-06-01 intraday 93.55 vs daily 92.37 (+1.28%)
INFO,INTRADAY_DAILY_CLOSE,stocks_intraday,NSE_EQ|INE584A01023,60m,4,4/268 full days: last intraday close vs daily close > 0.5%; worst 2026-06-01 intraday 93.55 vs daily 92.37 (+1.28%)
INFO,INTRADAY_DAILY_CLOSE,stocks_intraday,NSE_EQ|INE585B01010,5m,1,1/268 full days: last intraday close vs daily close > 0.5%; worst 2026-05-29 intraday 13200.00 vs daily 13127.00 (+0.56%)
INFO,INTRADAY_DAILY_CLOSE,stocks_intraday,NSE_EQ|INE585B01010,15m,1,1/268 full days: last intraday close vs daily close > 0.5%; worst 2026-05-29 intraday 13200.00 vs daily 13127.00 (+0.56%)
INFO,INTRADAY_DAILY_CLOSE,stocks_intraday,NSE_EQ|INE585B01010,60m,1,1/268 full days: last intraday close vs daily close > 0.5%; worst 2026-05-29 intraday 13200.00 vs daily 13127.00 (+0.56%)
INFO,INTRADAY_DAILY_CLOSE,stocks_intraday,NSE_EQ|INE591G01025,5m,7,7/268 full days: last intraday close vs daily close > 0.5%; worst 2026-06-02 intraday 1506.00 vs daily 1519.50 (-0.89%)
INFO,INTRADAY_DAILY_CLOSE,stocks_intraday,NSE_EQ|INE591G01025,15m,7,7/268 full days: last intraday close vs daily close > 0.5%; worst 2026-06-02 intraday 1506.00 vs daily 1519.50 (-0.89%)
INFO,INTRADAY_DAILY_CLOSE,stocks_intraday,NSE_EQ|INE591G01025,60m,7,7/268 full days: last intraday close vs daily close > 0.5%; worst 2026-06-02 intraday 1506.00 vs daily 1519.50 (-0.89%)
INFO,INTRADAY_DAILY_CLOSE,stocks_intraday,NSE_EQ|INE596I01020,5m,9,9/268 full days: last intraday close vs daily close > 0.5%; worst 2026-03-09 intraday 654.70 vs daily 649.10 (+0.86%)
INFO,INTRADAY_DAILY_CLOSE,stocks_intraday,NSE_EQ|INE596I01020,15m,9,9/268 full days: last intraday close vs daily close > 0.5%; worst 2026-03-09 intraday 654.70 vs daily 649.10 (+0.86%)
INFO,INTRADAY_DAILY_CLOSE,stocks_intraday,NSE_EQ|INE596I01020,60m,9,9/268 full days: last intraday close vs daily close > 0.5%; worst 2026-03-09 intraday 654.70 vs daily 649.10 (+0.86%)
INFO,INTRADAY_DAILY_CLOSE,stocks_intraday,NSE_EQ|INE603J01030,5m,25,25/268 full days: last intraday close vs daily close > 0.5%; worst 2026-02-12 intraday 3163.70 vs daily 3222.30 (-1.82%)
INFO,INTRADAY_DAILY_CLOSE,stocks_intraday,NSE_EQ|INE603J01030,15m,25,25/268 full days: last intraday close vs daily close > 0.5%; worst 2026-02-12 intraday 3163.70 vs daily 3222.30 (-1.82%)
INFO,INTRADAY_DAILY_CLOSE,stocks_intraday,NSE_EQ|INE603J01030,60m,25,25/268 full days: last intraday close vs daily close > 0.5%; worst 2026-02-12 intraday 3163.70 vs daily 3222.30 (-1.82%)
INFO,INTRADAY_DAILY_CLOSE,stocks_intraday,NSE_EQ|INE619A01035,5m,29,29/268 full days: last intraday close vs daily close > 0.5%; worst 2026-01-19 intraday 527.95 vs daily 521.25 (+1.29%)
INFO,INTRADAY_DAILY_CLOSE,stocks_intraday,NSE_EQ|INE619A01035,15m,29,29/268 full days: last intraday close vs daily close > 0.5%; worst 2026-01-19 intraday 527.95 vs daily 521.25 (+1.29%)
INFO,INTRADAY_DAILY_CLOSE,stocks_intraday,NSE_EQ|INE619A01035,60m,29,29/268 full days: last intraday close vs daily close > 0.5%; worst 2026-01-19 intraday 527.95 vs daily 521.25 (+1.29%)
INFO,INTRADAY_DAILY_CLOSE,stocks_intraday,NSE_EQ|INE628A01036,5m,12,12/268 full days: last intraday close vs daily close > 0.5%; worst 2026-05-29 intraday 653.90 vs daily 644.80 (+1.41%)
INFO,INTRADAY_DAILY_CLOSE,stocks_intraday,NSE_EQ|INE628A01036,15m,12,12/268 full days: last intraday close vs daily close > 0.5%; worst 2026-05-29 intraday 653.90 vs daily 644.80 (+1.41%)
INFO,INTRADAY_DAILY_CLOSE,stocks_intraday,NSE_EQ|INE628A01036,60m,12,12/268 full days: last intraday close vs daily close > 0.5%; worst 2026-05-29 intraday 653.90 vs daily 644.80 (+1.41%)
INFO,INTRADAY_DAILY_CLOSE,stocks_intraday,NSE_EQ|INE634S01028,5m,12,12/268 full days: last intraday close vs daily close > 0.5%; worst 2026-05-29 intraday 2409.00 vs daily 2375.60 (+1.41%)
INFO,INTRADAY_DAILY_CLOSE,stocks_intraday,NSE_EQ|INE634S01028,15m,12,12/268 full days: last intraday close vs daily close > 0.5%; worst 2026-05-29 intraday 2409.00 vs daily 2375.60 (+1.41%)
INFO,INTRADAY_DAILY_CLOSE,stocks_intraday,NSE_EQ|INE634S01028,60m,12,12/268 full days: last intraday close vs daily close > 0.5%; worst 2026-05-29 intraday 2409.00 vs daily 2375.60 (+1.41%)
INFO,INTRADAY_DAILY_CLOSE,stocks_intraday,NSE_EQ|INE647A01010,5m,13,13/268 full days: last intraday close vs daily close > 0.5%; worst 2026-07-22 intraday 2818.00 vs daily 2867.20 (-1.72%)
INFO,INTRADAY_DAILY_CLOSE,stocks_intraday,NSE_EQ|INE647A01010,15m,13,13/268 full days: last intraday close vs daily close > 0.5%; worst 2026-07-22 intraday 2818.00 vs daily 2867.20 (-1.72%)
INFO,INTRADAY_DAILY_CLOSE,stocks_intraday,NSE_EQ|INE647A01010,60m,13,13/268 full days: last intraday close vs daily close > 0.5%; worst 2026-07-22 intraday 2818.00 vs daily 2867.20 (-1.72%)
INFO,INTRADAY_DAILY_CLOSE,stocks_intraday,NSE_EQ|INE663F01032,5m,15,15/268 full days: last intraday close vs daily close > 0.5%; worst 2026-03-02 intraday 1009.80 vs daily 998.50 (+1.13%)
INFO,INTRADAY_DAILY_CLOSE,stocks_intraday,NSE_EQ|INE663F01032,15m,15,15/268 full days: last intraday close vs daily close > 0.5%; worst 2026-03-02 intraday 1009.80 vs daily 998.50 (+1.13%)
INFO,INTRADAY_DAILY_CLOSE,stocks_intraday,NSE_EQ|INE663F01032,60m,15,15/268 full days: last intraday close vs daily close > 0.5%; worst 2026-03-02 intraday 1009.80 vs daily 998.50 (+1.13%)
INFO,INTRADAY_DAILY_CLOSE,stocks_intraday,NSE_EQ|INE669E01016,5m,33,33/268 full days: last intraday close vs daily close > 0.5%; worst 2026-03-13 intraday 9.40 vs daily 9.27 (+1.40%)
INFO,INTRADAY_DAILY_CLOSE,stocks_intraday,NSE_EQ|INE669E01016,15m,33,33/268 full days: last intraday close vs daily close > 0.5%; worst 2026-03-13 intraday 9.40 vs daily 9.27 (+1.40%)
INFO,INTRADAY_DAILY_CLOSE,stocks_intraday,NSE_EQ|INE669E01016,60m,33,33/268 full days: last intraday close vs daily close > 0.5%; worst 2026-03-13 intraday 9.40 vs daily 9.27 (+1.40%)
INFO,INTRADAY_DAILY_CLOSE,stocks_intraday,NSE_EQ|INE670A01012,5m,6,6/268 full days: last intraday close vs daily close > 0.5%; worst 2025-11-24 intraday 5162.00 vs daily 5231.00 (-1.32%)
INFO,INTRADAY_DAILY_CLOSE,stocks_intraday,NSE_EQ|INE670A01012,15m,6,6/268 full days: last intraday close vs daily close > 0.5%; worst 2025-11-24 intraday 5162.00 vs daily 5231.00 (-1.32%)
INFO,INTRADAY_DAILY_CLOSE,stocks_intraday,NSE_EQ|INE670A01012,60m,6,6/268 full days: last intraday close vs daily close > 0.5%; worst 2025-11-24 intraday 5162.00 vs daily 5231.00 (-1.32%)
INFO,INTRADAY_DAILY_CLOSE,stocks_intraday,NSE_EQ|INE670K01029,5m,15,15/268 full days: last intraday close vs daily close > 0.5%; worst 2026-07-29 intraday 1303.00 vs daily 1316.35 (-1.01%)
INFO,INTRADAY_DAILY_CLOSE,stocks_intraday,NSE_EQ|INE670K01029,15m,15,15/268 full days: last intraday close vs daily close > 0.5%; worst 2026-07-29 intraday 1303.00 vs daily 1316.35 (-1.01%)
INFO,INTRADAY_DAILY_CLOSE,stocks_intraday,NSE_EQ|INE670K01029,60m,15,15/268 full days: last intraday close vs daily close > 0.5%; worst 2026-07-29 intraday 1303.00 vs daily 1316.35 (-1.01%)
INFO,INTRADAY_DAILY_CLOSE,stocks_intraday,NSE_EQ|INE674K01013,5m,19,19/268 full days: last intraday close vs daily close > 0.5%; worst 2026-05-04 intraday 351.00 vs daily 345.85 (+1.49%)
INFO,INTRADAY_DAILY_CLOSE,stocks_intraday,NSE_EQ|INE674K01013,15m,19,19/268 full days: last intraday close vs daily close > 0.5%; worst 2026-05-04 intraday 351.00 vs daily 345.85 (+1.49%)
INFO,INTRADAY_DAILY_CLOSE,stocks_intraday,NSE_EQ|INE674K01013,60m,19,19/268 full days: last intraday close vs daily close > 0.5%; worst 2026-05-04 intraday 351.00 vs daily 345.85 (+1.49%)
INFO,INTRADAY_DAILY_CLOSE,stocks_intraday,NSE_EQ|INE685A01028,5m,16,16/268 full days: last intraday close vs daily close > 0.5%; worst 2026-07-16 intraday 4930.00 vs daily 4987.60 (-1.15%)
INFO,INTRADAY_DAILY_CLOSE,stocks_intraday,NSE_EQ|INE685A01028,15m,16,16/268 full days: last intraday close vs daily close > 0.5%; worst 2026-07-16 intraday 4930.00 vs daily 4987.60 (-1.15%)
INFO,INTRADAY_DAILY_CLOSE,stocks_intraday,NSE_EQ|INE685A01028,60m,16,16/268 full days: last intraday close vs daily close > 0.5%; worst 2026-07-16 intraday 4930.00 vs daily 4987.60 (-1.15%)
INFO,INTRADAY_DAILY_CLOSE,stocks_intraday,NSE_EQ|INE692A01016,5m,3,3/268 full days: last intraday close vs daily close > 0.5%; worst 2026-03-27 intraday 177.13 vs daily 175.48 (+0.94%)
INFO,INTRADAY_DAILY_CLOSE,stocks_intraday,NSE_EQ|INE692A01016,15m,3,3/268 full days: last intraday close vs daily close > 0.5%; worst 2026-03-27 intraday 177.13 vs daily 175.48 (+0.94%)
INFO,INTRADAY_DAILY_CLOSE,stocks_intraday,NSE_EQ|INE692A01016,60m,3,3/268 full days: last intraday close vs daily close > 0.5%; worst 2026-03-27 intraday 177.13 vs daily 175.48 (+0.94%)
INFO,INTRADAY_DAILY_CLOSE,stocks_intraday,NSE_EQ|INE702C01027,5m,11,11/268 full days: last intraday close vs daily close > 0.5%; worst 2026-04-28 intraday 1994.00 vs daily 1976.00 (+0.91%)
INFO,INTRADAY_DAILY_CLOSE,stocks_intraday,NSE_EQ|INE702C01027,15m,11,11/268 full days: last intraday close vs daily close > 0.5%; worst 2026-04-28 intraday 1994.00 vs daily 1976.00 (+0.91%)
INFO,INTRADAY_DAILY_CLOSE,stocks_intraday,NSE_EQ|INE702C01027,60m,11,11/268 full days: last intraday close vs daily close > 0.5%; worst 2026-04-28 intraday 1994.00 vs daily 1976.00 (+0.91%)
INFO,INTRADAY_DAILY_CLOSE,stocks_intraday,NSE_EQ|INE704P01025,5m,12,12/268 full days: last intraday close vs daily close > 0.5%; worst 2026-01-27 intraday 1541.00 vs daily 1523.10 (+1.18%)
INFO,INTRADAY_DAILY_CLOSE,stocks_intraday,NSE_EQ|INE704P01025,15m,12,12/268 full days: last intraday close vs daily close > 0.5%; worst 2026-01-27 intraday 1541.00 vs daily 1523.10 (+1.18%)
INFO,INTRADAY_DAILY_CLOSE,stocks_intraday,NSE_EQ|INE704P01025,60m,12,12/268 full days: last intraday close vs daily close > 0.5%; worst 2026-01-27 intraday 1541.00 vs daily 1523.10 (+1.18%)
INFO,INTRADAY_DAILY_CLOSE,stocks_intraday,NSE_EQ|INE721A01047,5m,8,8/268 full days: last intraday close vs daily close > 0.5%; worst 2026-07-17 intraday 1024.90 vs daily 1034.90 (-0.97%)
INFO,INTRADAY_DAILY_CLOSE,stocks_intraday,NSE_EQ|INE721A01047,15m,8,8/268 full days: last intraday close vs daily close > 0.5%; worst 2026-07-17 intraday 1024.90 vs daily 1034.90 (-0.97%)
INFO,INTRADAY_DAILY_CLOSE,stocks_intraday,NSE_EQ|INE721A01047,60m,8,8/268 full days: last intraday close vs daily close > 0.5%; worst 2026-07-17 intraday 1024.90 vs daily 1034.90 (-0.97%)
INFO,INTRADAY_DAILY_CLOSE,stocks_intraday,NSE_EQ|INE726G01019,5m,15,15/268 full days: last intraday close vs daily close > 0.5%; worst 2025-09-29 intraday 596.95 vs daily 589.15 (+1.32%)
INFO,INTRADAY_DAILY_CLOSE,stocks_intraday,NSE_EQ|INE726G01019,15m,15,15/268 full days: last intraday close vs daily close > 0.5%; worst 2025-09-29 intraday 596.95 vs daily 589.15 (+1.32%)
INFO,INTRADAY_DAILY_CLOSE,stocks_intraday,NSE_EQ|INE726G01019,60m,15,15/268 full days: last intraday close vs daily close > 0.5%; worst 2025-09-29 intraday 596.95 vs daily 589.15 (+1.32%)
INFO,INTRADAY_DAILY_CLOSE,stocks_intraday,NSE_EQ|INE732I01021,5m,18,18/268 full days: last intraday close vs daily close > 0.5%; worst 2025-12-30 intraday 236.90 vs daily 234.70 (+0.94%)
INFO,INTRADAY_DAILY_CLOSE,stocks_intraday,NSE_EQ|INE732I01021,15m,18,18/268 full days: last intraday close vs daily close > 0.5%; worst 2025-12-30 intraday 236.90 vs daily 234.70 (+0.94%)
INFO,INTRADAY_DAILY_CLOSE,stocks_intraday,NSE_EQ|INE732I01021,60m,18,18/268 full days: last intraday close vs daily close > 0.5%; worst 2025-12-30 intraday 236.90 vs daily 234.70 (+0.94%)
INFO,INTRADAY_DAILY_CLOSE,stocks_intraday,NSE_EQ|INE733E01010,5m,6,6/268 full days: last intraday close vs daily close > 0.5%; worst 2026-05-18 intraday 384.90 vs daily 388.30 (-0.88%)
INFO,INTRADAY_DAILY_CLOSE,stocks_intraday,NSE_EQ|INE733E01010,15m,6,6/268 full days: last intraday close vs daily close > 0.5%; worst 2026-05-18 intraday 384.90 vs daily 388.30 (-0.88%)
INFO,INTRADAY_DAILY_CLOSE,stocks_intraday,NSE_EQ|INE733E01010,60m,6,6/268 full days: last intraday close vs daily close > 0.5%; worst 2026-05-18 intraday 384.90 vs daily 388.30 (-0.88%)
INFO,INTRADAY_DAILY_CLOSE,stocks_intraday,NSE_EQ|INE736A01011,5m,1,1/268 full days: last intraday close vs daily close > 0.5%; worst 2026-01-27 intraday 1332.00 vs daily 1322.10 (+0.75%)
INFO,INTRADAY_DAILY_CLOSE,stocks_intraday,NSE_EQ|INE736A01011,15m,1,1/268 full days: last intraday close vs daily close > 0.5%; worst 2026-01-27 intraday 1332.00 vs daily 1322.10 (+0.75%)
INFO,INTRADAY_DAILY_CLOSE,stocks_intraday,NSE_EQ|INE736A01011,60m,1,1/268 full days: last intraday close vs daily close > 0.5%; worst 2026-01-27 intraday 1332.00 vs daily 1322.10 (+0.75%)
INFO,INTRADAY_DAILY_CLOSE,stocks_intraday,NSE_EQ|INE742F01042,5m,7,7/268 full days: last intraday close vs daily close > 0.5%; worst 2026-04-30 intraday 1675.50 vs daily 1657.30 (+1.10%)
INFO,INTRADAY_DAILY_CLOSE,stocks_intraday,NSE_EQ|INE742F01042,15m,7,7/268 full days: last intraday close vs daily close > 0.5%; worst 2026-04-30 intraday 1675.50 vs daily 1657.30 (+1.10%)
INFO,INTRADAY_DAILY_CLOSE,stocks_intraday,NSE_EQ|INE742F01042,60m,7,7/268 full days: last intraday close vs daily close > 0.5%; worst 2026-04-30 intraday 1675.50 vs daily 1657.30 (+1.10%)
INFO,INTRADAY_DAILY_CLOSE,stocks_intraday,NSE_EQ|INE745G01043,5m,14,14/268 full days: last intraday close vs daily close > 0.5%; worst 2026-02-02 intraday 2344.00 vs daily 2321.80 (+0.96%)
INFO,INTRADAY_DAILY_CLOSE,stocks_intraday,NSE_EQ|INE745G01043,15m,14,14/268 full days: last intraday close vs daily close > 0.5%; worst 2026-02-02 intraday 2344.00 vs daily 2321.80 (+0.96%)
INFO,INTRADAY_DAILY_CLOSE,stocks_intraday,NSE_EQ|INE745G01043,60m,14,14/268 full days: last intraday close vs daily close > 0.5%; worst 2026-02-02 intraday 2344.00 vs daily 2321.80 (+0.96%)
INFO,INTRADAY_DAILY_CLOSE,stocks_intraday,NSE_EQ|INE749A01030,5m,11,11/268 full days: last intraday close vs daily close > 0.5%; worst 2026-05-29 intraday 1227.00 vs daily 1207.20 (+1.64%)
INFO,INTRADAY_DAILY_CLOSE,stocks_intraday,NSE_EQ|INE749A01030,15m,11,11/268 full days: last intraday close vs daily close > 0.5%; worst 2026-05-29 intraday 1227.00 vs daily 1207.20 (+1.64%)
INFO,INTRADAY_DAILY_CLOSE,stocks_intraday,NSE_EQ|INE749A01030,60m,11,11/268 full days: last intraday close vs daily close > 0.5%; worst 2026-05-29 intraday 1227.00 vs daily 1207.20 (+1.64%)
INFO,INTRADAY_DAILY_CLOSE,stocks_intraday,NSE_EQ|INE752E01010,5m,3,3/268 full days: last intraday close vs daily close > 0.5%; worst 2026-05-29 intraday 287.80 vs daily 290.55 (-0.95%)
INFO,INTRADAY_DAILY_CLOSE,stocks_intraday,NSE_EQ|INE752E01010,15m,3,3/268 full days: last intraday close vs daily close > 0.5%; worst 2026-05-29 intraday 287.80 vs daily 290.55 (-0.95%)
INFO,INTRADAY_DAILY_CLOSE,stocks_intraday,NSE_EQ|INE752E01010,60m,3,3/268 full days: last intraday close vs daily close > 0.5%; worst 2026-05-29 intraday 287.80 vs daily 290.55 (-0.95%)
INFO,INTRADAY_DAILY_CLOSE,stocks_intraday,NSE_EQ|INE758E01017,5m,1,1/268 full days: last intraday close vs daily close > 0.5%; worst 2026-06-04 intraday 237.00 vs daily 235.74 (+0.53%)
INFO,INTRADAY_DAILY_CLOSE,stocks_intraday,NSE_EQ|INE758E01017,15m,1,1/268 full days: last intraday close vs daily close > 0.5%; worst 2026-06-04 intraday 237.00 vs daily 235.74 (+0.53%)
INFO,INTRADAY_DAILY_CLOSE,stocks_intraday,NSE_EQ|INE758E01017,60m,1,1/268 full days: last intraday close vs daily close > 0.5%; worst 2026-06-04 intraday 237.00 vs daily 235.74 (+0.53%)
INFO,INTRADAY_DAILY_CLOSE,stocks_intraday,NSE_EQ|INE761H01022,5m,22,22/268 full days: last intraday close vs daily close > 0.5%; worst 2026-03-30 intraday 32185.00 vs daily 31775.00 (+1.29%)
INFO,INTRADAY_DAILY_CLOSE,stocks_intraday,NSE_EQ|INE761H01022,15m,22,22/268 full days: last intraday close vs daily close > 0.5%; worst 2026-03-30 intraday 32185.00 vs daily 31775.00 (+1.29%)
INFO,INTRADAY_DAILY_CLOSE,stocks_intraday,NSE_EQ|INE761H01022,60m,22,22/268 full days: last intraday close vs daily close > 0.5%; worst 2026-03-30 intraday 32185.00 vs daily 31775.00 (+1.29%)
INFO,INTRADAY_DAILY_CLOSE,stocks_intraday,NSE_EQ|INE765G01017,5m,14,14/268 full days: last intraday close vs daily close > 0.5%; worst 2025-09-16 intraday 1890.40 vs daily 1912.50 (-1.16%)
INFO,INTRADAY_DAILY_CLOSE,stocks_intraday,NSE_EQ|INE765G01017,15m,14,14/268 full days: last intraday close vs daily close > 0.5%; worst 2025-09-16 intraday 1890.40 vs daily 1912.50 (-1.16%)
INFO,INTRADAY_DAILY_CLOSE,stocks_intraday,NSE_EQ|INE765G01017,60m,14,14/268 full days: last intraday close vs daily close > 0.5%; worst 2025-09-16 intraday 1890.40 vs daily 1912.50 (-1.16%)
INFO,INTRADAY_DAILY_CLOSE,stocks_intraday,NSE_EQ|INE776C01039,5m,11,11/268 full days: last intraday close vs daily close > 0.5%; worst 2025-09-11 intraday 88.08 vs daily 87.25 (+0.95%)
INFO,INTRADAY_DAILY_CLOSE,stocks_intraday,NSE_EQ|INE776C01039,15m,11,11/268 full days: last intraday close vs daily close > 0.5%; worst 2025-09-11 intraday 88.08 vs daily 87.25 (+0.95%)
INFO,INTRADAY_DAILY_CLOSE,stocks_intraday,NSE_EQ|INE776C01039,60m,11,11/268 full days: last intraday close vs daily close > 0.5%; worst 2025-09-11 intraday 88.08 vs daily 87.25 (+0.95%)
INFO,INTRADAY_DAILY_CLOSE,stocks_intraday,NSE_EQ|INE795G01014,5m,3,3/268 full days: last intraday close vs daily close > 0.5%; worst 2026-02-24 intraday 740.00 vs daily 734.75 (+0.71%)
INFO,INTRADAY_DAILY_CLOSE,stocks_intraday,NSE_EQ|INE795G01014,15m,3,3/268 full days: last intraday close vs daily close > 0.5%; worst 2026-02-24 intraday 740.00 vs daily 734.75 (+0.71%)
INFO,INTRADAY_DAILY_CLOSE,stocks_intraday,NSE_EQ|INE795G01014,60m,3,3/268 full days: last intraday close vs daily close > 0.5%; worst 2026-02-24 intraday 740.00 vs daily 734.75 (+0.71%)
INFO,INTRADAY_DAILY_CLOSE,stocks_intraday,NSE_EQ|INE797F01020,5m,12,12/268 full days: last intraday close vs daily close > 0.5%; worst 2026-04-02 intraday 441.95 vs daily 446.55 (-1.03%)
INFO,INTRADAY_DAILY_CLOSE,stocks_intraday,NSE_EQ|INE797F01020,15m,12,12/268 full days: last intraday close vs daily close > 0.5%; worst 2026-04-02 intraday 441.95 vs daily 446.55 (-1.03%)
INFO,INTRADAY_DAILY_CLOSE,stocks_intraday,NSE_EQ|INE797F01020,60m,12,12/268 full days: last intraday close vs daily close > 0.5%; worst 2026-04-02 intraday 441.95 vs daily 446.55 (-1.03%)
INFO,INTRADAY_DAILY_CLOSE,stocks_intraday,NSE_EQ|INE811K01011,5m,22,22/268 full days: last intraday close vs daily close > 0.5%; worst 2025-11-26 intraday 1683.70 vs daily 1667.80 (+0.95%)
INFO,INTRADAY_DAILY_CLOSE,stocks_intraday,NSE_EQ|INE811K01011,15m,22,22/268 full days: last intraday close vs daily close > 0.5%; worst 2025-11-26 intraday 1683.70 vs daily 1667.80 (+0.95%)
INFO,INTRADAY_DAILY_CLOSE,stocks_intraday,NSE_EQ|INE811K01011,60m,22,22/268 full days: last intraday close vs daily close > 0.5%; worst 2025-11-26 intraday 1683.70 vs daily 1667.80 (+0.95%)
INFO,INTRADAY_DAILY_CLOSE,stocks_intraday,NSE_EQ|INE814H01029,5m,25,25/268 full days: last intraday close vs daily close > 0.5%; worst 2025-09-25 intraday 150.80 vs daily 149.00 (+1.21%)
INFO,INTRADAY_DAILY_CLOSE,stocks_intraday,NSE_EQ|INE814H01029,15m,25,25/268 full days: last intraday close vs daily close > 0.5%; worst 2025-09-25 intraday 150.80 vs daily 149.00 (+1.21%)
INFO,INTRADAY_DAILY_CLOSE,stocks_intraday,NSE_EQ|INE814H01029,60m,25,25/268 full days: last intraday close vs daily close > 0.5%; worst 2025-09-25 intraday 150.80 vs daily 149.00 (+1.21%)
INFO,INTRADAY_DAILY_CLOSE,stocks_intraday,NSE_EQ|INE848E01016,5m,4,4/268 full days: last intraday close vs daily close > 0.5%; worst 2026-04-17 intraday 84.26 vs daily 83.56 (+0.84%)
INFO,INTRADAY_DAILY_CLOSE,stocks_intraday,NSE_EQ|INE848E01016,15m,4,4/268 full days: last intraday close vs daily close > 0.5%; worst 2026-04-17 intraday 84.26 vs daily 83.56 (+0.84%)
INFO,INTRADAY_DAILY_CLOSE,stocks_intraday,NSE_EQ|INE848E01016,60m,4,4/268 full days: last intraday close vs daily close > 0.5%; worst 2026-04-17 intraday 84.26 vs daily 83.56 (+0.84%)
INFO,INTRADAY_DAILY_CLOSE,stocks_intraday,NSE_EQ|INE849A01020,5m,4,4/268 full days: last intraday close vs daily close > 0.5%; worst 2025-10-06 intraday 3136.80 vs daily 3185.00 (-1.51%)
INFO,INTRADAY_DAILY_CLOSE,stocks_intraday,NSE_EQ|INE849A01020,15m,4,4/268 full days: last intraday close vs daily close > 0.5%; worst 2025-10-06 intraday 3136.80 vs daily 3185.00 (-1.51%)
INFO,INTRADAY_DAILY_CLOSE,stocks_intraday,NSE_EQ|INE849A01020,60m,4,4/268 full days: last intraday close vs daily close > 0.5%; worst 2025-10-06 intraday 3136.80 vs daily 3185.00 (-1.51%)
INFO,INTRADAY_DAILY_CLOSE,stocks_intraday,NSE_EQ|INE854D01024,5m,7,7/268 full days: last intraday close vs daily close > 0.5%; worst 2026-07-08 intraday 1422.20 vs daily 1408.80 (+0.95%)
INFO,INTRADAY_DAILY_CLOSE,stocks_intraday,NSE_EQ|INE854D01024,15m,7,7/268 full days: last intraday close vs daily close > 0.5%; worst 2026-07-08 intraday 1422.20 vs daily 1408.80 (+0.95%)
INFO,INTRADAY_DAILY_CLOSE,stocks_intraday,NSE_EQ|INE854D01024,60m,7,7/268 full days: last intraday close vs daily close > 0.5%; worst 2026-07-08 intraday 1422.20 vs daily 1408.80 (+0.95%)
INFO,INTRADAY_DAILY_CLOSE,stocks_intraday,NSE_EQ|INE860A01027,5m,2,2/268 full days: last intraday close vs daily close > 0.5%; worst 2026-04-02 intraday 1395.00 vs daily 1402.20 (-0.51%)
INFO,INTRADAY_DAILY_CLOSE,stocks_intraday,NSE_EQ|INE860A01027,15m,2,2/268 full days: last intraday close vs daily close > 0.5%; worst 2026-04-02 intraday 1395.00 vs daily 1402.20 (-0.51%)
INFO,INTRADAY_DAILY_CLOSE,stocks_intraday,NSE_EQ|INE860A01027,60m,2,2/268 full days: last intraday close vs daily close > 0.5%; worst 2026-04-02 intraday 1395.00 vs daily 1402.20 (-0.51%)
INFO,INTRADAY_DAILY_CLOSE,stocks_intraday,NSE_EQ|INE878B01027,5m,15,15/268 full days: last intraday close vs daily close > 0.5%; worst 2026-02-24 intraday 4820.00 vs daily 4781.00 (+0.82%)
INFO,INTRADAY_DAILY_CLOSE,stocks_intraday,NSE_EQ|INE878B01027,15m,15,15/268 full days: last intraday close vs daily close > 0.5%; worst 2026-02-24 intraday 4820.00 vs daily 4781.00 (+0.82%)
INFO,INTRADAY_DAILY_CLOSE,stocks_intraday,NSE_EQ|INE878B01027,60m,15,15/268 full days: last intraday close vs daily close > 0.5%; worst 2026-02-24 intraday 4820.00 vs daily 4781.00 (+0.82%)
INFO,INTRADAY_DAILY_CLOSE,stocks_intraday,NSE_EQ|INE881D01027,5m,7,7/268 full days: last intraday close vs daily close > 0.5%; worst 2026-07-22 intraday 10777.00 vs daily 10851.00 (-0.68%)
INFO,INTRADAY_DAILY_CLOSE,stocks_intraday,NSE_EQ|INE881D01027,15m,7,7/268 full days: last intraday close vs daily close > 0.5%; worst 2026-07-22 intraday 10777.00 vs daily 10851.00 (-0.68%)
INFO,INTRADAY_DAILY_CLOSE,stocks_intraday,NSE_EQ|INE881D01027,60m,7,7/268 full days: last intraday close vs daily close > 0.5%; worst 2026-07-22 intraday 10777.00 vs daily 10851.00 (-0.68%)
INFO,INTRADAY_DAILY_CLOSE,stocks_intraday,NSE_EQ|INE917I01010,5m,3,3/268 full days: last intraday close vs daily close > 0.5%; worst 2026-06-23 intraday 9950.00 vs daily 10025.00 (-0.75%)
INFO,INTRADAY_DAILY_CLOSE,stocks_intraday,NSE_EQ|INE917I01010,15m,3,3/268 full days: last intraday close vs daily close > 0.5%; worst 2026-06-23 intraday 9950.00 vs daily 10025.00 (-0.75%)
INFO,INTRADAY_DAILY_CLOSE,stocks_intraday,NSE_EQ|INE917I01010,60m,3,3/268 full days: last intraday close vs daily close > 0.5%; worst 2026-06-23 intraday 9950.00 vs daily 10025.00 (-0.75%)
INFO,INTRADAY_DAILY_CLOSE,stocks_intraday,NSE_EQ|INE918I01026,5m,13,13/268 full days: last intraday close vs daily close > 0.5%; worst 2026-05-29 intraday 1797.80 vs daily 1783.60 (+0.80%)
INFO,INTRADAY_DAILY_CLOSE,stocks_intraday,NSE_EQ|INE918I01026,15m,13,13/268 full days: last intraday close vs daily close > 0.5%; worst 2026-05-29 intraday 1797.80 vs daily 1783.60 (+0.80%)
INFO,INTRADAY_DAILY_CLOSE,stocks_intraday,NSE_EQ|INE918I01026,60m,13,13/268 full days: last intraday close vs daily close > 0.5%; worst 2026-05-29 intraday 1797.80 vs daily 1783.60 (+0.80%)
INFO,INTRADAY_DAILY_CLOSE,stocks_intraday,NSE_EQ|INE918Z01012,5m,17,17/268 full days: last intraday close vs daily close > 0.5%; worst 2025-12-08 intraday 3851.50 vs daily 3807.00 (+1.17%)
INFO,INTRADAY_DAILY_CLOSE,stocks_intraday,NSE_EQ|INE918Z01012,15m,17,17/268 full days: last intraday close vs daily close > 0.5%; worst 2025-12-08 intraday 3851.50 vs daily 3807.00 (+1.17%)
INFO,INTRADAY_DAILY_CLOSE,stocks_intraday,NSE_EQ|INE918Z01012,60m,17,17/268 full days: last intraday close vs daily close > 0.5%; worst 2025-12-08 intraday 3851.50 vs daily 3807.00 (+1.17%)
INFO,INTRADAY_DAILY_CLOSE,stocks_intraday,NSE_EQ|INE931S01010,5m,21,21/268 full days: last intraday close vs daily close > 0.5%; worst 2026-05-26 intraday 1489.00 vs daily 1463.30 (+1.76%)
INFO,INTRADAY_DAILY_CLOSE,stocks_intraday,NSE_EQ|INE931S01010,15m,21,21/268 full days: last intraday close vs daily close > 0.5%; worst 2026-05-26 intraday 1489.00 vs daily 1463.30 (+1.76%)
INFO,INTRADAY_DAILY_CLOSE,stocks_intraday,NSE_EQ|INE931S01010,60m,21,21/268 full days: last intraday close vs daily close > 0.5%; worst 2026-05-26 intraday 1489.00 vs daily 1463.30 (+1.76%)
INFO,INTRADAY_DAILY_CLOSE,stocks_intraday,NSE_EQ|INE935A01035,5m,19,19/268 full days: last intraday close vs daily close > 0.5%; worst 2026-07-24 intraday 2214.50 vs daily 2192.00 (+1.03%)
INFO,INTRADAY_DAILY_CLOSE,stocks_intraday,NSE_EQ|INE935A01035,15m,19,19/268 full days: last intraday close vs daily close > 0.5%; worst 2026-07-24 intraday 2214.50 vs daily 2192.00 (+1.03%)
INFO,INTRADAY_DAILY_CLOSE,stocks_intraday,NSE_EQ|INE935A01035,60m,19,19/268 full days: last intraday close vs daily close > 0.5%; worst 2026-07-24 intraday 2214.50 vs daily 2192.00 (+1.03%)
INFO,INTRADAY_DAILY_CLOSE,stocks_intraday,NSE_EQ|INE944F01028,5m,21,21/268 full days: last intraday close vs daily close > 0.5%; worst 2026-07-28 intraday 4344.90 vs daily 4289.70 (+1.29%)
INFO,INTRADAY_DAILY_CLOSE,stocks_intraday,NSE_EQ|INE944F01028,15m,21,21/268 full days: last intraday close vs daily close > 0.5%; worst 2026-07-28 intraday 4344.90 vs daily 4289.70 (+1.29%)
INFO,INTRADAY_DAILY_CLOSE,stocks_intraday,NSE_EQ|INE944F01028,60m,21,21/268 full days: last intraday close vs daily close > 0.5%; worst 2026-07-28 intraday 4344.90 vs daily 4289.70 (+1.29%)
INFO,INTRADAY_DAILY_CLOSE,stocks_intraday,NSE_EQ|INE947Q01028,5m,11,11/268 full days: last intraday close vs daily close > 0.5%; worst 2026-01-23 intraday 1030.00 vs daily 1016.40 (+1.34%)
INFO,INTRADAY_DAILY_CLOSE,stocks_intraday,NSE_EQ|INE947Q01028,15m,11,11/268 full days: last intraday close vs daily close > 0.5%; worst 2026-01-23 intraday 1030.00 vs daily 1016.40 (+1.34%)
INFO,INTRADAY_DAILY_CLOSE,stocks_intraday,NSE_EQ|INE947Q01028,60m,11,11/268 full days: last intraday close vs daily close > 0.5%; worst 2026-01-23 intraday 1030.00 vs daily 1016.40 (+1.34%)
INFO,INTRADAY_DAILY_CLOSE,stocks_intraday,NSE_EQ|INE949L01017,5m,10,10/268 full days: last intraday close vs daily close > 0.5%; worst 2026-03-23 intraday 860.00 vs daily 849.55 (+1.23%)
INFO,INTRADAY_DAILY_CLOSE,stocks_intraday,NSE_EQ|INE949L01017,15m,10,10/268 full days: last intraday close vs daily close > 0.5%; worst 2026-03-23 intraday 860.00 vs daily 849.55 (+1.23%)
INFO,INTRADAY_DAILY_CLOSE,stocks_intraday,NSE_EQ|INE949L01017,60m,10,10/268 full days: last intraday close vs daily close > 0.5%; worst 2026-03-23 intraday 860.00 vs daily 849.55 (+1.23%)
INFO,INTRADAY_DAILY_CLOSE,stocks_intraday,NSE_EQ|INE974X01010,5m,29,29/268 full days: last intraday close vs daily close > 0.5%; worst 2026-03-23 intraday 2505.00 vs daily 2471.00 (+1.38%)
INFO,INTRADAY_DAILY_CLOSE,stocks_intraday,NSE_EQ|INE974X01010,15m,29,29/268 full days: last intraday close vs daily close > 0.5%; worst 2026-03-23 intraday 2505.00 vs daily 2471.00 (+1.38%)
INFO,INTRADAY_DAILY_CLOSE,stocks_intraday,NSE_EQ|INE974X01010,60m,29,29/268 full days: last intraday close vs daily close > 0.5%; worst 2026-03-23 intraday 2505.00 vs daily 2471.00 (+1.38%)
INFO,INTRADAY_DAILY_CLOSE,stocks_intraday,NSE_EQ|INE976G01028,5m,13,13/268 full days: last intraday close vs daily close > 0.5%; worst 2026-05-07 intraday 349.45 vs daily 345.75 (+1.07%)
INFO,INTRADAY_DAILY_CLOSE,stocks_intraday,NSE_EQ|INE976G01028,15m,13,13/268 full days: last intraday close vs daily close > 0.5%; worst 2026-05-07 intraday 349.45 vs daily 345.75 (+1.07%)
INFO,INTRADAY_DAILY_CLOSE,stocks_intraday,NSE_EQ|INE976G01028,60m,13,13/268 full days: last intraday close vs daily close > 0.5%; worst 2026-05-07 intraday 349.45 vs daily 345.75 (+1.07%)
INFO,INTRADAY_DAILY_CLOSE,stocks_intraday,NSE_EQ|INE982J01020,5m,15,15/268 full days: last intraday close vs daily close > 0.5%; worst 2026-07-15 intraday 1388.70 vs daily 1368.00 (+1.51%)
INFO,INTRADAY_DAILY_CLOSE,stocks_intraday,NSE_EQ|INE982J01020,15m,15,15/268 full days: last intraday close vs daily close > 0.5%; worst 2026-07-15 intraday 1388.70 vs daily 1368.00 (+1.51%)
INFO,INTRADAY_DAILY_CLOSE,stocks_intraday,NSE_EQ|INE982J01020,60m,15,15/268 full days: last intraday close vs daily close > 0.5%; worst 2026-07-15 intraday 1388.70 vs daily 1368.00 (+1.51%)
INFO,INTRADAY_DAILY_CLOSE,index_intraday,NSE_INDEX|Nifty 50,5m,1,1/1088 full days: last intraday close vs daily close > 0.5%; worst 2024-06-04 intraday 21996.45 vs daily 21884.50 (+0.51%)
INFO,INTRADAY_DAILY_CLOSE,index_intraday,NSE_INDEX|Nifty 50,15m,1,1/1088 full days: last intraday close vs daily close > 0.5%; worst 2024-06-04 intraday 21996.45 vs daily 21884.50 (+0.51%)
INFO,INTRADAY_DAILY_CLOSE,index_intraday,NSE_INDEX|Nifty 50,60m,1,1/1088 full days: last intraday close vs daily close > 0.5%; worst 2024-06-04 intraday 21996.45 vs daily 21884.50 (+0.51%)
INFO,LEDGER_FAILED_INACTIVE,indices_daily,NSE_INDEX|BHARATBOND-APR30,,1,fetch returned no candles; R2 left untouched
INFO,LEDGER_FAILED_INACTIVE,indices_daily,NSE_INDEX|BHARATBOND-APR31,,1,fetch returned no candles; R2 left untouched
INFO,LEDGER_FAILED_INACTIVE,indices_daily,NSE_INDEX|BHARATBOND-APR32,,1,fetch returned no candles; R2 left untouched
INFO,LEDGER_FAILED_INACTIVE,indices_daily,NSE_INDEX|BHARATBOND-APR33,,1,fetch returned no candles; R2 left untouched
INFO,LEDGER_INACTIVE_INSTRUMENT,universe_daily,NSE_EQ|INF082J01408,,1,in ledger but not an active catalogue stock
INFO,LEDGER_INACTIVE_INSTRUMENT,universe_daily,NSE_EQ|INF082J01499,,1,in ledger but not an active catalogue stock
INFO,LEDGER_INACTIVE_INSTRUMENT,universe_daily,NSE_EQ|INF0QA701714,,1,in ledger but not an active catalogue stock
INFO,LEDGER_INACTIVE_INSTRUMENT,universe_daily,NSE_EQ|INF0QA701722,,1,in ledger but not an active catalogue stock
INFO,LEDGER_INACTIVE_INSTRUMENT,universe_daily,NSE_EQ|INF0QA701854,,1,in ledger but not an active catalogue stock
INFO,LEDGER_INACTIVE_INSTRUMENT,universe_daily,NSE_EQ|INF0QA701CI0,,1,in ledger but not an active catalogue stock
INFO,LEDGER_INACTIVE_INSTRUMENT,universe_daily,NSE_EQ|INF0R8F01034,,1,in ledger but not an active catalogue stock
INFO,LEDGER_INACTIVE_INSTRUMENT,universe_daily,NSE_EQ|INF0R8F01042,,1,in ledger but not an active catalogue stock
INFO,LEDGER_INACTIVE_INSTRUMENT,universe_daily,NSE_EQ|INF0R8F01059,,1,in ledger but not an active catalogue stock
INFO,LEDGER_INACTIVE_INSTRUMENT,universe_daily,NSE_EQ|INF0R8F01067,,1,in ledger but not an active catalogue stock
INFO,LEDGER_INACTIVE_INSTRUMENT,universe_daily,NSE_EQ|INF0R8F01091,,1,in ledger but not an active catalogue stock
INFO,LEDGER_INACTIVE_INSTRUMENT,universe_daily,NSE_EQ|INF0R8F01133,,1,in ledger but not an active catalogue stock
INFO,LEDGER_INACTIVE_INSTRUMENT,universe_daily,NSE_EQ|INF0R8F01141,,1,in ledger but not an active catalogue stock
INFO,LEDGER_INACTIVE_INSTRUMENT,universe_daily,NSE_EQ|INF0R8F01166,,1,in ledger but not an active catalogue stock
INFO,LEDGER_INACTIVE_INSTRUMENT,universe_daily,NSE_EQ|INF109K012R6,,1,in ledger but not an active catalogue stock
INFO,LEDGER_INACTIVE_INSTRUMENT,universe_daily,NSE_EQ|INF109K1A021,,1,in ledger but not an active catalogue stock
INFO,LEDGER_INACTIVE_INSTRUMENT,universe_daily,NSE_EQ|INF109K1A153,,1,in ledger but not an active catalogue stock
INFO,LEDGER_INACTIVE_INSTRUMENT,universe_daily,NSE_EQ|INF109K1A344,,1,in ledger but not an active catalogue stock
INFO,LEDGER_INACTIVE_INSTRUMENT,universe_daily,NSE_EQ|INF109K1A476,,1,in ledger but not an active catalogue stock
INFO,LEDGER_INACTIVE_INSTRUMENT,universe_daily,NSE_EQ|INF109K1A567,,1,in ledger but not an active catalogue stock
INFO,LEDGER_INACTIVE_INSTRUMENT,universe_daily,NSE_EQ|INF109KB15Y7,,1,in ledger but not an active catalogue stock
INFO,LEDGER_INACTIVE_INSTRUMENT,universe_daily,NSE_EQ|INF109KC10S8,,1,in ledger but not an active catalogue stock
INFO,LEDGER_INACTIVE_INSTRUMENT,universe_daily,NSE_EQ|INF109KC10V2,,1,in ledger but not an active catalogue stock
INFO,LEDGER_INACTIVE_INSTRUMENT,universe_daily,NSE_EQ|INF109KC10W0,,1,in ledger but not an active catalogue stock
INFO,LEDGER_INACTIVE_INSTRUMENT,universe_daily,NSE_EQ|INF109KC11V0,,1,in ledger but not an active catalogue stock
INFO,LEDGER_INACTIVE_INSTRUMENT,universe_daily,NSE_EQ|INF109KC11W8,,1,in ledger but not an active catalogue stock
INFO,LEDGER_INACTIVE_INSTRUMENT,universe_daily,NSE_EQ|INF109KC14A8,,1,in ledger but not an active catalogue stock
INFO,LEDGER_INACTIVE_INSTRUMENT,universe_daily,NSE_EQ|INF109KC15I8,,1,in ledger but not an active catalogue stock
INFO,LEDGER_INACTIVE_INSTRUMENT,universe_daily,NSE_EQ|INF109KC16E5,,1,in ledger but not an active catalogue stock
INFO,LEDGER_INACTIVE_INSTRUMENT,universe_daily,NSE_EQ|INF109KC16I6,,1,in ledger but not an active catalogue stock
INFO,LEDGER_INACTIVE_INSTRUMENT,universe_daily,NSE_EQ|INF109KC16V9,,1,in ledger but not an active catalogue stock
INFO,LEDGER_INACTIVE_INSTRUMENT,universe_daily,NSE_EQ|INF109KC16X5,,1,in ledger but not an active catalogue stock
INFO,LEDGER_INACTIVE_INSTRUMENT,universe_daily,NSE_EQ|INF109KC17C7,,1,in ledger but not an active catalogue stock
INFO,LEDGER_INACTIVE_INSTRUMENT,universe_daily,NSE_EQ|INF109KC17L8,,1,in ledger but not an active catalogue stock
INFO,LEDGER_INACTIVE_INSTRUMENT,universe_daily,NSE_EQ|INF109KC17V7,,1,in ledger but not an active catalogue stock
INFO,LEDGER_INACTIVE_INSTRUMENT,universe_daily,NSE_EQ|INF109KC18O0,,1,in ledger but not an active catalogue stock
INFO,LEDGER_INACTIVE_INSTRUMENT,universe_daily,NSE_EQ|INF109KC18U7,,1,in ledger but not an active catalogue stock
INFO,LEDGER_INACTIVE_INSTRUMENT,universe_daily,NSE_EQ|INF109KC18V5,,1,in ledger but not an active catalogue stock
INFO,LEDGER_INACTIVE_INSTRUMENT,universe_daily,NSE_EQ|INF109KC18W3,,1,in ledger but not an active catalogue stock
INFO,LEDGER_INACTIVE_INSTRUMENT,universe_daily,NSE_EQ|INF109KC19O8,,1,in ledger but not an active catalogue stock
INFO,LEDGER_INACTIVE_INSTRUMENT,universe_daily,NSE_EQ|INF109KC19U5,,1,in ledger but not an active catalogue stock
INFO,LEDGER_INACTIVE_INSTRUMENT,universe_daily,NSE_EQ|INF109KC19V3,,1,in ledger but not an active catalogue stock
INFO,LEDGER_INACTIVE_INSTRUMENT,universe_daily,NSE_EQ|INF109KC19W1,,1,in ledger but not an active catalogue stock
INFO,LEDGER_INACTIVE_INSTRUMENT,universe_daily,NSE_EQ|INF109KC1KT9,,1,in ledger but not an active catalogue stock
INFO,LEDGER_INACTIVE_INSTRUMENT,universe_daily,NSE_EQ|INF109KC1NS5,,1,in ledger but not an active catalogue stock
INFO,LEDGER_INACTIVE_INSTRUMENT,universe_daily,NSE_EQ|INF109KC1NT3,,1,in ledger but not an active catalogue stock
INFO,LEDGER_INACTIVE_INSTRUMENT,universe_daily,NSE_EQ|INF109KC1Q72,,1,in ledger but not an active catalogue stock
INFO,LEDGER_INACTIVE_INSTRUMENT,universe_daily,NSE_EQ|INF109KC1V42,,1,in ledger but not an active catalogue stock
INFO,LEDGER_INACTIVE_INSTRUMENT,universe_daily,NSE_EQ|INF109KC1V59,,1,in ledger but not an active catalogue stock
INFO,LEDGER_INACTIVE_INSTRUMENT,universe_daily,NSE_EQ|INF109KC1Y56,,1,in ledger but not an active catalogue stock
INFO,LEDGER_INACTIVE_INSTRUMENT,universe_daily,NSE_EQ|INF174K014P6,,1,in ledger but not an active catalogue stock
INFO,LEDGER_INACTIVE_INSTRUMENT,universe_daily,NSE_EQ|INF174KA1A86,,1,in ledger but not an active catalogue stock
INFO,LEDGER_INACTIVE_INSTRUMENT,universe_daily,NSE_EQ|INF174KA1A94,,1,in ledger but not an active catalogue stock
INFO,LEDGER_INACTIVE_INSTRUMENT,universe_daily,NSE_EQ|INF174KA1GC5,,1,in ledger but not an active catalogue stock
INFO,LEDGER_INACTIVE_INSTRUMENT,universe_daily,NSE_EQ|INF174KA1HJ8,,1,in ledger but not an active catalogue stock
INFO,LEDGER_INACTIVE_INSTRUMENT,universe_daily,NSE_EQ|INF174KA1IA5,,1,in ledger but not an active catalogue stock
INFO,LEDGER_INACTIVE_INSTRUMENT,universe_daily,NSE_EQ|INF174KA1IY5,,1,in ledger but not an active catalogue stock
INFO,LEDGER_INACTIVE_INSTRUMENT,universe_daily,NSE_EQ|INF174KA1JF2,,1,in ledger but not an active catalogue stock
INFO,LEDGER_INACTIVE_INSTRUMENT,universe_daily,NSE_EQ|INF174KA1LV5,,1,in ledger but not an active catalogue stock
INFO,LEDGER_INACTIVE_INSTRUMENT,universe_daily,NSE_EQ|INF174KA1UW4,,1,in ledger but not an active catalogue stock
INFO,LEDGER_INACTIVE_INSTRUMENT,universe_daily,NSE_EQ|INF174KA1VD2,,1,in ledger but not an active catalogue stock
INFO,LEDGER_INACTIVE_INSTRUMENT,universe_daily,NSE_EQ|INF174KA1VW2,,1,in ledger but not an active catalogue stock
INFO,LEDGER_INACTIVE_INSTRUMENT,universe_daily,NSE_EQ|INF174KA1WT6,,1,in ledger but not an active catalogue stock
INFO,LEDGER_INACTIVE_INSTRUMENT,universe_daily,NSE_EQ|INF174KA1XS6,,1,in ledger but not an active catalogue stock
INFO,LEDGER_INACTIVE_INSTRUMENT,universe_daily,NSE_EQ|INF174KA1XV0,,1,in ledger but not an active catalogue stock
INFO,LEDGER_INACTIVE_INSTRUMENT,universe_daily,NSE_EQ|INF174KA1YO3,,1,in ledger but not an active catalogue stock
INFO,LEDGER_INACTIVE_INSTRUMENT,universe_daily,NSE_EQ|INF174KA1ZB7,,1,in ledger but not an active catalogue stock
INFO,LEDGER_INACTIVE_INSTRUMENT,universe_daily,NSE_EQ|INF174KA1ZC5,,1,in ledger but not an active catalogue stock
INFO,LEDGER_INACTIVE_INSTRUMENT,universe_daily,NSE_EQ|INF174KA1ZD3,,1,in ledger but not an active catalogue stock
INFO,LEDGER_INACTIVE_INSTRUMENT,universe_daily,NSE_EQ|INF174KA1ZE1,,1,in ledger but not an active catalogue stock
INFO,LEDGER_INACTIVE_INSTRUMENT,universe_daily,NSE_EQ|INF174KA1ZF8,,1,in ledger but not an active catalogue stock
INFO,LEDGER_INACTIVE_INSTRUMENT,universe_daily,NSE_EQ|INF179KC1965,,1,in ledger but not an active catalogue stock
INFO,LEDGER_INACTIVE_INSTRUMENT,universe_daily,NSE_EQ|INF179KC1981,,1,in ledger but not an active catalogue stock
INFO,LEDGER_INACTIVE_INSTRUMENT,universe_daily,NSE_EQ|INF179KC1DI2,,1,in ledger but not an active catalogue stock
INFO,LEDGER_INACTIVE_INSTRUMENT,universe_daily,NSE_EQ|INF179KC1DJ0,,1,in ledger but not an active catalogue stock
INFO,LEDGER_INACTIVE_INSTRUMENT,universe_daily,NSE_EQ|INF179KC1DK8,,1,in ledger but not an active catalogue stock
INFO,LEDGER_INACTIVE_INSTRUMENT,universe_daily,NSE_EQ|INF179KC1DL6,,1,in ledger but not an active catalogue stock
INFO,LEDGER_INACTIVE_INSTRUMENT,universe_daily,NSE_EQ|INF179KC1EZ4,,1,in ledger but not an active catalogue stock
INFO,LEDGER_INACTIVE_INSTRUMENT,universe_daily,NSE_EQ|INF179KC1FB2,,1,in ledger but not an active catalogue stock
INFO,LEDGER_INACTIVE_INSTRUMENT,universe_daily,NSE_EQ|INF179KC1HR4,,1,in ledger but not an active catalogue stock
INFO,LEDGER_INACTIVE_INSTRUMENT,universe_daily,NSE_EQ|INF179KC1HS2,,1,in ledger but not an active catalogue stock
INFO,LEDGER_INACTIVE_INSTRUMENT,universe_daily,NSE_EQ|INF179KC1HT0,,1,in ledger but not an active catalogue stock
INFO,LEDGER_INACTIVE_INSTRUMENT,universe_daily,NSE_EQ|INF179KC1HU8,,1,in ledger but not an active catalogue stock
INFO,LEDGER_INACTIVE_INSTRUMENT,universe_daily,NSE_EQ|INF179KC1HV6,,1,in ledger but not an active catalogue stock
INFO,LEDGER_INACTIVE_INSTRUMENT,universe_daily,NSE_EQ|INF179KC1HW4,,1,in ledger but not an active catalogue stock
INFO,LEDGER_INACTIVE_INSTRUMENT,universe_daily,NSE_EQ|INF179KC1HX2,,1,in ledger but not an active catalogue stock
INFO,LEDGER_INACTIVE_INSTRUMENT,universe_daily,NSE_EQ|INF179KC1HY0,,1,in ledger but not an active catalogue stock
INFO,LEDGER_INACTIVE_INSTRUMENT,universe_daily,NSE_EQ|INF179KC1HZ7,,1,in ledger but not an active catalogue stock
INFO,LEDGER_INACTIVE_INSTRUMENT,universe_daily,NSE_EQ|INF179KC1IA8,,1,in ledger but not an active catalogue stock
INFO,LEDGER_INACTIVE_INSTRUMENT,universe_daily,NSE_EQ|INF179KC1JG3,,1,in ledger but not an active catalogue stock
INFO,LEDGER_INACTIVE_INSTRUMENT,universe_daily,NSE_EQ|INF179KC1KT4,,1,in ledger but not an active catalogue stock
INFO,LEDGER_INACTIVE_INSTRUMENT,universe_daily,NSE_EQ|INF194KA1U07,,1,in ledger but not an active catalogue stock
INFO,LEDGER_INACTIVE_INSTRUMENT,universe_daily,NSE_EQ|INF194KB1KI9,,1,in ledger but not an active catalogue stock
INFO,LEDGER_INACTIVE_INSTRUMENT,universe_daily,NSE_EQ|INF194KB1KJ7,,1,in ledger but not an active catalogue stock
INFO,LEDGER_INACTIVE_INSTRUMENT,universe_daily,NSE_EQ|INF1J2R01015,,1,in ledger but not an active catalogue stock
INFO,LEDGER_INACTIVE_INSTRUMENT,universe_daily,NSE_EQ|INF1J2R01056,,1,in ledger but not an active catalogue stock
INFO,LEDGER_INACTIVE_INSTRUMENT,universe_daily,NSE_EQ|INF1J2R01064,,1,in ledger but not an active catalogue stock
INFO,LEDGER_INACTIVE_INSTRUMENT,universe_daily,NSE_EQ|INF1J2R01114,,1,in ledger but not an active catalogue stock
INFO,LEDGER_INACTIVE_INSTRUMENT,universe_daily,NSE_EQ|INF1J2R01148,,1,in ledger but not an active catalogue stock
INFO,LEDGER_INACTIVE_INSTRUMENT,universe_daily,NSE_EQ|INF1J2R01171,,1,in ledger but not an active catalogue stock
INFO,LEDGER_INACTIVE_INSTRUMENT,universe_daily,NSE_EQ|INF200KA13Z8,,1,in ledger but not an active catalogue stock
INFO,LEDGER_INACTIVE_INSTRUMENT,universe_daily,NSE_EQ|INF200KA1580,,1,in ledger but not an active catalogue stock
INFO,LEDGER_INACTIVE_INSTRUMENT,universe_daily,NSE_EQ|INF200KA1598,,1,in ledger but not an active catalogue stock
INFO,LEDGER_INACTIVE_INSTRUMENT,universe_daily,NSE_EQ|INF200KA16D8,,1,in ledger but not an active catalogue stock
INFO,LEDGER_INACTIVE_INSTRUMENT,universe_daily,NSE_EQ|INF200KA1FS1,,1,in ledger but not an active catalogue stock
INFO,LEDGER_INACTIVE_INSTRUMENT,universe_daily,NSE_EQ|INF200KA1JT1,,1,in ledger but not an active catalogue stock
INFO,LEDGER_INACTIVE_INSTRUMENT,universe_daily,NSE_EQ|INF200KA1S14,,1,in ledger but not an active catalogue stock
INFO,LEDGER_INACTIVE_INSTRUMENT,universe_daily,NSE_EQ|INF200KA1S22,,1,in ledger but not an active catalogue stock
INFO,LEDGER_INACTIVE_INSTRUMENT,universe_daily,NSE_EQ|INF200KA1WX6,,1,in ledger but not an active catalogue stock
INFO,LEDGER_INACTIVE_INSTRUMENT,universe_daily,NSE_EQ|INF200KA1X17,,1,in ledger but not an active catalogue stock
INFO,LEDGER_INACTIVE_INSTRUMENT,universe_daily,NSE_EQ|INF200KB1217,,1,in ledger but not an active catalogue stock
INFO,LEDGER_INACTIVE_INSTRUMENT,universe_daily,NSE_EQ|INF200KB1282,,1,in ledger but not an active catalogue stock
INFO,LEDGER_INACTIVE_INSTRUMENT,universe_daily,NSE_EQ|INF200KB1712,,1,in ledger but not an active catalogue stock
INFO,LEDGER_INACTIVE_INSTRUMENT,universe_daily,NSE_EQ|INF200KB1969,,1,in ledger but not an active catalogue stock
INFO,LEDGER_INACTIVE_INSTRUMENT,universe_daily,NSE_EQ|INF200KB1AJ0,,1,in ledger but not an active catalogue stock
INFO,LEDGER_INACTIVE_INSTRUMENT,universe_daily,NSE_EQ|INF200KB1AK8,,1,in ledger but not an active catalogue stock
INFO,LEDGER_INACTIVE_INSTRUMENT,universe_daily,NSE_EQ|INF200KB1AX1,,1,in ledger but not an active catalogue stock
INFO,LEDGER_INACTIVE_INSTRUMENT,universe_daily,NSE_EQ|INF200KB1AY9,,1,in ledger but not an active catalogue stock
INFO,LEDGER_INACTIVE_INSTRUMENT,universe_daily,NSE_EQ|INF204K014N5,,1,in ledger but not an active catalogue stock
INFO,LEDGER_INACTIVE_INSTRUMENT,universe_daily,NSE_EQ|INF204KA1LD7,,1,in ledger but not an active catalogue stock
INFO,LEDGER_INACTIVE_INSTRUMENT,universe_daily,NSE_EQ|INF204KA1MS3,,1,in ledger but not an active catalogue stock
INFO,LEDGER_INACTIVE_INSTRUMENT,universe_daily,NSE_EQ|INF204KB14I2,,1,in ledger but not an active catalogue stock
INFO,LEDGER_INACTIVE_INSTRUMENT,universe_daily,NSE_EQ|INF204KB15I9,,1,in ledger but not an active catalogue stock
INFO,LEDGER_INACTIVE_INSTRUMENT,universe_daily,NSE_EQ|INF204KB15V2,,1,in ledger but not an active catalogue stock
INFO,LEDGER_INACTIVE_INSTRUMENT,universe_daily,NSE_EQ|INF204KB16I7,,1,in ledger but not an active catalogue stock
INFO,LEDGER_INACTIVE_INSTRUMENT,universe_daily,NSE_EQ|INF204KB17I5,,1,in ledger but not an active catalogue stock
INFO,LEDGER_INACTIVE_INSTRUMENT,universe_daily,NSE_EQ|INF204KB1882,,1,in ledger but not an active catalogue stock
INFO,LEDGER_INACTIVE_INSTRUMENT,universe_daily,NSE_EQ|INF204KB18I3,,1,in ledger but not an active catalogue stock
INFO,LEDGER_INACTIVE_INSTRUMENT,universe_daily,NSE_EQ|INF204KB19I1,,1,in ledger but not an active catalogue stock
INFO,LEDGER_INACTIVE_INSTRUMENT,universe_daily,NSE_EQ|INF204KB1V68,,1,in ledger but not an active catalogue stock
INFO,LEDGER_INACTIVE_INSTRUMENT,universe_daily,NSE_EQ|INF204KC1030,,1,in ledger but not an active catalogue stock
INFO,LEDGER_INACTIVE_INSTRUMENT,universe_daily,NSE_EQ|INF204KC1089,,1,in ledger but not an active catalogue stock
INFO,LEDGER_INACTIVE_INSTRUMENT,universe_daily,NSE_EQ|INF204KC1337,,1,in ledger but not an active catalogue stock
INFO,LEDGER_INACTIVE_INSTRUMENT,universe_daily,NSE_EQ|INF204KC1402,,1,in ledger but not an active catalogue stock
INFO,LEDGER_INACTIVE_INSTRUMENT,universe_daily,NSE_EQ|INF204KC1EZ3,,1,in ledger but not an active catalogue stock
INFO,LEDGER_INACTIVE_INSTRUMENT,universe_daily,NSE_EQ|INF204KC1FU1,,1,in ledger but not an active catalogue stock
INFO,LEDGER_INACTIVE_INSTRUMENT,universe_daily,NSE_EQ|INF204KC1GH6,,1,in ledger but not an active catalogue stock
INFO,LEDGER_INACTIVE_INSTRUMENT,universe_daily,NSE_EQ|INF205KA1BP1,,1,in ledger but not an active catalogue stock
INFO,LEDGER_INACTIVE_INSTRUMENT,universe_daily,NSE_EQ|INF205KA1CA1,,1,in ledger but not an active catalogue stock
INFO,LEDGER_INACTIVE_INSTRUMENT,universe_daily,NSE_EQ|INF205KA1CB9,,1,in ledger but not an active catalogue stock
INFO,LEDGER_INACTIVE_INSTRUMENT,universe_daily,NSE_EQ|INF205KA1CC7,,1,in ledger but not an active catalogue stock
INFO,LEDGER_INACTIVE_INSTRUMENT,universe_daily,NSE_EQ|INF209KB10C2,,1,in ledger but not an active catalogue stock
INFO,LEDGER_INACTIVE_INSTRUMENT,universe_daily,NSE_EQ|INF209KB10E8,,1,in ledger but not an active catalogue stock
INFO,LEDGER_INACTIVE_INSTRUMENT,universe_daily,NSE_EQ|INF209KB11D8,,1,in ledger but not an active catalogue stock
INFO,LEDGER_INACTIVE_INSTRUMENT,universe_daily,NSE_EQ|INF209KB14K7,,1,in ledger but not an active catalogue stock
INFO,LEDGER_INACTIVE_INSTRUMENT,universe_daily,NSE_EQ|INF209KB15K4,,1,in ledger but not an active catalogue stock
INFO,LEDGER_INACTIVE_INSTRUMENT,universe_daily,NSE_EQ|INF209KB16D7,,1,in ledger but not an active catalogue stock
INFO,LEDGER_INACTIVE_INSTRUMENT,universe_daily,NSE_EQ|INF209KB17D5,,1,in ledger but not an active catalogue stock
INFO,LEDGER_INACTIVE_INSTRUMENT,universe_daily,NSE_EQ|INF209KB18D3,,1,in ledger but not an active catalogue stock
INFO,LEDGER_INACTIVE_INSTRUMENT,universe_daily,NSE_EQ|INF209KB18T9,,1,in ledger but not an active catalogue stock
INFO,LEDGER_INACTIVE_INSTRUMENT,universe_daily,NSE_EQ|INF209KB19D1,,1,in ledger but not an active catalogue stock
INFO,LEDGER_INACTIVE_INSTRUMENT,universe_daily,NSE_EQ|INF209KB19F6,,1,in ledger but not an active catalogue stock
INFO,LEDGER_INACTIVE_INSTRUMENT,universe_daily,NSE_EQ|INF209KB19Z4,,1,in ledger but not an active catalogue stock
INFO,LEDGER_INACTIVE_INSTRUMENT,universe_daily,NSE_EQ|INF209KC1134,,1,in ledger but not an active catalogue stock
INFO,LEDGER_INACTIVE_INSTRUMENT,universe_daily,NSE_EQ|INF209KC1142,,1,in ledger but not an active catalogue stock
INFO,LEDGER_INACTIVE_INSTRUMENT,universe_daily,NSE_EQ|INF209KC1662,,1,in ledger but not an active catalogue stock
INFO,LEDGER_INACTIVE_INSTRUMENT,universe_daily,NSE_EQ|INF209KC1670,,1,in ledger but not an active catalogue stock
INFO,LEDGER_INACTIVE_INSTRUMENT,universe_daily,NSE_EQ|INF22M001184,,1,in ledger but not an active catalogue stock
INFO,LEDGER_INACTIVE_INSTRUMENT,universe_daily,NSE_EQ|INF247L01023,,1,in ledger but not an active catalogue stock
INFO,LEDGER_INACTIVE_INSTRUMENT,universe_daily,NSE_EQ|INF247L01536,,1,in ledger but not an active catalogue stock
INFO,LEDGER_INACTIVE_INSTRUMENT,universe_daily,NSE_EQ|INF247L01AK4,,1,in ledger but not an active catalogue stock
INFO,LEDGER_INACTIVE_INSTRUMENT,universe_daily,NSE_EQ|INF247L01AP3,,1,in ledger but not an active catalogue stock
INFO,LEDGER_INACTIVE_INSTRUMENT,universe_daily,NSE_EQ|INF247L01AU3,,1,in ledger but not an active catalogue stock
INFO,LEDGER_INACTIVE_INSTRUMENT,universe_daily,NSE_EQ|INF247L01BB1,,1,in ledger but not an active catalogue stock
INFO,LEDGER_INACTIVE_INSTRUMENT,universe_daily,NSE_EQ|INF247L01BE5,,1,in ledger but not an active catalogue stock
INFO,LEDGER_INACTIVE_INSTRUMENT,universe_daily,NSE_EQ|INF247L01BH8,,1,in ledger but not an active catalogue stock
INFO,LEDGER_INACTIVE_INSTRUMENT,universe_daily,NSE_EQ|INF247L01BK2,,1,in ledger but not an active catalogue stock
INFO,LEDGER_INACTIVE_INSTRUMENT,universe_daily,NSE_EQ|INF247L01BL0,,1,in ledger but not an active catalogue stock
INFO,LEDGER_INACTIVE_INSTRUMENT,universe_daily,NSE_EQ|INF247L01BU1,,1,in ledger but not an active catalogue stock
INFO,LEDGER_INACTIVE_INSTRUMENT,universe_daily,NSE_EQ|INF247L01CH6,,1,in ledger but not an active catalogue stock
INFO,LEDGER_INACTIVE_INSTRUMENT,universe_daily,NSE_EQ|INF247L01CI4,,1,in ledger but not an active catalogue stock
INFO,LEDGER_INACTIVE_INSTRUMENT,universe_daily,NSE_EQ|INF247L01DJ0,,1,in ledger but not an active catalogue stock
INFO,LEDGER_INACTIVE_INSTRUMENT,universe_daily,NSE_EQ|INF247L01DK8,,1,in ledger but not an active catalogue stock
INFO,LEDGER_INACTIVE_INSTRUMENT,universe_daily,NSE_EQ|INF247L01EV3,,1,in ledger but not an active catalogue stock
INFO,LEDGER_INACTIVE_INSTRUMENT,universe_daily,NSE_EQ|INF247L01FC0,,1,in ledger but not an active catalogue stock
INFO,LEDGER_INACTIVE_INSTRUMENT,universe_daily,NSE_EQ|INF247L01FD8,,1,in ledger but not an active catalogue stock
INFO,LEDGER_INACTIVE_INSTRUMENT,universe_daily,NSE_EQ|INF247L01FK3,,1,in ledger but not an active catalogue stock
INFO,LEDGER_INACTIVE_INSTRUMENT,universe_daily,NSE_EQ|INF247L01FL1,,1,in ledger but not an active catalogue stock
INFO,LEDGER_INACTIVE_INSTRUMENT,universe_daily,NSE_EQ|INF247L01FO5,,1,in ledger but not an active catalogue stock
INFO,LEDGER_INACTIVE_INSTRUMENT,universe_daily,NSE_EQ|INF247L01FP2,,1,in ledger but not an active catalogue stock
INFO,LEDGER_INACTIVE_INSTRUMENT,universe_daily,NSE_EQ|INF247L01FQ0,,1,in ledger but not an active catalogue stock
INFO,LEDGER_INACTIVE_INSTRUMENT,universe_daily,NSE_EQ|INF247L01FR8,,1,in ledger but not an active catalogue stock
INFO,LEDGER_INACTIVE_INSTRUMENT,universe_daily,NSE_EQ|INF247L01FY4,,1,in ledger but not an active catalogue stock
INFO,LEDGER_INACTIVE_INSTRUMENT,universe_daily,NSE_EQ|INF247L01FZ1,,1,in ledger but not an active catalogue stock
INFO,LEDGER_INACTIVE_INSTRUMENT,universe_daily,NSE_EQ|INF247L01GG9,,1,in ledger but not an active catalogue stock
INFO,LEDGER_INACTIVE_INSTRUMENT,universe_daily,NSE_EQ|INF247L01GH7,,1,in ledger but not an active catalogue stock
INFO,LEDGER_INACTIVE_INSTRUMENT,universe_daily,NSE_EQ|INF247L01GI5,,1,in ledger but not an active catalogue stock
INFO,LEDGER_INACTIVE_INSTRUMENT,universe_daily,NSE_EQ|INF247L01GJ3,,1,in ledger but not an active catalogue stock
INFO,LEDGER_INACTIVE_INSTRUMENT,universe_daily,NSE_EQ|INF247L01GK1,,1,in ledger but not an active catalogue stock
INFO,LEDGER_INACTIVE_INSTRUMENT,universe_daily,NSE_EQ|INF247L01GV8,,1,in ledger but not an active catalogue stock
INFO,LEDGER_INACTIVE_INSTRUMENT,universe_daily,NSE_EQ|INF247L01HG7,,1,in ledger but not an active catalogue stock
INFO,LEDGER_INACTIVE_INSTRUMENT,universe_daily,NSE_EQ|INF247L01HH5,,1,in ledger but not an active catalogue stock
INFO,LEDGER_INACTIVE_INSTRUMENT,universe_daily,NSE_EQ|INF251K01SU9,,1,in ledger but not an active catalogue stock
INFO,LEDGER_INACTIVE_INSTRUMENT,universe_daily,NSE_EQ|INF251K01TL6,,1,in ledger but not an active catalogue stock
INFO,LEDGER_INACTIVE_INSTRUMENT,universe_daily,NSE_EQ|INF277K010X4,,1,in ledger but not an active catalogue stock
INFO,LEDGER_INACTIVE_INSTRUMENT,universe_daily,NSE_EQ|INF277K015R5,,1,in ledger but not an active catalogue stock
INFO,LEDGER_INACTIVE_INSTRUMENT,universe_daily,NSE_EQ|INF277KA1364,,1,in ledger but not an active catalogue stock
INFO,LEDGER_INACTIVE_INSTRUMENT,universe_daily,NSE_EQ|INF277KA1976,,1,in ledger but not an active catalogue stock
INFO,LEDGER_INACTIVE_INSTRUMENT,universe_daily,NSE_EQ|INF277KA1984,,1,in ledger but not an active catalogue stock
INFO,LEDGER_INACTIVE_INSTRUMENT,universe_daily,NSE_EQ|INF2F0001370,,1,in ledger but not an active catalogue stock
INFO,LEDGER_INACTIVE_INSTRUMENT,universe_daily,NSE_EQ|INF2KCX01012,,1,in ledger but not an active catalogue stock
INFO,LEDGER_INACTIVE_INSTRUMENT,universe_daily,NSE_EQ|INF336L01RX2,,1,in ledger but not an active catalogue stock
INFO,LEDGER_INACTIVE_INSTRUMENT,universe_daily,NSE_EQ|INF346A01034,,1,in ledger but not an active catalogue stock
INFO,LEDGER_INACTIVE_INSTRUMENT,universe_daily,NSE_EQ|INF457M01133,,1,in ledger but not an active catalogue stock
INFO,LEDGER_INACTIVE_INSTRUMENT,universe_daily,NSE_EQ|INF579M01BB5,,1,in ledger but not an active catalogue stock
INFO,LEDGER_INACTIVE_INSTRUMENT,universe_daily,NSE_EQ|INF579M01BC3,,1,in ledger but not an active catalogue stock
INFO,LEDGER_INACTIVE_INSTRUMENT,universe_daily,NSE_EQ|INF579M01BP5,,1,in ledger but not an active catalogue stock
INFO,LEDGER_INACTIVE_INSTRUMENT,universe_daily,NSE_EQ|INF582M01KS4,,1,in ledger but not an active catalogue stock
INFO,LEDGER_INACTIVE_INSTRUMENT,universe_daily,NSE_EQ|INF666M01IH2,,1,in ledger but not an active catalogue stock
INFO,LEDGER_INACTIVE_INSTRUMENT,universe_daily,NSE_EQ|INF666M01IO8,,1,in ledger but not an active catalogue stock
INFO,LEDGER_INACTIVE_INSTRUMENT,universe_daily,NSE_EQ|INF666M01IP5,,1,in ledger but not an active catalogue stock
INFO,LEDGER_INACTIVE_INSTRUMENT,universe_daily,NSE_EQ|INF666M01JJ6,,1,in ledger but not an active catalogue stock
INFO,LEDGER_INACTIVE_INSTRUMENT,universe_daily,NSE_EQ|INF666M01JV1,,1,in ledger but not an active catalogue stock
INFO,LEDGER_INACTIVE_INSTRUMENT,universe_daily,NSE_EQ|INF666M01KJ4,,1,in ledger but not an active catalogue stock
INFO,LEDGER_INACTIVE_INSTRUMENT,universe_daily,NSE_EQ|INF666M01LB9,,1,in ledger but not an active catalogue stock
INFO,LEDGER_INACTIVE_INSTRUMENT,universe_daily,NSE_EQ|INF666M01LI4,,1,in ledger but not an active catalogue stock
INFO,LEDGER_INACTIVE_INSTRUMENT,universe_daily,NSE_EQ|INF666M01LL8,,1,in ledger but not an active catalogue stock
INFO,LEDGER_INACTIVE_INSTRUMENT,universe_daily,NSE_EQ|INF666M01LM6,,1,in ledger but not an active catalogue stock
INFO,LEDGER_INACTIVE_INSTRUMENT,universe_daily,NSE_EQ|INF666M01LZ8,,1,in ledger but not an active catalogue stock
INFO,LEDGER_INACTIVE_INSTRUMENT,universe_daily,NSE_EQ|INF666M01MM4,,1,in ledger but not an active catalogue stock
INFO,LEDGER_INACTIVE_INSTRUMENT,universe_daily,NSE_EQ|INF666M01MN2,,1,in ledger but not an active catalogue stock
INFO,LEDGER_INACTIVE_INSTRUMENT,universe_daily,NSE_EQ|INF666M01MO0,,1,in ledger but not an active catalogue stock
INFO,LEDGER_INACTIVE_INSTRUMENT,universe_daily,NSE_EQ|INF666M01MV5,,1,in ledger but not an active catalogue stock
INFO,LEDGER_INACTIVE_INSTRUMENT,universe_daily,NSE_EQ|INF666M01NI0,,1,in ledger but not an active catalogue stock
INFO,LEDGER_INACTIVE_INSTRUMENT,universe_daily,NSE_EQ|INF666M01NP5,,1,in ledger but not an active catalogue stock
INFO,LEDGER_INACTIVE_INSTRUMENT,universe_daily,NSE_EQ|INF666M01NQ3,,1,in ledger but not an active catalogue stock
INFO,LEDGER_INACTIVE_INSTRUMENT,universe_daily,NSE_EQ|INF666M01OD9,,1,in ledger but not an active catalogue stock
INFO,LEDGER_INACTIVE_INSTRUMENT,universe_daily,NSE_EQ|INF666M01OE7,,1,in ledger but not an active catalogue stock
INFO,LEDGER_INACTIVE_INSTRUMENT,universe_daily,NSE_EQ|INF666M01OF4,,1,in ledger but not an active catalogue stock
INFO,LEDGER_INACTIVE_INSTRUMENT,universe_daily,NSE_EQ|INF666M01OG2,,1,in ledger but not an active catalogue stock
INFO,LEDGER_INACTIVE_INSTRUMENT,universe_daily,NSE_EQ|INF666M01OT5,,1,in ledger but not an active catalogue stock
INFO,LEDGER_INACTIVE_INSTRUMENT,universe_daily,NSE_EQ|INF666M01PG9,,1,in ledger but not an active catalogue stock
INFO,LEDGER_INACTIVE_INSTRUMENT,universe_daily,NSE_EQ|INF666M01PH7,,1,in ledger but not an active catalogue stock
INFO,LEDGER_INACTIVE_INSTRUMENT,universe_daily,NSE_EQ|INF680P01422,,1,in ledger but not an active catalogue stock
INFO,LEDGER_INACTIVE_INSTRUMENT,universe_daily,NSE_EQ|INF732E01037,,1,in ledger but not an active catalogue stock
INFO,LEDGER_INACTIVE_INSTRUMENT,universe_daily,NSE_EQ|INF732E01045,,1,in ledger but not an active catalogue stock
INFO,LEDGER_INACTIVE_INSTRUMENT,universe_daily,NSE_EQ|INF732E01128,,1,in ledger but not an active catalogue stock
INFO,LEDGER_INACTIVE_INSTRUMENT,universe_daily,NSE_EQ|INF732E01268,,1,in ledger but not an active catalogue stock
INFO,LEDGER_INACTIVE_INSTRUMENT,universe_daily,NSE_EQ|INF740KA1CL0,,1,in ledger but not an active catalogue stock
INFO,LEDGER_INACTIVE_INSTRUMENT,universe_daily,NSE_EQ|INF740KA1EU7,,1,in ledger but not an active catalogue stock
INFO,LEDGER_INACTIVE_INSTRUMENT,universe_daily,NSE_EQ|INF740KA1QK2,,1,in ledger but not an active catalogue stock
INFO,LEDGER_INACTIVE_INSTRUMENT,universe_daily,NSE_EQ|INF740KA1RE3,,1,in ledger but not an active catalogue stock
INFO,LEDGER_INACTIVE_INSTRUMENT,universe_daily,NSE_EQ|INF740KA1RX3,,1,in ledger but not an active catalogue stock
INFO,LEDGER_INACTIVE_INSTRUMENT,universe_daily,NSE_EQ|INF740KA1SW3,,1,in ledger but not an active catalogue stock
INFO,LEDGER_INACTIVE_INSTRUMENT,universe_daily,NSE_EQ|INF740KA1SX1,,1,in ledger but not an active catalogue stock
INFO,LEDGER_INACTIVE_INSTRUMENT,universe_daily,NSE_EQ|INF740KA1SY9,,1,in ledger but not an active catalogue stock
INFO,LEDGER_INACTIVE_INSTRUMENT,universe_daily,NSE_EQ|INF740KA1SZ6,,1,in ledger but not an active catalogue stock
INFO,LEDGER_INACTIVE_INSTRUMENT,universe_daily,NSE_EQ|INF740KA1TA7,,1,in ledger but not an active catalogue stock
INFO,LEDGER_INACTIVE_INSTRUMENT,universe_daily,NSE_EQ|INF740KA1UM0,,1,in ledger but not an active catalogue stock
INFO,LEDGER_INACTIVE_INSTRUMENT,universe_daily,NSE_EQ|INF740KA1UR9,,1,in ledger but not an active catalogue stock
INFO,LEDGER_INACTIVE_INSTRUMENT,universe_daily,NSE_EQ|INF740KA1VE5,,1,in ledger but not an active catalogue stock
INFO,LEDGER_INACTIVE_INSTRUMENT,universe_daily,NSE_EQ|INF740KA1WU9,,1,in ledger but not an active catalogue stock
INFO,LEDGER_INACTIVE_INSTRUMENT,universe_daily,NSE_EQ|INF740KA1WV7,,1,in ledger but not an active catalogue stock
INFO,LEDGER_INACTIVE_INSTRUMENT,universe_daily,NSE_EQ|INF740KA1WW5,,1,in ledger but not an active catalogue stock
INFO,LEDGER_INACTIVE_INSTRUMENT,universe_daily,NSE_EQ|INF740KA1WX3,,1,in ledger but not an active catalogue stock
INFO,LEDGER_INACTIVE_INSTRUMENT,universe_daily,NSE_EQ|INF740KA1XU7,,1,in ledger but not an active catalogue stock
INFO,LEDGER_INACTIVE_INSTRUMENT,universe_daily,NSE_EQ|INF740KA1YH2,,1,in ledger but not an active catalogue stock
INFO,LEDGER_INACTIVE_INSTRUMENT,universe_daily,NSE_EQ|INF740KA1ZA4,,1,in ledger but not an active catalogue stock
INFO,LEDGER_INACTIVE_INSTRUMENT,universe_daily,NSE_EQ|INF740KA1ZF3,,1,in ledger but not an active catalogue stock
INFO,LEDGER_INACTIVE_INSTRUMENT,universe_daily,NSE_EQ|INF740KA1ZG1,,1,in ledger but not an active catalogue stock
INFO,LEDGER_INACTIVE_INSTRUMENT,universe_daily,NSE_EQ|INF740KA1ZH9,,1,in ledger but not an active catalogue stock
INFO,LEDGER_INACTIVE_INSTRUMENT,universe_daily,NSE_EQ|INF740KA1ZI7,,1,in ledger but not an active catalogue stock
INFO,LEDGER_INACTIVE_INSTRUMENT,universe_daily,NSE_EQ|INF754K01KO2,,1,in ledger but not an active catalogue stock
INFO,LEDGER_INACTIVE_INSTRUMENT,universe_daily,NSE_EQ|INF754K01LE1,,1,in ledger but not an active catalogue stock
INFO,LEDGER_INACTIVE_INSTRUMENT,universe_daily,NSE_EQ|INF754K01OB1,,1,in ledger but not an active catalogue stock
INFO,LEDGER_INACTIVE_INSTRUMENT,universe_daily,NSE_EQ|INF754K01QX0,,1,in ledger but not an active catalogue stock
INFO,LEDGER_INACTIVE_INSTRUMENT,universe_daily,NSE_EQ|INF754K01SE6,,1,in ledger but not an active catalogue stock
INFO,LEDGER_INACTIVE_INSTRUMENT,universe_daily,NSE_EQ|INF754K01SF3,,1,in ledger but not an active catalogue stock
INFO,LEDGER_INACTIVE_INSTRUMENT,universe_daily,NSE_EQ|INF754K01TE4,,1,in ledger but not an active catalogue stock
INFO,LEDGER_INACTIVE_INSTRUMENT,universe_daily,NSE_EQ|INF754K01TF1,,1,in ledger but not an active catalogue stock
INFO,LEDGER_INACTIVE_INSTRUMENT,universe_daily,NSE_EQ|INF754K01TX4,,1,in ledger but not an active catalogue stock
INFO,LEDGER_INACTIVE_INSTRUMENT,universe_daily,NSE_EQ|INF754K01VV4,,1,in ledger but not an active catalogue stock
INFO,LEDGER_INACTIVE_INSTRUMENT,universe_daily,NSE_EQ|INF754K01VW2,,1,in ledger but not an active catalogue stock
INFO,LEDGER_INACTIVE_INSTRUMENT,universe_daily,NSE_EQ|INF754K01VX0,,1,in ledger but not an active catalogue stock
INFO,LEDGER_INACTIVE_INSTRUMENT,universe_daily,NSE_EQ|INF754K01VY8,,1,in ledger but not an active catalogue stock
INFO,LEDGER_INACTIVE_INSTRUMENT,universe_daily,NSE_EQ|INF754K01XF3,,1,in ledger but not an active catalogue stock
INFO,LEDGER_INACTIVE_INSTRUMENT,universe_daily,NSE_EQ|INF754K01XG1,,1,in ledger but not an active catalogue stock
INFO,LEDGER_INACTIVE_INSTRUMENT,universe_daily,NSE_EQ|INF754K01XH9,,1,in ledger but not an active catalogue stock
INFO,LEDGER_INACTIVE_INSTRUMENT,universe_daily,NSE_EQ|INF754K01XI7,,1,in ledger but not an active catalogue stock
INFO,LEDGER_INACTIVE_INSTRUMENT,universe_daily,NSE_EQ|INF767K01MV5,,1,in ledger but not an active catalogue stock
INFO,LEDGER_INACTIVE_INSTRUMENT,universe_daily,NSE_EQ|INF767K01OS7,,1,in ledger but not an active catalogue stock
INFO,LEDGER_INACTIVE_INSTRUMENT,universe_daily,NSE_EQ|INF767K01OT5,,1,in ledger but not an active catalogue stock
INFO,LEDGER_INACTIVE_INSTRUMENT,universe_daily,NSE_EQ|INF767K01PC8,,1,in ledger but not an active catalogue stock
INFO,LEDGER_INACTIVE_INSTRUMENT,universe_daily,NSE_EQ|INF767K01RN1,,1,in ledger but not an active catalogue stock
INFO,LEDGER_INACTIVE_INSTRUMENT,universe_daily,NSE_EQ|INF767K01SM1,,1,in ledger but not an active catalogue stock
INFO,LEDGER_INACTIVE_INSTRUMENT,universe_daily,NSE_EQ|INF769K01EG9,,1,in ledger but not an active catalogue stock
INFO,LEDGER_INACTIVE_INSTRUMENT,universe_daily,NSE_EQ|INF769K01FN2,,1,in ledger but not an active catalogue stock
INFO,LEDGER_INACTIVE_INSTRUMENT,universe_daily,NSE_EQ|INF769K01GS9,,1,in ledger but not an active catalogue stock
INFO,LEDGER_INACTIVE_INSTRUMENT,universe_daily,NSE_EQ|INF769K01HF4,,1,in ledger but not an active catalogue stock
INFO,LEDGER_INACTIVE_INSTRUMENT,universe_daily,NSE_EQ|INF769K01HI8,,1,in ledger but not an active catalogue stock
INFO,LEDGER_INACTIVE_INSTRUMENT,universe_daily,NSE_EQ|INF769K01HP3,,1,in ledger but not an active catalogue stock
INFO,LEDGER_INACTIVE_INSTRUMENT,universe_daily,NSE_EQ|INF769K01HS7,,1,in ledger but not an active catalogue stock
INFO,LEDGER_INACTIVE_INSTRUMENT,universe_daily,NSE_EQ|INF769K01IB1,,1,in ledger but not an active catalogue stock
INFO,LEDGER_INACTIVE_INSTRUMENT,universe_daily,NSE_EQ|INF769K01IC9,,1,in ledger but not an active catalogue stock
INFO,LEDGER_INACTIVE_INSTRUMENT,universe_daily,NSE_EQ|INF769K01JP9,,1,in ledger but not an active catalogue stock
INFO,LEDGER_INACTIVE_INSTRUMENT,universe_daily,NSE_EQ|INF769K01JU9,,1,in ledger but not an active catalogue stock
INFO,LEDGER_INACTIVE_INSTRUMENT,universe_daily,NSE_EQ|INF769K01KF8,,1,in ledger but not an active catalogue stock
INFO,LEDGER_INACTIVE_INSTRUMENT,universe_daily,NSE_EQ|INF769K01KG6,,1,in ledger but not an active catalogue stock
INFO,LEDGER_INACTIVE_INSTRUMENT,universe_daily,NSE_EQ|INF769K01KR3,,1,in ledger but not an active catalogue stock
INFO,LEDGER_INACTIVE_INSTRUMENT,universe_daily,NSE_EQ|INF769K01KS1,,1,in ledger but not an active catalogue stock
INFO,LEDGER_INACTIVE_INSTRUMENT,universe_daily,NSE_EQ|INF769K01KT9,,1,in ledger but not an active catalogue stock
INFO,LEDGER_INACTIVE_INSTRUMENT,universe_daily,NSE_EQ|INF769K01KU7,,1,in ledger but not an active catalogue stock
INFO,LEDGER_INACTIVE_INSTRUMENT,universe_daily,NSE_EQ|INF769K01KV5,,1,in ledger but not an active catalogue stock
INFO,LEDGER_INACTIVE_INSTRUMENT,universe_daily,NSE_EQ|INF769K01LC3,,1,in ledger but not an active catalogue stock
INFO,LEDGER_INACTIVE_INSTRUMENT,universe_daily,NSE_EQ|INF769K01LJ8,,1,in ledger but not an active catalogue stock
INFO,LEDGER_INACTIVE_INSTRUMENT,universe_daily,NSE_EQ|INF769K01LQ3,,1,in ledger but not an active catalogue stock
INFO,LEDGER_INACTIVE_INSTRUMENT,universe_daily,NSE_EQ|INF769K01LX9,,1,in ledger but not an active catalogue stock
INFO,LEDGER_INACTIVE_INSTRUMENT,universe_daily,NSE_EQ|INF769K01LY7,,1,in ledger but not an active catalogue stock
INFO,LEDGER_INACTIVE_INSTRUMENT,universe_daily,NSE_EQ|INF769K01LZ4,,1,in ledger but not an active catalogue stock
INFO,LEDGER_INACTIVE_INSTRUMENT,universe_daily,NSE_EQ|INF769K01MY5,,1,in ledger but not an active catalogue stock
INFO,LEDGER_INACTIVE_INSTRUMENT,universe_daily,NSE_EQ|INF769K01NS5,,1,in ledger but not an active catalogue stock
INFO,LEDGER_INACTIVE_INSTRUMENT,universe_daily,NSE_EQ|INF769K01OA1,,1,in ledger but not an active catalogue stock
INFO,LEDGER_INACTIVE_INSTRUMENT,universe_daily,NSE_EQ|INF769K01ON4,,1,in ledger but not an active catalogue stock
INFO,LEDGER_INACTIVE_INSTRUMENT,universe_daily,NSE_EQ|INF769K01OO2,,1,in ledger but not an active catalogue stock
INFO,LEDGER_INACTIVE_INSTRUMENT,universe_daily,NSE_EQ|INF769K01PB6,,1,in ledger but not an active catalogue stock
INFO,LEDGER_INACTIVE_INSTRUMENT,universe_daily,NSE_EQ|INF769K01PQ4,,1,in ledger but not an active catalogue stock
INFO,LEDGER_INACTIVE_INSTRUMENT,universe_daily,NSE_EQ|INF769K01PR2,,1,in ledger but not an active catalogue stock
INFO,LEDGER_INACTIVE_INSTRUMENT,universe_daily,NSE_EQ|INF769K01PY8,,1,in ledger but not an active catalogue stock
INFO,LEDGER_INACTIVE_INSTRUMENT,universe_daily,NSE_EQ|INF769K01PZ5,,1,in ledger but not an active catalogue stock
INFO,LEDGER_INACTIVE_INSTRUMENT,universe_daily,NSE_EQ|INF769K01QA6,,1,in ledger but not an active catalogue stock
INFO,LEDGER_INACTIVE_INSTRUMENT,universe_daily,NSE_EQ|INF769K01QB4,,1,in ledger but not an active catalogue stock
INFO,LEDGER_INACTIVE_INSTRUMENT,universe_daily,NSE_EQ|INF769K01QC2,,1,in ledger but not an active catalogue stock
INFO,LEDGER_INACTIVE_INSTRUMENT,universe_daily,NSE_EQ|INF769K01QV2,,1,in ledger but not an active catalogue stock
INFO,LEDGER_INACTIVE_INSTRUMENT,universe_daily,NSE_EQ|INF769K01RC0,,1,in ledger but not an active catalogue stock
INFO,LEDGER_INACTIVE_INSTRUMENT,universe_daily,NSE_EQ|INF769K01RJ5,,1,in ledger but not an active catalogue stock
INFO,LEDGER_INACTIVE_INSTRUMENT,universe_daily,NSE_EQ|INF769K01RK3,,1,in ledger but not an active catalogue stock
INFO,LEDGER_INACTIVE_INSTRUMENT,universe_daily,NSE_EQ|INF789F1AG68,,1,in ledger but not an active catalogue stock
INFO,LEDGER_INACTIVE_INSTRUMENT,universe_daily,NSE_EQ|INF789F1AUU3,,1,in ledger but not an active catalogue stock
INFO,LEDGER_INACTIVE_INSTRUMENT,universe_daily,NSE_EQ|INF789F1AUV1,,1,in ledger but not an active catalogue stock
INFO,LEDGER_INACTIVE_INSTRUMENT,universe_daily,NSE_EQ|INF789F1AUW9,,1,in ledger but not an active catalogue stock
INFO,LEDGER_INACTIVE_INSTRUMENT,universe_daily,NSE_EQ|INF789F1AUX7,,1,in ledger but not an active catalogue stock
INFO,LEDGER_INACTIVE_INSTRUMENT,universe_daily,NSE_EQ|INF789F1AYK6,,1,in ledger but not an active catalogue stock
INFO,LEDGER_INACTIVE_INSTRUMENT,universe_daily,NSE_EQ|INF789F1AYX9,,1,in ledger but not an active catalogue stock
INFO,LEDGER_INACTIVE_INSTRUMENT,universe_daily,NSE_EQ|INF789F1AZC0,,1,in ledger but not an active catalogue stock
INFO,LEDGER_INACTIVE_INSTRUMENT,universe_daily,NSE_EQ|INF789F1AZD8,,1,in ledger but not an active catalogue stock
INFO,LEDGER_INACTIVE_INSTRUMENT,universe_daily,NSE_EQ|INF789F1AZE6,,1,in ledger but not an active catalogue stock
INFO,LEDGER_INACTIVE_INSTRUMENT,universe_daily,NSE_EQ|INF789F1AZF3,,1,in ledger but not an active catalogue stock
INFO,LEDGER_INACTIVE_INSTRUMENT,universe_daily,NSE_EQ|INF789FB1X58,,1,in ledger but not an active catalogue stock
INFO,LEDGER_INACTIVE_INSTRUMENT,universe_daily,NSE_EQ|INF846K010Q0,,1,in ledger but not an active catalogue stock
INFO,LEDGER_INACTIVE_INSTRUMENT,universe_daily,NSE_EQ|INF846K011K1,,1,in ledger but not an active catalogue stock
INFO,LEDGER_INACTIVE_INSTRUMENT,universe_daily,NSE_EQ|INF846K016C7,,1,in ledger but not an active catalogue stock
INFO,LEDGER_INACTIVE_INSTRUMENT,universe_daily,NSE_EQ|INF846K01W80,,1,in ledger but not an active catalogue stock
INFO,LEDGER_INACTIVE_INSTRUMENT,universe_daily,NSE_EQ|INF846K01W98,,1,in ledger but not an active catalogue stock
INFO,LEDGER_INACTIVE_INSTRUMENT,universe_daily,NSE_EQ|INF846K01X63,,1,in ledger but not an active catalogue stock
INFO,LEDGER_INACTIVE_INSTRUMENT,universe_daily,NSE_EQ|INF846K01Y96,,1,in ledger but not an active catalogue stock
INFO,LEDGER_INACTIVE_INSTRUMENT,universe_daily,NSE_EQ|INF846K01Z12,,1,in ledger but not an active catalogue stock
INFO,LEDGER_INACTIVE_INSTRUMENT,universe_daily,NSE_EQ|INF846KA1119,,1,in ledger but not an active catalogue stock
INFO,LEDGER_INACTIVE_INSTRUMENT,indices_daily,NSE_INDEX|BHARATBOND-APR30,,1,in ledger but not an active catalogue index
INFO,LEDGER_INACTIVE_INSTRUMENT,indices_daily,NSE_INDEX|BHARATBOND-APR31,,1,in ledger but not an active catalogue index
INFO,LEDGER_INACTIVE_INSTRUMENT,indices_daily,NSE_INDEX|BHARATBOND-APR32,,1,in ledger but not an active catalogue index
INFO,LEDGER_INACTIVE_INSTRUMENT,indices_daily,NSE_INDEX|BHARATBOND-APR33,,1,in ledger but not an active catalogue index
INFO,LEDGER_STALE_INACTIVE,universe_daily,NSE_EQ|INF740KA1RE3,,1,last_success_at 2026-08-24T14:31:16
INFO,LEDGER_STALE_INACTIVE,universe_daily,NSE_EQ|INF740KA1SW3,,1,last_success_at 2026-08-24T14:32:31
INFO,SPECIAL_SESSION_DAYS,index_intraday,NSE_INDEX|Nifty 50,5m,3,"3 special-session days: 2024-03-02=21, 2024-05-18=21, 2025-10-21=12"
INFO,SPECIAL_SESSION_DAYS,index_intraday,NSE_INDEX|Nifty 50,15m,3,"3 special-session days: 2024-03-02=7, 2024-05-18=7, 2025-10-21=4"
INFO,SPECIAL_SESSION_DAYS,index_intraday,NSE_INDEX|Nifty 50,60m,2,"2 special-session days: 2024-03-02=3, 2024-05-18=3"
INFO,STALE_INACTIVE,universe_daily,NSE_EQ|INF109KC18O0,1d,1,"last bar 2026-10-06, 1 trading days behind"
INFO,STALE_INACTIVE,universe_daily,NSE_EQ|INF740KA1RE3,1d,31,"last bar 2026-08-21, 31 trading days behind"
INFO,STALE_INACTIVE,universe_daily,NSE_EQ|INF740KA1RE3,1w,7,"last 1w bar 2026-08-17, 7 weeks behind"
INFO,STALE_INACTIVE,universe_daily,NSE_EQ|INF740KA1RE3,1mo,2,"last 1mo bar 2026-08-01, 2 months behind"
INFO,STALE_INACTIVE,universe_daily,NSE_EQ|INF740KA1SW3,1d,31,"last bar 2026-08-21, 31 trading days behind"
INFO,STALE_INACTIVE,universe_daily,NSE_EQ|INF740KA1SW3,1w,7,"last 1w bar 2026-08-17, 7 weeks behind"
INFO,STALE_INACTIVE,universe_daily,NSE_EQ|INF740KA1SW3,1mo,2,"last 1mo bar 2026-08-01, 2 months behind"
INFO,STALE_INACTIVE,universe_daily,NSE_EQ|INF789F1AG68,1d,1,"last bar 2026-10-06, 1 trading days behind"
INFO,TOO_FEW_ROWS,universe_daily,NSE_EQ|INE005C01017,1mo,3,only 3 rows
INFO,TOO_FEW_ROWS,universe_daily,NSE_EQ|INE009C01019,1mo,3,only 3 rows
INFO,TOO_FEW_ROWS,universe_daily,NSE_EQ|INE00GO01025,1mo,3,only 3 rows
INFO,TOO_FEW_ROWS,universe_daily,NSE_EQ|INE00IT01020,1mo,3,only 3 rows
INFO,TOO_FEW_ROWS,universe_daily,NSE_EQ|INE00IY01012,1mo,3,only 3 rows
INFO,TOO_FEW_ROWS,universe_daily,NSE_EQ|INE010C01025,1mo,3,only 3 rows
INFO,TOO_FEW_ROWS,universe_daily,NSE_EQ|INE011D01013,1mo,3,only 3 rows
INFO,TOO_FEW_ROWS,universe_daily,NSE_EQ|INE01NH01023,1mo,3,only 3 rows
INFO,TOO_FEW_ROWS,universe_daily,NSE_EQ|INE026D01011,1mo,3,only 3 rows
INFO,TOO_FEW_ROWS,universe_daily,NSE_EQ|INE030C01015,1mo,3,only 3 rows
INFO,TOO_FEW_ROWS,universe_daily,NSE_EQ|INE031G01022,1mo,3,only 3 rows
INFO,TOO_FEW_ROWS,universe_daily,NSE_EQ|INE032E01017,1mo,3,only 3 rows
INFO,TOO_FEW_ROWS,universe_daily,NSE_EQ|INE035S01028,1mo,3,only 3 rows
INFO,TOO_FEW_ROWS,universe_daily,NSE_EQ|INE054C01015,1mo,3,only 3 rows
INFO,TOO_FEW_ROWS,universe_daily,NSE_EQ|INE058F01019,1mo,3,only 3 rows
INFO,TOO_FEW_ROWS,universe_daily,NSE_EQ|INE05C901015,1mo,3,only 3 rows
INFO,TOO_FEW_ROWS,universe_daily,NSE_EQ|INE068B01017,1mo,3,only 3 rows
INFO,TOO_FEW_ROWS,universe_daily,NSE_EQ|INE074C01013,1mo,3,only 3 rows
INFO,TOO_FEW_ROWS,universe_daily,NSE_EQ|INE084101034,1mo,4,only 4 rows
INFO,TOO_FEW_ROWS,universe_daily,NSE_EQ|INE084D01010,1mo,3,only 3 rows
INFO,TOO_FEW_ROWS,universe_daily,NSE_EQ|INE097E01028,1mo,3,only 3 rows
INFO,TOO_FEW_ROWS,universe_daily,NSE_EQ|INE0AK901016,1mo,3,only 3 rows
INFO,TOO_FEW_ROWS,universe_daily,NSE_EQ|INE0CPR01018,1mo,3,only 3 rows
INFO,TOO_FEW_ROWS,universe_daily,NSE_EQ|INE0FOO01011,1mo,3,only 3 rows
INFO,TOO_FEW_ROWS,universe_daily,NSE_EQ|INE0I0T01010,1mo,4,only 4 rows
INFO,TOO_FEW_ROWS,universe_daily,NSE_EQ|INE0ISX01025,1mo,4,only 4 rows
INFO,TOO_FEW_ROWS,universe_daily,NSE_EQ|INE0K9O01026,1mo,3,only 3 rows
INFO,TOO_FEW_ROWS,universe_daily,NSE_EQ|INE0LZF01013,1mo,2,only 2 rows
INFO,TOO_FEW_ROWS,universe_daily,NSE_EQ|INE0NG701011,1mo,4,only 4 rows
INFO,TOO_FEW_ROWS,universe_daily,NSE_EQ|INE0OWZ01020,1mo,3,only 3 rows
INFO,TOO_FEW_ROWS,universe_daily,NSE_EQ|INE0QJW01029,1mo,4,only 4 rows
INFO,TOO_FEW_ROWS,universe_daily,NSE_EQ|INE0XNF01022,1mo,3,only 3 rows
INFO,TOO_FEW_ROWS,universe_daily,NSE_EQ|INE0ZK601013,1mo,4,only 4 rows
INFO,TOO_FEW_ROWS,universe_daily,NSE_EQ|INE11XY01018,1mo,4,only 4 rows
INFO,TOO_FEW_ROWS,universe_daily,NSE_EQ|INE130L01014,1mo,3,only 3 rows
INFO,TOO_FEW_ROWS,universe_daily,NSE_EQ|INE137M01017,1mo,3,only 3 rows
INFO,TOO_FEW_ROWS,universe_daily,NSE_EQ|INE145E01017,1mo,3,only 3 rows
INFO,TOO_FEW_ROWS,universe_daily,NSE_EQ|INE154B01023,1mo,3,only 3 rows
INFO,TOO_FEW_ROWS,universe_daily,NSE_EQ|INE159L01013,1mo,3,only 3 rows
INFO,TOO_FEW_ROWS,universe_daily,NSE_EQ|INE165G01010,1mo,3,only 3 rows
INFO,TOO_FEW_ROWS,universe_daily,NSE_EQ|INE167H01014,1mo,3,only 3 rows
INFO,TOO_FEW_ROWS,universe_daily,NSE_EQ|INE173M01012,1mo,3,only 3 rows
INFO,TOO_FEW_ROWS,universe_daily,NSE_EQ|INE178T01024,1mo,3,only 3 rows
INFO,TOO_FEW_ROWS,universe_daily,NSE_EQ|INE17IR01028,1mo,4,only 4 rows
INFO,TOO_FEW_ROWS,universe_daily,NSE_EQ|INE17QZ01016,1mo,4,only 4 rows
INFO,TOO_FEW_ROWS,universe_daily,NSE_EQ|INE194R01017,1mo,3,only 3 rows
INFO,TOO_FEW_ROWS,universe_daily,NSE_EQ|INE199E01014,1mo,3,only 3 rows
INFO,TOO_FEW_ROWS,universe_daily,NSE_EQ|INE1D0W01018,1mo,3,only 3 rows
INFO,TOO_FEW_ROWS,universe_daily,NSE_EQ|INE1EEM01017,1mo,3,only 3 rows
INFO,TOO_FEW_ROWS,universe_daily,NSE_EQ|INE1JCQ01037,1mo,4,only 4 rows
INFO,TOO_FEW_ROWS,universe_daily,NSE_EQ|INE1SJO01012,1mo,4,only 4 rows
INFO,TOO_FEW_ROWS,universe_daily,NSE_EQ|INE1YPB01014,1mo,4,only 4 rows
INFO,TOO_FEW_ROWS,universe_daily,NSE_EQ|INE205F01016,1mo,3,only 3 rows
INFO,TOO_FEW_ROWS,universe_daily,NSE_EQ|INE217S01014,1mo,3,only 3 rows
INFO,TOO_FEW_ROWS,universe_daily,NSE_EQ|INE222F01029,1mo,3,only 3 rows
INFO,TOO_FEW_ROWS,universe_daily,NSE_EQ|INE227B01019,1mo,3,only 3 rows
INFO,TOO_FEW_ROWS,universe_daily,NSE_EQ|INE227F01010,1mo,3,only 3 rows
INFO,TOO_FEW_ROWS,universe_daily,NSE_EQ|INE245B01011,1mo,3,only 3 rows
INFO,TOO_FEW_ROWS,universe_daily,NSE_EQ|INE247C01023,1mo,3,only 3 rows
INFO,TOO_FEW_ROWS,universe_daily,NSE_EQ|INE252A01019,1w,4,only 4 rows
INFO,TOO_FEW_ROWS,universe_daily,NSE_EQ|INE252A01019,1mo,2,only 2 rows
INFO,TOO_FEW_ROWS,universe_daily,NSE_EQ|INE258R01028,1mo,3,only 3 rows
INFO,TOO_FEW_ROWS,universe_daily,NSE_EQ|INE265D01015,1mo,3,only 3 rows
INFO,TOO_FEW_ROWS,universe_daily,NSE_EQ|INE284B01028,1mo,3,only 3 rows
INFO,TOO_FEW_ROWS,universe_daily,NSE_EQ|INE285C01015,1mo,3,only 3 rows
INFO,TOO_FEW_ROWS,universe_daily,NSE_EQ|INE286N01028,1mo,3,only 3 rows
INFO,TOO_FEW_ROWS,universe_daily,NSE_EQ|INE290E01011,1mo,3,only 3 rows
INFO,TOO_FEW_ROWS,universe_daily,NSE_EQ|INE298W01016,1mo,3,only 3 rows
INFO,TOO_FEW_ROWS,universe_daily,NSE_EQ|INE299D01022,1mo,3,only 3 rows
INFO,TOO_FEW_ROWS,universe_daily,NSE_EQ|INE2FMX01012,1mo,4,only 4 rows
INFO,TOO_FEW_ROWS,universe_daily,NSE_EQ|INE302D01024,1mo,4,only 4 rows
INFO,TOO_FEW_ROWS,universe_daily,NSE_EQ|INE304D01012,1mo,3,only 3 rows
INFO,TOO_FEW_ROWS,universe_daily,NSE_EQ|INE311M01018,1mo,3,only 3 rows
INFO,TOO_FEW_ROWS,universe_daily,NSE_EQ|INE316A01038,1mo,3,only 3 rows
INFO,TOO_FEW_ROWS,universe_daily,NSE_EQ|INE320I01017,1mo,3,only 3 rows
INFO,TOO_FEW_ROWS,universe_daily,NSE_EQ|INE327G01032,1mo,3,only 3 rows
INFO,TOO_FEW_ROWS,universe_daily,NSE_EQ|INE330E01023,1mo,3,only 3 rows
INFO,TOO_FEW_ROWS,universe_daily,NSE_EQ|INE341H01023,1mo,3,only 3 rows
INFO,TOO_FEW_ROWS,universe_daily,NSE_EQ|INE344D01018,1mo,3,only 3 rows
INFO,TOO_FEW_ROWS,universe_daily,NSE_EQ|INE348N01042,1mo,3,only 3 rows
INFO,TOO_FEW_ROWS,universe_daily,NSE_EQ|INE354A01013,1mo,3,only 3 rows
INFO,TOO_FEW_ROWS,universe_daily,NSE_EQ|INE359B01010,1mo,3,only 3 rows
INFO,TOO_FEW_ROWS,universe_daily,NSE_EQ|INE359U01028,1mo,3,only 3 rows
INFO,TOO_FEW_ROWS,universe_daily,NSE_EQ|INE362D01010,1mo,3,only 3 rows
INFO,TOO_FEW_ROWS,universe_daily,NSE_EQ|INE365Y01019,1mo,3,only 3 rows
INFO,TOO_FEW_ROWS,universe_daily,NSE_EQ|INE372M01010,1mo,3,only 3 rows
INFO,TOO_FEW_ROWS,universe_daily,NSE_EQ|INE373T01047,1mo,3,only 3 rows
INFO,TOO_FEW_ROWS,universe_daily,NSE_EQ|INE380K01017,1mo,3,only 3 rows
INFO,TOO_FEW_ROWS,universe_daily,NSE_EQ|INE383L01019,1mo,3,only 3 rows
INFO,TOO_FEW_ROWS,universe_daily,NSE_EQ|INE390D01011,1mo,3,only 3 rows
INFO,TOO_FEW_ROWS,universe_daily,NSE_EQ|INE398L01017,1mo,3,only 3 rows
INFO,TOO_FEW_ROWS,universe_daily,NSE_EQ|INE400A01014,1mo,3,only 3 rows
INFO,TOO_FEW_ROWS,universe_daily,NSE_EQ|INE400G01011,1mo,3,only 3 rows
INFO,TOO_FEW_ROWS,universe_daily,NSE_EQ|INE414Y01015,1mo,3,only 3 rows
INFO,TOO_FEW_ROWS,universe_daily,NSE_EQ|INE418E01018,1mo,3,only 3 rows
INFO,TOO_FEW_ROWS,universe_daily,NSE_EQ|INE432F01032,1mo,3,only 3 rows
INFO,TOO_FEW_ROWS,universe_daily,NSE_EQ|INE440G01017,1mo,3,only 3 rows
INFO,TOO_FEW_ROWS,universe_daily,NSE_EQ|INE442D01010,1mo,3,only 3 rows
INFO,TOO_FEW_ROWS,universe_daily,NSE_EQ|INE449C01025,1mo,3,only 3 rows
INFO,TOO_FEW_ROWS,universe_daily,NSE_EQ|INE451C01013,1mo,3,only 3 rows
INFO,TOO_FEW_ROWS,universe_daily,NSE_EQ|INE457G01029,1mo,3,only 3 rows
INFO,TOO_FEW_ROWS,universe_daily,NSE_EQ|INE457P01020,1mo,3,only 3 rows
INFO,TOO_FEW_ROWS,universe_daily,NSE_EQ|INE459N01021,1mo,3,only 3 rows
INFO,TOO_FEW_ROWS,universe_daily,NSE_EQ|INE460D01038,1mo,3,only 3 rows
INFO,TOO_FEW_ROWS,universe_daily,NSE_EQ|INE467D01017,1mo,3,only 3 rows
INFO,TOO_FEW_ROWS,universe_daily,NSE_EQ|INE478D01014,1mo,3,only 3 rows
INFO,TOO_FEW_ROWS,universe_daily,NSE_EQ|INE484D01012,1mo,3,only 3 rows
INFO,TOO_FEW_ROWS,universe_daily,NSE_EQ|INE493H01014,1mo,3,only 3 rows
INFO,TOO_FEW_ROWS,universe_daily,NSE_EQ|INE501F01018,1mo,3,only 3 rows
INFO,TOO_FEW_ROWS,universe_daily,NSE_EQ|INE515H01014,1mo,3,only 3 rows
INFO,TOO_FEW_ROWS,universe_daily,NSE_EQ|INE519D01015,1mo,3,only 3 rows
INFO,TOO_FEW_ROWS,universe_daily,NSE_EQ|INE531X01018,1mo,3,only 3 rows
INFO,TOO_FEW_ROWS,universe_daily,NSE_EQ|INE533C01018,1mo,3,only 3 rows
INFO,TOO_FEW_ROWS,universe_daily,NSE_EQ|INE536P01021,1mo,4,only 4 rows
INFO,TOO_FEW_ROWS,universe_daily,NSE_EQ|INE550F01049,1mo,3,only 3 rows
INFO,TOO_FEW_ROWS,universe_daily,NSE_EQ|INE551B01012,1mo,3,only 3 rows
INFO,TOO_FEW_ROWS,universe_daily,NSE_EQ|INE551C01044,1mo,3,only 3 rows
INFO,TOO_FEW_ROWS,universe_daily,NSE_EQ|INE555C01029,1mo,3,only 3 rows
INFO,TOO_FEW_ROWS,universe_daily,NSE_EQ|INE558A01019,1mo,3,only 3 rows
INFO,TOO_FEW_ROWS,universe_daily,NSE_EQ|INE564J01026,1mo,3,only 3 rows
INFO,TOO_FEW_ROWS,universe_daily,NSE_EQ|INE566M01017,1mo,3,only 3 rows
INFO,TOO_FEW_ROWS,universe_daily,NSE_EQ|INE574G01013,1mo,3,only 3 rows
INFO,TOO_FEW_ROWS,universe_daily,NSE_EQ|INE577D01013,1mo,3,only 3 rows
INFO,TOO_FEW_ROWS,universe_daily,NSE_EQ|INE588G01021,1mo,3,only 3 rows
INFO,TOO_FEW_ROWS,universe_daily,NSE_EQ|INE595R01023,1mo,3,only 3 rows
INFO,TOO_FEW_ROWS,universe_daily,NSE_EQ|INE596B01017,1mo,3,only 3 rows
INFO,TOO_FEW_ROWS,universe_daily,NSE_EQ|INE630D01010,1mo,3,only 3 rows
INFO,TOO_FEW_ROWS,universe_daily,NSE_EQ|INE638B01025,1mo,3,only 3 rows
INFO,TOO_FEW_ROWS,universe_daily,NSE_EQ|INE640G01020,1mo,4,only 4 rows
INFO,TOO_FEW_ROWS,universe_daily,NSE_EQ|INE653C01022,1mo,3,only 3 rows
INFO,TOO_FEW_ROWS,universe_daily,NSE_EQ|INE664D01019,1mo,3,only 3 rows
INFO,TOO_FEW_ROWS,universe_daily,NSE_EQ|INE670O01013,1mo,3,only 3 rows
INFO,TOO_FEW_ROWS,universe_daily,NSE_EQ|INE671C01016,1mo,3,only 3 rows
INFO,TOO_FEW_ROWS,universe_daily,NSE_EQ|INE671K01027,1mo,3,only 3 rows
INFO,TOO_FEW_ROWS,universe_daily,NSE_EQ|INE684B01029,1mo,3,only 3 rows
INFO,TOO_FEW_ROWS,universe_daily,NSE_EQ|INE685T01010,1mo,3,only 3 rows
INFO,TOO_FEW_ROWS,universe_daily,NSE_EQ|INE692C01020,1mo,3,only 3 rows
INFO,TOO_FEW_ROWS,universe_daily,NSE_EQ|INE693D01018,1mo,3,only 3 rows
INFO,TOO_FEW_ROWS,universe_daily,NSE_EQ|INE700F01024,1mo,3,only 3 rows
INFO,TOO_FEW_ROWS,universe_daily,NSE_EQ|INE715T01031,1mo,3,only 3 rows
INFO,TOO_FEW_ROWS,universe_daily,NSE_EQ|INE716D01033,1mo,3,only 3 rows
INFO,TOO_FEW_ROWS,universe_daily,NSE_EQ|INE716F01012,1mo,3,only 3 rows
INFO,TOO_FEW_ROWS,universe_daily,NSE_EQ|INE724A01017,1mo,4,only 4 rows
INFO,TOO_FEW_ROWS,universe_daily,NSE_EQ|INE726E01014,1mo,3,only 3 rows
INFO,TOO_FEW_ROWS,universe_daily,NSE_EQ|INE741A01011,1mo,3,only 3 rows
INFO,TOO_FEW_ROWS,universe_daily,NSE_EQ|INE755Q01025,1mo,3,only 3 rows
INFO,TOO_FEW_ROWS,universe_daily,NSE_EQ|INE757C01021,1mo,3,only 3 rows
INFO,TOO_FEW_ROWS,universe_daily,NSE_EQ|INE758A01072,1mo,3,only 3 rows
INFO,TOO_FEW_ROWS,universe_daily,NSE_EQ|INE759F01012,1mo,3,only 3 rows
INFO,TOO_FEW_ROWS,universe_daily,NSE_EQ|INE761Q01015,1mo,3,only 3 rows
INFO,TOO_FEW_ROWS,universe_daily,NSE_EQ|INE767C01012,1mo,3,only 3 rows
INFO,TOO_FEW_ROWS,universe_daily,NSE_EQ|INE782D01027,1mo,3,only 3 rows
INFO,TOO_FEW_ROWS,universe_daily,NSE_EQ|INE791B01014,1mo,3,only 3 rows
INFO,TOO_FEW_ROWS,universe_daily,NSE_EQ|INE798F01010,1mo,3,only 3 rows
INFO,TOO_FEW_ROWS,universe_daily,NSE_EQ|INE822B01017,1mo,3,only 3 rows
INFO,TOO_FEW_ROWS,universe_daily,NSE_EQ|INE823B01015,1mo,3,only 3 rows
INFO,TOO_FEW_ROWS,universe_daily,NSE_EQ|INE829S01016,1mo,3,only 3 rows
INFO,TOO_FEW_ROWS,universe_daily,NSE_EQ|INE839E01023,1mo,3,only 3 rows
INFO,TOO_FEW_ROWS,universe_daily,NSE_EQ|INE841D01013,1mo,3,only 3 rows
INFO,TOO_FEW_ROWS,universe_daily,NSE_EQ|INE843L01012,1mo,3,only 3 rows
INFO,TOO_FEW_ROWS,universe_daily,NSE_EQ|INE855A01019,1mo,3,only 3 rows
INFO,TOO_FEW_ROWS,universe_daily,NSE_EQ|INE869T01028,1mo,3,only 3 rows
INFO,TOO_FEW_ROWS,universe_daily,NSE_EQ|INE879K01018,1mo,3,only 3 rows
INFO,TOO_FEW_ROWS,universe_daily,NSE_EQ|INE883C01025,1mo,3,only 3 rows
INFO,TOO_FEW_ROWS,universe_daily,NSE_EQ|INE886B01012,1mo,3,only 3 rows
INFO,TOO_FEW_ROWS,universe_daily,NSE_EQ|INE898Q01015,1mo,3,only 3 rows
INFO,TOO_FEW_ROWS,universe_daily,NSE_EQ|INE914G01029,1mo,3,only 3 rows
INFO,TOO_FEW_ROWS,universe_daily,NSE_EQ|INE920C01017,1mo,3,only 3 rows
INFO,TOO_FEW_ROWS,universe_daily,NSE_EQ|INE938C01019,1mo,3,only 3 rows
INFO,TOO_FEW_ROWS,universe_daily,NSE_EQ|INE945P01024,1mo,3,only 3 rows
INFO,TOO_FEW_ROWS,universe_daily,NSE_EQ|INE953E01022,1mo,3,only 3 rows
INFO,TOO_FEW_ROWS,universe_daily,NSE_EQ|INE960A01017,1mo,3,only 3 rows
INFO,TOO_FEW_ROWS,universe_daily,NSE_EQ|INE960E01019,1mo,3,only 3 rows
INFO,TOO_FEW_ROWS,universe_daily,NSE_EQ|INE967A01012,1mo,3,only 3 rows
INFO,TOO_FEW_ROWS,universe_daily,NSE_EQ|INE967B01028,1mo,3,only 3 rows
INFO,TOO_FEW_ROWS,universe_daily,NSE_EQ|INE987A01010,1mo,3,only 3 rows
INFO,TOO_FEW_ROWS,universe_daily,NSE_EQ|INF0QA701CI0,1mo,4,only 4 rows
INFO,TOO_FEW_ROWS,universe_daily,NSE_EQ|INF109K1A567,1mo,3,only 3 rows
INFO,TOO_FEW_ROWS,universe_daily,NSE_EQ|INF174KA1A94,1mo,4,only 4 rows
INFO,TOO_FEW_ROWS,universe_daily,NSE_EQ|INF179KC1KT4,1mo,4,only 4 rows
INFO,TOO_FEW_ROWS,universe_daily,NSE_EQ|INF205KA1CA1,1mo,3,only 3 rows
INFO,TOO_FEW_ROWS,universe_daily,NSE_EQ|INF205KA1CB9,1mo,3,only 3 rows
INFO,TOO_FEW_ROWS,universe_daily,NSE_EQ|INF22M001184,1mo,3,only 3 rows
INFO,TOO_FEW_ROWS,universe_daily,NSE_EQ|INF247L01HG7,1mo,3,only 3 rows
INFO,TOO_FEW_ROWS,universe_daily,NSE_EQ|INF247L01HH5,1mo,3,only 3 rows
INFO,TOO_FEW_ROWS,universe_daily,NSE_EQ|INF666M01PH7,1mo,4,only 4 rows
INFO,TOO_FEW_ROWS,universe_daily,NSE_EQ|INF740KA1ZH9,1mo,3,only 3 rows
INFO,TOO_FEW_ROWS,universe_daily,NSE_EQ|INF740KA1ZI7,1mo,3,only 3 rows
INFO,TOO_FEW_ROWS,universe_daily,NSE_EQ|INF754K01XG1,1mo,4,only 4 rows
INFO,TOO_FEW_ROWS,universe_daily,NSE_EQ|INF754K01XH9,1mo,3,only 3 rows
INFO,TOO_FEW_ROWS,universe_daily,NSE_EQ|INF754K01XI7,1mo,3,only 3 rows
INFO,TOO_FEW_ROWS,universe_daily,NSE_EQ|INF769K01RC0,1mo,4,only 4 rows
INFO,TOO_FEW_ROWS,universe_daily,NSE_EQ|INF769K01RJ5,1mo,4,only 4 rows
INFO,TOO_FEW_ROWS,universe_daily,NSE_EQ|INF769K01RK3,1mo,3,only 3 rows
INFO,TOO_FEW_ROWS,universe_daily,NSE_EQ|INF789F1AG68,1mo,4,only 4 rows
INFO,ZERO_VOLUME_RUN_OLD,universe_daily,NSE_EQ|INE001B01026,1d,6,6 consecutive zero-volume bars ending 2003-04-15
INFO,ZERO_VOLUME_RUN_OLD,universe_daily,NSE_EQ|INE005I01014,1d,6,6 consecutive zero-volume bars ending 2013-12-26
INFO,ZERO_VOLUME_RUN_OLD,universe_daily,NSE_EQ|INE017A01032,1d,13,13 consecutive zero-volume bars ending 2006-11-24
INFO,ZERO_VOLUME_RUN_OLD,universe_daily,NSE_EQ|INE023A01030,1d,48,48 consecutive zero-volume bars ending 2003-11-14
INFO,ZERO_VOLUME_RUN_OLD,universe_daily,NSE_EQ|INE029L01018,1d,7,7 consecutive zero-volume bars ending 2013-08-19
INFO,ZERO_VOLUME_RUN_OLD,universe_daily,NSE_EQ|INE032B01021,1d,42,42 consecutive zero-volume bars ending 2005-06-16
INFO,ZERO_VOLUME_RUN_OLD,universe_daily,NSE_EQ|INE037A01022,1d,7,7 consecutive zero-volume bars ending 2009-03-13
INFO,ZERO_VOLUME_RUN_OLD,universe_daily,NSE_EQ|INE039C01032,1d,6,6 consecutive zero-volume bars ending 2013-04-15
INFO,ZERO_VOLUME_RUN_OLD,universe_daily,NSE_EQ|INE03RS01027,1d,258,258 consecutive zero-volume bars ending 2004-01-09
INFO,ZERO_VOLUME_RUN_OLD,universe_daily,NSE_EQ|INE047O01014,1d,12,12 consecutive zero-volume bars ending 2013-12-23
INFO,ZERO_VOLUME_RUN_OLD,universe_daily,NSE_EQ|INE048B01035,1d,6,6 consecutive zero-volume bars ending 2013-08-22
INFO,ZERO_VOLUME_RUN_OLD,universe_daily,NSE_EQ|INE049I01012,1d,6,6 consecutive zero-volume bars ending 2013-04-18
INFO,ZERO_VOLUME_RUN_OLD,universe_daily,NSE_EQ|INE050A01025,1d,12,12 consecutive zero-volume bars ending 2003-04-21
INFO,ZERO_VOLUME_RUN_OLD,universe_daily,NSE_EQ|INE050M01012,1d,5,5 consecutive zero-volume bars ending 2013-09-06
INFO,ZERO_VOLUME_RUN_OLD,universe_daily,NSE_EQ|INE052A01021,1d,44,44 consecutive zero-volume bars ending 2003-11-11
INFO,ZERO_VOLUME_RUN_OLD,universe_daily,NSE_EQ|INE056I01025,1d,29,29 consecutive zero-volume bars ending 2013-10-22
INFO,ZERO_VOLUME_RUN_OLD,universe_daily,NSE_EQ|INE058B01018,1d,219,219 consecutive zero-volume bars ending 2014-01-31
INFO,ZERO_VOLUME_RUN_OLD,universe_daily,NSE_EQ|INE059B01024,1d,296,296 consecutive zero-volume bars ending 2004-03-08
INFO,ZERO_VOLUME_RUN_OLD,universe_daily,NSE_EQ|INE060B01014,1d,56,56 consecutive zero-volume bars ending 2013-09-11
INFO,ZERO_VOLUME_RUN_OLD,universe_daily,NSE_EQ|INE062D01024,1d,26,26 consecutive zero-volume bars ending 2013-06-18
INFO,ZERO_VOLUME_RUN_OLD,universe_daily,NSE_EQ|INE070D01027,1d,106,106 consecutive zero-volume bars ending 2003-08-18
INFO,ZERO_VOLUME_RUN_OLD,universe_daily,NSE_EQ|INE075D01018,1d,23,23 consecutive zero-volume bars ending 2003-10-13
INFO,ZERO_VOLUME_RUN_OLD,universe_daily,NSE_EQ|INE076B01028,1d,995,995 consecutive zero-volume bars ending 2007-01-25
INFO,ZERO_VOLUME_RUN_OLD,universe_daily,NSE_EQ|INE076C01018,1d,17,17 consecutive zero-volume bars ending 2003-10-03
INFO,ZERO_VOLUME_RUN_OLD,universe_daily,NSE_EQ|INE077F01035,1d,16,16 consecutive zero-volume bars ending 2014-06-25
INFO,ZERO_VOLUME_RUN_OLD,universe_daily,NSE_EQ|INE080A01014,1d,16,16 consecutive zero-volume bars ending 2003-10-01
INFO,ZERO_VOLUME_RUN_OLD,universe_daily,NSE_EQ|INE083B01024,1d,8,8 consecutive zero-volume bars ending 2009-05-04
INFO,ZERO_VOLUME_RUN_OLD,universe_daily,NSE_EQ|INE083C01022,1d,6,6 consecutive zero-volume bars ending 2009-04-20
INFO,ZERO_VOLUME_RUN_OLD,universe_daily,NSE_EQ|INE083D01012,1d,7,7 consecutive zero-volume bars ending 2013-06-20
INFO,ZERO_VOLUME_RUN_OLD,universe_daily,NSE_EQ|INE100D01014,1d,1121,1121 consecutive zero-volume bars ending 2007-07-31
INFO,ZERO_VOLUME_RUN_OLD,universe_daily,NSE_EQ|INE105A01035,1d,39,39 consecutive zero-volume bars ending 2008-06-19
INFO,ZERO_VOLUME_RUN_OLD,universe_daily,NSE_EQ|INE105C01023,1d,69,69 consecutive zero-volume bars ending 2003-06-06
INFO,ZERO_VOLUME_RUN_OLD,universe_daily,NSE_EQ|INE123B01028,1d,723,723 consecutive zero-volume bars ending 2005-12-21
INFO,ZERO_VOLUME_RUN_OLD,universe_daily,NSE_EQ|INE123C01018,1d,22,22 consecutive zero-volume bars ending 2003-10-29
INFO,ZERO_VOLUME_RUN_OLD,universe_daily,NSE_EQ|INE128A01029,1d,29,29 consecutive zero-volume bars ending 2005-04-26
INFO,ZERO_VOLUME_RUN_OLD,universe_daily,NSE_EQ|INE130B01031,1d,8,8 consecutive zero-volume bars ending 2013-08-05
INFO,ZERO_VOLUME_RUN_OLD,universe_daily,NSE_EQ|INE132H01018,1d,12,12 consecutive zero-volume bars ending 2008-12-30
INFO,ZERO_VOLUME_RUN_OLD,universe_daily,NSE_EQ|INE150B01039,1d,6,6 consecutive zero-volume bars ending 2013-07-23
INFO,ZERO_VOLUME_RUN_OLD,universe_daily,NSE_EQ|INE156A01020,1d,20,20 consecutive zero-volume bars ending 2003-06-19
INFO,ZERO_VOLUME_RUN_OLD,universe_daily,NSE_EQ|INE156C01018,1d,12,12 consecutive zero-volume bars ending 2013-12-30
INFO,ZERO_VOLUME_RUN_OLD,universe_daily,NSE_EQ|INE157H01023,1d,327,327 consecutive zero-volume bars ending 2010-08-27
INFO,ZERO_VOLUME_RUN_OLD,universe_daily,NSE_EQ|INE161A01038,1d,26,26 consecutive zero-volume bars ending 2004-08-13
INFO,ZERO_VOLUME_RUN_OLD,universe_daily,NSE_EQ|INE172A01027,1d,10,10 consecutive zero-volume bars ending 2014-03-13
INFO,ZERO_VOLUME_RUN_OLD,universe_daily,NSE_EQ|INE179A01014,1d,298,298 consecutive zero-volume bars ending 2004-07-08
INFO,ZERO_VOLUME_RUN_OLD,universe_daily,NSE_EQ|INE180C01042,1d,7,7 consecutive zero-volume bars ending 2013-09-10
INFO,ZERO_VOLUME_RUN_OLD,universe_daily,NSE_EQ|INE185H01016,1d,15,15 consecutive zero-volume bars ending 2013-09-05
INFO,ZERO_VOLUME_RUN_OLD,universe_daily,NSE_EQ|INE191B01025,1d,24,24 consecutive zero-volume bars ending 2005-05-23
INFO,ZERO_VOLUME_RUN_OLD,universe_daily,NSE_EQ|INE192B01031,1d,232,232 consecutive zero-volume bars ending 2003-12-03
INFO,ZERO_VOLUME_RUN_OLD,universe_daily,NSE_EQ|INE197J01017,1d,8,8 consecutive zero-volume bars ending 2013-08-13
INFO,ZERO_VOLUME_RUN_OLD,universe_daily,NSE_EQ|INE199C01026,1d,11,11 consecutive zero-volume bars ending 2013-04-30
INFO,ZERO_VOLUME_RUN_OLD,universe_daily,NSE_EQ|INE201A01024,1d,46,46 consecutive zero-volume bars ending 2006-12-05
INFO,ZERO_VOLUME_RUN_OLD,universe_daily,NSE_EQ|INE203A01020,1d,7,7 consecutive zero-volume bars ending 2003-03-27
INFO,ZERO_VOLUME_RUN_OLD,universe_daily,NSE_EQ|INE206B01013,1d,9,9 consecutive zero-volume bars ending 2013-08-28
INFO,ZERO_VOLUME_RUN_OLD,universe_daily,NSE_EQ|INE208C01025,1d,18,18 consecutive zero-volume bars ending 2003-10-06
INFO,ZERO_VOLUME_RUN_OLD,universe_daily,NSE_EQ|INE210A01017,1d,14,14 consecutive zero-volume bars ending 2003-09-29
INFO,ZERO_VOLUME_RUN_OLD,universe_daily,NSE_EQ|INE210C01013,1d,17,17 consecutive zero-volume bars ending 2013-09-10
INFO,ZERO_VOLUME_RUN_OLD,universe_daily,NSE_EQ|INE215I01027,1d,61,61 consecutive zero-volume bars ending 2013-08-08
INFO,ZERO_VOLUME_RUN_OLD,universe_daily,NSE_EQ|INE218C01016,1d,172,172 consecutive zero-volume bars ending 2013-11-29
INFO,ZERO_VOLUME_RUN_OLD,universe_daily,NSE_EQ|INE221B01012,1d,9,9 consecutive zero-volume bars ending 2013-08-27
INFO,ZERO_VOLUME_RUN_OLD,universe_daily,NSE_EQ|INE227C01017,1d,970,970 consecutive zero-volume bars ending 2006-12-19
INFO,ZERO_VOLUME_RUN_OLD,universe_daily,NSE_EQ|INE229C01021,1d,995,995 consecutive zero-volume bars ending 2007-01-25
INFO,ZERO_VOLUME_RUN_OLD,universe_daily,NSE_EQ|INE230B01021,1d,10,10 consecutive zero-volume bars ending 2013-08-20
INFO,ZERO_VOLUME_RUN_OLD,universe_daily,NSE_EQ|INE231C01019,1d,846,846 consecutive zero-volume bars ending 2006-06-22
INFO,ZERO_VOLUME_RUN_OLD,universe_daily,NSE_EQ|INE233A01035,1d,55,55 consecutive zero-volume bars ending 2003-03-21
INFO,ZERO_VOLUME_RUN_OLD,universe_daily,NSE_EQ|INE239D01028,1d,7,7 consecutive zero-volume bars ending 2013-11-29
INFO,ZERO_VOLUME_RUN_OLD,universe_daily,NSE_EQ|INE240C01028,1d,31,31 consecutive zero-volume bars ending 2013-07-08
INFO,ZERO_VOLUME_RUN_OLD,universe_daily,NSE_EQ|INE244A01016,1d,6,6 consecutive zero-volume bars ending 2013-06-18
INFO,ZERO_VOLUME_RUN_OLD,universe_daily,NSE_EQ|INE245I01016,1d,17,17 consecutive zero-volume bars ending 2013-09-03
INFO,ZERO_VOLUME_RUN_OLD,universe_daily,NSE_EQ|INE250A01039,1d,46,46 consecutive zero-volume bars ending 2010-06-23
INFO,ZERO_VOLUME_RUN_OLD,universe_daily,NSE_EQ|INE250B01029,1d,105,105 consecutive zero-volume bars ending 2008-07-18
INFO,ZERO_VOLUME_RUN_OLD,universe_daily,NSE_EQ|INE256C01024,1d,638,638 consecutive zero-volume bars ending 2005-12-12
INFO,ZERO_VOLUME_RUN_OLD,universe_daily,NSE_EQ|INE259A01022,1d,12,12 consecutive zero-volume bars ending 2007-12-14
INFO,ZERO_VOLUME_RUN_OLD,universe_daily,NSE_EQ|INE272L01022,1d,17,17 consecutive zero-volume bars ending 2013-09-11
INFO,ZERO_VOLUME_RUN_OLD,universe_daily,NSE_EQ|INE273D01027,1d,7,7 consecutive zero-volume bars ending 2008-11-28
INFO,ZERO_VOLUME_RUN_OLD,universe_daily,NSE_EQ|INE274C01019,1d,877,877 consecutive zero-volume bars ending 2006-08-04
INFO,ZERO_VOLUME_RUN_OLD,universe_daily,NSE_EQ|INE277B01014,1d,1188,1188 consecutive zero-volume bars ending 2007-11-05
INFO,ZERO_VOLUME_RUN_OLD,universe_daily,NSE_EQ|INE278B01020,1d,42,42 consecutive zero-volume bars ending 2006-09-19
INFO,ZERO_VOLUME_RUN_OLD,universe_daily,NSE_EQ|INE279A01012,1d,19,19 consecutive zero-volume bars ending 2003-11-10
INFO,ZERO_VOLUME_RUN_OLD,universe_daily,NSE_EQ|INE287B01021,1d,614,614 consecutive zero-volume bars ending 2005-07-12
INFO,ZERO_VOLUME_RUN_OLD,universe_daily,NSE_EQ|INE288B01029,1d,5,5 consecutive zero-volume bars ending 2011-03-21
INFO,ZERO_VOLUME_RUN_OLD,universe_daily,NSE_EQ|INE289A01011,1d,718,718 consecutive zero-volume bars ending 2005-12-14
INFO,ZERO_VOLUME_RUN_OLD,universe_daily,NSE_EQ|INE290A01027,1d,39,39 consecutive zero-volume bars ending 2007-03-22
INFO,ZERO_VOLUME_RUN_OLD,universe_daily,NSE_EQ|INE296H01011,1d,9,9 consecutive zero-volume bars ending 2013-10-03
INFO,ZERO_VOLUME_RUN_OLD,universe_daily,NSE_EQ|INE298G01035,1d,912,912 consecutive zero-volume bars ending 2006-09-25
INFO,ZERO_VOLUME_RUN_OLD,universe_daily,NSE_EQ|INE304A01026,1d,34,34 consecutive zero-volume bars ending 2004-02-20
INFO,ZERO_VOLUME_RUN_OLD,universe_daily,NSE_EQ|INE305C01029,1d,5,5 consecutive zero-volume bars ending 2013-09-02
INFO,ZERO_VOLUME_RUN_OLD,universe_daily,NSE_EQ|INE308A01027,1d,39,39 consecutive zero-volume bars ending 2007-03-22
INFO,ZERO_VOLUME_RUN_OLD,universe_daily,NSE_EQ|INE309M01020,1d,2367,2367 consecutive zero-volume bars ending 2012-08-14
INFO,ZERO_VOLUME_RUN_OLD,universe_daily,NSE_EQ|INE310C01029,1d,51,51 consecutive zero-volume bars ending 2013-08-06
INFO,ZERO_VOLUME_RUN_OLD,universe_daily,NSE_EQ|INE320B01020,1d,6,6 consecutive zero-volume bars ending 2013-09-20
INFO,ZERO_VOLUME_RUN_OLD,universe_daily,NSE_EQ|INE320L01011,1d,16,16 consecutive zero-volume bars ending 2013-06-21
INFO,ZERO_VOLUME_RUN_OLD,universe_daily,NSE_EQ|INE323C01030,1d,17,17 consecutive zero-volume bars ending 2003-04-09
INFO,ZERO_VOLUME_RUN_OLD,universe_daily,NSE_EQ|INE325A01013,1d,1000,1000 consecutive zero-volume bars ending 2007-02-05
INFO,ZERO_VOLUME_RUN_OLD,universe_daily,NSE_EQ|INE326B01035,1d,20,20 consecutive zero-volume bars ending 2013-09-24
INFO,ZERO_VOLUME_RUN_OLD,universe_daily,NSE_EQ|INE337A01034,1d,10,10 consecutive zero-volume bars ending 2010-03-29
INFO,ZERO_VOLUME_RUN_OLD,universe_daily,NSE_EQ|INE348A01023,1d,15,15 consecutive zero-volume bars ending 2003-03-19
INFO,ZERO_VOLUME_RUN_OLD,universe_daily,NSE_EQ|INE353A01023,1d,17,17 consecutive zero-volume bars ending 2007-04-23
INFO,ZERO_VOLUME_RUN_OLD,universe_daily,NSE_EQ|INE353H01010,1d,98,98 consecutive zero-volume bars ending 2013-10-25
INFO,ZERO_VOLUME_RUN_OLD,universe_daily,NSE_EQ|INE355A01028,1d,5,5 consecutive zero-volume bars ending 2008-04-16
INFO,ZERO_VOLUME_RUN_OLD,universe_daily,NSE_EQ|INE358A01014,1d,1657,1657 consecutive zero-volume bars ending 2010-01-07
INFO,ZERO_VOLUME_RUN_OLD,universe_daily,NSE_EQ|INE360L01017,1d,6,6 consecutive zero-volume bars ending 2013-05-28
INFO,ZERO_VOLUME_RUN_OLD,universe_daily,NSE_EQ|INE363A01022,1d,27,27 consecutive zero-volume bars ending 2010-04-06
INFO,ZERO_VOLUME_RUN_OLD,universe_daily,NSE_EQ|INE369A01029,1d,161,161 consecutive zero-volume bars ending 2004-05-21
INFO,ZERO_VOLUME_RUN_OLD,universe_daily,NSE_EQ|INE369C01017,1d,20,20 consecutive zero-volume bars ending 2003-10-08
INFO,ZERO_VOLUME_RUN_OLD,universe_daily,NSE_EQ|INE383H01017,1d,36,36 consecutive zero-volume bars ending 2014-01-09
INFO,ZERO_VOLUME_RUN_OLD,universe_daily,NSE_EQ|INE387I01016,1d,19,19 consecutive zero-volume bars ending 2013-05-07
INFO,ZERO_VOLUME_RUN_OLD,universe_daily,NSE_EQ|INE392B01011,1d,8,8 consecutive zero-volume bars ending 2013-05-09
INFO,ZERO_VOLUME_RUN_OLD,universe_daily,NSE_EQ|INE393A01011,1d,67,67 consecutive zero-volume bars ending 2013-11-21
INFO,ZERO_VOLUME_RUN_OLD,universe_daily,NSE_EQ|INE398B01018,1d,5,5 consecutive zero-volume bars ending 2013-07-18
INFO,ZERO_VOLUME_RUN_OLD,universe_daily,NSE_EQ|INE417B01040,1d,63,63 consecutive zero-volume bars ending 2011-04-06
INFO,ZERO_VOLUME_RUN_OLD,universe_daily,NSE_EQ|INE419A01022,1d,102,102 consecutive zero-volume bars ending 2004-12-10
INFO,ZERO_VOLUME_RUN_OLD,universe_daily,NSE_EQ|INE420C01059,1d,8,8 consecutive zero-volume bars ending 2011-10-14
INFO,ZERO_VOLUME_RUN_OLD,universe_daily,NSE_EQ|INE421C01016,1d,1005,1005 consecutive zero-volume bars ending 2007-02-12
INFO,ZERO_VOLUME_RUN_OLD,universe_daily,NSE_EQ|INE428Q01011,1d,36,36 consecutive zero-volume bars ending 2013-07-08
INFO,ZERO_VOLUME_RUN_OLD,universe_daily,NSE_EQ|INE440A01010,1d,10,10 consecutive zero-volume bars ending 2013-08-07
INFO,ZERO_VOLUME_RUN_OLD,universe_daily,NSE_EQ|INE450D01021,1d,6,6 consecutive zero-volume bars ending 2013-11-14
INFO,ZERO_VOLUME_RUN_OLD,universe_daily,NSE_EQ|INE453D01025,1d,27,27 consecutive zero-volume bars ending 2013-11-07
INFO,ZERO_VOLUME_RUN_OLD,universe_daily,NSE_EQ|INE458F01011,1d,9,9 consecutive zero-volume bars ending 2013-08-12
INFO,ZERO_VOLUME_RUN_OLD,universe_daily,NSE_EQ|INE461C01038,1d,76,76 consecutive zero-volume bars ending 2003-12-24
INFO,ZERO_VOLUME_RUN_OLD,universe_daily,NSE_EQ|INE474C01023,1d,183,183 consecutive zero-volume bars ending 2013-12-10
INFO,ZERO_VOLUME_RUN_OLD,universe_daily,NSE_EQ|INE477B01010,1d,54,54 consecutive zero-volume bars ending 2008-04-08
INFO,ZERO_VOLUME_RUN_OLD,universe_daily,NSE_EQ|INE482A01020,1d,27,27 consecutive zero-volume bars ending 2008-01-31
INFO,ZERO_VOLUME_RUN_OLD,universe_daily,NSE_EQ|INE485C01029,1d,18,18 consecutive zero-volume bars ending 2013-10-09
INFO,ZERO_VOLUME_RUN_OLD,universe_daily,NSE_EQ|INE505Y01010,1d,5,5 consecutive zero-volume bars ending 2018-11-30
INFO,ZERO_VOLUME_RUN_OLD,universe_daily,NSE_EQ|INE506Z01015,1d,5,5 consecutive zero-volume bars ending 2017-10-31
INFO,ZERO_VOLUME_RUN_OLD,universe_daily,NSE_EQ|INE519A01011,1d,5,5 consecutive zero-volume bars ending 2009-02-06
INFO,ZERO_VOLUME_RUN_OLD,universe_daily,NSE_EQ|INE519C01017,1d,248,248 consecutive zero-volume bars ending 2011-01-27
INFO,ZERO_VOLUME_RUN_OLD,universe_daily,NSE_EQ|INE524B01027,1d,14,14 consecutive zero-volume bars ending 2007-05-11
INFO,ZERO_VOLUME_RUN_OLD,universe_daily,NSE_EQ|INE526B01014,1d,31,31 consecutive zero-volume bars ending 2013-12-13
INFO,ZERO_VOLUME_RUN_OLD,universe_daily,NSE_EQ|INE528A01020,1d,18,18 consecutive zero-volume bars ending 2009-07-17
INFO,ZERO_VOLUME_RUN_OLD,universe_daily,NSE_EQ|INE540G01014,1d,5,5 consecutive zero-volume bars ending 2013-10-03
INFO,ZERO_VOLUME_RUN_OLD,universe_daily,NSE_EQ|INE542C01019,1d,2949,2949 consecutive zero-volume bars ending 2014-12-31
INFO,ZERO_VOLUME_RUN_OLD,universe_daily,NSE_EQ|INE544A01019,1d,7,7 consecutive zero-volume bars ending 2003-09-24
INFO,ZERO_VOLUME_RUN_OLD,universe_daily,NSE_EQ|INE545H01011,1d,5,5 consecutive zero-volume bars ending 2013-06-18
INFO,ZERO_VOLUME_RUN_OLD,universe_daily,NSE_EQ|INE548A01028,1d,20,20 consecutive zero-volume bars ending 2011-03-08
INFO,ZERO_VOLUME_RUN_OLD,universe_daily,NSE_EQ|INE559A01017,1d,8,8 consecutive zero-volume bars ending 2003-09-23
INFO,ZERO_VOLUME_RUN_OLD,universe_daily,NSE_EQ|INE566K01011,1d,5,5 consecutive zero-volume bars ending 2013-08-26
INFO,ZERO_VOLUME_RUN_OLD,universe_daily,NSE_EQ|INE571B01036,1d,5,5 consecutive zero-volume bars ending 2003-04-03
INFO,ZERO_VOLUME_RUN_OLD,universe_daily,NSE_EQ|INE573A01042,1d,347,347 consecutive zero-volume bars ending 2004-05-21
INFO,ZERO_VOLUME_RUN_OLD,universe_daily,NSE_EQ|INE577L01016,1d,18,18 consecutive zero-volume bars ending 2014-02-14
INFO,ZERO_VOLUME_RUN_OLD,universe_daily,NSE_EQ|INE583B01015,1d,16,16 consecutive zero-volume bars ending 2013-08-12
INFO,ZERO_VOLUME_RUN_OLD,universe_daily,NSE_EQ|INE583C01021,1d,9,9 consecutive zero-volume bars ending 2013-11-14
INFO,ZERO_VOLUME_RUN_OLD,universe_daily,NSE_EQ|INE584F01014,1d,22,22 consecutive zero-volume bars ending 2013-06-20
INFO,ZERO_VOLUME_RUN_OLD,universe_daily,NSE_EQ|INE590L01019,1d,24,24 consecutive zero-volume bars ending 2013-09-20
INFO,ZERO_VOLUME_RUN_OLD,universe_daily,NSE_EQ|INE602A01031,1d,42,42 consecutive zero-volume bars ending 2003-02-28
INFO,ZERO_VOLUME_RUN_OLD,universe_daily,NSE_EQ|INE603A01013,1d,7,7 consecutive zero-volume bars ending 2003-09-02
INFO,ZERO_VOLUME_RUN_OLD,universe_daily,NSE_EQ|INE606A01024,1d,17,17 consecutive zero-volume bars ending 2013-09-06
INFO,ZERO_VOLUME_RUN_OLD,universe_daily,NSE_EQ|INE607D01018,1d,11,11 consecutive zero-volume bars ending 2009-02-11
INFO,ZERO_VOLUME_RUN_OLD,universe_daily,NSE_EQ|INE611L01021,1d,17,17 consecutive zero-volume bars ending 2013-05-03
INFO,ZERO_VOLUME_RUN_OLD,universe_daily,NSE_EQ|INE617A01013,1d,11,11 consecutive zero-volume bars ending 2013-10-09
INFO,ZERO_VOLUME_RUN_OLD,universe_daily,NSE_EQ|INE625B01014,1d,517,517 consecutive zero-volume bars ending 2005-02-23
INFO,ZERO_VOLUME_RUN_OLD,universe_daily,NSE_EQ|INE627H01017,1d,47,47 consecutive zero-volume bars ending 2013-10-04
INFO,ZERO_VOLUME_RUN_OLD,universe_daily,NSE_EQ|INE629D01020,1d,14,14 consecutive zero-volume bars ending 2013-06-27
INFO,ZERO_VOLUME_RUN_OLD,universe_daily,NSE_EQ|INE634I01029,1d,6,6 consecutive zero-volume bars ending 2013-07-19
INFO,ZERO_VOLUME_RUN_OLD,universe_daily,NSE_EQ|INE635A01023,1d,70,70 consecutive zero-volume bars ending 2006-11-03
INFO,ZERO_VOLUME_RUN_OLD,universe_daily,NSE_EQ|INE636A01039,1d,344,344 consecutive zero-volume bars ending 2009-03-19
INFO,ZERO_VOLUME_RUN_OLD,universe_daily,NSE_EQ|INE643A01035,1d,258,258 consecutive zero-volume bars ending 2004-01-09
INFO,ZERO_VOLUME_RUN_OLD,universe_daily,NSE_EQ|INE659A01023,1d,818,818 consecutive zero-volume bars ending 2006-05-15
INFO,ZERO_VOLUME_RUN_OLD,universe_daily,NSE_EQ|INE668D01028,1d,11,11 consecutive zero-volume bars ending 2013-05-13
INFO,ZERO_VOLUME_RUN_OLD,universe_daily,NSE_EQ|INE672B01032,1d,46,46 consecutive zero-volume bars ending 2006-07-19
INFO,ZERO_VOLUME_RUN_OLD,universe_daily,NSE_EQ|INE681C01015,1d,88,88 consecutive zero-volume bars ending 2004-01-09
INFO,ZERO_VOLUME_RUN_OLD,universe_daily,NSE_EQ|INE683C01011,1d,18,18 consecutive zero-volume bars ending 2013-10-21
INFO,ZERO_VOLUME_RUN_OLD,universe_daily,NSE_EQ|INE686A01026,1d,5,5 consecutive zero-volume bars ending 2013-12-06
INFO,ZERO_VOLUME_RUN_OLD,universe_daily,NSE_EQ|INE688A01022,1d,6,6 consecutive zero-volume bars ending 2003-05-14
INFO,ZERO_VOLUME_RUN_OLD,universe_daily,NSE_EQ|INE688D01026,1d,7,7 consecutive zero-volume bars ending 2011-06-22
INFO,ZERO_VOLUME_RUN_OLD,universe_daily,NSE_EQ|INE690A01028,1d,6,6 consecutive zero-volume bars ending 2003-09-23
INFO,ZERO_VOLUME_RUN_OLD,universe_daily,NSE_EQ|INE701A01023,1d,55,55 consecutive zero-volume bars ending 2005-06-29
INFO,ZERO_VOLUME_RUN_OLD,universe_daily,NSE_EQ|INE704H01022,1d,19,19 consecutive zero-volume bars ending 2012-06-12
INFO,ZERO_VOLUME_RUN_OLD,universe_daily,NSE_EQ|INE707A01012,1d,7,7 consecutive zero-volume bars ending 2013-10-25
INFO,ZERO_VOLUME_RUN_OLD,universe_daily,NSE_EQ|INE709A01018,1d,293,293 consecutive zero-volume bars ending 2004-03-03
INFO,ZERO_VOLUME_RUN_OLD,universe_daily,NSE_EQ|INE713B01026,1d,49,49 consecutive zero-volume bars ending 2005-06-14
INFO,ZERO_VOLUME_RUN_OLD,universe_daily,NSE_EQ|INE716B01029,1d,10,10 consecutive zero-volume bars ending 2014-01-03
INFO,ZERO_VOLUME_RUN_OLD,universe_daily,NSE_EQ|INE720A01015,1d,12,12 consecutive zero-volume bars ending 2003-09-25
INFO,ZERO_VOLUME_RUN_OLD,universe_daily,NSE_EQ|INE725L01011,1d,26,26 consecutive zero-volume bars ending 2013-05-16
INFO,ZERO_VOLUME_RUN_OLD,universe_daily,NSE_EQ|INE727B01026,1d,8,8 consecutive zero-volume bars ending 2007-03-02
INFO,ZERO_VOLUME_RUN_OLD,universe_daily,NSE_EQ|INE732A01036,1d,27,27 consecutive zero-volume bars ending 2010-04-19
INFO,ZERO_VOLUME_RUN_OLD,universe_daily,NSE_EQ|INE733A01018,1d,19,19 consecutive zero-volume bars ending 2013-10-18
INFO,ZERO_VOLUME_RUN_OLD,universe_daily,NSE_EQ|INE735M01018,1d,10,10 consecutive zero-volume bars ending 2013-09-03
INFO,ZERO_VOLUME_RUN_OLD,universe_daily,NSE_EQ|INE737B01033,1d,1798,1798 consecutive zero-volume bars ending 2014-12-31
INFO,ZERO_VOLUME_RUN_OLD,universe_daily,NSE_EQ|INE741L01018,1d,92,92 consecutive zero-volume bars ending 2013-10-10
INFO,ZERO_VOLUME_RUN_OLD,universe_daily,NSE_EQ|INE742C01031,1d,413,413 consecutive zero-volume bars ending 2004-09-22
INFO,ZERO_VOLUME_RUN_OLD,universe_daily,NSE_EQ|INE749B01020,1d,18,18 consecutive zero-volume bars ending 2013-07-22
INFO,ZERO_VOLUME_RUN_OLD,universe_daily,NSE_EQ|INE750C01026,1d,99,99 consecutive zero-volume bars ending 2003-05-27
INFO,ZERO_VOLUME_RUN_OLD,universe_daily,NSE_EQ|INE751B01018,1d,5,5 consecutive zero-volume bars ending 2016-07-05
INFO,ZERO_VOLUME_RUN_OLD,universe_daily,NSE_EQ|INE780C01023,1d,921,921 consecutive zero-volume bars ending 2006-10-09
INFO,ZERO_VOLUME_RUN_OLD,universe_daily,NSE_EQ|INE781B01015,1d,59,59 consecutive zero-volume bars ending 2003-12-05
INFO,ZERO_VOLUME_RUN_OLD,universe_daily,NSE_EQ|INE786A01032,1d,828,828 consecutive zero-volume bars ending 2006-06-16
INFO,ZERO_VOLUME_RUN_OLD,universe_daily,NSE_EQ|INE792H01019,1d,21,21 consecutive zero-volume bars ending 2013-08-01
INFO,ZERO_VOLUME_RUN_OLD,universe_daily,NSE_EQ|INE794A01010,1d,1419,1419 consecutive zero-volume bars ending 2008-10-10
INFO,ZERO_VOLUME_RUN_OLD,universe_daily,NSE_EQ|INE803H01014,1d,6,6 consecutive zero-volume bars ending 2013-07-19
INFO,ZERO_VOLUME_RUN_OLD,universe_daily,NSE_EQ|INE804H01012,1d,26,26 consecutive zero-volume bars ending 2013-08-26
INFO,ZERO_VOLUME_RUN_OLD,universe_daily,NSE_EQ|INE816B01035,1d,12,12 consecutive zero-volume bars ending 2013-07-05
INFO,ZERO_VOLUME_RUN_OLD,universe_daily,NSE_EQ|INE819L01012,1d,146,146 consecutive zero-volume bars ending 2011-08-09
INFO,ZERO_VOLUME_RUN_OLD,universe_daily,NSE_EQ|INE822G01016,1d,5,5 consecutive zero-volume bars ending 2013-12-11
INFO,ZERO_VOLUME_RUN_OLD,universe_daily,NSE_EQ|INE835G01018,1d,32,32 consecutive zero-volume bars ending 2013-06-14
INFO,ZERO_VOLUME_RUN_OLD,universe_daily,NSE_EQ|INE838B01021,1d,23,23 consecutive zero-volume bars ending 2013-08-14
INFO,ZERO_VOLUME_RUN_OLD,universe_daily,NSE_EQ|INE838E01017,1d,66,66 consecutive zero-volume bars ending 2003-12-12
INFO,ZERO_VOLUME_RUN_OLD,universe_daily,NSE_EQ|INE842C01021,1d,58,58 consecutive zero-volume bars ending 2012-06-12
INFO,ZERO_VOLUME_RUN_OLD,universe_daily,NSE_EQ|INE847C01020,1d,9,9 consecutive zero-volume bars ending 2013-04-25
INFO,ZERO_VOLUME_RUN_OLD,universe_daily,NSE_EQ|INE848A01014,1d,13,13 consecutive zero-volume bars ending 2007-03-21
INFO,ZERO_VOLUME_RUN_OLD,universe_daily,NSE_EQ|INE854B01010,1d,16,16 consecutive zero-volume bars ending 2003-11-13
INFO,ZERO_VOLUME_RUN_OLD,universe_daily,NSE_EQ|INE868B01028,1d,196,196 consecutive zero-volume bars ending 2003-10-13
INFO,ZERO_VOLUME_RUN_OLD,universe_daily,NSE_EQ|INE875G01048,1d,11,11 consecutive zero-volume bars ending 2012-03-22
INFO,ZERO_VOLUME_RUN_OLD,universe_daily,NSE_EQ|INE879E01037,1d,9,9 consecutive zero-volume bars ending 2012-06-12
INFO,ZERO_VOLUME_RUN_OLD,universe_daily,NSE_EQ|INE886A01014,1d,38,38 consecutive zero-volume bars ending 2013-06-03
INFO,ZERO_VOLUME_RUN_OLD,universe_daily,NSE_EQ|INE895B01021,1d,19,19 consecutive zero-volume bars ending 2013-12-27
INFO,ZERO_VOLUME_RUN_OLD,universe_daily,NSE_EQ|INE900B01029,1d,5,5 consecutive zero-volume bars ending 2003-01-24
INFO,ZERO_VOLUME_RUN_OLD,universe_daily,NSE_EQ|INE900C01027,1d,10,10 consecutive zero-volume bars ending 2013-07-29
INFO,ZERO_VOLUME_RUN_OLD,universe_daily,NSE_EQ|INE907A01026,1d,19,19 consecutive zero-volume bars ending 2010-05-18
INFO,ZERO_VOLUME_RUN_OLD,universe_daily,NSE_EQ|INE910C01018,1d,5,5 consecutive zero-volume bars ending 2014-12-31
INFO,ZERO_VOLUME_RUN_OLD,universe_daily,NSE_EQ|INE917H01012,1d,18,18 consecutive zero-volume bars ending 2013-09-04
INFO,ZERO_VOLUME_RUN_OLD,universe_daily,NSE_EQ|INE922A01025,1d,14,14 consecutive zero-volume bars ending 2013-11-19
INFO,ZERO_VOLUME_RUN_OLD,universe_daily,NSE_EQ|INE923A01015,1d,22,22 consecutive zero-volume bars ending 2013-11-25
INFO,ZERO_VOLUME_RUN_OLD,universe_daily,NSE_EQ|INE925C01016,1d,18,18 consecutive zero-volume bars ending 2013-05-17
INFO,ZERO_VOLUME_RUN_OLD,universe_daily,NSE_EQ|INE926K01017,1d,5,5 consecutive zero-volume bars ending 2013-08-27
INFO,ZERO_VOLUME_RUN_OLD,universe_daily,NSE_EQ|INE927D01051,1d,10,10 consecutive zero-volume bars ending 2013-07-31
INFO,ZERO_VOLUME_RUN_OLD,universe_daily,NSE_EQ|INE932C01012,1d,39,39 consecutive zero-volume bars ending 2003-12-18
INFO,ZERO_VOLUME_RUN_OLD,universe_daily,NSE_EQ|INE939A01011,1d,157,157 consecutive zero-volume bars ending 2003-08-18
INFO,ZERO_VOLUME_RUN_OLD,universe_daily,NSE_EQ|INE944F01028,1d,91,91 consecutive zero-volume bars ending 2003-06-23
INFO,ZERO_VOLUME_RUN_OLD,universe_daily,NSE_EQ|INE947A01014,1d,667,667 consecutive zero-volume bars ending 2005-09-28
INFO,ZERO_VOLUME_RUN_OLD,universe_daily,NSE_EQ|INE948A01012,1d,6,6 consecutive zero-volume bars ending 2013-06-19
INFO,ZERO_VOLUME_RUN_OLD,universe_daily,NSE_EQ|INE954E01012,1d,5,5 consecutive zero-volume bars ending 2014-01-13
INFO,ZERO_VOLUME_RUN_OLD,universe_daily,NSE_EQ|INE967C01018,1d,9,9 consecutive zero-volume bars ending 2003-09-25
INFO,ZERO_VOLUME_RUN_OLD,universe_daily,NSE_EQ|INE978G01016,1d,51,51 consecutive zero-volume bars ending 2013-07-29
INFO,ZERO_VOLUME_RUN_OLD,universe_daily,NSE_EQ|INE993A01026,1d,601,601 consecutive zero-volume bars ending 2005-06-23
INFO,ZERO_VOLUME_RUN_OLD,universe_daily,NSE_EQ|INF109KC16V9,1d,14,14 consecutive zero-volume bars ending 2013-10-11
INFO,ZERO_VOLUME_RUN_OLD,universe_daily,NSE_EQ|INF205KA1CC7,1d,8,8 consecutive zero-volume bars ending 2014-02-26
