severity,check,set,instrument_key,timeframe,count,detail
ERROR,NON_POSITIVE_PRICE,universe_daily,NSE_EQ|INE205A01025,1d,472,472 bars with price <= 0
ERROR,NON_POSITIVE_PRICE,universe_daily,NSE_EQ|INE205A01025,1w,100,100 bars with price <= 0
ERROR,NON_POSITIVE_PRICE,universe_daily,NSE_EQ|INE205A01025,1mo,25,25 bars with price <= 0
ERROR,NON_POSITIVE_PRICE,universe_daily,NSE_EQ|INE208A01029,1d,48,48 bars with price <= 0
ERROR,NON_POSITIVE_PRICE,universe_daily,NSE_EQ|INE208A01029,1w,14,14 bars with price <= 0
ERROR,NON_POSITIVE_PRICE,universe_daily,NSE_EQ|INE208A01029,1mo,5,5 bars with price <= 0
ERROR,NON_POSITIVE_PRICE,universe_daily,NSE_EQ|INE249Z01020,1d,8,8 bars with price <= 0
ERROR,NON_POSITIVE_PRICE,universe_daily,NSE_EQ|INE249Z01020,1w,8,8 bars with price <= 0
ERROR,NON_POSITIVE_PRICE,universe_daily,NSE_EQ|INE249Z01020,1mo,8,8 bars with price <= 0
ERROR,NON_POSITIVE_PRICE,universe_daily,NSE_EQ|INE347G01014,1d,1,1 bars with price <= 0
ERROR,NON_POSITIVE_PRICE,universe_daily,NSE_EQ|INE347G01014,1w,1,1 bars with price <= 0
ERROR,NON_POSITIVE_PRICE,universe_daily,NSE_EQ|INE347G01014,1mo,1,1 bars with price <= 0
WARN,GAP_DAILY_OLD,universe_daily,NSE_EQ|INE003A01024,1d,25,"25 older missing weekdays (longest run 22): 2004-05-24, 2004-05-25, 2004-05-26 (+22 more)"
WARN,GAP_DAILY_OLD,universe_daily,NSE_EQ|INE009A01021,1d,25,"25 older missing weekdays (longest run 22): 2004-05-24, 2004-05-25, 2004-05-26 (+22 more)"
WARN,GAP_DAILY_OLD,universe_daily,NSE_EQ|INE010B01027,1d,25,"25 older missing weekdays (longest run 22): 2004-05-24, 2004-05-25, 2004-05-26 (+22 more)"
WARN,GAP_DAILY_OLD,universe_daily,NSE_EQ|INE016A01026,1d,25,"25 older missing weekdays (longest run 22): 2004-05-24, 2004-05-25, 2004-05-26 (+22 more)"
WARN,GAP_DAILY_OLD,universe_daily,NSE_EQ|INE018A01030,1d,25,"25 older missing weekdays (longest run 22): 2004-05-24, 2004-05-25, 2004-05-26 (+22 more)"
WARN,GAP_DAILY_OLD,universe_daily,NSE_EQ|INE018E01016,1d,1262,"1262 older missing weekdays (longest run 737): 2015-01-30, 2015-02-02, 2015-02-03 (+1259 more)"
WARN,GAP_DAILY_OLD,universe_daily,NSE_EQ|INE021A01026,1d,25,"25 older missing weekdays (longest run 22): 2004-05-24, 2004-05-25, 2004-05-26 (+22 more)"
WARN,GAP_DAILY_OLD,universe_daily,NSE_EQ|INE028A01039,1d,25,"25 older missing weekdays (longest run 22): 2004-05-24, 2004-05-25, 2004-05-26 (+22 more)"
WARN,GAP_DAILY_OLD,universe_daily,NSE_EQ|INE029A01011,1d,25,"25 older missing weekdays (longest run 22): 2004-05-24, 2004-05-25, 2004-05-26 (+22 more)"
WARN,GAP_DAILY_OLD,universe_daily,NSE_EQ|INE030A01027,1d,25,"25 older missing weekdays (longest run 22): 2004-05-24, 2004-05-25, 2004-05-26 (+22 more)"
WARN,GAP_DAILY_OLD,universe_daily,NSE_EQ|INE038A01020,1d,25,"25 older missing weekdays (longest run 22): 2004-05-24, 2004-05-25, 2004-05-26 (+22 more)"
WARN,GAP_DAILY_OLD,universe_daily,NSE_EQ|INE040A01034,1d,25,"25 older missing weekdays (longest run 22): 2004-05-24, 2004-05-25, 2004-05-26 (+22 more)"
WARN,GAP_DAILY_OLD,universe_daily,NSE_EQ|INE044A01036,1d,25,"25 older missing weekdays (longest run 22): 2004-05-24, 2004-05-25, 2004-05-26 (+22 more)"
WARN,GAP_DAILY_OLD,universe_daily,NSE_EQ|INE047A01021,1d,25,"25 older missing weekdays (longest run 22): 2004-05-24, 2004-05-25, 2004-05-26 (+22 more)"
WARN,GAP_DAILY_OLD,universe_daily,NSE_EQ|INE053A01029,1d,25,"25 older missing weekdays (longest run 22): 2004-05-24, 2004-05-25, 2004-05-26 (+22 more)"
WARN,GAP_DAILY_OLD,universe_daily,NSE_EQ|INE059A01026,1d,25,"25 older missing weekdays (longest run 22): 2004-05-24, 2004-05-25, 2004-05-26 (+22 more)"
WARN,GAP_DAILY_OLD,universe_daily,NSE_EQ|INE062A01020,1d,25,"25 older missing weekdays (longest run 22): 2004-05-24, 2004-05-25, 2004-05-26 (+22 more)"
WARN,GAP_DAILY_OLD,universe_daily,NSE_EQ|INE066A01021,1d,25,"25 older missing weekdays (longest run 22): 2004-05-24, 2004-05-25, 2004-05-26 (+22 more)"
WARN,GAP_DAILY_OLD,universe_daily,NSE_EQ|INE067A01029,1d,25,"25 older missing weekdays (longest run 22): 2004-05-24, 2004-05-25, 2004-05-26 (+22 more)"
WARN,GAP_DAILY_OLD,universe_daily,NSE_EQ|INE070A01015,1d,25,"25 older missing weekdays (longest run 22): 2004-05-24, 2004-05-25, 2004-05-26 (+22 more)"
WARN,GAP_DAILY_OLD,universe_daily,NSE_EQ|INE075A01022,1d,25,"25 older missing weekdays (longest run 22): 2004-05-24, 2004-05-25, 2004-05-26 (+22 more)"
WARN,GAP_DAILY_OLD,universe_daily,NSE_EQ|INE079A01024,1d,25,"25 older missing weekdays (longest run 22): 2004-05-24, 2004-05-25, 2004-05-26 (+22 more)"
WARN,GAP_DAILY_OLD,universe_daily,NSE_EQ|INE081A01020,1d,25,"25 older missing weekdays (longest run 22): 2004-05-24, 2004-05-25, 2004-05-26 (+22 more)"
WARN,GAP_DAILY_OLD,universe_daily,NSE_EQ|INE084A01016,1d,25,"25 older missing weekdays (longest run 22): 2004-05-24, 2004-05-25, 2004-05-26 (+22 more)"
WARN,GAP_DAILY_OLD,universe_daily,NSE_EQ|INE090A01021,1d,25,"25 older missing weekdays (longest run 22): 2004-05-24, 2004-05-25, 2004-05-26 (+22 more)"
WARN,GAP_DAILY_OLD,universe_daily,NSE_EQ|INE094A01015,1d,25,"25 older missing weekdays (longest run 22): 2004-05-24, 2004-05-25, 2004-05-26 (+22 more)"
WARN,GAP_DAILY_OLD,universe_daily,NSE_EQ|INE095A01012,1d,25,"25 older missing weekdays (longest run 22): 2004-05-24, 2004-05-25, 2004-05-26 (+22 more)"
WARN,GAP_DAILY_OLD,universe_daily,NSE_EQ|INE101A01026,1d,25,"25 older missing weekdays (longest run 22): 2004-05-24, 2004-05-25, 2004-05-26 (+22 more)"
WARN,GAP_DAILY_OLD,universe_daily,NSE_EQ|INE102D01028,1d,25,"25 older missing weekdays (longest run 22): 2004-05-24, 2004-05-25, 2004-05-26 (+22 more)"
WARN,GAP_DAILY_OLD,universe_daily,NSE_EQ|INE111A01025,1d,25,"25 older missing weekdays (longest run 22): 2004-05-24, 2004-05-25, 2004-05-26 (+22 more)"
WARN,GAP_DAILY_OLD,universe_daily,NSE_EQ|INE114A01011,1d,25,"25 older missing weekdays (longest run 22): 2004-05-24, 2004-05-25, 2004-05-26 (+22 more)"
WARN,GAP_DAILY_OLD,universe_daily,NSE_EQ|INE115A01026,1d,25,"25 older missing weekdays (longest run 22): 2004-05-24, 2004-05-25, 2004-05-26 (+22 more)"
WARN,GAP_DAILY_OLD,universe_daily,NSE_EQ|INE117A01022,1d,25,"25 older missing weekdays (longest run 22): 2004-05-24, 2004-05-25, 2004-05-26 (+22 more)"
WARN,GAP_DAILY_OLD,universe_daily,NSE_EQ|INE118A01012,1d,25,"25 older missing weekdays (longest run 22): 2004-05-24, 2004-05-25, 2004-05-26 (+22 more)"
WARN,GAP_DAILY_OLD,universe_daily,NSE_EQ|INE121A01024,1d,25,"25 older missing weekdays (longest run 22): 2004-05-24, 2004-05-25, 2004-05-26 (+22 more)"
WARN,GAP_DAILY_OLD,universe_daily,NSE_EQ|INE129A01019,1d,25,"25 older missing weekdays (longest run 22): 2004-05-24, 2004-05-25, 2004-05-26 (+22 more)"
WARN,GAP_DAILY_OLD,universe_daily,NSE_EQ|INE138Y01010,1d,1133,"1133 older missing weekdays (longest run 525): 2018-05-30, 2018-05-31, 2018-06-01 (+1130 more)"
WARN,GAP_DAILY_OLD,universe_daily,NSE_EQ|INE139A01034,1d,25,"25 older missing weekdays (longest run 22): 2004-05-24, 2004-05-25, 2004-05-26 (+22 more)"
WARN,GAP_DAILY_OLD,universe_daily,NSE_EQ|INE148O01028,1d,1558,"1558 older missing weekdays (longest run 737): 2016-01-19, 2016-01-20, 2016-01-21 (+1555 more)"
WARN,GAP_DAILY_OLD,universe_daily,NSE_EQ|INE154A01025,1d,25,"25 older missing weekdays (longest run 22): 2004-05-24, 2004-05-25, 2004-05-26 (+22 more)"
WARN,GAP_DAILY_OLD,universe_daily,NSE_EQ|INE155A01022,1d,25,"25 older missing weekdays (longest run 22): 2004-05-24, 2004-05-25, 2004-05-26 (+22 more)"
WARN,GAP_DAILY_OLD,universe_daily,NSE_EQ|INE158A01026,1d,25,"25 older missing weekdays (longest run 22): 2004-05-24, 2004-05-25, 2004-05-26 (+22 more)"
WARN,GAP_DAILY_OLD,universe_daily,NSE_EQ|INE160A01022,1d,25,"25 older missing weekdays (longest run 22): 2004-05-24, 2004-05-25, 2004-05-26 (+22 more)"
WARN,GAP_DAILY_OLD,universe_daily,NSE_EQ|INE176B01034,1d,25,"25 older missing weekdays (longest run 22): 2004-05-24, 2004-05-25, 2004-05-26 (+22 more)"
WARN,GAP_DAILY_OLD,universe_daily,NSE_EQ|INE180A01020,1d,25,"25 older missing weekdays (longest run 22): 2004-05-24, 2004-05-25, 2004-05-26 (+22 more)"
WARN,GAP_DAILY_OLD,universe_daily,NSE_EQ|INE192A01025,1d,25,"25 older missing weekdays (longest run 22): 2004-05-24, 2004-05-25, 2004-05-26 (+22 more)"
WARN,GAP_DAILY_OLD,universe_daily,NSE_EQ|INE195A01028,1d,25,"25 older missing weekdays (longest run 22): 2004-05-24, 2004-05-25, 2004-05-26 (+22 more)"
WARN,GAP_DAILY_OLD,universe_daily,NSE_EQ|INE196A01026,1d,25,"25 older missing weekdays (longest run 22): 2004-05-24, 2004-05-25, 2004-05-26 (+22 more)"
WARN,GAP_DAILY_OLD,universe_daily,NSE_EQ|INE205A01025,1d,25,"25 older missing weekdays (longest run 22): 2004-05-24, 2004-05-25, 2004-05-26 (+22 more)"
WARN,GAP_DAILY_OLD,universe_daily,NSE_EQ|INE208A01029,1d,25,"25 older missing weekdays (longest run 22): 2004-05-24, 2004-05-25, 2004-05-26 (+22 more)"
WARN,GAP_DAILY_OLD,universe_daily,NSE_EQ|INE213A01029,1d,25,"25 older missing weekdays (longest run 22): 2004-05-24, 2004-05-25, 2004-05-26 (+22 more)"
WARN,GAP_DAILY_OLD,universe_daily,NSE_EQ|INE216A01030,1d,25,"25 older missing weekdays (longest run 22): 2004-05-24, 2004-05-25, 2004-05-26 (+22 more)"
WARN,GAP_DAILY_OLD,universe_daily,NSE_EQ|INE226A01021,1d,25,"25 older missing weekdays (longest run 22): 2004-05-24, 2004-05-25, 2004-05-26 (+22 more)"
WARN,GAP_DAILY_OLD,universe_daily,NSE_EQ|INE237A01036,1d,25,"25 older missing weekdays (longest run 22): 2004-05-24, 2004-05-25, 2004-05-26 (+22 more)"
WARN,GAP_DAILY_OLD,universe_daily,NSE_EQ|INE238A01034,1d,25,"25 older missing weekdays (longest run 22): 2004-05-24, 2004-05-25, 2004-05-26 (+22 more)"
WARN,GAP_DAILY_OLD,universe_daily,NSE_EQ|INE242A01010,1d,25,"25 older missing weekdays (longest run 22): 2004-05-24, 2004-05-25, 2004-05-26 (+22 more)"
WARN,GAP_DAILY_OLD,universe_daily,NSE_EQ|INE245A01021,1d,25,"25 older missing weekdays (longest run 22): 2004-05-24, 2004-05-25, 2004-05-26 (+22 more)"
WARN,GAP_DAILY_OLD,universe_daily,NSE_EQ|INE249Z01020,1d,695,"695 older missing weekdays (longest run 321): 2017-12-05, 2017-12-06, 2017-12-07 (+692 more)"
WARN,GAP_DAILY_OLD,universe_daily,NSE_EQ|INE257A01026,1d,25,"25 older missing weekdays (longest run 22): 2004-05-24, 2004-05-25, 2004-05-26 (+22 more)"
WARN,GAP_DAILY_OLD,universe_daily,NSE_EQ|INE259A01022,1d,25,"25 older missing weekdays (longest run 22): 2004-05-24, 2004-05-25, 2004-05-26 (+22 more)"
WARN,GAP_DAILY_OLD,universe_daily,NSE_EQ|INE260B01028,1d,25,"25 older missing weekdays (longest run 22): 2004-05-24, 2004-05-25, 2004-05-26 (+22 more)"
WARN,GAP_DAILY_OLD,universe_daily,NSE_EQ|INE263A01024,1d,25,"25 older missing weekdays (longest run 22): 2004-05-24, 2004-05-25, 2004-05-26 (+22 more)"
WARN,GAP_DAILY_OLD,universe_daily,NSE_EQ|INE267A01025,1d,910,"910 older missing weekdays (longest run 162): 2003-04-01, 2003-04-02, 2003-04-03 (+907 more)"
WARN,GAP_DAILY_OLD,universe_daily,NSE_EQ|INE280A01028,1d,25,"25 older missing weekdays (longest run 22): 2004-05-24, 2004-05-25, 2004-05-26 (+22 more)"
WARN,GAP_DAILY_OLD,universe_daily,NSE_EQ|INE296A01032,1d,25,"25 older missing weekdays (longest run 22): 2004-05-24, 2004-05-25, 2004-05-26 (+22 more)"
WARN,GAP_DAILY_OLD,universe_daily,NSE_EQ|INE298A01020,1d,25,"25 older missing weekdays (longest run 22): 2004-05-24, 2004-05-25, 2004-05-26 (+22 more)"
WARN,GAP_DAILY_OLD,universe_daily,NSE_EQ|INE318A01026,1d,25,"25 older missing weekdays (longest run 22): 2004-05-24, 2004-05-25, 2004-05-26 (+22 more)"
WARN,GAP_DAILY_OLD,universe_daily,NSE_EQ|INE323A01026,1d,25,"25 older missing weekdays (longest run 22): 2004-05-24, 2004-05-25, 2004-05-26 (+22 more)"
WARN,GAP_DAILY_OLD,universe_daily,NSE_EQ|INE326A01037,1d,25,"25 older missing weekdays (longest run 22): 2004-05-24, 2004-05-25, 2004-05-26 (+22 more)"
WARN,GAP_DAILY_OLD,universe_daily,NSE_EQ|INE347G01014,1d,25,"25 older missing weekdays (longest run 22): 2004-05-24, 2004-05-25, 2004-05-26 (+22 more)"
WARN,GAP_DAILY_OLD,universe_daily,NSE_EQ|INE356A01018,1d,25,"25 older missing weekdays (longest run 22): 2004-05-24, 2004-05-25, 2004-05-26 (+22 more)"
WARN,GAP_DAILY_OLD,universe_daily,NSE_EQ|INE361B01024,1d,25,"25 older missing weekdays (longest run 22): 2004-05-24, 2004-05-25, 2004-05-26 (+22 more)"
WARN,GAP_DAILY_OLD,universe_daily,NSE_EQ|INE376G01013,1d,25,"25 older missing weekdays (longest run 22): 2004-05-24, 2004-05-25, 2004-05-26 (+22 more)"
WARN,GAP_DAILY_OLD,universe_daily,NSE_EQ|INE397D01024,1d,25,"25 older missing weekdays (longest run 22): 2004-05-24, 2004-05-25, 2004-05-26 (+22 more)"
WARN,GAP_DAILY_OLD,universe_daily,NSE_EQ|INE406A01037,1d,25,"25 older missing weekdays (longest run 22): 2004-05-24, 2004-05-25, 2004-05-26 (+22 more)"
WARN,GAP_DAILY_OLD,universe_daily,NSE_EQ|INE437A01024,1d,25,"25 older missing weekdays (longest run 22): 2004-05-24, 2004-05-25, 2004-05-26 (+22 more)"
WARN,GAP_DAILY_OLD,universe_daily,NSE_EQ|INE451A01017,1d,74,"74 older missing weekdays (longest run 47): 2023-10-26, 2023-10-27, 2023-10-30 (+71 more)"
WARN,GAP_DAILY_OLD,universe_daily,NSE_EQ|INE465A01025,1d,25,"25 older missing weekdays (longest run 22): 2004-05-24, 2004-05-25, 2004-05-26 (+22 more)"
WARN,GAP_DAILY_OLD,universe_daily,NSE_EQ|INE466L01038,1d,908,"908 older missing weekdays (longest run 713): 2016-01-14, 2016-01-15, 2016-01-18 (+905 more)"
WARN,GAP_DAILY_OLD,universe_daily,NSE_EQ|INE472A01039,1d,25,"25 older missing weekdays (longest run 22): 2004-05-24, 2004-05-25, 2004-05-26 (+22 more)"
WARN,GAP_DAILY_OLD,universe_daily,NSE_EQ|INE476A01022,1d,25,"25 older missing weekdays (longest run 22): 2004-05-24, 2004-05-25, 2004-05-26 (+22 more)"
WARN,GAP_DAILY_OLD,universe_daily,NSE_EQ|INE494B01023,1d,25,"25 older missing weekdays (longest run 22): 2004-05-24, 2004-05-25, 2004-05-26 (+22 more)"
WARN,GAP_DAILY_OLD,universe_daily,NSE_EQ|INE585B01010,1d,25,"25 older missing weekdays (longest run 22): 2004-05-24, 2004-05-25, 2004-05-26 (+22 more)"
WARN,GAP_DAILY_OLD,universe_daily,NSE_EQ|INE628A01036,1d,25,"25 older missing weekdays (longest run 22): 2004-05-24, 2004-05-25, 2004-05-26 (+22 more)"
WARN,GAP_DAILY_OLD,universe_daily,NSE_EQ|INE647A01010,1d,25,"25 older missing weekdays (longest run 22): 2004-05-24, 2004-05-25, 2004-05-26 (+22 more)"
WARN,GAP_DAILY_OLD,universe_daily,NSE_EQ|INE670A01012,1d,25,"25 older missing weekdays (longest run 22): 2004-05-24, 2004-05-25, 2004-05-26 (+22 more)"
WARN,GAP_DAILY_OLD,universe_daily,NSE_EQ|INE685A01028,1d,25,"25 older missing weekdays (longest run 22): 2004-05-24, 2004-05-25, 2004-05-26 (+22 more)"
WARN,GAP_DAILY_OLD,universe_daily,NSE_EQ|INE692A01016,1d,25,"25 older missing weekdays (longest run 22): 2004-05-24, 2004-05-25, 2004-05-26 (+22 more)"
WARN,GAP_DAILY_OLD,universe_daily,NSE_EQ|INE721A01047,1d,25,"25 older missing weekdays (longest run 22): 2004-05-24, 2004-05-25, 2004-05-26 (+22 more)"
WARN,GAP_DAILY_OLD,universe_daily,NSE_EQ|INE732I01021,1d,1111,"1111 older missing weekdays (longest run 222): 2016-01-15, 2016-01-18, 2016-01-19 (+1108 more)"
WARN,GAP_DAILY_OLD,universe_daily,NSE_EQ|INE749A01030,1d,25,"25 older missing weekdays (longest run 22): 2004-05-24, 2004-05-25, 2004-05-26 (+22 more)"
WARN,GAP_DAILY_OLD,universe_daily,NSE_EQ|INE775A01035,1d,25,"25 older missing weekdays (longest run 22): 2004-05-24, 2004-05-25, 2004-05-26 (+22 more)"
WARN,GAP_DAILY_OLD,universe_daily,NSE_EQ|INE849A01020,1d,25,"25 older missing weekdays (longest run 22): 2004-05-24, 2004-05-25, 2004-05-26 (+22 more)"
WARN,GAP_DAILY_OLD,universe_daily,NSE_EQ|INE854D01024,1d,26,"26 older missing weekdays (longest run 22): 2004-05-24, 2004-05-25, 2004-05-26 (+23 more)"
WARN,GAP_DAILY_OLD,universe_daily,NSE_EQ|INE860A01027,1d,25,"25 older missing weekdays (longest run 22): 2004-05-24, 2004-05-25, 2004-05-26 (+22 more)"
WARN,GAP_DAILY_OLD,universe_daily,NSE_EQ|INE881D01027,1d,25,"25 older missing weekdays (longest run 22): 2004-05-24, 2004-05-25, 2004-05-26 (+22 more)"
WARN,GAP_DAILY_OLD,universe_daily,NSE_EQ|INE935A01035,1d,25,"25 older missing weekdays (longest run 22): 2004-05-24, 2004-05-25, 2004-05-26 (+22 more)"
WARN,GAP_DAILY_OLD,universe_daily,NSE_EQ|INE944F01028,1d,25,"25 older missing weekdays (longest run 22): 2004-05-24, 2004-05-25, 2004-05-26 (+22 more)"
WARN,INTRADAY_DAILY_CLOSE,stocks_intraday,NSE_EQ|INE00H001014,5m,29,29/267 full days: last intraday close vs daily close > 0.5%; worst 2025-09-19 intraday 471.00 vs daily 458.45 (+2.74%)
WARN,INTRADAY_DAILY_CLOSE,stocks_intraday,NSE_EQ|INE00H001014,15m,29,29/267 full days: last intraday close vs daily close > 0.5%; worst 2025-09-19 intraday 471.00 vs daily 458.45 (+2.74%)
WARN,INTRADAY_DAILY_CLOSE,stocks_intraday,NSE_EQ|INE00H001014,60m,29,29/267 full days: last intraday close vs daily close > 0.5%; worst 2025-09-19 intraday 471.00 vs daily 458.45 (+2.74%)
WARN,INTRADAY_DAILY_CLOSE,stocks_intraday,NSE_EQ|INE00R701025,5m,33,33/267 full days: last intraday close vs daily close > 0.5%; worst 2026-03-13 intraday 1890.00 vs daily 1839.90 (+2.72%)
WARN,INTRADAY_DAILY_CLOSE,stocks_intraday,NSE_EQ|INE00R701025,15m,33,33/267 full days: last intraday close vs daily close > 0.5%; worst 2026-03-13 intraday 1890.00 vs daily 1839.90 (+2.72%)
WARN,INTRADAY_DAILY_CLOSE,stocks_intraday,NSE_EQ|INE00R701025,60m,33,33/267 full days: last intraday close vs daily close > 0.5%; worst 2026-03-13 intraday 1890.00 vs daily 1839.90 (+2.72%)
WARN,INTRADAY_DAILY_CLOSE,stocks_intraday,NSE_EQ|INE021A01026,5m,6,6/267 full days: last intraday close vs daily close > 0.5%; worst 2025-11-12 intraday 2832.00 vs daily 2769.80 (+2.25%)
WARN,INTRADAY_DAILY_CLOSE,stocks_intraday,NSE_EQ|INE021A01026,15m,6,6/267 full days: last intraday close vs daily close > 0.5%; worst 2025-11-12 intraday 2832.00 vs daily 2769.80 (+2.25%)
WARN,INTRADAY_DAILY_CLOSE,stocks_intraday,NSE_EQ|INE021A01026,60m,6,6/267 full days: last intraday close vs daily close > 0.5%; worst 2025-11-12 intraday 2832.00 vs daily 2769.80 (+2.25%)
WARN,INTRADAY_DAILY_CLOSE,stocks_intraday,NSE_EQ|INE070A01015,5m,20,20/267 full days: last intraday close vs daily close > 0.5%; worst 2026-07-31 intraday 26590.00 vs daily 26055.00 (+2.05%)
WARN,INTRADAY_DAILY_CLOSE,stocks_intraday,NSE_EQ|INE070A01015,15m,20,20/267 full days: last intraday close vs daily close > 0.5%; worst 2026-07-31 intraday 26590.00 vs daily 26055.00 (+2.05%)
WARN,INTRADAY_DAILY_CLOSE,stocks_intraday,NSE_EQ|INE070A01015,60m,20,20/267 full days: last intraday close vs daily close > 0.5%; worst 2026-07-31 intraday 26590.00 vs daily 26055.00 (+2.05%)
WARN,INTRADAY_DAILY_CLOSE,stocks_intraday,NSE_EQ|INE0V6F01027,5m,20,20/267 full days: last intraday close vs daily close > 0.5%; worst 2026-05-29 intraday 1982.00 vs daily 1924.00 (+3.01%)
WARN,INTRADAY_DAILY_CLOSE,stocks_intraday,NSE_EQ|INE0V6F01027,15m,20,20/267 full days: last intraday close vs daily close > 0.5%; worst 2026-05-29 intraday 1982.00 vs daily 1924.00 (+3.01%)
WARN,INTRADAY_DAILY_CLOSE,stocks_intraday,NSE_EQ|INE0V6F01027,60m,20,20/267 full days: last intraday close vs daily close > 0.5%; worst 2026-05-29 intraday 1982.00 vs daily 1924.00 (+3.01%)
WARN,INTRADAY_DAILY_CLOSE,stocks_intraday,NSE_EQ|INE118A01012,5m,19,19/267 full days: last intraday close vs daily close > 0.5%; worst 2025-09-30 intraday 12000.00 vs daily 12247.00 (-2.02%)
WARN,INTRADAY_DAILY_CLOSE,stocks_intraday,NSE_EQ|INE118A01012,15m,19,19/267 full days: last intraday close vs daily close > 0.5%; worst 2025-09-30 intraday 12000.00 vs daily 12247.00 (-2.02%)
WARN,INTRADAY_DAILY_CLOSE,stocks_intraday,NSE_EQ|INE118A01012,60m,19,19/267 full days: last intraday close vs daily close > 0.5%; worst 2025-09-30 intraday 12000.00 vs daily 12247.00 (-2.02%)
WARN,INTRADAY_DAILY_CLOSE,stocks_intraday,NSE_EQ|INE123W01016,5m,10,10/267 full days: last intraday close vs daily close > 0.5%; worst 2025-11-24 intraday 2075.00 vs daily 2014.80 (+2.99%)
WARN,INTRADAY_DAILY_CLOSE,stocks_intraday,NSE_EQ|INE123W01016,15m,10,10/267 full days: last intraday close vs daily close > 0.5%; worst 2025-11-24 intraday 2075.00 vs daily 2014.80 (+2.99%)
WARN,INTRADAY_DAILY_CLOSE,stocks_intraday,NSE_EQ|INE123W01016,60m,10,10/267 full days: last intraday close vs daily close > 0.5%; worst 2025-11-24 intraday 2075.00 vs daily 2014.80 (+2.99%)
WARN,INTRADAY_DAILY_CLOSE,stocks_intraday,NSE_EQ|INE200A01026,5m,37,37/267 full days: last intraday close vs daily close > 0.5%; worst 2026-05-29 intraday 5000.00 vs daily 5148.60 (-2.89%)
WARN,INTRADAY_DAILY_CLOSE,stocks_intraday,NSE_EQ|INE200A01026,15m,37,37/267 full days: last intraday close vs daily close > 0.5%; worst 2026-05-29 intraday 5000.00 vs daily 5148.60 (-2.89%)
WARN,INTRADAY_DAILY_CLOSE,stocks_intraday,NSE_EQ|INE200A01026,60m,37,37/267 full days: last intraday close vs daily close > 0.5%; worst 2026-05-29 intraday 5000.00 vs daily 5148.60 (-2.89%)
WARN,INTRADAY_DAILY_CLOSE,stocks_intraday,NSE_EQ|INE262H01021,5m,11,11/267 full days: last intraday close vs daily close > 0.5%; worst 2026-03-16 intraday 4848.90 vs daily 4638.80 (+4.53%)
WARN,INTRADAY_DAILY_CLOSE,stocks_intraday,NSE_EQ|INE262H01021,15m,11,11/267 full days: last intraday close vs daily close > 0.5%; worst 2026-03-16 intraday 4848.90 vs daily 4638.80 (+4.53%)
WARN,INTRADAY_DAILY_CLOSE,stocks_intraday,NSE_EQ|INE262H01021,60m,11,11/267 full days: last intraday close vs daily close > 0.5%; worst 2026-03-16 intraday 4848.90 vs daily 4638.80 (+4.53%)
WARN,INTRADAY_DAILY_CLOSE,stocks_intraday,NSE_EQ|INE298J01013,5m,41,41/267 full days: last intraday close vs daily close > 0.5%; worst 2025-12-18 intraday 888.30 vs daily 915.65 (-2.99%)
WARN,INTRADAY_DAILY_CLOSE,stocks_intraday,NSE_EQ|INE298J01013,15m,41,41/267 full days: last intraday close vs daily close > 0.5%; worst 2025-12-18 intraday 888.30 vs daily 915.65 (-2.99%)
WARN,INTRADAY_DAILY_CLOSE,stocks_intraday,NSE_EQ|INE298J01013,60m,41,41/267 full days: last intraday close vs daily close > 0.5%; worst 2025-12-18 intraday 888.30 vs daily 915.65 (-2.99%)
WARN,INTRADAY_DAILY_CLOSE,stocks_intraday,NSE_EQ|INE343H01029,5m,12,12/267 full days: last intraday close vs daily close > 0.5%; worst 2025-12-30 intraday 12290.00 vs daily 12028.00 (+2.18%)
WARN,INTRADAY_DAILY_CLOSE,stocks_intraday,NSE_EQ|INE343H01029,15m,12,12/267 full days: last intraday close vs daily close > 0.5%; worst 2025-12-30 intraday 12290.00 vs daily 12028.00 (+2.18%)
WARN,INTRADAY_DAILY_CLOSE,stocks_intraday,NSE_EQ|INE343H01029,60m,12,12/267 full days: last intraday close vs daily close > 0.5%; worst 2025-12-30 intraday 12290.00 vs daily 12028.00 (+2.18%)
WARN,INTRADAY_DAILY_CLOSE,stocks_intraday,NSE_EQ|INE417T01026,5m,26,26/267 full days: last intraday close vs daily close > 0.5%; worst 2026-01-23 intraday 1712.00 vs daily 1673.90 (+2.28%)
WARN,INTRADAY_DAILY_CLOSE,stocks_intraday,NSE_EQ|INE417T01026,15m,26,26/267 full days: last intraday close vs daily close > 0.5%; worst 2026-01-23 intraday 1712.00 vs daily 1673.90 (+2.28%)
WARN,INTRADAY_DAILY_CLOSE,stocks_intraday,NSE_EQ|INE417T01026,60m,26,26/267 full days: last intraday close vs daily close > 0.5%; worst 2026-01-23 intraday 1712.00 vs daily 1673.90 (+2.28%)
WARN,INTRADAY_DAILY_CLOSE,stocks_intraday,NSE_EQ|INE481G01011,5m,5,5/267 full days: last intraday close vs daily close > 0.5%; worst 2025-12-01 intraday 12013.00 vs daily 11662.00 (+3.01%)
WARN,INTRADAY_DAILY_CLOSE,stocks_intraday,NSE_EQ|INE481G01011,15m,5,5/267 full days: last intraday close vs daily close > 0.5%; worst 2025-12-01 intraday 12013.00 vs daily 11662.00 (+3.01%)
WARN,INTRADAY_DAILY_CLOSE,stocks_intraday,NSE_EQ|INE481G01011,60m,5,5/267 full days: last intraday close vs daily close > 0.5%; worst 2025-12-01 intraday 12013.00 vs daily 11662.00 (+3.01%)
WARN,INTRADAY_DAILY_CLOSE,stocks_intraday,NSE_EQ|INE522D01027,5m,18,18/267 full days: last intraday close vs daily close > 0.5%; worst 2026-01-09 intraday 293.00 vs daily 285.85 (+2.50%)
WARN,INTRADAY_DAILY_CLOSE,stocks_intraday,NSE_EQ|INE522D01027,15m,18,18/267 full days: last intraday close vs daily close > 0.5%; worst 2026-01-09 intraday 293.00 vs daily 285.85 (+2.50%)
WARN,INTRADAY_DAILY_CLOSE,stocks_intraday,NSE_EQ|INE522D01027,60m,18,18/267 full days: last intraday close vs daily close > 0.5%; worst 2026-01-09 intraday 293.00 vs daily 285.85 (+2.50%)
WARN,INTRADAY_DAILY_CLOSE,stocks_intraday,NSE_EQ|INE646L01027,5m,8,8/267 full days: last intraday close vs daily close > 0.5%; worst 2025-09-29 intraday 5571.00 vs daily 5707.00 (-2.38%)
WARN,INTRADAY_DAILY_CLOSE,stocks_intraday,NSE_EQ|INE646L01027,15m,8,8/267 full days: last intraday close vs daily close > 0.5%; worst 2025-09-29 intraday 5571.00 vs daily 5707.00 (-2.38%)
WARN,INTRADAY_DAILY_CLOSE,stocks_intraday,NSE_EQ|INE646L01027,60m,8,8/267 full days: last intraday close vs daily close > 0.5%; worst 2025-09-29 intraday 5571.00 vs daily 5707.00 (-2.38%)
WARN,INTRADAY_DAILY_CLOSE,stocks_intraday,NSE_EQ|INE669C01036,5m,4,4/267 full days: last intraday close vs daily close > 0.5%; worst 2026-03-30 intraday 1414.70 vs daily 1384.00 (+2.22%)
WARN,INTRADAY_DAILY_CLOSE,stocks_intraday,NSE_EQ|INE669C01036,15m,4,4/267 full days: last intraday close vs daily close > 0.5%; worst 2026-03-30 intraday 1414.70 vs daily 1384.00 (+2.22%)
WARN,INTRADAY_DAILY_CLOSE,stocks_intraday,NSE_EQ|INE669C01036,60m,4,4/267 full days: last intraday close vs daily close > 0.5%; worst 2026-03-30 intraday 1414.70 vs daily 1384.00 (+2.22%)
WARN,INTRADAY_DAILY_CLOSE,stocks_intraday,NSE_EQ|INE758T01015,5m,11,11/267 full days: last intraday close vs daily close > 0.5%; worst 2025-10-16 intraday 340.50 vs daily 347.85 (-2.11%)
WARN,INTRADAY_DAILY_CLOSE,stocks_intraday,NSE_EQ|INE758T01015,15m,11,11/267 full days: last intraday close vs daily close > 0.5%; worst 2025-10-16 intraday 340.50 vs daily 347.85 (-2.11%)
WARN,INTRADAY_DAILY_CLOSE,stocks_intraday,NSE_EQ|INE758T01015,60m,11,11/267 full days: last intraday close vs daily close > 0.5%; worst 2025-10-16 intraday 340.50 vs daily 347.85 (-2.11%)
WARN,INTRADAY_DAILY_CLOSE,stocks_intraday,NSE_EQ|INE775A01035,5m,11,11/267 full days: last intraday close vs daily close > 0.5%; worst 2026-05-29 intraday 151.01 vs daily 145.74 (+3.62%)
WARN,INTRADAY_DAILY_CLOSE,stocks_intraday,NSE_EQ|INE775A01035,15m,11,11/267 full days: last intraday close vs daily close > 0.5%; worst 2026-05-29 intraday 151.01 vs daily 145.74 (+3.62%)
WARN,INTRADAY_DAILY_CLOSE,stocks_intraday,NSE_EQ|INE775A01035,60m,11,11/267 full days: last intraday close vs daily close > 0.5%; worst 2026-05-29 intraday 151.01 vs daily 145.74 (+3.62%)
WARN,INTRADAY_DAILY_CLOSE,stocks_intraday,NSE_EQ|INE935N01020,5m,11,11/267 full days: last intraday close vs daily close > 0.5%; worst 2026-07-31 intraday 13751.00 vs daily 14049.00 (-2.12%)
WARN,INTRADAY_DAILY_CLOSE,stocks_intraday,NSE_EQ|INE935N01020,15m,11,11/267 full days: last intraday close vs daily close > 0.5%; worst 2026-07-31 intraday 13751.00 vs daily 14049.00 (-2.12%)
WARN,INTRADAY_DAILY_CLOSE,stocks_intraday,NSE_EQ|INE935N01020,60m,11,11/267 full days: last intraday close vs daily close > 0.5%; worst 2026-07-31 intraday 13751.00 vs daily 14049.00 (-2.12%)
WARN,INTRADAY_DAILY_HL,stocks_intraday,NSE_EQ|INE195A01028,5m,1,1/267 full days: intraday high/low != daily; worst 2026-09-04 low intraday 3482.20 vs daily 3475.00 (+0.21%)
WARN,INTRADAY_DAILY_HL,stocks_intraday,NSE_EQ|INE195A01028,15m,1,1/267 full days: intraday high/low != daily; worst 2026-09-04 low intraday 3482.20 vs daily 3475.00 (+0.21%)
WARN,INTRADAY_DAILY_HL,stocks_intraday,NSE_EQ|INE195A01028,60m,1,1/267 full days: intraday high/low != daily; worst 2026-09-04 low intraday 3482.20 vs daily 3475.00 (+0.21%)
WARN,INTRADAY_DAILY_HL,index_intraday,NSE_INDEX|Nifty 50,5m,3,3/1087 full days: intraday high/low != daily; worst 2022-03-07 high intraday 16174.45 vs daily 15944.60 (+1.44%)
WARN,INTRADAY_DAILY_HL,index_intraday,NSE_INDEX|Nifty 50,15m,3,3/1087 full days: intraday high/low != daily; worst 2022-03-07 high intraday 16174.45 vs daily 15944.60 (+1.44%)
WARN,INTRADAY_DAILY_HL,index_intraday,NSE_INDEX|Nifty 50,60m,3,3/1087 full days: intraday high/low != daily; worst 2022-03-07 high intraday 16174.45 vs daily 15944.60 (+1.44%)
WARN,OHLC_INVALID,universe_daily,NSE_EQ|INE090A01021,1d,1,"1 invalid bars, first on 2004-11-29"
WARN,POST_CLOSE_BARS,index_intraday,NSE_INDEX|Nifty 50,5m,130,130 bars at/after 15:30 on 92 days (2022-03-24 .. 2025-05-21); drop when reading
WARN,POST_CLOSE_BARS,index_intraday,NSE_INDEX|Nifty 50,15m,106,106 bars at/after 15:30 on 92 days (2022-03-24 .. 2025-05-21); drop when reading
WARN,POST_CLOSE_BARS,index_intraday,NSE_INDEX|Nifty 50,60m,3,3 bars at/after 15:30 on 3 days (2022-10-24 .. 2024-11-01); drop when reading
WARN,PRICE_JUMP,universe_daily,NSE_EQ|INE003A01024,1d,1,1 daily moves >25%; latest: 2025-04-07 -42.9%
WARN,PRICE_JUMP,universe_daily,NSE_EQ|INE009A01021,1d,1,1 daily moves >25%; latest: 2003-04-10 -26.6%
WARN,PRICE_JUMP,universe_daily,NSE_EQ|INE018E01016,1d,1,1 daily moves >25%; latest: 2020-03-16 +117.7%
WARN,PRICE_JUMP,universe_daily,NSE_EQ|INE019A01038,1d,1,1 daily moves >25%; latest: 2008-10-31 +33.7%
WARN,PRICE_JUMP,universe_daily,NSE_EQ|INE020B01018,1d,1,1 daily moves >25%; latest: 2024-06-04 -25.2%
WARN,PRICE_JUMP,universe_daily,NSE_EQ|INE022Q01020,1d,1,1 daily moves >25%; latest: 2025-07-24 -29.6%
WARN,PRICE_JUMP,universe_daily,NSE_EQ|INE028A01039,1d,1,1 daily moves >25%; latest: 2017-10-25 +31.4%
WARN,PRICE_JUMP,universe_daily,NSE_EQ|INE029A01011,1d,1,1 daily moves >25%; latest: 2007-11-15 +28.0%
WARN,PRICE_JUMP,universe_daily,NSE_EQ|INE040A01034,1d,1,1 daily moves >25%; latest: 2004-05-18 +25.7%
WARN,PRICE_JUMP,universe_daily,NSE_EQ|INE040H01021,1d,4,"4 daily moves >25%; latest: 2013-02-28 -33.9%, 2019-02-22 +29.3%, 2019-03-05 +25.7%"
WARN,PRICE_JUMP,universe_daily,NSE_EQ|INE062A01020,1d,1,1 daily moves >25%; latest: 2017-10-25 +27.7%
WARN,PRICE_JUMP,universe_daily,NSE_EQ|INE067A01029,1d,3,"3 daily moves >25%; latest: 2015-01-01 +190.7%, 2016-03-15 -71.7%, 2019-02-13 -29.8%"
WARN,PRICE_JUMP,universe_daily,NSE_EQ|INE084A01016,1d,2,"2 daily moves >25%; latest: 2004-06-23 -26.5%, 2017-10-25 +34.1%"
WARN,PRICE_JUMP,universe_daily,NSE_EQ|INE094A01015,1d,1,1 daily moves >25%; latest: 2018-10-05 -25.8%
WARN,PRICE_JUMP,universe_daily,NSE_EQ|INE095A01012,1d,2,"2 daily moves >25%; latest: 2020-03-26 +44.7%, 2025-03-11 -27.2%"
WARN,PRICE_JUMP,universe_daily,NSE_EQ|INE111A01025,1d,1,1 daily moves >25%; latest: 2015-01-01 +25.4%
WARN,PRICE_JUMP,universe_daily,NSE_EQ|INE114A01011,1d,2,"2 daily moves >25%; latest: 2003-08-18 +30.1%, 2004-06-23 -25.8%"
WARN,PRICE_JUMP,universe_daily,NSE_EQ|INE115A01026,1d,4,"4 daily moves >25%; latest: 2003-06-19 +28.4%, 2007-10-29 +36.7%, 2008-12-03 +28.4%"
WARN,PRICE_JUMP,universe_daily,NSE_EQ|INE121A01024,1d,1,1 daily moves >25%; latest: 2020-03-23 -29.6%
WARN,PRICE_JUMP,universe_daily,NSE_EQ|INE129A01019,1d,2,"2 daily moves >25%; latest: 2004-05-17 -30.4%, 2004-05-18 +48.8%"
WARN,PRICE_JUMP,universe_daily,NSE_EQ|INE138Y01010,1d,1,1 daily moves >25%; latest: 2022-12-29 +2944.8%
WARN,PRICE_JUMP,universe_daily,NSE_EQ|INE148O01028,1d,2,"2 daily moves >25%; latest: 2016-03-08 -34.3%, 2022-05-24 +9227.8%"
WARN,PRICE_JUMP,universe_daily,NSE_EQ|INE155A01022,1d,1,1 daily moves >25%; latest: 2025-10-14 -40.2%
WARN,PRICE_JUMP,universe_daily,NSE_EQ|INE160A01022,1d,1,1 daily moves >25%; latest: 2017-10-25 +46.2%
WARN,PRICE_JUMP,universe_daily,NSE_EQ|INE171A01029,1d,1,1 daily moves >25%; latest: 2004-11-29 -65.1%
WARN,PRICE_JUMP,universe_daily,NSE_EQ|INE176B01034,1d,3,"3 daily moves >25%; latest: 2003-12-30 +104.6%, 2003-12-31 -49.8%, 2009-05-06 +36.0%"
WARN,PRICE_JUMP,universe_daily,NSE_EQ|INE180A01020,1d,4,"4 daily moves >25%; latest: 2015-01-01 +33.5%, 2016-01-27 -26.1%, 2020-03-23 -29.2%"
WARN,PRICE_JUMP,universe_daily,NSE_EQ|INE205A01025,1d,23,"23 daily moves >25%; latest: 2008-01-21 -26.1%, 2016-02-15 +28.5%, 2026-04-30 -64.9%"
WARN,PRICE_JUMP,universe_daily,NSE_EQ|INE208A01029,1d,52,"52 daily moves >25%; latest: 2009-05-19 +25.6%, 2020-03-19 -27.3%, 2020-03-26 +28.5%"
WARN,PRICE_JUMP,universe_daily,NSE_EQ|INE238A01034,1d,1,1 daily moves >25%; latest: 2020-03-23 -27.9%
WARN,PRICE_JUMP,universe_daily,NSE_EQ|INE245A01021,1d,1,1 daily moves >25%; latest: 2004-06-23 -25.2%
WARN,PRICE_JUMP,universe_daily,NSE_EQ|INE249Z01020,1d,1,1 daily moves >25%; latest: 2020-10-12 +inf%
WARN,PRICE_JUMP,universe_daily,NSE_EQ|INE267A01025,1d,1,1 daily moves >25%; latest: 2006-11-21 +5906.9%
WARN,PRICE_JUMP,universe_daily,NSE_EQ|INE271C01023,1d,2,"2 daily moves >25%; latest: 2009-05-18 +25.0%, 2014-10-14 -28.6%"
WARN,PRICE_JUMP,universe_daily,NSE_EQ|INE280A01028,1d,1,1 daily moves >25%; latest: 2005-10-31 +25.7%
WARN,PRICE_JUMP,universe_daily,NSE_EQ|INE296A01032,1d,35,"35 daily moves >25%; latest: 2009-05-29 +50.0%, 2009-07-17 +33.3%, 2009-07-27 +33.3%"
WARN,PRICE_JUMP,universe_daily,NSE_EQ|INE323A01026,1d,2,"2 daily moves >25%; latest: 2004-07-08 +861.3%, 2004-07-09 -89.6%"
WARN,PRICE_JUMP,universe_daily,NSE_EQ|INE347G01014,1d,11,"11 daily moves >25%; latest: 2005-01-07 +30.7%, 2006-10-05 +28.2%, 2008-01-21 -25.5%"
WARN,PRICE_JUMP,universe_daily,NSE_EQ|INE356A01018,1d,1,1 daily moves >25%; latest: 2011-02-25 -28.1%
WARN,PRICE_JUMP,universe_daily,NSE_EQ|INE397D01024,1d,1,1 daily moves >25%; latest: 2009-05-18 +25.4%
WARN,PRICE_JUMP,universe_daily,NSE_EQ|INE406A01037,1d,2,"2 daily moves >25%; latest: 2003-10-23 +88.0%, 2003-10-27 -49.3%"
WARN,PRICE_JUMP,universe_daily,NSE_EQ|INE417T01026,1d,1,1 daily moves >25%; latest: 2026-09-24 -36.0%
WARN,PRICE_JUMP,universe_daily,NSE_EQ|INE423A01024,1d,5,"5 daily moves >25%; latest: 2019-05-20 +27.4%, 2023-02-01 -28.2%, 2023-02-02 -26.7%"
WARN,PRICE_JUMP,universe_daily,NSE_EQ|INE451A01017,1d,1,1 daily moves >25%; latest: 2024-02-14 +31.9%
WARN,PRICE_JUMP,universe_daily,NSE_EQ|INE466L01038,1d,1,1 daily moves >25%; latest: 2019-09-19 +464.1%
WARN,PRICE_JUMP,universe_daily,NSE_EQ|INE476A01022,1d,1,1 daily moves >25%; latest: 2017-10-25 +38.8%
WARN,PRICE_JUMP,universe_daily,NSE_EQ|INE494B01023,1d,1,1 daily moves >25%; latest: 2009-04-23 +28.2%
WARN,PRICE_JUMP,universe_daily,NSE_EQ|INE528G01035,1d,11,"11 daily moves >25%; latest: 2020-03-11 +35.5%, 2020-03-16 +45.2%, 2020-03-17 +58.1%"
WARN,PRICE_JUMP,universe_daily,NSE_EQ|INE545U01014,1d,2,"2 daily moves >25%; latest: 2020-03-23 -25.0%, 2020-03-26 +39.3%"
WARN,PRICE_JUMP,universe_daily,NSE_EQ|INE584A01023,1d,1,1 daily moves >25%; latest: 2022-10-27 +95.7%
WARN,PRICE_JUMP,universe_daily,NSE_EQ|INE628A01036,1d,1,1 daily moves >25%; latest: 2008-10-31 +25.6%
WARN,PRICE_JUMP,universe_daily,NSE_EQ|INE669C01036,1d,1,1 daily moves >25%; latest: 2009-06-09 +25.6%
WARN,PRICE_JUMP,universe_daily,NSE_EQ|INE669E01016,1d,8,"8 daily moves >25%; latest: 2020-03-18 -35.1%, 2020-09-03 +26.8%, 2021-09-16 +25.7%"
WARN,PRICE_JUMP,universe_daily,NSE_EQ|INE692A01016,1d,1,1 daily moves >25%; latest: 2017-10-25 +34.2%
WARN,PRICE_JUMP,universe_daily,NSE_EQ|INE726G01019,1d,1,1 daily moves >25%; latest: 2020-03-25 +25.9%
WARN,PRICE_JUMP,universe_daily,NSE_EQ|INE732I01021,1d,1,1 daily moves >25%; latest: 2020-10-05 -71.5%
WARN,PRICE_JUMP,universe_daily,NSE_EQ|INE749A01030,1d,6,"6 daily moves >25%; latest: 2008-01-21 -26.8%, 2015-02-19 +25.7%, 2020-04-07 +28.9%"
WARN,PRICE_JUMP,universe_daily,NSE_EQ|INE814H01029,1d,1,1 daily moves >25%; latest: 2020-03-12 -26.7%
WARN,PRICE_JUMP,universe_daily,NSE_EQ|INE854D01024,1d,1,1 daily moves >25%; latest: 2012-11-12 +34.7%
WARN,PRICE_JUMP,universe_daily,NSE_EQ|INE881D01027,1d,9,"9 daily moves >25%; latest: 2008-12-16 +29.3%, 2009-01-27 +35.6%, 2024-01-18 +30.1%"
WARN,PRICE_JUMP,universe_daily,NSE_EQ|INE918I01026,1d,1,1 daily moves >25%; latest: 2020-03-23 -25.9%
WARN,PRICE_JUMP,universe_daily,NSE_EQ|INE935A01035,1d,1,1 daily moves >25%; latest: 2020-06-22 +27.0%
WARN,PRICE_JUMP,universe_daily,NSE_EQ|INE944F01028,1d,1,1 daily moves >25%; latest: 2003-06-24 +31.3%
WARN,ROLLUP_MISMATCH,universe_daily,NSE_EQ|INE002A01018,1w,1,1/1396 periods differ (2026-08-24/2026-08-30); worst 2026-08-24/2026-08-30: 1w high 1320.00 vs daily-derived 1317.10 (+0.22%)
WARN,ROLLUP_MISMATCH,universe_daily,NSE_EQ|INE003A01024,1w,1,1/1236 periods differ (2026-08-24/2026-08-30); worst 2026-08-24/2026-08-30: 1w low 3903.30 vs daily-derived 4042.10 (-3.43%)
WARN,ROLLUP_MISMATCH,universe_daily,NSE_EQ|INE016A01026,1w,1,1/1232 periods differ (2026-08-24/2026-08-30); worst 2026-08-24/2026-08-30: 1w high 400.55 vs daily-derived 398.10 (+0.62%)
WARN,ROLLUP_MISMATCH,universe_daily,NSE_EQ|INE019A01038,1w,1,1/1124 periods differ (2026-08-24/2026-08-30); worst 2026-08-24/2026-08-30: 1w low 1295.30 vs daily-derived 1310.10 (-1.13%)
WARN,ROLLUP_MISMATCH,universe_daily,NSE_EQ|INE01EA01019,1w,1,1/94 periods differ (2026-08-24/2026-08-30); worst 2026-08-24/2026-08-30: 1w high 115.40 vs daily-derived 114.35 (+0.92%)
WARN,ROLLUP_MISMATCH,universe_daily,NSE_EQ|INE01EA01019,1mo,1,1/22 periods differ (2026-08); worst 2026-08: 1mo high 115.40 vs daily-derived 114.35 (+0.92%)
WARN,ROLLUP_MISMATCH,universe_daily,NSE_EQ|INE028A01039,1w,1,1/1232 periods differ (2026-08-24/2026-08-30); worst 2026-08-24/2026-08-30: 1w high 246.12 vs daily-derived 245.59 (+0.22%)
WARN,ROLLUP_MISMATCH,universe_daily,NSE_EQ|INE029A01011,1w,1,1/1232 periods differ (2026-08-24/2026-08-30); worst 2026-08-24/2026-08-30: 1w low 310.00 vs daily-derived 311.10 (-0.35%)
WARN,ROLLUP_MISMATCH,universe_daily,NSE_EQ|INE040A01034,1w,1,1/1236 periods differ (2026-08-24/2026-08-30); worst 2026-08-24/2026-08-30: 1w high 734.40 vs daily-derived 731.00 (+0.47%)
WARN,ROLLUP_MISMATCH,universe_daily,NSE_EQ|INE040H01021,1w,1,1/1094 periods differ (2015-12-28/2016-01-03); worst 2015-12-28/2016-01-03: 1w low 18.70 vs daily-derived 18.75 (-0.27%)
WARN,ROLLUP_MISMATCH,universe_daily,NSE_EQ|INE040H01021,1mo,1,1/252 periods differ (2015-12); worst 2015-12: 1mo low 18.70 vs daily-derived 18.75 (-0.27%)
WARN,ROLLUP_MISMATCH,universe_daily,NSE_EQ|INE044A01036,1w,1,1/1236 periods differ (2026-08-24/2026-08-30); worst 2026-08-24/2026-08-30: 1w low 1892.60 vs daily-derived 1896.20 (-0.19%)
WARN,ROLLUP_MISMATCH,universe_daily,NSE_EQ|INE047A01021,1w,1,1/1232 periods differ (2026-08-24/2026-08-30); worst 2026-08-24/2026-08-30: 1w high 3316.00 vs daily-derived 3310.00 (+0.18%)
WARN,ROLLUP_MISMATCH,universe_daily,NSE_EQ|INE053F01010,1w,1,1/297 periods differ (2026-08-24/2026-08-30); worst 2026-08-24/2026-08-30: 1w high 87.25 vs daily-derived 86.82 (+0.50%)
WARN,ROLLUP_MISMATCH,universe_daily,NSE_EQ|INE059A01026,1w,1,1/1232 periods differ (2026-08-24/2026-08-30); worst 2026-08-24/2026-08-30: 1w high 1442.30 vs daily-derived 1435.90 (+0.45%)
WARN,ROLLUP_MISMATCH,universe_daily,NSE_EQ|INE066A01021,1w,1,1/1232 periods differ (2026-08-24/2026-08-30); worst 2026-08-24/2026-08-30: 1w low 7970.00 vs daily-derived 7984.00 (-0.18%)
WARN,ROLLUP_MISMATCH,universe_daily,NSE_EQ|INE066F01020,1w,1,1/445 periods differ (2026-08-24/2026-08-30); worst 2026-08-24/2026-08-30: 1w high 4990.00 vs daily-derived 4937.60 (+1.06%)
WARN,ROLLUP_MISMATCH,universe_daily,NSE_EQ|INE066P01011,1w,1,1/600 periods differ (2026-08-24/2026-08-30); worst 2026-08-24/2026-08-30: 1w high 74.78 vs daily-derived 74.20 (+0.78%)
WARN,ROLLUP_MISMATCH,universe_daily,NSE_EQ|INE075A01022,1w,1,1/1236 periods differ (2026-08-24/2026-08-30); worst 2026-08-24/2026-08-30: 1w high 183.92 vs daily-derived 181.85 (+1.14%)
WARN,ROLLUP_MISMATCH,universe_daily,NSE_EQ|INE07Y701011,1w,1,1/340 periods differ (2026-08-24/2026-08-30); worst 2026-08-24/2026-08-30: 1w high 34975.00 vs daily-derived 34250.00 (+2.12%)
WARN,ROLLUP_MISMATCH,universe_daily,NSE_EQ|INE081A01020,1w,1,1/1236 periods differ (2026-08-24/2026-08-30); worst 2026-08-24/2026-08-30: 1w low 183.06 vs daily-derived 183.50 (-0.24%)
WARN,ROLLUP_MISMATCH,universe_daily,NSE_EQ|INE084A01016,1w,1,1/1232 periods differ (2026-08-24/2026-08-30); worst 2026-08-24/2026-08-30: 1w low 140.68 vs daily-derived 140.90 (-0.16%)
WARN,ROLLUP_MISMATCH,universe_daily,NSE_EQ|INE092T01019,1w,1,1/570 periods differ (2026-08-24/2026-08-30); worst 2026-08-24/2026-08-30: 1w high 86.94 vs daily-derived 86.59 (+0.40%)
WARN,ROLLUP_MISMATCH,universe_daily,NSE_EQ|INE092T01019,1mo,1,1/131 periods differ (2026-08); worst 2026-08: 1mo high 86.94 vs daily-derived 86.75 (+0.22%)
WARN,ROLLUP_MISMATCH,universe_daily,NSE_EQ|INE0BS701011,1w,1,1/109 periods differ (2026-08-24/2026-08-30); worst 2026-08-24/2026-08-30: 1w high 1060.90 vs daily-derived 1040.00 (+2.01%)
WARN,ROLLUP_MISMATCH,universe_daily,NSE_EQ|INE114A01011,1w,1,1/1236 periods differ (2026-08-24/2026-08-30); worst 2026-08-24/2026-08-30: 1w low 174.71 vs daily-derived 180.30 (-3.10%)
WARN,ROLLUP_MISMATCH,universe_daily,NSE_EQ|INE115A01026,1w,1,1/1236 periods differ (2026-08-24/2026-08-30); worst 2026-08-24/2026-08-30: 1w low 485.45 vs daily-derived 489.15 (-0.76%)
WARN,ROLLUP_MISMATCH,universe_daily,NSE_EQ|INE115A01026,1mo,1,1/285 periods differ (2026-08); worst 2026-08: 1mo low 485.45 vs daily-derived 489.15 (-0.76%)
WARN,ROLLUP_MISMATCH,universe_daily,NSE_EQ|INE118H01025,1w,1,1/505 periods differ (2026-08-24/2026-08-30); worst 2026-08-24/2026-08-30: 1w low 3242.50 vs daily-derived 3285.30 (-1.30%)
WARN,ROLLUP_MISMATCH,universe_daily,NSE_EQ|INE121J01017,1w,1,1/719 periods differ (2026-08-24/2026-08-30); worst 2026-08-24/2026-08-30: 1w low 372.90 vs daily-derived 374.25 (-0.36%)
WARN,ROLLUP_MISMATCH,universe_daily,NSE_EQ|INE123W01016,1w,1,1/470 periods differ (2026-08-24/2026-08-30); worst 2026-08-24/2026-08-30: 1w high 1801.70 vs daily-derived 1798.90 (+0.16%)
WARN,ROLLUP_MISMATCH,universe_daily,NSE_EQ|INE138Y01010,1w,1,1/198 periods differ (2026-08-24/2026-08-30); worst 2026-08-24/2026-08-30: 1w high 988.95 vs daily-derived 978.00 (+1.12%)
WARN,ROLLUP_MISMATCH,universe_daily,NSE_EQ|INE139A01034,1w,1,1/1236 periods differ (2026-08-24/2026-08-30); worst 2026-08-24/2026-08-30: 1w high 405.00 vs daily-derived 403.35 (+0.41%)
WARN,ROLLUP_MISMATCH,universe_daily,NSE_EQ|INE158A01026,1w,1,1/1232 periods differ (2026-08-24/2026-08-30); worst 2026-08-24/2026-08-30: 1w high 5728.00 vs daily-derived 5720.00 (+0.14%)
WARN,ROLLUP_MISMATCH,universe_daily,NSE_EQ|INE171A01029,1w,1,1/1396 periods differ (2026-08-24/2026-08-30); worst 2026-08-24/2026-08-30: 1w high 361.25 vs daily-derived 358.70 (+0.71%)
WARN,ROLLUP_MISMATCH,universe_daily,NSE_EQ|INE196A01026,1w,1,1/1236 periods differ (2026-08-24/2026-08-30); worst 2026-08-24/2026-08-30: 1w high 850.00 vs daily-derived 849.00 (+0.12%)
WARN,ROLLUP_MISMATCH,universe_daily,NSE_EQ|INE205A01025,1w,1,1/1236 periods differ (2026-08-24/2026-08-30); worst 2026-08-24/2026-08-30: 1w low 272.40 vs daily-derived 273.00 (-0.22%)
WARN,ROLLUP_MISMATCH,universe_daily,NSE_EQ|INE213A01029,1w,1,1/1236 periods differ (2026-08-24/2026-08-30); worst 2026-08-24/2026-08-30: 1w high 237.94 vs daily-derived 236.55 (+0.59%)
WARN,ROLLUP_MISMATCH,universe_daily,NSE_EQ|INE239A01024,1w,1,1/874 periods differ (2026-08-24/2026-08-30); worst 2026-08-24/2026-08-30: 1w high 1483.40 vs daily-derived 1479.00 (+0.30%)
WARN,ROLLUP_MISMATCH,universe_daily,NSE_EQ|INE242A01010,1w,1,1/1232 periods differ (2026-08-24/2026-08-30); worst 2026-08-24/2026-08-30: 1w low 135.95 vs daily-derived 136.23 (-0.21%)
WARN,ROLLUP_MISMATCH,universe_daily,NSE_EQ|INE245A01021,1w,1,1/1236 periods differ (2026-08-24/2026-08-30); worst 2026-08-24/2026-08-30: 1w high 378.05 vs daily-derived 376.35 (+0.45%)
WARN,ROLLUP_MISMATCH,universe_daily,NSE_EQ|INE259A01022,1w,1,1/1232 periods differ (2026-08-24/2026-08-30); worst 2026-08-24/2026-08-30: 1w high 1896.80 vs daily-derived 1883.40 (+0.71%)
WARN,ROLLUP_MISMATCH,universe_daily,NSE_EQ|INE263A01024,1w,1,1/1232 periods differ (2026-08-24/2026-08-30); worst 2026-08-24/2026-08-30: 1w high 414.60 vs daily-derived 413.25 (+0.33%)
WARN,ROLLUP_MISMATCH,universe_daily,NSE_EQ|INE298A01020,1w,1,1/1232 periods differ (2026-08-24/2026-08-30); worst 2026-08-24/2026-08-30: 1w low 5083.00 vs daily-derived 5125.00 (-0.82%)
WARN,ROLLUP_MISMATCH,universe_daily,NSE_EQ|INE298A01020,1mo,1,1/285 periods differ (2026-08); worst 2026-08: 1mo low 5083.00 vs daily-derived 5092.00 (-0.18%)
WARN,ROLLUP_MISMATCH,universe_daily,NSE_EQ|INE298J01013,1w,1,1/465 periods differ (2026-08-24/2026-08-30); worst 2026-08-24/2026-08-30: 1w high 1269.50 vs daily-derived 1253.10 (+1.31%)
WARN,ROLLUP_MISMATCH,universe_daily,NSE_EQ|INE298J01013,1mo,1,1/107 periods differ (2026-08); worst 2026-08: 1mo high 1269.50 vs daily-derived 1266.20 (+0.26%)
WARN,ROLLUP_MISMATCH,universe_daily,NSE_EQ|INE299U01018,1w,1,1/543 periods differ (2026-08-24/2026-08-30); worst 2026-08-24/2026-08-30: 1w high 251.95 vs daily-derived 246.15 (+2.36%)
WARN,ROLLUP_MISMATCH,universe_daily,NSE_EQ|INE303R01014,1w,1,1/289 periods differ (2026-08-24/2026-08-30); worst 2026-08-24/2026-08-30: 1w low 601.15 vs daily-derived 604.25 (-0.51%)
WARN,ROLLUP_MISMATCH,universe_daily,NSE_EQ|INE338I01027,1w,1,1/995 periods differ (2026-08-24/2026-08-30); worst 2026-08-24/2026-08-30: 1w low 988.30 vs daily-derived 992.00 (-0.37%)
WARN,ROLLUP_MISMATCH,universe_daily,NSE_EQ|INE343H01029,1w,1,1/1070 periods differ (2026-08-24/2026-08-30); worst 2026-08-24/2026-08-30: 1w low 19612.00 vs daily-derived 19665.00 (-0.27%)
WARN,ROLLUP_MISMATCH,universe_daily,NSE_EQ|INE347G01014,1w,1,1/1172 periods differ (2026-08-24/2026-08-30); worst 2026-08-24/2026-08-30: 1w high 296.80 vs daily-derived 295.95 (+0.29%)
WARN,ROLLUP_MISMATCH,universe_daily,NSE_EQ|INE361B01024,1w,1,1/1226 periods differ (2026-08-24/2026-08-30); worst 2026-08-24/2026-08-30: 1w low 8457.50 vs daily-derived 8497.00 (-0.46%)
WARN,ROLLUP_MISMATCH,universe_daily,NSE_EQ|INE371P01015,1w,1,1/453 periods differ (2026-08-24/2026-08-30); worst 2026-08-24/2026-08-30: 1w low 7280.00 vs daily-derived 7307.50 (-0.38%)
WARN,ROLLUP_MISMATCH,universe_daily,NSE_EQ|INE377N01017,1w,1,1/101 periods differ (2026-08-24/2026-08-30); worst 2026-08-24/2026-08-30: 1w high 2713.00 vs daily-derived 2687.70 (+0.94%)
WARN,ROLLUP_MISMATCH,universe_daily,NSE_EQ|INE397D01024,1w,1,1/1236 periods differ (2026-08-24/2026-08-30); worst 2026-08-24/2026-08-30: 1w high 1952.50 vs daily-derived 1947.00 (+0.28%)
WARN,ROLLUP_MISMATCH,universe_daily,NSE_EQ|INE414G01012,1w,1,1/805 periods differ (2026-08-24/2026-08-30); worst 2026-08-24/2026-08-30: 1w low 3049.80 vs daily-derived 3059.10 (-0.30%)
WARN,ROLLUP_MISMATCH,universe_daily,NSE_EQ|INE415G01027,1w,1,1/391 periods differ (2026-08-24/2026-08-30); worst 2026-08-24/2026-08-30: 1w high 227.89 vs daily-derived 224.10 (+1.69%)
WARN,ROLLUP_MISMATCH,universe_daily,NSE_EQ|INE437A01024,1w,1,1/1232 periods differ (2026-08-24/2026-08-30); worst 2026-08-24/2026-08-30: 1w low 8591.50 vs daily-derived 8640.00 (-0.56%)
WARN,ROLLUP_MISMATCH,universe_daily,NSE_EQ|INE451A01017,1w,1,1/357 periods differ (2026-08-24/2026-08-30); worst 2026-08-24/2026-08-30: 1w high 17937.00 vs daily-derived 17662.00 (+1.56%)
WARN,ROLLUP_MISMATCH,universe_daily,NSE_EQ|INE465A01025,1w,1,1/1232 periods differ (2026-08-24/2026-08-30); worst 2026-08-24/2026-08-30: 1w high 2067.20 vs daily-derived 2052.50 (+0.72%)
WARN,ROLLUP_MISMATCH,universe_daily,NSE_EQ|INE522F01014,1w,1,1/831 periods differ (2026-08-24/2026-08-30); worst 2026-08-24/2026-08-30: 1w high 410.95 vs daily-derived 408.00 (+0.72%)
WARN,ROLLUP_MISMATCH,universe_daily,NSE_EQ|INE528G01035,1w,1,1/1108 periods differ (2026-08-24/2026-08-30); worst 2026-08-24/2026-08-30: 1w high 22.86 vs daily-derived 22.80 (+0.26%)
WARN,ROLLUP_MISMATCH,universe_daily,NSE_EQ|INE545U01014,1w,1,1/445 periods differ (2026-08-24/2026-08-30); worst 2026-08-24/2026-08-30: 1w high 180.74 vs daily-derived 176.43 (+2.44%)
WARN,ROLLUP_MISMATCH,universe_daily,NSE_EQ|INE545U01014,1mo,1,1/103 periods differ (2026-08); worst 2026-08: 1mo high 180.74 vs daily-derived 177.20 (+2.00%)
WARN,ROLLUP_MISMATCH,universe_daily,NSE_EQ|INE562A01011,1w,1,1/1023 periods differ (2026-08-24/2026-08-30); worst 2026-08-24/2026-08-30: 1w low 862.00 vs daily-derived 869.00 (-0.81%)
WARN,ROLLUP_MISMATCH,universe_daily,NSE_EQ|INE572E01012,1w,1,1/517 periods differ (2026-08-24/2026-08-30); worst 2026-08-24/2026-08-30: 1w low 1154.20 vs daily-derived 1157.40 (-0.28%)
WARN,ROLLUP_MISMATCH,universe_daily,NSE_EQ|INE584A01023,1w,1,1/970 periods differ (2026-08-24/2026-08-30); worst 2026-08-24/2026-08-30: 1w low 84.51 vs daily-derived 85.29 (-0.91%)
WARN,ROLLUP_MISMATCH,universe_daily,NSE_EQ|INE628A01036,1w,1,1/1181 periods differ (2026-08-24/2026-08-30); worst 2026-08-24/2026-08-30: 1w low 563.80 vs daily-derived 569.55 (-1.01%)
WARN,ROLLUP_MISMATCH,universe_daily,NSE_EQ|INE669E01016,1w,1,1/1022 periods differ (2026-08-24/2026-08-30); worst 2026-08-24/2026-08-30: 1w low 13.97 vs daily-derived 14.08 (-0.78%)
WARN,ROLLUP_MISMATCH,universe_daily,NSE_EQ|INE670A01012,1w,1,1/1236 periods differ (2026-08-24/2026-08-30); worst 2026-08-24/2026-08-30: 1w high 3769.90 vs daily-derived 3708.00 (+1.67%)
WARN,ROLLUP_MISMATCH,universe_daily,NSE_EQ|INE670K01029,1w,1,1/285 periods differ (2026-08-24/2026-08-30); worst 2026-08-24/2026-08-30: 1w low 1225.40 vs daily-derived 1246.30 (-1.68%)
WARN,ROLLUP_MISMATCH,universe_daily,NSE_EQ|INE704P01025,1w,1,1/478 periods differ (2026-08-24/2026-08-30); worst 2026-08-24/2026-08-30: 1w low 1480.50 vs daily-derived 1503.00 (-1.50%)
WARN,ROLLUP_MISMATCH,universe_daily,NSE_EQ|INE745G01043,1w,1,1/761 periods differ (2026-08-24/2026-08-30); worst 2026-08-24/2026-08-30: 1w low 3180.10 vs daily-derived 3243.30 (-1.95%)
WARN,ROLLUP_MISMATCH,universe_daily,NSE_EQ|INE749A01030,1w,1,1/1236 periods differ (2026-08-24/2026-08-30); worst 2026-08-24/2026-08-30: 1w low 1130.10 vs daily-derived 1140.10 (-0.88%)
WARN,ROLLUP_MISMATCH,universe_daily,NSE_EQ|INE752E01010,1w,1,1/992 periods differ (2026-08-24/2026-08-30); worst 2026-08-24/2026-08-30: 1w high 274.35 vs daily-derived 271.70 (+0.98%)
WARN,ROLLUP_MISMATCH,universe_daily,NSE_EQ|INE758E01017,1w,1,1/163 periods differ (2026-08-24/2026-08-30); worst 2026-08-24/2026-08-30: 1w high 245.35 vs daily-derived 245.00 (+0.14%)
WARN,ROLLUP_MISMATCH,universe_daily,NSE_EQ|INE758T01015,1w,1,1/272 periods differ (2026-08-24/2026-08-30); worst 2026-08-24/2026-08-30: 1w low 323.00 vs daily-derived 324.30 (-0.40%)
WARN,ROLLUP_MISMATCH,universe_daily,NSE_EQ|INE775A01035,1w,1,1/1236 periods differ (2026-08-24/2026-08-30); worst 2026-08-24/2026-08-30: 1w high 169.14 vs daily-derived 168.28 (+0.51%)
WARN,ROLLUP_MISMATCH,universe_daily,NSE_EQ|INE776C01039,1w,1,1/1050 periods differ (2026-08-24/2026-08-30); worst 2026-08-24/2026-08-30: 1w low 98.00 vs daily-derived 98.11 (-0.11%)
WARN,ROLLUP_MISMATCH,universe_daily,NSE_EQ|INE931S01010,1w,1,1/584 periods differ (2026-08-24/2026-08-30); worst 2026-08-24/2026-08-30: 1w low 1527.00 vs daily-derived 1532.00 (-0.33%)
WARN,ROLLUP_MISMATCH,universe_daily,NSE_EQ|INE935A01035,1w,1,1/1232 periods differ (2026-08-24/2026-08-30); worst 2026-08-24/2026-08-30: 1w low 2295.30 vs daily-derived 2376.00 (-3.40%)
WARN,ROLLUP_MISMATCH,universe_daily,NSE_EQ|INE944F01028,1w,1,1/1236 periods differ (2026-08-24/2026-08-30); worst 2026-08-24/2026-08-30: 1w low 4562.00 vs daily-derived 4571.60 (-0.21%)
WARN,ROLLUP_MISMATCH,universe_daily,NSE_EQ|INE947Q01028,1w,1,1/511 periods differ (2026-08-24/2026-08-30); worst 2026-08-24/2026-08-30: 1w low 1790.00 vs daily-derived 1796.50 (-0.36%)
WARN,ROLLUP_MISMATCH,universe_daily,NSE_EQ|INE976G01028,1w,1,1/527 periods differ (2026-08-24/2026-08-30); worst 2026-08-24/2026-08-30: 1w high 394.50 vs daily-derived 389.40 (+1.31%)
WARN,ROLLUP_MISMATCH,universe_daily,NSE_EQ|INE976G01028,1mo,1,1/122 periods differ (2026-08); worst 2026-08: 1mo high 394.50 vs daily-derived 393.90 (+0.15%)
WARN,ROLLUP_MISMATCH,universe_daily,NSE_EQ|INE982J01020,1w,1,1/255 periods differ (2026-08-24/2026-08-30); worst 2026-08-24/2026-08-30: 1w low 1610.30 vs daily-derived 1612.00 (-0.11%)
WARN,SHORT_INTRADAY_DAYS,stocks_intraday,NSE_EQ|INE030A01027,5m,1,1/270 days short: 2025-12-05=66/75
WARN,SHORT_INTRADAY_DAYS,stocks_intraday,NSE_EQ|INE030A01027,15m,1,1/270 days short: 2025-12-05=22/25
WARN,SHORT_INTRADAY_DAYS,stocks_intraday,NSE_EQ|INE155A01022,5m,1,1/270 days short: 2025-10-14=66/75
WARN,SHORT_INTRADAY_DAYS,stocks_intraday,NSE_EQ|INE155A01022,15m,1,1/270 days short: 2025-10-14=22/25
WARN,SHORT_INTRADAY_DAYS,stocks_intraday,NSE_EQ|INE205A01025,5m,1,1/270 days short: 2026-04-30=66/75
WARN,SHORT_INTRADAY_DAYS,stocks_intraday,NSE_EQ|INE205A01025,15m,1,1/270 days short: 2026-04-30=22/25
INFO,FLAT_BAR_RUN_OLD,universe_daily,NSE_EQ|INE040H01021,1d,12,12 consecutive flat bars ending 2020-04-21
INFO,FLAT_BAR_RUN_OLD,universe_daily,NSE_EQ|INE067A01029,1d,7,7 consecutive flat bars ending 2020-07-02
INFO,FLAT_BAR_RUN_OLD,universe_daily,NSE_EQ|INE148O01028,1d,8,8 consecutive flat bars ending 2016-06-13
INFO,FLAT_BAR_RUN_OLD,universe_daily,NSE_EQ|INE205A01025,1d,467,467 consecutive flat bars ending 2004-12-13
INFO,FLAT_BAR_RUN_OLD,universe_daily,NSE_EQ|INE208A01029,1d,8,8 consecutive flat bars ending 2003-02-05
INFO,FLAT_BAR_RUN_OLD,universe_daily,NSE_EQ|INE237A01036,1d,8,8 consecutive flat bars ending 2003-02-05
INFO,FLAT_BAR_RUN_OLD,universe_daily,NSE_EQ|INE249Z01020,1d,8,8 consecutive flat bars ending 2018-07-02
INFO,FLAT_BAR_RUN_OLD,universe_daily,NSE_EQ|INE260B01028,1d,10,10 consecutive flat bars ending 2004-10-26
INFO,FLAT_BAR_RUN_OLD,universe_daily,NSE_EQ|INE296A01032,1d,211,211 consecutive flat bars ending 2003-11-28
INFO,FLAT_BAR_RUN_OLD,universe_daily,NSE_EQ|INE364U01010,1d,5,5 consecutive flat bars ending 2020-07-01
INFO,FLAT_BAR_RUN_OLD,universe_daily,NSE_EQ|INE405E01023,1d,5,5 consecutive flat bars ending 2007-08-21
INFO,FLAT_BAR_RUN_OLD,universe_daily,NSE_EQ|INE423A01024,1d,8,8 consecutive flat bars ending 2006-06-15
INFO,FLAT_BAR_RUN_OLD,universe_daily,NSE_EQ|INE457L01029,1d,9,9 consecutive flat bars ending 2013-03-15
INFO,FLAT_BAR_RUN_OLD,universe_daily,NSE_EQ|INE619A01035,1d,74,74 consecutive flat bars ending 2020-05-18
INFO,FLAT_BAR_RUN_OLD,universe_daily,NSE_EQ|INE732I01021,1d,14,14 consecutive flat bars ending 2016-12-15
INFO,FLAT_BAR_RUN_OLD,universe_daily,NSE_EQ|INE775A01035,1d,12,12 consecutive flat bars ending 2003-03-11
INFO,FLAT_BAR_RUN_OLD,universe_daily,NSE_EQ|INE878B01027,1d,14,14 consecutive flat bars ending 2009-06-05
INFO,FLAT_BAR_RUN_OLD,universe_daily,NSE_EQ|INE931S01010,1d,5,5 consecutive flat bars ending 2023-02-27
INFO,GAP_DAILY_OLD,universe_daily,NSE_EQ|INE006I01046,1d,3,"3 older missing weekdays (longest run 1): 2011-10-26, 2017-10-19, 2018-11-07"
INFO,GAP_DAILY_OLD,universe_daily,NSE_EQ|INE019A01038,1d,3,"3 older missing weekdays (longest run 1): 2011-10-26, 2017-10-19, 2018-11-07"
INFO,GAP_DAILY_OLD,universe_daily,NSE_EQ|INE020B01018,1d,3,"3 older missing weekdays (longest run 1): 2011-10-26, 2017-10-19, 2018-11-07"
INFO,GAP_DAILY_OLD,universe_daily,NSE_EQ|INE022Q01020,1d,1,1 older missing weekdays (longest run 1): 2018-11-07
INFO,GAP_DAILY_OLD,universe_daily,NSE_EQ|INE040H01021,1d,3,"3 older missing weekdays (longest run 1): 2011-10-26, 2017-10-19, 2018-11-07"
INFO,GAP_DAILY_OLD,universe_daily,NSE_EQ|INE061F01013,1d,3,"3 older missing weekdays (longest run 1): 2011-10-26, 2017-10-19, 2018-11-07"
INFO,GAP_DAILY_OLD,universe_daily,NSE_EQ|INE066F01020,1d,1,1 older missing weekdays (longest run 1): 2018-11-07
INFO,GAP_DAILY_OLD,universe_daily,NSE_EQ|INE066P01011,1d,2,"2 older missing weekdays (longest run 1): 2017-10-19, 2018-11-07"
INFO,GAP_DAILY_OLD,universe_daily,NSE_EQ|INE089A01031,1d,3,"3 older missing weekdays (longest run 1): 2011-10-26, 2017-10-19, 2018-11-07"
INFO,GAP_DAILY_OLD,universe_daily,NSE_EQ|INE092T01019,1d,2,"2 older missing weekdays (longest run 1): 2017-10-19, 2018-11-07"
INFO,GAP_DAILY_OLD,universe_daily,NSE_EQ|INE093I01010,1d,3,"3 older missing weekdays (longest run 1): 2011-10-26, 2017-10-19, 2018-11-07"
INFO,GAP_DAILY_OLD,universe_daily,NSE_EQ|INE095N01031,1d,2,"2 older missing weekdays (longest run 1): 2017-10-19, 2018-11-07"
INFO,GAP_DAILY_OLD,universe_daily,NSE_EQ|INE118H01025,1d,2,"2 older missing weekdays (longest run 1): 2017-10-19, 2018-11-07"
INFO,GAP_DAILY_OLD,universe_daily,NSE_EQ|INE121E01018,1d,3,"3 older missing weekdays (longest run 1): 2011-10-26, 2017-10-19, 2018-11-07"
INFO,GAP_DAILY_OLD,universe_daily,NSE_EQ|INE121J01017,1d,2,"2 older missing weekdays (longest run 1): 2017-10-19, 2018-11-07"
INFO,GAP_DAILY_OLD,universe_daily,NSE_EQ|INE123W01016,1d,2,"2 older missing weekdays (longest run 1): 2017-10-19, 2018-11-07"
INFO,GAP_DAILY_OLD,universe_daily,NSE_EQ|INE127D01025,1d,1,1 older missing weekdays (longest run 1): 2018-11-07
INFO,GAP_DAILY_OLD,universe_daily,NSE_EQ|INE134E01011,1d,3,"3 older missing weekdays (longest run 1): 2011-10-26, 2017-10-19, 2018-11-07"
INFO,GAP_DAILY_OLD,universe_daily,NSE_EQ|INE171Z01026,1d,1,1 older missing weekdays (longest run 1): 2018-11-07
INFO,GAP_DAILY_OLD,universe_daily,NSE_EQ|INE192R01011,1d,2,"2 older missing weekdays (longest run 1): 2017-10-19, 2018-11-07"
INFO,GAP_DAILY_OLD,universe_daily,NSE_EQ|INE200A01026,1d,3,"3 older missing weekdays (longest run 1): 2011-10-26, 2017-10-19, 2018-11-07"
INFO,GAP_DAILY_OLD,universe_daily,NSE_EQ|INE200M01039,1d,2,"2 older missing weekdays (longest run 1): 2017-10-19, 2018-11-07"
INFO,GAP_DAILY_OLD,universe_daily,NSE_EQ|INE211B01039,1d,3,"3 older missing weekdays (longest run 1): 2011-10-26, 2017-10-19, 2018-11-07"
INFO,GAP_DAILY_OLD,universe_daily,NSE_EQ|INE214T01019,1d,2,"2 older missing weekdays (longest run 1): 2017-10-19, 2018-11-07"
INFO,GAP_DAILY_OLD,universe_daily,NSE_EQ|INE239A01024,1d,3,"3 older missing weekdays (longest run 1): 2011-10-26, 2017-10-19, 2018-11-07"
INFO,GAP_DAILY_OLD,universe_daily,NSE_EQ|INE262H01021,1d,3,"3 older missing weekdays (longest run 1): 2011-10-26, 2017-10-19, 2018-11-07"
INFO,GAP_DAILY_OLD,universe_daily,NSE_EQ|INE271C01023,1d,3,"3 older missing weekdays (longest run 1): 2011-10-26, 2017-10-19, 2018-11-07"
INFO,GAP_DAILY_OLD,universe_daily,NSE_EQ|INE274J01014,1d,3,"3 older missing weekdays (longest run 1): 2011-10-26, 2017-10-19, 2018-11-07"
INFO,GAP_DAILY_OLD,universe_daily,NSE_EQ|INE298J01013,1d,1,1 older missing weekdays (longest run 1): 2018-11-07
INFO,GAP_DAILY_OLD,universe_daily,NSE_EQ|INE299U01018,1d,2,"2 older missing weekdays (longest run 1): 2017-10-19, 2018-11-07"
INFO,GAP_DAILY_OLD,universe_daily,NSE_EQ|INE338I01027,1d,3,"3 older missing weekdays (longest run 1): 2011-10-26, 2017-10-19, 2018-11-07"
INFO,GAP_DAILY_OLD,universe_daily,NSE_EQ|INE343H01029,1d,3,"3 older missing weekdays (longest run 1): 2011-10-26, 2017-10-19, 2018-11-07"
INFO,GAP_DAILY_OLD,universe_daily,NSE_EQ|INE364U01010,1d,1,1 older missing weekdays (longest run 1): 2018-11-07
INFO,GAP_DAILY_OLD,universe_daily,NSE_EQ|INE371P01015,1d,1,1 older missing weekdays (longest run 1): 2018-11-07
INFO,GAP_DAILY_OLD,universe_daily,NSE_EQ|INE405E01023,1d,3,"3 older missing weekdays (longest run 1): 2011-10-26, 2017-10-19, 2018-11-07"
INFO,GAP_DAILY_OLD,universe_daily,NSE_EQ|INE414G01012,1d,3,"3 older missing weekdays (longest run 1): 2011-10-26, 2017-10-19, 2018-11-07"
INFO,GAP_DAILY_OLD,universe_daily,NSE_EQ|INE423A01024,1d,2,"2 older missing weekdays (longest run 1): 2017-10-19, 2018-11-07"
INFO,GAP_DAILY_OLD,universe_daily,NSE_EQ|INE457L01029,1d,3,"3 older missing weekdays (longest run 1): 2011-10-26, 2017-10-19, 2018-11-07"
INFO,GAP_DAILY_OLD,universe_daily,NSE_EQ|INE467B01029,1d,3,"3 older missing weekdays (longest run 1): 2011-10-26, 2017-10-19, 2018-11-07"
INFO,GAP_DAILY_OLD,universe_daily,NSE_EQ|INE481G01011,1d,3,"3 older missing weekdays (longest run 1): 2011-10-26, 2017-10-19, 2018-11-07"
INFO,GAP_DAILY_OLD,universe_daily,NSE_EQ|INE484J01027,1d,3,"3 older missing weekdays (longest run 1): 2011-10-26, 2017-10-19, 2018-11-07"
INFO,GAP_DAILY_OLD,universe_daily,NSE_EQ|INE498L01015,1d,3,"3 older missing weekdays (longest run 1): 2011-10-26, 2017-10-19, 2018-11-07"
INFO,GAP_DAILY_OLD,universe_daily,NSE_EQ|INE522D01027,1d,3,"3 older missing weekdays (longest run 1): 2011-10-26, 2017-10-19, 2018-11-07"
INFO,GAP_DAILY_OLD,universe_daily,NSE_EQ|INE522F01014,1d,3,"3 older missing weekdays (longest run 1): 2011-10-26, 2017-10-19, 2018-11-07"
INFO,GAP_DAILY_OLD,universe_daily,NSE_EQ|INE528G01035,1d,3,"3 older missing weekdays (longest run 1): 2011-10-26, 2017-10-19, 2018-11-07"
INFO,GAP_DAILY_OLD,universe_daily,NSE_EQ|INE540L01014,1d,2,"2 older missing weekdays (longest run 1): 2017-10-19, 2018-11-07"
INFO,GAP_DAILY_OLD,universe_daily,NSE_EQ|INE545U01014,1d,1,1 older missing weekdays (longest run 1): 2018-11-07
INFO,GAP_DAILY_OLD,universe_daily,NSE_EQ|INE562A01011,1d,3,"3 older missing weekdays (longest run 1): 2011-10-26, 2017-10-19, 2018-11-07"
INFO,GAP_DAILY_OLD,universe_daily,NSE_EQ|INE572E01012,1d,2,"2 older missing weekdays (longest run 1): 2017-10-19, 2018-11-07"
INFO,GAP_DAILY_OLD,universe_daily,NSE_EQ|INE584A01023,1d,3,"3 older missing weekdays (longest run 1): 2011-10-26, 2017-10-19, 2018-11-07"
INFO,GAP_DAILY_OLD,universe_daily,NSE_EQ|INE591G01025,1d,3,"3 older missing weekdays (longest run 1): 2011-10-26, 2017-10-19, 2018-11-07"
INFO,GAP_DAILY_OLD,universe_daily,NSE_EQ|INE603J01030,1d,3,"3 older missing weekdays (longest run 1): 2011-10-26, 2017-10-19, 2018-11-07"
INFO,GAP_DAILY_OLD,universe_daily,NSE_EQ|INE646L01027,1d,2,"2 older missing weekdays (longest run 1): 2017-10-19, 2018-11-07"
INFO,GAP_DAILY_OLD,universe_daily,NSE_EQ|INE663F01032,1d,3,"3 older missing weekdays (longest run 1): 2011-10-26, 2017-10-19, 2018-11-07"
INFO,GAP_DAILY_OLD,universe_daily,NSE_EQ|INE669C01036,1d,1,1 older missing weekdays (longest run 1): 2018-11-07
INFO,GAP_DAILY_OLD,universe_daily,NSE_EQ|INE669E01016,1d,3,"3 older missing weekdays (longest run 1): 2011-10-26, 2017-10-19, 2018-11-07"
INFO,GAP_DAILY_OLD,universe_daily,NSE_EQ|INE674K01013,1d,2,"2 older missing weekdays (longest run 1): 2017-10-19, 2018-11-07"
INFO,GAP_DAILY_OLD,universe_daily,NSE_EQ|INE702C01027,1d,2,"2 older missing weekdays (longest run 1): 2017-10-19, 2018-11-07"
INFO,GAP_DAILY_OLD,universe_daily,NSE_EQ|INE704P01025,1d,2,"2 older missing weekdays (longest run 1): 2017-10-19, 2018-11-07"
INFO,GAP_DAILY_OLD,universe_daily,NSE_EQ|INE726G01019,1d,2,"2 older missing weekdays (longest run 1): 2017-10-19, 2018-11-07"
INFO,GAP_DAILY_OLD,universe_daily,NSE_EQ|INE733E01010,1d,3,"3 older missing weekdays (longest run 1): 2011-10-26, 2017-10-19, 2018-11-07"
INFO,GAP_DAILY_OLD,universe_daily,NSE_EQ|INE736A01011,1d,2,"2 older missing weekdays (longest run 1): 2017-10-19, 2018-11-07"
INFO,GAP_DAILY_OLD,universe_daily,NSE_EQ|INE742F01042,1d,3,"3 older missing weekdays (longest run 1): 2011-10-26, 2017-10-19, 2018-11-07"
INFO,GAP_DAILY_OLD,universe_daily,NSE_EQ|INE745G01043,1d,2,"2 older missing weekdays (longest run 1): 2017-10-19, 2018-11-07"
INFO,GAP_DAILY_OLD,universe_daily,NSE_EQ|INE752E01010,1d,3,"3 older missing weekdays (longest run 1): 2011-10-26, 2017-10-19, 2018-11-07"
INFO,GAP_DAILY_OLD,universe_daily,NSE_EQ|INE761H01022,1d,3,"3 older missing weekdays (longest run 1): 2011-10-26, 2017-10-19, 2018-11-07"
INFO,GAP_DAILY_OLD,universe_daily,NSE_EQ|INE765G01017,1d,2,"2 older missing weekdays (longest run 1): 2017-10-19, 2018-11-07"
INFO,GAP_DAILY_OLD,universe_daily,NSE_EQ|INE776C01039,1d,3,"3 older missing weekdays (longest run 1): 2011-10-26, 2017-10-19, 2018-11-07"
INFO,GAP_DAILY_OLD,universe_daily,NSE_EQ|INE795G01014,1d,1,1 older missing weekdays (longest run 1): 2018-11-07
INFO,GAP_DAILY_OLD,universe_daily,NSE_EQ|INE797F01020,1d,3,"3 older missing weekdays (longest run 1): 2011-10-26, 2017-10-19, 2018-11-07"
INFO,GAP_DAILY_OLD,universe_daily,NSE_EQ|INE811K01011,1d,3,"3 older missing weekdays (longest run 1): 2011-10-26, 2017-10-19, 2018-11-07"
INFO,GAP_DAILY_OLD,universe_daily,NSE_EQ|INE814H01029,1d,3,"3 older missing weekdays (longest run 1): 2011-10-26, 2017-10-19, 2018-11-07"
INFO,GAP_DAILY_OLD,universe_daily,NSE_EQ|INE848E01016,1d,3,"3 older missing weekdays (longest run 1): 2011-10-26, 2017-10-19, 2018-11-07"
INFO,GAP_DAILY_OLD,universe_daily,NSE_EQ|INE878B01027,1d,3,"3 older missing weekdays (longest run 1): 2011-10-26, 2017-10-19, 2018-11-07"
INFO,GAP_DAILY_OLD,universe_daily,NSE_EQ|INE917I01010,1d,3,"3 older missing weekdays (longest run 1): 2011-10-26, 2017-10-19, 2018-11-07"
INFO,GAP_DAILY_OLD,universe_daily,NSE_EQ|INE918I01026,1d,3,"3 older missing weekdays (longest run 1): 2011-10-26, 2017-10-19, 2018-11-07"
INFO,GAP_DAILY_OLD,universe_daily,NSE_EQ|INE931S01010,1d,2,"2 older missing weekdays (longest run 1): 2017-10-19, 2018-11-07"
INFO,GAP_DAILY_OLD,universe_daily,NSE_EQ|INE935N01020,1d,2,"2 older missing weekdays (longest run 1): 2017-10-19, 2018-11-07"
INFO,GAP_DAILY_OLD,universe_daily,NSE_EQ|INE947Q01028,1d,2,"2 older missing weekdays (longest run 1): 2017-10-19, 2018-11-07"
INFO,GAP_DAILY_OLD,universe_daily,NSE_EQ|INE949L01017,1d,2,"2 older missing weekdays (longest run 1): 2017-10-19, 2018-11-07"
INFO,GAP_DAILY_OLD,universe_daily,NSE_EQ|INE974X01010,1d,1,1 older missing weekdays (longest run 1): 2018-11-07
INFO,GAP_DAILY_OLD,universe_daily,NSE_EQ|INE976G01028,1d,2,"2 older missing weekdays (longest run 1): 2017-10-19, 2018-11-07"
INFO,GAP_WEEKEND,universe_daily,NSE_EQ|INE003A01024,1d,21,"21 special-session days missing: 2003-03-22, 2003-10-25, 2003-11-15 (+18 more)"
INFO,GAP_WEEKEND,universe_daily,NSE_EQ|INE006I01046,1d,11,"11 special-session days missing: 2009-10-17, 2010-02-06, 2012-01-07 (+8 more)"
INFO,GAP_WEEKEND,universe_daily,NSE_EQ|INE009A01021,1d,21,"21 special-session days missing: 2003-03-22, 2003-10-25, 2003-11-15 (+18 more)"
INFO,GAP_WEEKEND,universe_daily,NSE_EQ|INE010B01027,1d,21,"21 special-session days missing: 2003-03-22, 2003-10-25, 2003-11-15 (+18 more)"
INFO,GAP_WEEKEND,universe_daily,NSE_EQ|INE016A01026,1d,21,"21 special-session days missing: 2003-03-22, 2003-10-25, 2003-11-15 (+18 more)"
INFO,GAP_WEEKEND,universe_daily,NSE_EQ|INE018A01030,1d,21,"21 special-session days missing: 2003-03-22, 2003-10-25, 2003-11-15 (+18 more)"
INFO,GAP_WEEKEND,universe_daily,NSE_EQ|INE018E01016,1d,4,"4 special-session days missing: 2015-02-28, 2016-10-30, 2019-10-27 (+1 more)"
INFO,GAP_WEEKEND,universe_daily,NSE_EQ|INE019A01038,1d,16,"16 special-session days missing: 2005-06-04, 2005-11-26, 2006-04-29 (+13 more)"
INFO,GAP_WEEKEND,universe_daily,NSE_EQ|INE020B01018,1d,11,"11 special-session days missing: 2009-10-17, 2010-02-06, 2012-01-07 (+8 more)"
INFO,GAP_WEEKEND,universe_daily,NSE_EQ|INE021A01026,1d,21,"21 special-session days missing: 2003-03-22, 2003-10-25, 2003-11-15 (+18 more)"
INFO,GAP_WEEKEND,universe_daily,NSE_EQ|INE028A01039,1d,21,"21 special-session days missing: 2003-03-22, 2003-10-25, 2003-11-15 (+18 more)"
INFO,GAP_WEEKEND,universe_daily,NSE_EQ|INE029A01011,1d,21,"21 special-session days missing: 2003-03-22, 2003-10-25, 2003-11-15 (+18 more)"
INFO,GAP_WEEKEND,universe_daily,NSE_EQ|INE030A01027,1d,21,"21 special-session days missing: 2003-03-22, 2003-10-25, 2003-11-15 (+18 more)"
INFO,GAP_WEEKEND,universe_daily,NSE_EQ|INE038A01020,1d,21,"21 special-session days missing: 2003-03-22, 2003-10-25, 2003-11-15 (+18 more)"
INFO,GAP_WEEKEND,universe_daily,NSE_EQ|INE040A01034,1d,21,"21 special-session days missing: 2003-03-22, 2003-10-25, 2003-11-15 (+18 more)"
INFO,GAP_WEEKEND,universe_daily,NSE_EQ|INE040H01021,1d,15,"15 special-session days missing: 2005-11-26, 2006-04-29, 2006-06-25 (+12 more)"
INFO,GAP_WEEKEND,universe_daily,NSE_EQ|INE044A01036,1d,21,"21 special-session days missing: 2003-03-22, 2003-10-25, 2003-11-15 (+18 more)"
INFO,GAP_WEEKEND,universe_daily,NSE_EQ|INE047A01021,1d,21,"21 special-session days missing: 2003-03-22, 2003-10-25, 2003-11-15 (+18 more)"
INFO,GAP_WEEKEND,universe_daily,NSE_EQ|INE053A01029,1d,21,"21 special-session days missing: 2003-03-22, 2003-10-25, 2003-11-15 (+18 more)"
INFO,GAP_WEEKEND,universe_daily,NSE_EQ|INE059A01026,1d,21,"21 special-session days missing: 2003-03-22, 2003-10-25, 2003-11-15 (+18 more)"
INFO,GAP_WEEKEND,universe_daily,NSE_EQ|INE061F01013,1d,11,"11 special-session days missing: 2009-10-17, 2010-02-06, 2012-01-07 (+8 more)"
INFO,GAP_WEEKEND,universe_daily,NSE_EQ|INE062A01020,1d,21,"21 special-session days missing: 2003-03-22, 2003-10-25, 2003-11-15 (+18 more)"
INFO,GAP_WEEKEND,universe_daily,NSE_EQ|INE066A01021,1d,21,"21 special-session days missing: 2003-03-22, 2003-10-25, 2003-11-15 (+18 more)"
INFO,GAP_WEEKEND,universe_daily,NSE_EQ|INE066P01011,1d,1,1 special-session days missing: 2016-10-30
INFO,GAP_WEEKEND,universe_daily,NSE_EQ|INE067A01029,1d,21,"21 special-session days missing: 2003-03-22, 2003-10-25, 2003-11-15 (+18 more)"
INFO,GAP_WEEKEND,universe_daily,NSE_EQ|INE070A01015,1d,21,"21 special-session days missing: 2003-03-22, 2003-10-25, 2003-11-15 (+18 more)"
INFO,GAP_WEEKEND,universe_daily,NSE_EQ|INE075A01022,1d,21,"21 special-session days missing: 2003-03-22, 2003-10-25, 2003-11-15 (+18 more)"
INFO,GAP_WEEKEND,universe_daily,NSE_EQ|INE079A01024,1d,21,"21 special-session days missing: 2003-03-22, 2003-10-25, 2003-11-15 (+18 more)"
INFO,GAP_WEEKEND,universe_daily,NSE_EQ|INE081A01020,1d,21,"21 special-session days missing: 2003-03-22, 2003-10-25, 2003-11-15 (+18 more)"
INFO,GAP_WEEKEND,universe_daily,NSE_EQ|INE084A01016,1d,21,"21 special-session days missing: 2003-03-22, 2003-10-25, 2003-11-15 (+18 more)"
INFO,GAP_WEEKEND,universe_daily,NSE_EQ|INE089A01031,1d,10,"10 special-session days missing: 2010-02-06, 2012-01-07, 2012-03-03 (+7 more)"
INFO,GAP_WEEKEND,universe_daily,NSE_EQ|INE090A01021,1d,21,"21 special-session days missing: 2003-03-22, 2003-10-25, 2003-11-15 (+18 more)"
INFO,GAP_WEEKEND,universe_daily,NSE_EQ|INE092T01019,1d,1,1 special-session days missing: 2016-10-30
INFO,GAP_WEEKEND,universe_daily,NSE_EQ|INE093I01010,1d,9,"9 special-session days missing: 2012-01-07, 2012-03-03, 2012-04-28 (+6 more)"
INFO,GAP_WEEKEND,universe_daily,NSE_EQ|INE094A01015,1d,21,"21 special-session days missing: 2003-03-22, 2003-10-25, 2003-11-15 (+18 more)"
INFO,GAP_WEEKEND,universe_daily,NSE_EQ|INE095A01012,1d,21,"21 special-session days missing: 2003-03-22, 2003-10-25, 2003-11-15 (+18 more)"
INFO,GAP_WEEKEND,universe_daily,NSE_EQ|INE095N01031,1d,7,"7 special-session days missing: 2012-04-28, 2012-09-08, 2013-05-11 (+4 more)"
INFO,GAP_WEEKEND,universe_daily,NSE_EQ|INE101A01026,1d,21,"21 special-session days missing: 2003-03-22, 2003-10-25, 2003-11-15 (+18 more)"
INFO,GAP_WEEKEND,universe_daily,NSE_EQ|INE102D01028,1d,21,"21 special-session days missing: 2003-03-22, 2003-10-25, 2003-11-15 (+18 more)"
INFO,GAP_WEEKEND,universe_daily,NSE_EQ|INE111A01025,1d,21,"21 special-session days missing: 2003-03-22, 2003-10-25, 2003-11-15 (+18 more)"
INFO,GAP_WEEKEND,universe_daily,NSE_EQ|INE114A01011,1d,21,"21 special-session days missing: 2003-03-22, 2003-10-25, 2003-11-15 (+18 more)"
INFO,GAP_WEEKEND,universe_daily,NSE_EQ|INE115A01026,1d,21,"21 special-session days missing: 2003-03-22, 2003-10-25, 2003-11-15 (+18 more)"
INFO,GAP_WEEKEND,universe_daily,NSE_EQ|INE117A01022,1d,21,"21 special-session days missing: 2003-03-22, 2003-10-25, 2003-11-15 (+18 more)"
INFO,GAP_WEEKEND,universe_daily,NSE_EQ|INE118A01012,1d,21,"21 special-session days missing: 2003-03-22, 2003-10-25, 2003-11-15 (+18 more)"
INFO,GAP_WEEKEND,universe_daily,NSE_EQ|INE121A01024,1d,21,"21 special-session days missing: 2003-03-22, 2003-10-25, 2003-11-15 (+18 more)"
INFO,GAP_WEEKEND,universe_daily,NSE_EQ|INE121E01018,1d,10,"10 special-session days missing: 2010-02-06, 2012-01-07, 2012-03-03 (+7 more)"
INFO,GAP_WEEKEND,universe_daily,NSE_EQ|INE121J01017,1d,5,"5 special-session days missing: 2013-05-11, 2013-11-03, 2014-03-22 (+2 more)"
INFO,GAP_WEEKEND,universe_daily,NSE_EQ|INE129A01019,1d,21,"21 special-session days missing: 2003-03-22, 2003-10-25, 2003-11-15 (+18 more)"
INFO,GAP_WEEKEND,universe_daily,NSE_EQ|INE134E01011,1d,11,"11 special-session days missing: 2009-10-17, 2010-02-06, 2012-01-07 (+8 more)"
INFO,GAP_WEEKEND,universe_daily,NSE_EQ|INE138Y01010,1d,3,"3 special-session days missing: 2019-10-27, 2020-02-01, 2020-11-14"
INFO,GAP_WEEKEND,universe_daily,NSE_EQ|INE139A01034,1d,21,"21 special-session days missing: 2003-03-22, 2003-10-25, 2003-11-15 (+18 more)"
INFO,GAP_WEEKEND,universe_daily,NSE_EQ|INE148O01028,1d,4,"4 special-session days missing: 2016-10-30, 2019-10-27, 2020-02-01 (+1 more)"
INFO,GAP_WEEKEND,universe_daily,NSE_EQ|INE154A01025,1d,21,"21 special-session days missing: 2003-03-22, 2003-10-25, 2003-11-15 (+18 more)"
INFO,GAP_WEEKEND,universe_daily,NSE_EQ|INE155A01022,1d,21,"21 special-session days missing: 2003-03-22, 2003-10-25, 2003-11-15 (+18 more)"
INFO,GAP_WEEKEND,universe_daily,NSE_EQ|INE158A01026,1d,21,"21 special-session days missing: 2003-03-22, 2003-10-25, 2003-11-15 (+18 more)"
INFO,GAP_WEEKEND,universe_daily,NSE_EQ|INE160A01022,1d,21,"21 special-session days missing: 2003-03-22, 2003-10-25, 2003-11-15 (+18 more)"
INFO,GAP_WEEKEND,universe_daily,NSE_EQ|INE176B01034,1d,21,"21 special-session days missing: 2003-03-22, 2003-10-25, 2003-11-15 (+18 more)"
INFO,GAP_WEEKEND,universe_daily,NSE_EQ|INE180A01020,1d,21,"21 special-session days missing: 2003-03-22, 2003-10-25, 2003-11-15 (+18 more)"
INFO,GAP_WEEKEND,universe_daily,NSE_EQ|INE192A01025,1d,21,"21 special-session days missing: 2003-03-22, 2003-10-25, 2003-11-15 (+18 more)"
INFO,GAP_WEEKEND,universe_daily,NSE_EQ|INE195A01028,1d,21,"21 special-session days missing: 2003-03-22, 2003-10-25, 2003-11-15 (+18 more)"
INFO,GAP_WEEKEND,universe_daily,NSE_EQ|INE196A01026,1d,21,"21 special-session days missing: 2003-03-22, 2003-10-25, 2003-11-15 (+18 more)"
INFO,GAP_WEEKEND,universe_daily,NSE_EQ|INE200A01026,1d,11,"11 special-session days missing: 2009-10-17, 2010-02-06, 2012-01-07 (+8 more)"
INFO,GAP_WEEKEND,universe_daily,NSE_EQ|INE205A01025,1d,21,"21 special-session days missing: 2003-03-22, 2003-10-25, 2003-11-15 (+18 more)"
INFO,GAP_WEEKEND,universe_daily,NSE_EQ|INE208A01029,1d,21,"21 special-session days missing: 2003-03-22, 2003-10-25, 2003-11-15 (+18 more)"
INFO,GAP_WEEKEND,universe_daily,NSE_EQ|INE211B01039,1d,11,"11 special-session days missing: 2009-10-17, 2010-02-06, 2012-01-07 (+8 more)"
INFO,GAP_WEEKEND,universe_daily,NSE_EQ|INE213A01029,1d,21,"21 special-session days missing: 2003-03-22, 2003-10-25, 2003-11-15 (+18 more)"
INFO,GAP_WEEKEND,universe_daily,NSE_EQ|INE214T01019,1d,1,1 special-session days missing: 2016-10-30
INFO,GAP_WEEKEND,universe_daily,NSE_EQ|INE216A01030,1d,21,"21 special-session days missing: 2003-03-22, 2003-10-25, 2003-11-15 (+18 more)"
INFO,GAP_WEEKEND,universe_daily,NSE_EQ|INE226A01021,1d,21,"21 special-session days missing: 2003-03-22, 2003-10-25, 2003-11-15 (+18 more)"
INFO,GAP_WEEKEND,universe_daily,NSE_EQ|INE237A01036,1d,21,"21 special-session days missing: 2003-03-22, 2003-10-25, 2003-11-15 (+18 more)"
INFO,GAP_WEEKEND,universe_daily,NSE_EQ|INE238A01034,1d,21,"21 special-session days missing: 2003-03-22, 2003-10-25, 2003-11-15 (+18 more)"
INFO,GAP_WEEKEND,universe_daily,NSE_EQ|INE239A01024,1d,10,"10 special-session days missing: 2010-02-06, 2012-01-07, 2012-03-03 (+7 more)"
INFO,GAP_WEEKEND,universe_daily,NSE_EQ|INE242A01010,1d,21,"21 special-session days missing: 2003-03-22, 2003-10-25, 2003-11-15 (+18 more)"
INFO,GAP_WEEKEND,universe_daily,NSE_EQ|INE245A01021,1d,21,"21 special-session days missing: 2003-03-22, 2003-10-25, 2003-11-15 (+18 more)"
INFO,GAP_WEEKEND,universe_daily,NSE_EQ|INE249Z01020,1d,2,"2 special-session days missing: 2019-10-27, 2020-02-01"
INFO,GAP_WEEKEND,universe_daily,NSE_EQ|INE257A01026,1d,21,"21 special-session days missing: 2003-03-22, 2003-10-25, 2003-11-15 (+18 more)"
INFO,GAP_WEEKEND,universe_daily,NSE_EQ|INE259A01022,1d,21,"21 special-session days missing: 2003-03-22, 2003-10-25, 2003-11-15 (+18 more)"
INFO,GAP_WEEKEND,universe_daily,NSE_EQ|INE260B01028,1d,21,"21 special-session days missing: 2003-03-22, 2003-10-25, 2003-11-15 (+18 more)"
INFO,GAP_WEEKEND,universe_daily,NSE_EQ|INE262H01021,1d,9,"9 special-session days missing: 2012-01-07, 2012-03-03, 2012-04-28 (+6 more)"
INFO,GAP_WEEKEND,universe_daily,NSE_EQ|INE263A01024,1d,21,"21 special-session days missing: 2003-03-22, 2003-10-25, 2003-11-15 (+18 more)"
INFO,GAP_WEEKEND,universe_daily,NSE_EQ|INE267A01025,1d,9,"9 special-session days missing: 2003-10-25, 2003-11-15, 2004-04-17 (+6 more)"
INFO,GAP_WEEKEND,universe_daily,NSE_EQ|INE271C01023,1d,11,"11 special-session days missing: 2009-10-17, 2010-02-06, 2012-01-07 (+8 more)"
INFO,GAP_WEEKEND,universe_daily,NSE_EQ|INE274J01014,1d,11,"11 special-session days missing: 2009-10-17, 2010-02-06, 2012-01-07 (+8 more)"
INFO,GAP_WEEKEND,universe_daily,NSE_EQ|INE280A01028,1d,21,"21 special-session days missing: 2003-03-22, 2003-10-25, 2003-11-15 (+18 more)"
INFO,GAP_WEEKEND,universe_daily,NSE_EQ|INE296A01032,1d,21,"21 special-session days missing: 2003-03-22, 2003-10-25, 2003-11-15 (+18 more)"
INFO,GAP_WEEKEND,universe_daily,NSE_EQ|INE298A01020,1d,21,"21 special-session days missing: 2003-03-22, 2003-10-25, 2003-11-15 (+18 more)"
INFO,GAP_WEEKEND,universe_daily,NSE_EQ|INE299U01018,1d,1,1 special-session days missing: 2016-10-30
INFO,GAP_WEEKEND,universe_daily,NSE_EQ|INE318A01026,1d,21,"21 special-session days missing: 2003-03-22, 2003-10-25, 2003-11-15 (+18 more)"
INFO,GAP_WEEKEND,universe_daily,NSE_EQ|INE323A01026,1d,21,"21 special-session days missing: 2003-03-22, 2003-10-25, 2003-11-15 (+18 more)"
INFO,GAP_WEEKEND,universe_daily,NSE_EQ|INE326A01037,1d,21,"21 special-session days missing: 2003-03-22, 2003-10-25, 2003-11-15 (+18 more)"
INFO,GAP_WEEKEND,universe_daily,NSE_EQ|INE338I01027,1d,11,"11 special-session days missing: 2009-10-17, 2010-02-06, 2012-01-07 (+8 more)"
INFO,GAP_WEEKEND,universe_daily,NSE_EQ|INE343H01029,1d,14,"14 special-session days missing: 2006-04-29, 2006-06-25, 2006-10-21 (+11 more)"
INFO,GAP_WEEKEND,universe_daily,NSE_EQ|INE347G01014,1d,18,"18 special-session days missing: 2004-04-17, 2004-10-09, 2005-06-04 (+15 more)"
INFO,GAP_WEEKEND,universe_daily,NSE_EQ|INE356A01018,1d,21,"21 special-session days missing: 2003-03-22, 2003-10-25, 2003-11-15 (+18 more)"
INFO,GAP_WEEKEND,universe_daily,NSE_EQ|INE361B01024,1d,21,"21 special-session days missing: 2003-03-22, 2003-10-25, 2003-11-15 (+18 more)"
INFO,GAP_WEEKEND,universe_daily,NSE_EQ|INE376G01013,1d,18,"18 special-session days missing: 2004-04-17, 2004-10-09, 2005-06-04 (+15 more)"
INFO,GAP_WEEKEND,universe_daily,NSE_EQ|INE397D01024,1d,21,"21 special-session days missing: 2003-03-22, 2003-10-25, 2003-11-15 (+18 more)"
INFO,GAP_WEEKEND,universe_daily,NSE_EQ|INE405E01023,1d,11,"11 special-session days missing: 2009-10-17, 2010-02-06, 2012-01-07 (+8 more)"
INFO,GAP_WEEKEND,universe_daily,NSE_EQ|INE406A01037,1d,21,"21 special-session days missing: 2003-03-22, 2003-10-25, 2003-11-15 (+18 more)"
INFO,GAP_WEEKEND,universe_daily,NSE_EQ|INE414G01012,1d,9,"9 special-session days missing: 2012-01-07, 2012-03-03, 2012-04-28 (+6 more)"
INFO,GAP_WEEKEND,universe_daily,NSE_EQ|INE423A01024,1d,2,"2 special-session days missing: 2015-02-28, 2016-10-30"
INFO,GAP_WEEKEND,universe_daily,NSE_EQ|INE437A01024,1d,21,"21 special-session days missing: 2003-03-22, 2003-10-25, 2003-11-15 (+18 more)"
INFO,GAP_WEEKEND,universe_daily,NSE_EQ|INE451A01017,1d,2,"2 special-session days missing: 2023-11-12, 2024-01-20"
INFO,GAP_WEEKEND,universe_daily,NSE_EQ|INE457L01029,1d,9,"9 special-session days missing: 2012-01-07, 2012-03-03, 2012-04-28 (+6 more)"
INFO,GAP_WEEKEND,universe_daily,NSE_EQ|INE465A01025,1d,21,"21 special-session days missing: 2003-03-22, 2003-10-25, 2003-11-15 (+18 more)"
INFO,GAP_WEEKEND,universe_daily,NSE_EQ|INE466L01038,1d,2,"2 special-session days missing: 2015-02-28, 2016-10-30"
INFO,GAP_WEEKEND,universe_daily,NSE_EQ|INE467B01029,1d,17,"17 special-session days missing: 2004-10-09, 2005-06-04, 2005-11-26 (+14 more)"
INFO,GAP_WEEKEND,universe_daily,NSE_EQ|INE472A01039,1d,21,"21 special-session days missing: 2003-03-22, 2003-10-25, 2003-11-15 (+18 more)"
INFO,GAP_WEEKEND,universe_daily,NSE_EQ|INE476A01022,1d,21,"21 special-session days missing: 2003-03-22, 2003-10-25, 2003-11-15 (+18 more)"
INFO,GAP_WEEKEND,universe_daily,NSE_EQ|INE481G01011,1d,17,"17 special-session days missing: 2004-10-09, 2005-06-04, 2005-11-26 (+14 more)"
INFO,GAP_WEEKEND,universe_daily,NSE_EQ|INE484J01027,1d,10,"10 special-session days missing: 2010-02-06, 2012-01-07, 2012-03-03 (+7 more)"
INFO,GAP_WEEKEND,universe_daily,NSE_EQ|INE494B01023,1d,21,"21 special-session days missing: 2003-03-22, 2003-10-25, 2003-11-15 (+18 more)"
INFO,GAP_WEEKEND,universe_daily,NSE_EQ|INE498L01015,1d,9,"9 special-session days missing: 2012-01-07, 2012-03-03, 2012-04-28 (+6 more)"
INFO,GAP_WEEKEND,universe_daily,NSE_EQ|INE522D01027,1d,9,"9 special-session days missing: 2012-01-07, 2012-03-03, 2012-04-28 (+6 more)"
INFO,GAP_WEEKEND,universe_daily,NSE_EQ|INE522F01014,1d,9,"9 special-session days missing: 2012-01-07, 2012-03-03, 2012-04-28 (+6 more)"
INFO,GAP_WEEKEND,universe_daily,NSE_EQ|INE528G01035,1d,15,"15 special-session days missing: 2005-11-26, 2006-04-29, 2006-06-25 (+12 more)"
INFO,GAP_WEEKEND,universe_daily,NSE_EQ|INE540L01014,1d,1,1 special-session days missing: 2016-10-30
INFO,GAP_WEEKEND,universe_daily,NSE_EQ|INE562A01011,1d,11,"11 special-session days missing: 2009-10-17, 2010-02-06, 2012-01-07 (+8 more)"
INFO,GAP_WEEKEND,universe_daily,NSE_EQ|INE584A01023,1d,11,"11 special-session days missing: 2009-10-17, 2010-02-06, 2012-01-07 (+8 more)"
INFO,GAP_WEEKEND,universe_daily,NSE_EQ|INE585B01010,1d,20,"20 special-session days missing: 2003-10-25, 2003-11-15, 2004-04-17 (+17 more)"
INFO,GAP_WEEKEND,universe_daily,NSE_EQ|INE591G01025,1d,17,"17 special-session days missing: 2004-10-09, 2005-06-04, 2005-11-26 (+14 more)"
INFO,GAP_WEEKEND,universe_daily,NSE_EQ|INE603J01030,1d,9,"9 special-session days missing: 2012-01-07, 2012-03-03, 2012-04-28 (+6 more)"
INFO,GAP_WEEKEND,universe_daily,NSE_EQ|INE628A01036,1d,18,"18 special-session days missing: 2004-04-17, 2004-10-09, 2005-06-04 (+15 more)"
INFO,GAP_WEEKEND,universe_daily,NSE_EQ|INE646L01027,1d,1,1 special-session days missing: 2016-10-30
INFO,GAP_WEEKEND,universe_daily,NSE_EQ|INE647A01010,1d,21,"21 special-session days missing: 2003-03-22, 2003-10-25, 2003-11-15 (+18 more)"
INFO,GAP_WEEKEND,universe_daily,NSE_EQ|INE663F01032,1d,11,"11 special-session days missing: 2009-10-17, 2010-02-06, 2012-01-07 (+8 more)"
INFO,GAP_WEEKEND,universe_daily,NSE_EQ|INE669E01016,1d,11,"11 special-session days missing: 2009-10-17, 2010-02-06, 2012-01-07 (+8 more)"
INFO,GAP_WEEKEND,universe_daily,NSE_EQ|INE670A01012,1d,21,"21 special-session days missing: 2003-03-22, 2003-10-25, 2003-11-15 (+18 more)"
INFO,GAP_WEEKEND,universe_daily,NSE_EQ|INE685A01028,1d,21,"21 special-session days missing: 2003-03-22, 2003-10-25, 2003-11-15 (+18 more)"
INFO,GAP_WEEKEND,universe_daily,NSE_EQ|INE692A01016,1d,21,"21 special-session days missing: 2003-03-22, 2003-10-25, 2003-11-15 (+18 more)"
INFO,GAP_WEEKEND,universe_daily,NSE_EQ|INE702C01027,1d,9,"9 special-session days missing: 2012-01-07, 2012-03-03, 2012-04-28 (+6 more)"
INFO,GAP_WEEKEND,universe_daily,NSE_EQ|INE721A01047,1d,21,"21 special-session days missing: 2003-03-22, 2003-10-25, 2003-11-15 (+18 more)"
INFO,GAP_WEEKEND,universe_daily,NSE_EQ|INE726G01019,1d,1,1 special-session days missing: 2016-10-30
INFO,GAP_WEEKEND,universe_daily,NSE_EQ|INE732I01021,1d,3,"3 special-session days missing: 2016-10-30, 2019-10-27, 2020-02-01"
INFO,GAP_WEEKEND,universe_daily,NSE_EQ|INE733E01010,1d,16,"16 special-session days missing: 2005-06-04, 2005-11-26, 2006-04-29 (+13 more)"
INFO,GAP_WEEKEND,universe_daily,NSE_EQ|INE742F01042,1d,11,"11 special-session days missing: 2009-10-17, 2010-02-06, 2012-01-07 (+8 more)"
INFO,GAP_WEEKEND,universe_daily,NSE_EQ|INE745G01043,1d,7,"7 special-session days missing: 2012-04-28, 2012-09-08, 2013-05-11 (+4 more)"
INFO,GAP_WEEKEND,universe_daily,NSE_EQ|INE749A01030,1d,21,"21 special-session days missing: 2003-03-22, 2003-10-25, 2003-11-15 (+18 more)"
INFO,GAP_WEEKEND,universe_daily,NSE_EQ|INE752E01010,1d,11,"11 special-session days missing: 2009-10-17, 2010-02-06, 2012-01-07 (+8 more)"
INFO,GAP_WEEKEND,universe_daily,NSE_EQ|INE761H01022,1d,11,"11 special-session days missing: 2009-10-17, 2010-02-06, 2012-01-07 (+8 more)"
INFO,GAP_WEEKEND,universe_daily,NSE_EQ|INE775A01035,1d,21,"21 special-session days missing: 2003-03-22, 2003-10-25, 2003-11-15 (+18 more)"
INFO,GAP_WEEKEND,universe_daily,NSE_EQ|INE776C01039,1d,12,"12 special-session days missing: 2006-10-21, 2009-10-17, 2010-02-06 (+9 more)"
INFO,GAP_WEEKEND,universe_daily,NSE_EQ|INE797F01020,1d,9,"9 special-session days missing: 2012-01-07, 2012-03-03, 2012-04-28 (+6 more)"
INFO,GAP_WEEKEND,universe_daily,NSE_EQ|INE811K01011,1d,9,"9 special-session days missing: 2012-01-07, 2012-03-03, 2012-04-28 (+6 more)"
INFO,GAP_WEEKEND,universe_daily,NSE_EQ|INE814H01029,1d,11,"11 special-session days missing: 2009-10-17, 2010-02-06, 2012-01-07 (+8 more)"
INFO,GAP_WEEKEND,universe_daily,NSE_EQ|INE848E01016,1d,11,"11 special-session days missing: 2009-10-17, 2010-02-06, 2012-01-07 (+8 more)"
INFO,GAP_WEEKEND,universe_daily,NSE_EQ|INE849A01020,1d,21,"21 special-session days missing: 2003-03-22, 2003-10-25, 2003-11-15 (+18 more)"
INFO,GAP_WEEKEND,universe_daily,NSE_EQ|INE854D01024,1d,21,"21 special-session days missing: 2003-03-22, 2003-10-25, 2003-11-15 (+18 more)"
INFO,GAP_WEEKEND,universe_daily,NSE_EQ|INE860A01027,1d,21,"21 special-session days missing: 2003-03-22, 2003-10-25, 2003-11-15 (+18 more)"
INFO,GAP_WEEKEND,universe_daily,NSE_EQ|INE878B01027,1d,14,"14 special-session days missing: 2006-04-29, 2006-06-25, 2006-10-21 (+11 more)"
INFO,GAP_WEEKEND,universe_daily,NSE_EQ|INE881D01027,1d,21,"21 special-session days missing: 2003-03-22, 2003-10-25, 2003-11-15 (+18 more)"
INFO,GAP_WEEKEND,universe_daily,NSE_EQ|INE917I01010,1d,11,"11 special-session days missing: 2009-10-17, 2010-02-06, 2012-01-07 (+8 more)"
INFO,GAP_WEEKEND,universe_daily,NSE_EQ|INE918I01026,1d,11,"11 special-session days missing: 2009-10-17, 2010-02-06, 2012-01-07 (+8 more)"
INFO,GAP_WEEKEND,universe_daily,NSE_EQ|INE931S01010,1d,1,1 special-session days missing: 2016-10-30
INFO,GAP_WEEKEND,universe_daily,NSE_EQ|INE935A01035,1d,21,"21 special-session days missing: 2003-03-22, 2003-10-25, 2003-11-15 (+18 more)"
INFO,GAP_WEEKEND,universe_daily,NSE_EQ|INE944F01028,1d,21,"21 special-session days missing: 2003-03-22, 2003-10-25, 2003-11-15 (+18 more)"
INFO,GAP_WEEKEND,universe_daily,NSE_EQ|INE976G01028,1d,1,1 special-session days missing: 2016-10-30
INFO,INTRADAY_DAILY_CLOSE,stocks_intraday,NSE_EQ|INE002A01018,5m,2,2/267 full days: last intraday close vs daily close > 0.5%; worst 2025-12-04 intraday 1525.30 vs daily 1535.60 (-0.67%)
INFO,INTRADAY_DAILY_CLOSE,stocks_intraday,NSE_EQ|INE002A01018,15m,2,2/267 full days: last intraday close vs daily close > 0.5%; worst 2025-12-04 intraday 1525.30 vs daily 1535.60 (-0.67%)
INFO,INTRADAY_DAILY_CLOSE,stocks_intraday,NSE_EQ|INE002A01018,60m,2,2/267 full days: last intraday close vs daily close > 0.5%; worst 2025-12-04 intraday 1525.30 vs daily 1535.60 (-0.67%)
INFO,INTRADAY_DAILY_CLOSE,stocks_intraday,NSE_EQ|INE003A01024,5m,10,10/267 full days: last intraday close vs daily close > 0.5%; worst 2026-06-08 intraday 3576.00 vs daily 3624.00 (-1.32%)
INFO,INTRADAY_DAILY_CLOSE,stocks_intraday,NSE_EQ|INE003A01024,15m,10,10/267 full days: last intraday close vs daily close > 0.5%; worst 2026-06-08 intraday 3576.00 vs daily 3624.00 (-1.32%)
INFO,INTRADAY_DAILY_CLOSE,stocks_intraday,NSE_EQ|INE003A01024,60m,10,10/267 full days: last intraday close vs daily close > 0.5%; worst 2026-06-08 intraday 3576.00 vs daily 3624.00 (-1.32%)
INFO,INTRADAY_DAILY_CLOSE,stocks_intraday,NSE_EQ|INE006I01046,5m,22,22/267 full days: last intraday close vs daily close > 0.5%; worst 2026-04-17 intraday 1629.00 vs daily 1605.00 (+1.50%)
INFO,INTRADAY_DAILY_CLOSE,stocks_intraday,NSE_EQ|INE006I01046,15m,22,22/267 full days: last intraday close vs daily close > 0.5%; worst 2026-04-17 intraday 1629.00 vs daily 1605.00 (+1.50%)
INFO,INTRADAY_DAILY_CLOSE,stocks_intraday,NSE_EQ|INE006I01046,60m,22,22/267 full days: last intraday close vs daily close > 0.5%; worst 2026-04-17 intraday 1629.00 vs daily 1605.00 (+1.50%)
INFO,INTRADAY_DAILY_CLOSE,stocks_intraday,NSE_EQ|INE009A01021,5m,5,5/267 full days: last intraday close vs daily close > 0.5%; worst 2026-04-23 intraday 1231.80 vs daily 1240.60 (-0.71%)
INFO,INTRADAY_DAILY_CLOSE,stocks_intraday,NSE_EQ|INE009A01021,15m,5,5/267 full days: last intraday close vs daily close > 0.5%; worst 2026-04-23 intraday 1231.80 vs daily 1240.60 (-0.71%)
INFO,INTRADAY_DAILY_CLOSE,stocks_intraday,NSE_EQ|INE009A01021,60m,5,5/267 full days: last intraday close vs daily close > 0.5%; worst 2026-04-23 intraday 1231.80 vs daily 1240.60 (-0.71%)
INFO,INTRADAY_DAILY_CLOSE,stocks_intraday,NSE_EQ|INE010B01027,5m,3,3/267 full days: last intraday close vs daily close > 0.5%; worst 2026-03-30 intraday 878.90 vs daily 871.20 (+0.88%)
INFO,INTRADAY_DAILY_CLOSE,stocks_intraday,NSE_EQ|INE010B01027,15m,3,3/267 full days: last intraday close vs daily close > 0.5%; worst 2026-03-30 intraday 878.90 vs daily 871.20 (+0.88%)
INFO,INTRADAY_DAILY_CLOSE,stocks_intraday,NSE_EQ|INE010B01027,60m,3,3/267 full days: last intraday close vs daily close > 0.5%; worst 2026-03-30 intraday 878.90 vs daily 871.20 (+0.88%)
INFO,INTRADAY_DAILY_CLOSE,stocks_intraday,NSE_EQ|INE016A01026,5m,7,7/267 full days: last intraday close vs daily close > 0.5%; worst 2026-05-29 intraday 450.00 vs daily 443.40 (+1.49%)
INFO,INTRADAY_DAILY_CLOSE,stocks_intraday,NSE_EQ|INE016A01026,15m,7,7/267 full days: last intraday close vs daily close > 0.5%; worst 2026-05-29 intraday 450.00 vs daily 443.40 (+1.49%)
INFO,INTRADAY_DAILY_CLOSE,stocks_intraday,NSE_EQ|INE016A01026,60m,7,7/267 full days: last intraday close vs daily close > 0.5%; worst 2026-05-29 intraday 450.00 vs daily 443.40 (+1.49%)
INFO,INTRADAY_DAILY_CLOSE,stocks_intraday,NSE_EQ|INE018A01030,5m,1,1/267 full days: last intraday close vs daily close > 0.5%; worst 2026-05-05 intraday 4075.00 vs daily 4054.50 (+0.51%)
INFO,INTRADAY_DAILY_CLOSE,stocks_intraday,NSE_EQ|INE018A01030,15m,1,1/267 full days: last intraday close vs daily close > 0.5%; worst 2026-05-05 intraday 4075.00 vs daily 4054.50 (+0.51%)
INFO,INTRADAY_DAILY_CLOSE,stocks_intraday,NSE_EQ|INE018A01030,60m,1,1/267 full days: last intraday close vs daily close > 0.5%; worst 2026-05-05 intraday 4075.00 vs daily 4054.50 (+0.51%)
INFO,INTRADAY_DAILY_CLOSE,stocks_intraday,NSE_EQ|INE018E01016,5m,16,16/267 full days: last intraday close vs daily close > 0.5%; worst 2026-02-25 intraday 780.00 vs daily 788.75 (-1.11%)
INFO,INTRADAY_DAILY_CLOSE,stocks_intraday,NSE_EQ|INE018E01016,15m,16,16/267 full days: last intraday close vs daily close > 0.5%; worst 2026-02-25 intraday 780.00 vs daily 788.75 (-1.11%)
INFO,INTRADAY_DAILY_CLOSE,stocks_intraday,NSE_EQ|INE018E01016,60m,16,16/267 full days: last intraday close vs daily close > 0.5%; worst 2026-02-25 intraday 780.00 vs daily 788.75 (-1.11%)
INFO,INTRADAY_DAILY_CLOSE,stocks_intraday,NSE_EQ|INE019A01038,5m,9,9/267 full days: last intraday close vs daily close > 0.5%; worst 2026-07-07 intraday 1237.40 vs daily 1246.40 (-0.72%)
INFO,INTRADAY_DAILY_CLOSE,stocks_intraday,NSE_EQ|INE019A01038,15m,9,9/267 full days: last intraday close vs daily close > 0.5%; worst 2026-07-07 intraday 1237.40 vs daily 1246.40 (-0.72%)
INFO,INTRADAY_DAILY_CLOSE,stocks_intraday,NSE_EQ|INE019A01038,60m,9,9/267 full days: last intraday close vs daily close > 0.5%; worst 2026-07-07 intraday 1237.40 vs daily 1246.40 (-0.72%)
INFO,INTRADAY_DAILY_CLOSE,stocks_intraday,NSE_EQ|INE01EA01019,5m,12,12/267 full days: last intraday close vs daily close > 0.5%; worst 2025-11-24 intraday 131.81 vs daily 133.59 (-1.33%)
INFO,INTRADAY_DAILY_CLOSE,stocks_intraday,NSE_EQ|INE01EA01019,15m,12,12/267 full days: last intraday close vs daily close > 0.5%; worst 2025-11-24 intraday 131.81 vs daily 133.59 (-1.33%)
INFO,INTRADAY_DAILY_CLOSE,stocks_intraday,NSE_EQ|INE01EA01019,60m,12,12/267 full days: last intraday close vs daily close > 0.5%; worst 2025-11-24 intraday 131.81 vs daily 133.59 (-1.33%)
INFO,INTRADAY_DAILY_CLOSE,stocks_intraday,NSE_EQ|INE020B01018,5m,4,4/267 full days: last intraday close vs daily close > 0.5%; worst 2025-10-29 intraday 388.00 vs daily 385.55 (+0.64%)
INFO,INTRADAY_DAILY_CLOSE,stocks_intraday,NSE_EQ|INE020B01018,15m,4,4/267 full days: last intraday close vs daily close > 0.5%; worst 2025-10-29 intraday 388.00 vs daily 385.55 (+0.64%)
INFO,INTRADAY_DAILY_CLOSE,stocks_intraday,NSE_EQ|INE020B01018,60m,4,4/267 full days: last intraday close vs daily close > 0.5%; worst 2025-10-29 intraday 388.00 vs daily 385.55 (+0.64%)
INFO,INTRADAY_DAILY_CLOSE,stocks_intraday,NSE_EQ|INE022Q01020,5m,8,8/267 full days: last intraday close vs daily close > 0.5%; worst 2026-01-06 intraday 146.21 vs daily 148.67 (-1.65%)
INFO,INTRADAY_DAILY_CLOSE,stocks_intraday,NSE_EQ|INE022Q01020,15m,8,8/267 full days: last intraday close vs daily close > 0.5%; worst 2026-01-06 intraday 146.21 vs daily 148.67 (-1.65%)
INFO,INTRADAY_DAILY_CLOSE,stocks_intraday,NSE_EQ|INE022Q01020,60m,8,8/267 full days: last intraday close vs daily close > 0.5%; worst 2026-01-06 intraday 146.21 vs daily 148.67 (-1.65%)
INFO,INTRADAY_DAILY_CLOSE,stocks_intraday,NSE_EQ|INE027H01010,5m,10,10/267 full days: last intraday close vs daily close > 0.5%; worst 2025-10-28 intraday 1187.90 vs daily 1179.70 (+0.70%)
INFO,INTRADAY_DAILY_CLOSE,stocks_intraday,NSE_EQ|INE027H01010,15m,10,10/267 full days: last intraday close vs daily close > 0.5%; worst 2025-10-28 intraday 1187.90 vs daily 1179.70 (+0.70%)
INFO,INTRADAY_DAILY_CLOSE,stocks_intraday,NSE_EQ|INE027H01010,60m,10,10/267 full days: last intraday close vs daily close > 0.5%; worst 2025-10-28 intraday 1187.90 vs daily 1179.70 (+0.70%)
INFO,INTRADAY_DAILY_CLOSE,stocks_intraday,NSE_EQ|INE028A01039,5m,3,3/267 full days: last intraday close vs daily close > 0.5%; worst 2025-10-27 intraday 275.20 vs daily 273.65 (+0.57%)
INFO,INTRADAY_DAILY_CLOSE,stocks_intraday,NSE_EQ|INE028A01039,15m,3,3/267 full days: last intraday close vs daily close > 0.5%; worst 2025-10-27 intraday 275.20 vs daily 273.65 (+0.57%)
INFO,INTRADAY_DAILY_CLOSE,stocks_intraday,NSE_EQ|INE028A01039,60m,3,3/267 full days: last intraday close vs daily close > 0.5%; worst 2025-10-27 intraday 275.20 vs daily 273.65 (+0.57%)
INFO,INTRADAY_DAILY_CLOSE,stocks_intraday,NSE_EQ|INE029A01011,5m,3,3/267 full days: last intraday close vs daily close > 0.5%; worst 2026-07-22 intraday 309.55 vs daily 314.00 (-1.42%)
INFO,INTRADAY_DAILY_CLOSE,stocks_intraday,NSE_EQ|INE029A01011,15m,3,3/267 full days: last intraday close vs daily close > 0.5%; worst 2026-07-22 intraday 309.55 vs daily 314.00 (-1.42%)
INFO,INTRADAY_DAILY_CLOSE,stocks_intraday,NSE_EQ|INE029A01011,60m,3,3/267 full days: last intraday close vs daily close > 0.5%; worst 2026-07-22 intraday 309.55 vs daily 314.00 (-1.42%)
INFO,INTRADAY_DAILY_CLOSE,stocks_intraday,NSE_EQ|INE030A01027,5m,4,4/266 full days: last intraday close vs daily close > 0.5%; worst 2026-03-20 intraday 2095.00 vs daily 2082.70 (+0.59%)
INFO,INTRADAY_DAILY_CLOSE,stocks_intraday,NSE_EQ|INE030A01027,15m,4,4/266 full days: last intraday close vs daily close > 0.5%; worst 2026-03-20 intraday 2095.00 vs daily 2082.70 (+0.59%)
INFO,INTRADAY_DAILY_CLOSE,stocks_intraday,NSE_EQ|INE030A01027,60m,4,4/267 full days: last intraday close vs daily close > 0.5%; worst 2026-03-20 intraday 2095.00 vs daily 2082.70 (+0.59%)
INFO,INTRADAY_DAILY_CLOSE,stocks_intraday,NSE_EQ|INE038A01020,5m,5,5/267 full days: last intraday close vs daily close > 0.5%; worst 2026-06-08 intraday 1053.00 vs daily 1062.40 (-0.88%)
INFO,INTRADAY_DAILY_CLOSE,stocks_intraday,NSE_EQ|INE038A01020,15m,5,5/267 full days: last intraday close vs daily close > 0.5%; worst 2026-06-08 intraday 1053.00 vs daily 1062.40 (-0.88%)
INFO,INTRADAY_DAILY_CLOSE,stocks_intraday,NSE_EQ|INE038A01020,60m,5,5/267 full days: last intraday close vs daily close > 0.5%; worst 2026-06-08 intraday 1053.00 vs daily 1062.40 (-0.88%)
INFO,INTRADAY_DAILY_CLOSE,stocks_intraday,NSE_EQ|INE040A01034,5m,1,1/267 full days: last intraday close vs daily close > 0.5%; worst 2026-05-12 intraday 755.00 vs daily 750.45 (+0.61%)
INFO,INTRADAY_DAILY_CLOSE,stocks_intraday,NSE_EQ|INE040A01034,15m,1,1/267 full days: last intraday close vs daily close > 0.5%; worst 2026-05-12 intraday 755.00 vs daily 750.45 (+0.61%)
INFO,INTRADAY_DAILY_CLOSE,stocks_intraday,NSE_EQ|INE040A01034,60m,1,1/267 full days: last intraday close vs daily close > 0.5%; worst 2026-05-12 intraday 755.00 vs daily 750.45 (+0.61%)
INFO,INTRADAY_DAILY_CLOSE,stocks_intraday,NSE_EQ|INE040H01021,5m,6,6/267 full days: last intraday close vs daily close > 0.5%; worst 2026-05-29 intraday 57.75 vs daily 56.99 (+1.33%)
INFO,INTRADAY_DAILY_CLOSE,stocks_intraday,NSE_EQ|INE040H01021,15m,6,6/267 full days: last intraday close vs daily close > 0.5%; worst 2026-05-29 intraday 57.75 vs daily 56.99 (+1.33%)
INFO,INTRADAY_DAILY_CLOSE,stocks_intraday,NSE_EQ|INE040H01021,60m,6,6/267 full days: last intraday close vs daily close > 0.5%; worst 2026-05-29 intraday 57.75 vs daily 56.99 (+1.33%)
INFO,INTRADAY_DAILY_CLOSE,stocks_intraday,NSE_EQ|INE044A01036,5m,4,4/267 full days: last intraday close vs daily close > 0.5%; worst 2025-11-04 intraday 1702.70 vs daily 1690.00 (+0.75%)
INFO,INTRADAY_DAILY_CLOSE,stocks_intraday,NSE_EQ|INE044A01036,15m,4,4/267 full days: last intraday close vs daily close > 0.5%; worst 2025-11-04 intraday 1702.70 vs daily 1690.00 (+0.75%)
INFO,INTRADAY_DAILY_CLOSE,stocks_intraday,NSE_EQ|INE044A01036,60m,4,4/267 full days: last intraday close vs daily close > 0.5%; worst 2025-11-04 intraday 1702.70 vs daily 1690.00 (+0.75%)
INFO,INTRADAY_DAILY_CLOSE,stocks_intraday,NSE_EQ|INE047A01021,5m,11,11/267 full days: last intraday close vs daily close > 0.5%; worst 2026-06-29 intraday 3110.00 vs daily 3080.20 (+0.97%)
INFO,INTRADAY_DAILY_CLOSE,stocks_intraday,NSE_EQ|INE047A01021,15m,11,11/267 full days: last intraday close vs daily close > 0.5%; worst 2026-06-29 intraday 3110.00 vs daily 3080.20 (+0.97%)
INFO,INTRADAY_DAILY_CLOSE,stocks_intraday,NSE_EQ|INE047A01021,60m,11,11/267 full days: last intraday close vs daily close > 0.5%; worst 2026-06-29 intraday 3110.00 vs daily 3080.20 (+0.97%)
INFO,INTRADAY_DAILY_CLOSE,stocks_intraday,NSE_EQ|INE04I401011,5m,14,14/267 full days: last intraday close vs daily close > 0.5%; worst 2025-09-30 intraday 1112.00 vs daily 1097.70 (+1.30%)
INFO,INTRADAY_DAILY_CLOSE,stocks_intraday,NSE_EQ|INE04I401011,15m,14,14/267 full days: last intraday close vs daily close > 0.5%; worst 2025-09-30 intraday 1112.00 vs daily 1097.70 (+1.30%)
INFO,INTRADAY_DAILY_CLOSE,stocks_intraday,NSE_EQ|INE04I401011,60m,14,14/267 full days: last intraday close vs daily close > 0.5%; worst 2025-09-30 intraday 1112.00 vs daily 1097.70 (+1.30%)
INFO,INTRADAY_DAILY_CLOSE,stocks_intraday,NSE_EQ|INE053A01029,5m,6,6/267 full days: last intraday close vs daily close > 0.5%; worst 2026-02-12 intraday 702.45 vs daily 712.00 (-1.34%)
INFO,INTRADAY_DAILY_CLOSE,stocks_intraday,NSE_EQ|INE053A01029,15m,6,6/267 full days: last intraday close vs daily close > 0.5%; worst 2026-02-12 intraday 702.45 vs daily 712.00 (-1.34%)
INFO,INTRADAY_DAILY_CLOSE,stocks_intraday,NSE_EQ|INE053A01029,60m,6,6/267 full days: last intraday close vs daily close > 0.5%; worst 2026-02-12 intraday 702.45 vs daily 712.00 (-1.34%)
INFO,INTRADAY_DAILY_CLOSE,stocks_intraday,NSE_EQ|INE053F01010,5m,4,4/267 full days: last intraday close vs daily close > 0.5%; worst 2026-01-22 intraday 117.85 vs daily 117.02 (+0.71%)
INFO,INTRADAY_DAILY_CLOSE,stocks_intraday,NSE_EQ|INE053F01010,15m,4,4/267 full days: last intraday close vs daily close > 0.5%; worst 2026-01-22 intraday 117.85 vs daily 117.02 (+0.71%)
INFO,INTRADAY_DAILY_CLOSE,stocks_intraday,NSE_EQ|INE053F01010,60m,4,4/267 full days: last intraday close vs daily close > 0.5%; worst 2026-01-22 intraday 117.85 vs daily 117.02 (+0.71%)
INFO,INTRADAY_DAILY_CLOSE,stocks_intraday,NSE_EQ|INE059A01026,5m,1,1/267 full days: last intraday close vs daily close > 0.5%; worst 2026-01-23 intraday 1322.30 vs daily 1315.00 (+0.56%)
INFO,INTRADAY_DAILY_CLOSE,stocks_intraday,NSE_EQ|INE059A01026,15m,1,1/267 full days: last intraday close vs daily close > 0.5%; worst 2026-01-23 intraday 1322.30 vs daily 1315.00 (+0.56%)
INFO,INTRADAY_DAILY_CLOSE,stocks_intraday,NSE_EQ|INE059A01026,60m,1,1/267 full days: last intraday close vs daily close > 0.5%; worst 2026-01-23 intraday 1322.30 vs daily 1315.00 (+0.56%)
INFO,INTRADAY_DAILY_CLOSE,stocks_intraday,NSE_EQ|INE061F01013,5m,14,14/267 full days: last intraday close vs daily close > 0.5%; worst 2026-06-29 intraday 963.70 vs daily 950.40 (+1.40%)
INFO,INTRADAY_DAILY_CLOSE,stocks_intraday,NSE_EQ|INE061F01013,15m,14,14/267 full days: last intraday close vs daily close > 0.5%; worst 2026-06-29 intraday 963.70 vs daily 950.40 (+1.40%)
INFO,INTRADAY_DAILY_CLOSE,stocks_intraday,NSE_EQ|INE061F01013,60m,14,14/267 full days: last intraday close vs daily close > 0.5%; worst 2026-06-29 intraday 963.70 vs daily 950.40 (+1.40%)
INFO,INTRADAY_DAILY_CLOSE,stocks_intraday,NSE_EQ|INE062A01020,5m,2,2/267 full days: last intraday close vs daily close > 0.5%; worst 2026-03-24 intraday 1038.00 vs daily 1030.80 (+0.70%)
INFO,INTRADAY_DAILY_CLOSE,stocks_intraday,NSE_EQ|INE062A01020,15m,2,2/267 full days: last intraday close vs daily close > 0.5%; worst 2026-03-24 intraday 1038.00 vs daily 1030.80 (+0.70%)
INFO,INTRADAY_DAILY_CLOSE,stocks_intraday,NSE_EQ|INE062A01020,60m,2,2/267 full days: last intraday close vs daily close > 0.5%; worst 2026-03-24 intraday 1038.00 vs daily 1030.80 (+0.70%)
INFO,INTRADAY_DAILY_CLOSE,stocks_intraday,NSE_EQ|INE066A01021,5m,6,6/267 full days: last intraday close vs daily close > 0.5%; worst 2026-06-29 intraday 7510.00 vs daily 7426.00 (+1.13%)
INFO,INTRADAY_DAILY_CLOSE,stocks_intraday,NSE_EQ|INE066A01021,15m,6,6/267 full days: last intraday close vs daily close > 0.5%; worst 2026-06-29 intraday 7510.00 vs daily 7426.00 (+1.13%)
INFO,INTRADAY_DAILY_CLOSE,stocks_intraday,NSE_EQ|INE066A01021,60m,6,6/267 full days: last intraday close vs daily close > 0.5%; worst 2026-06-29 intraday 7510.00 vs daily 7426.00 (+1.13%)
INFO,INTRADAY_DAILY_CLOSE,stocks_intraday,NSE_EQ|INE066F01020,5m,3,3/267 full days: last intraday close vs daily close > 0.5%; worst 2026-07-08 intraday 4328.80 vs daily 4364.70 (-0.82%)
INFO,INTRADAY_DAILY_CLOSE,stocks_intraday,NSE_EQ|INE066F01020,15m,3,3/267 full days: last intraday close vs daily close > 0.5%; worst 2026-07-08 intraday 4328.80 vs daily 4364.70 (-0.82%)
INFO,INTRADAY_DAILY_CLOSE,stocks_intraday,NSE_EQ|INE066F01020,60m,3,3/267 full days: last intraday close vs daily close > 0.5%; worst 2026-07-08 intraday 4328.80 vs daily 4364.70 (-0.82%)
INFO,INTRADAY_DAILY_CLOSE,stocks_intraday,NSE_EQ|INE066P01011,5m,18,18/267 full days: last intraday close vs daily close > 0.5%; worst 2026-01-21 intraday 105.90 vs daily 104.69 (+1.16%)
INFO,INTRADAY_DAILY_CLOSE,stocks_intraday,NSE_EQ|INE066P01011,15m,18,18/267 full days: last intraday close vs daily close > 0.5%; worst 2026-01-21 intraday 105.90 vs daily 104.69 (+1.16%)
INFO,INTRADAY_DAILY_CLOSE,stocks_intraday,NSE_EQ|INE066P01011,60m,18,18/267 full days: last intraday close vs daily close > 0.5%; worst 2026-01-21 intraday 105.90 vs daily 104.69 (+1.16%)
INFO,INTRADAY_DAILY_CLOSE,stocks_intraday,NSE_EQ|INE067A01029,5m,5,5/267 full days: last intraday close vs daily close > 0.5%; worst 2026-07-24 intraday 883.00 vs daily 867.70 (+1.76%)
INFO,INTRADAY_DAILY_CLOSE,stocks_intraday,NSE_EQ|INE067A01029,15m,5,5/267 full days: last intraday close vs daily close > 0.5%; worst 2026-07-24 intraday 883.00 vs daily 867.70 (+1.76%)
INFO,INTRADAY_DAILY_CLOSE,stocks_intraday,NSE_EQ|INE067A01029,60m,5,5/267 full days: last intraday close vs daily close > 0.5%; worst 2026-07-24 intraday 883.00 vs daily 867.70 (+1.76%)
INFO,INTRADAY_DAILY_CLOSE,stocks_intraday,NSE_EQ|INE073K01018,5m,14,14/267 full days: last intraday close vs daily close > 0.5%; worst 2026-01-20 intraday 441.00 vs daily 445.95 (-1.11%)
INFO,INTRADAY_DAILY_CLOSE,stocks_intraday,NSE_EQ|INE073K01018,15m,14,14/267 full days: last intraday close vs daily close > 0.5%; worst 2026-01-20 intraday 441.00 vs daily 445.95 (-1.11%)
INFO,INTRADAY_DAILY_CLOSE,stocks_intraday,NSE_EQ|INE073K01018,60m,14,14/267 full days: last intraday close vs daily close > 0.5%; worst 2026-01-20 intraday 441.00 vs daily 445.95 (-1.11%)
INFO,INTRADAY_DAILY_CLOSE,stocks_intraday,NSE_EQ|INE075A01022,5m,1,1/267 full days: last intraday close vs daily close > 0.5%; worst 2026-03-16 intraday 194.05 vs daily 195.11 (-0.54%)
INFO,INTRADAY_DAILY_CLOSE,stocks_intraday,NSE_EQ|INE075A01022,15m,1,1/267 full days: last intraday close vs daily close > 0.5%; worst 2026-03-16 intraday 194.05 vs daily 195.11 (-0.54%)
INFO,INTRADAY_DAILY_CLOSE,stocks_intraday,NSE_EQ|INE075A01022,60m,1,1/267 full days: last intraday close vs daily close > 0.5%; worst 2026-03-16 intraday 194.05 vs daily 195.11 (-0.54%)
INFO,INTRADAY_DAILY_CLOSE,stocks_intraday,NSE_EQ|INE079A01024,5m,7,7/267 full days: last intraday close vs daily close > 0.5%; worst 2026-06-08 intraday 411.35 vs daily 415.30 (-0.95%)
INFO,INTRADAY_DAILY_CLOSE,stocks_intraday,NSE_EQ|INE079A01024,15m,7,7/267 full days: last intraday close vs daily close > 0.5%; worst 2026-06-08 intraday 411.35 vs daily 415.30 (-0.95%)
INFO,INTRADAY_DAILY_CLOSE,stocks_intraday,NSE_EQ|INE079A01024,60m,7,7/267 full days: last intraday close vs daily close > 0.5%; worst 2026-06-08 intraday 411.35 vs daily 415.30 (-0.95%)
INFO,INTRADAY_DAILY_CLOSE,stocks_intraday,NSE_EQ|INE07Y701011,5m,18,18/267 full days: last intraday close vs daily close > 0.5%; worst 2026-01-09 intraday 17700.00 vs daily 17881.00 (-1.01%)
INFO,INTRADAY_DAILY_CLOSE,stocks_intraday,NSE_EQ|INE07Y701011,15m,18,18/267 full days: last intraday close vs daily close > 0.5%; worst 2026-01-09 intraday 17700.00 vs daily 17881.00 (-1.01%)
INFO,INTRADAY_DAILY_CLOSE,stocks_intraday,NSE_EQ|INE07Y701011,60m,18,18/267 full days: last intraday close vs daily close > 0.5%; worst 2026-01-09 intraday 17700.00 vs daily 17881.00 (-1.01%)
INFO,INTRADAY_DAILY_CLOSE,stocks_intraday,NSE_EQ|INE081A01020,5m,3,3/267 full days: last intraday close vs daily close > 0.5%; worst 2026-05-29 intraday 210.19 vs daily 208.02 (+1.04%)
INFO,INTRADAY_DAILY_CLOSE,stocks_intraday,NSE_EQ|INE081A01020,15m,3,3/267 full days: last intraday close vs daily close > 0.5%; worst 2026-05-29 intraday 210.19 vs daily 208.02 (+1.04%)
INFO,INTRADAY_DAILY_CLOSE,stocks_intraday,NSE_EQ|INE081A01020,60m,3,3/267 full days: last intraday close vs daily close > 0.5%; worst 2026-05-29 intraday 210.19 vs daily 208.02 (+1.04%)
INFO,INTRADAY_DAILY_CLOSE,stocks_intraday,NSE_EQ|INE084A01016,5m,2,2/267 full days: last intraday close vs daily close > 0.5%; worst 2025-10-27 intraday 140.66 vs daily 139.71 (+0.68%)
INFO,INTRADAY_DAILY_CLOSE,stocks_intraday,NSE_EQ|INE084A01016,15m,2,2/267 full days: last intraday close vs daily close > 0.5%; worst 2025-10-27 intraday 140.66 vs daily 139.71 (+0.68%)
INFO,INTRADAY_DAILY_CLOSE,stocks_intraday,NSE_EQ|INE084A01016,60m,2,2/267 full days: last intraday close vs daily close > 0.5%; worst 2025-10-27 intraday 140.66 vs daily 139.71 (+0.68%)
INFO,INTRADAY_DAILY_CLOSE,stocks_intraday,NSE_EQ|INE089A01031,5m,7,7/267 full days: last intraday close vs daily close > 0.5%; worst 2026-05-29 intraday 1320.00 vs daily 1303.50 (+1.27%)
INFO,INTRADAY_DAILY_CLOSE,stocks_intraday,NSE_EQ|INE089A01031,15m,7,7/267 full days: last intraday close vs daily close > 0.5%; worst 2026-05-29 intraday 1320.00 vs daily 1303.50 (+1.27%)
INFO,INTRADAY_DAILY_CLOSE,stocks_intraday,NSE_EQ|INE089A01031,60m,7,7/267 full days: last intraday close vs daily close > 0.5%; worst 2026-05-29 intraday 1320.00 vs daily 1303.50 (+1.27%)
INFO,INTRADAY_DAILY_CLOSE,stocks_intraday,NSE_EQ|INE090A01021,5m,3,3/267 full days: last intraday close vs daily close > 0.5%; worst 2026-07-28 intraday 1417.60 vs daily 1430.80 (-0.92%)
INFO,INTRADAY_DAILY_CLOSE,stocks_intraday,NSE_EQ|INE090A01021,15m,3,3/267 full days: last intraday close vs daily close > 0.5%; worst 2026-07-28 intraday 1417.60 vs daily 1430.80 (-0.92%)
INFO,INTRADAY_DAILY_CLOSE,stocks_intraday,NSE_EQ|INE090A01021,60m,3,3/267 full days: last intraday close vs daily close > 0.5%; worst 2026-07-28 intraday 1417.60 vs daily 1430.80 (-0.92%)
INFO,INTRADAY_DAILY_CLOSE,stocks_intraday,NSE_EQ|INE092T01019,5m,5,5/267 full days: last intraday close vs daily close > 0.5%; worst 2026-02-18 intraday 85.35 vs daily 84.61 (+0.87%)
INFO,INTRADAY_DAILY_CLOSE,stocks_intraday,NSE_EQ|INE092T01019,15m,5,5/267 full days: last intraday close vs daily close > 0.5%; worst 2026-02-18 intraday 85.35 vs daily 84.61 (+0.87%)
INFO,INTRADAY_DAILY_CLOSE,stocks_intraday,NSE_EQ|INE092T01019,60m,5,5/267 full days: last intraday close vs daily close > 0.5%; worst 2026-02-18 intraday 85.35 vs daily 84.61 (+0.87%)
INFO,INTRADAY_DAILY_CLOSE,stocks_intraday,NSE_EQ|INE093I01010,5m,23,23/267 full days: last intraday close vs daily close > 0.5%; worst 2026-03-11 intraday 1470.10 vs daily 1488.80 (-1.26%)
INFO,INTRADAY_DAILY_CLOSE,stocks_intraday,NSE_EQ|INE093I01010,15m,23,23/267 full days: last intraday close vs daily close > 0.5%; worst 2026-03-11 intraday 1470.10 vs daily 1488.80 (-1.26%)
INFO,INTRADAY_DAILY_CLOSE,stocks_intraday,NSE_EQ|INE093I01010,60m,23,23/267 full days: last intraday close vs daily close > 0.5%; worst 2026-03-11 intraday 1470.10 vs daily 1488.80 (-1.26%)
INFO,INTRADAY_DAILY_CLOSE,stocks_intraday,NSE_EQ|INE094A01015,5m,8,8/267 full days: last intraday close vs daily close > 0.5%; worst 2026-03-19 intraday 327.45 vs daily 324.80 (+0.82%)
INFO,INTRADAY_DAILY_CLOSE,stocks_intraday,NSE_EQ|INE094A01015,15m,8,8/267 full days: last intraday close vs daily close > 0.5%; worst 2026-03-19 intraday 327.45 vs daily 324.80 (+0.82%)
INFO,INTRADAY_DAILY_CLOSE,stocks_intraday,NSE_EQ|INE094A01015,60m,8,8/267 full days: last intraday close vs daily close > 0.5%; worst 2026-03-19 intraday 327.45 vs daily 324.80 (+0.82%)
INFO,INTRADAY_DAILY_CLOSE,stocks_intraday,NSE_EQ|INE095A01012,5m,4,4/267 full days: last intraday close vs daily close > 0.5%; worst 2025-09-29 intraday 734.60 vs daily 723.40 (+1.55%)
INFO,INTRADAY_DAILY_CLOSE,stocks_intraday,NSE_EQ|INE095A01012,15m,4,4/267 full days: last intraday close vs daily close > 0.5%; worst 2025-09-29 intraday 734.60 vs daily 723.40 (+1.55%)
INFO,INTRADAY_DAILY_CLOSE,stocks_intraday,NSE_EQ|INE095A01012,60m,4,4/267 full days: last intraday close vs daily close > 0.5%; worst 2025-09-29 intraday 734.60 vs daily 723.40 (+1.55%)
INFO,INTRADAY_DAILY_CLOSE,stocks_intraday,NSE_EQ|INE095N01031,5m,8,8/267 full days: last intraday close vs daily close > 0.5%; worst 2026-05-29 intraday 101.30 vs daily 100.26 (+1.04%)
INFO,INTRADAY_DAILY_CLOSE,stocks_intraday,NSE_EQ|INE095N01031,15m,8,8/267 full days: last intraday close vs daily close > 0.5%; worst 2026-05-29 intraday 101.30 vs daily 100.26 (+1.04%)
INFO,INTRADAY_DAILY_CLOSE,stocks_intraday,NSE_EQ|INE095N01031,60m,8,8/267 full days: last intraday close vs daily close > 0.5%; worst 2026-05-29 intraday 101.30 vs daily 100.26 (+1.04%)
INFO,INTRADAY_DAILY_CLOSE,stocks_intraday,NSE_EQ|INE0BS701011,5m,45,45/267 full days: last intraday close vs daily close > 0.5%; worst 2026-04-17 intraday 1048.00 vs daily 1034.60 (+1.30%)
INFO,INTRADAY_DAILY_CLOSE,stocks_intraday,NSE_EQ|INE0BS701011,15m,45,45/267 full days: last intraday close vs daily close > 0.5%; worst 2026-04-17 intraday 1048.00 vs daily 1034.60 (+1.30%)
INFO,INTRADAY_DAILY_CLOSE,stocks_intraday,NSE_EQ|INE0BS701011,60m,45,45/267 full days: last intraday close vs daily close > 0.5%; worst 2026-04-17 intraday 1048.00 vs daily 1034.60 (+1.30%)
INFO,INTRADAY_DAILY_CLOSE,stocks_intraday,NSE_EQ|INE0J1Y01017,5m,3,3/267 full days: last intraday close vs daily close > 0.5%; worst 2026-04-13 intraday 404.50 vs daily 401.80 (+0.67%)
INFO,INTRADAY_DAILY_CLOSE,stocks_intraday,NSE_EQ|INE0J1Y01017,15m,3,3/267 full days: last intraday close vs daily close > 0.5%; worst 2026-04-13 intraday 404.50 vs daily 401.80 (+0.67%)
INFO,INTRADAY_DAILY_CLOSE,stocks_intraday,NSE_EQ|INE0J1Y01017,60m,3,3/267 full days: last intraday close vs daily close > 0.5%; worst 2026-04-13 intraday 404.50 vs daily 401.80 (+0.67%)
INFO,INTRADAY_DAILY_CLOSE,stocks_intraday,NSE_EQ|INE101A01026,5m,2,2/267 full days: last intraday close vs daily close > 0.5%; worst 2026-05-29 intraday 3066.10 vs daily 3045.60 (+0.67%)
INFO,INTRADAY_DAILY_CLOSE,stocks_intraday,NSE_EQ|INE101A01026,15m,2,2/267 full days: last intraday close vs daily close > 0.5%; worst 2026-05-29 intraday 3066.10 vs daily 3045.60 (+0.67%)
INFO,INTRADAY_DAILY_CLOSE,stocks_intraday,NSE_EQ|INE101A01026,60m,2,2/267 full days: last intraday close vs daily close > 0.5%; worst 2026-05-29 intraday 3066.10 vs daily 3045.60 (+0.67%)
INFO,INTRADAY_DAILY_CLOSE,stocks_intraday,NSE_EQ|INE102D01028,5m,13,13/267 full days: last intraday close vs daily close > 0.5%; worst 2026-03-30 intraday 994.90 vs daily 984.80 (+1.03%)
INFO,INTRADAY_DAILY_CLOSE,stocks_intraday,NSE_EQ|INE102D01028,15m,13,13/267 full days: last intraday close vs daily close > 0.5%; worst 2026-03-30 intraday 994.90 vs daily 984.80 (+1.03%)
INFO,INTRADAY_DAILY_CLOSE,stocks_intraday,NSE_EQ|INE102D01028,60m,13,13/267 full days: last intraday close vs daily close > 0.5%; worst 2026-03-30 intraday 994.90 vs daily 984.80 (+1.03%)
INFO,INTRADAY_DAILY_CLOSE,stocks_intraday,NSE_EQ|INE111A01025,5m,12,12/267 full days: last intraday close vs daily close > 0.5%; worst 2026-03-24 intraday 439.00 vs daily 433.10 (+1.36%)
INFO,INTRADAY_DAILY_CLOSE,stocks_intraday,NSE_EQ|INE111A01025,15m,12,12/267 full days: last intraday close vs daily close > 0.5%; worst 2026-03-24 intraday 439.00 vs daily 433.10 (+1.36%)
INFO,INTRADAY_DAILY_CLOSE,stocks_intraday,NSE_EQ|INE111A01025,60m,12,12/267 full days: last intraday close vs daily close > 0.5%; worst 2026-03-24 intraday 439.00 vs daily 433.10 (+1.36%)
INFO,INTRADAY_DAILY_CLOSE,stocks_intraday,NSE_EQ|INE114A01011,5m,19,19/267 full days: last intraday close vs daily close > 0.5%; worst 2026-05-18 intraday 190.05 vs daily 192.73 (-1.39%)
INFO,INTRADAY_DAILY_CLOSE,stocks_intraday,NSE_EQ|INE114A01011,15m,19,19/267 full days: last intraday close vs daily close > 0.5%; worst 2026-05-18 intraday 190.05 vs daily 192.73 (-1.39%)
INFO,INTRADAY_DAILY_CLOSE,stocks_intraday,NSE_EQ|INE114A01011,60m,19,19/267 full days: last intraday close vs daily close > 0.5%; worst 2026-05-18 intraday 190.05 vs daily 192.73 (-1.39%)
INFO,INTRADAY_DAILY_CLOSE,stocks_intraday,NSE_EQ|INE115A01026,5m,4,4/267 full days: last intraday close vs daily close > 0.5%; worst 2026-02-27 intraday 542.00 vs daily 537.75 (+0.79%)
INFO,INTRADAY_DAILY_CLOSE,stocks_intraday,NSE_EQ|INE115A01026,15m,4,4/267 full days: last intraday close vs daily close > 0.5%; worst 2026-02-27 intraday 542.00 vs daily 537.75 (+0.79%)
INFO,INTRADAY_DAILY_CLOSE,stocks_intraday,NSE_EQ|INE115A01026,60m,4,4/267 full days: last intraday close vs daily close > 0.5%; worst 2026-02-27 intraday 542.00 vs daily 537.75 (+0.79%)
INFO,INTRADAY_DAILY_CLOSE,stocks_intraday,NSE_EQ|INE117A01022,5m,8,8/267 full days: last intraday close vs daily close > 0.5%; worst 2026-01-27 intraday 4777.00 vs daily 4707.50 (+1.48%)
INFO,INTRADAY_DAILY_CLOSE,stocks_intraday,NSE_EQ|INE117A01022,15m,8,8/267 full days: last intraday close vs daily close > 0.5%; worst 2026-01-27 intraday 4777.00 vs daily 4707.50 (+1.48%)
INFO,INTRADAY_DAILY_CLOSE,stocks_intraday,NSE_EQ|INE117A01022,60m,8,8/267 full days: last intraday close vs daily close > 0.5%; worst 2026-01-27 intraday 4777.00 vs daily 4707.50 (+1.48%)
INFO,INTRADAY_DAILY_CLOSE,stocks_intraday,NSE_EQ|INE118H01025,5m,7,7/267 full days: last intraday close vs daily close > 0.5%; worst 2026-02-26 intraday 2774.00 vs daily 2800.90 (-0.96%)
INFO,INTRADAY_DAILY_CLOSE,stocks_intraday,NSE_EQ|INE118H01025,15m,7,7/267 full days: last intraday close vs daily close > 0.5%; worst 2026-02-26 intraday 2774.00 vs daily 2800.90 (-0.96%)
INFO,INTRADAY_DAILY_CLOSE,stocks_intraday,NSE_EQ|INE118H01025,60m,7,7/267 full days: last intraday close vs daily close > 0.5%; worst 2026-02-26 intraday 2774.00 vs daily 2800.90 (-0.96%)
INFO,INTRADAY_DAILY_CLOSE,stocks_intraday,NSE_EQ|INE121A01024,5m,18,18/267 full days: last intraday close vs daily close > 0.5%; worst 2026-05-12 intraday 1578.30 vs daily 1561.00 (+1.11%)
INFO,INTRADAY_DAILY_CLOSE,stocks_intraday,NSE_EQ|INE121A01024,15m,18,18/267 full days: last intraday close vs daily close > 0.5%; worst 2026-05-12 intraday 1578.30 vs daily 1561.00 (+1.11%)
INFO,INTRADAY_DAILY_CLOSE,stocks_intraday,NSE_EQ|INE121A01024,60m,18,18/267 full days: last intraday close vs daily close > 0.5%; worst 2026-05-12 intraday 1578.30 vs daily 1561.00 (+1.11%)
INFO,INTRADAY_DAILY_CLOSE,stocks_intraday,NSE_EQ|INE121E01018,5m,13,13/267 full days: last intraday close vs daily close > 0.5%; worst 2026-06-08 intraday 565.00 vs daily 570.95 (-1.04%)
INFO,INTRADAY_DAILY_CLOSE,stocks_intraday,NSE_EQ|INE121E01018,15m,13,13/267 full days: last intraday close vs daily close > 0.5%; worst 2026-06-08 intraday 565.00 vs daily 570.95 (-1.04%)
INFO,INTRADAY_DAILY_CLOSE,stocks_intraday,NSE_EQ|INE121E01018,60m,13,13/267 full days: last intraday close vs daily close > 0.5%; worst 2026-06-08 intraday 565.00 vs daily 570.95 (-1.04%)
INFO,INTRADAY_DAILY_CLOSE,stocks_intraday,NSE_EQ|INE121J01017,5m,13,13/267 full days: last intraday close vs daily close > 0.5%; worst 2026-07-22 intraday 399.75 vs daily 394.85 (+1.24%)
INFO,INTRADAY_DAILY_CLOSE,stocks_intraday,NSE_EQ|INE121J01017,15m,13,13/267 full days: last intraday close vs daily close > 0.5%; worst 2026-07-22 intraday 399.75 vs daily 394.85 (+1.24%)
INFO,INTRADAY_DAILY_CLOSE,stocks_intraday,NSE_EQ|INE121J01017,60m,13,13/267 full days: last intraday close vs daily close > 0.5%; worst 2026-07-22 intraday 399.75 vs daily 394.85 (+1.24%)
INFO,INTRADAY_DAILY_CLOSE,stocks_intraday,NSE_EQ|INE127D01025,5m,4,4/267 full days: last intraday close vs daily close > 0.5%; worst 2025-12-30 intraday 2652.00 vs daily 2630.20 (+0.83%)
INFO,INTRADAY_DAILY_CLOSE,stocks_intraday,NSE_EQ|INE127D01025,15m,4,4/267 full days: last intraday close vs daily close > 0.5%; worst 2025-12-30 intraday 2652.00 vs daily 2630.20 (+0.83%)
INFO,INTRADAY_DAILY_CLOSE,stocks_intraday,NSE_EQ|INE127D01025,60m,4,4/267 full days: last intraday close vs daily close > 0.5%; worst 2025-12-30 intraday 2652.00 vs daily 2630.20 (+0.83%)
INFO,INTRADAY_DAILY_CLOSE,stocks_intraday,NSE_EQ|INE129A01019,5m,5,5/267 full days: last intraday close vs daily close > 0.5%; worst 2026-05-29 intraday 166.00 vs daily 164.51 (+0.91%)
INFO,INTRADAY_DAILY_CLOSE,stocks_intraday,NSE_EQ|INE129A01019,15m,5,5/267 full days: last intraday close vs daily close > 0.5%; worst 2026-05-29 intraday 166.00 vs daily 164.51 (+0.91%)
INFO,INTRADAY_DAILY_CLOSE,stocks_intraday,NSE_EQ|INE129A01019,60m,5,5/267 full days: last intraday close vs daily close > 0.5%; worst 2026-05-29 intraday 166.00 vs daily 164.51 (+0.91%)
INFO,INTRADAY_DAILY_CLOSE,stocks_intraday,NSE_EQ|INE134E01011,5m,6,6/267 full days: last intraday close vs daily close > 0.5%; worst 2026-03-04 intraday 391.35 vs daily 396.55 (-1.31%)
INFO,INTRADAY_DAILY_CLOSE,stocks_intraday,NSE_EQ|INE134E01011,15m,6,6/267 full days: last intraday close vs daily close > 0.5%; worst 2026-03-04 intraday 391.35 vs daily 396.55 (-1.31%)
INFO,INTRADAY_DAILY_CLOSE,stocks_intraday,NSE_EQ|INE134E01011,60m,6,6/267 full days: last intraday close vs daily close > 0.5%; worst 2026-03-04 intraday 391.35 vs daily 396.55 (-1.31%)
INFO,INTRADAY_DAILY_CLOSE,stocks_intraday,NSE_EQ|INE138Y01010,5m,16,16/267 full days: last intraday close vs daily close > 0.5%; worst 2026-01-27 intraday 1025.90 vs daily 1016.00 (+0.97%)
INFO,INTRADAY_DAILY_CLOSE,stocks_intraday,NSE_EQ|INE138Y01010,15m,16,16/267 full days: last intraday close vs daily close > 0.5%; worst 2026-01-27 intraday 1025.90 vs daily 1016.00 (+0.97%)
INFO,INTRADAY_DAILY_CLOSE,stocks_intraday,NSE_EQ|INE138Y01010,60m,16,16/267 full days: last intraday close vs daily close > 0.5%; worst 2026-01-27 intraday 1025.90 vs daily 1016.00 (+0.97%)
INFO,INTRADAY_DAILY_CLOSE,stocks_intraday,NSE_EQ|INE139A01034,5m,10,10/267 full days: last intraday close vs daily close > 0.5%; worst 2026-04-30 intraday 395.35 vs daily 399.30 (-0.99%)
INFO,INTRADAY_DAILY_CLOSE,stocks_intraday,NSE_EQ|INE139A01034,15m,10,10/267 full days: last intraday close vs daily close > 0.5%; worst 2026-04-30 intraday 395.35 vs daily 399.30 (-0.99%)
INFO,INTRADAY_DAILY_CLOSE,stocks_intraday,NSE_EQ|INE139A01034,60m,10,10/267 full days: last intraday close vs daily close > 0.5%; worst 2026-04-30 intraday 395.35 vs daily 399.30 (-0.99%)
INFO,INTRADAY_DAILY_CLOSE,stocks_intraday,NSE_EQ|INE148O01028,5m,9,9/267 full days: last intraday close vs daily close > 0.5%; worst 2025-11-06 intraday 436.40 vs daily 442.60 (-1.40%)
INFO,INTRADAY_DAILY_CLOSE,stocks_intraday,NSE_EQ|INE148O01028,15m,9,9/267 full days: last intraday close vs daily close > 0.5%; worst 2025-11-06 intraday 436.40 vs daily 442.60 (-1.40%)
INFO,INTRADAY_DAILY_CLOSE,stocks_intraday,NSE_EQ|INE148O01028,60m,9,9/267 full days: last intraday close vs daily close > 0.5%; worst 2025-11-06 intraday 436.40 vs daily 442.60 (-1.40%)
INFO,INTRADAY_DAILY_CLOSE,stocks_intraday,NSE_EQ|INE154A01025,5m,1,1/267 full days: last intraday close vs daily close > 0.5%; worst 2025-09-29 intraday 404.40 vs daily 407.25 (-0.70%)
INFO,INTRADAY_DAILY_CLOSE,stocks_intraday,NSE_EQ|INE154A01025,15m,1,1/267 full days: last intraday close vs daily close > 0.5%; worst 2025-09-29 intraday 404.40 vs daily 407.25 (-0.70%)
INFO,INTRADAY_DAILY_CLOSE,stocks_intraday,NSE_EQ|INE154A01025,60m,1,1/267 full days: last intraday close vs daily close > 0.5%; worst 2025-09-29 intraday 404.40 vs daily 407.25 (-0.70%)
INFO,INTRADAY_DAILY_CLOSE,stocks_intraday,NSE_EQ|INE155A01022,5m,4,4/266 full days: last intraday close vs daily close > 0.5%; worst 2026-02-13 intraday 378.00 vs daily 380.25 (-0.59%)
INFO,INTRADAY_DAILY_CLOSE,stocks_intraday,NSE_EQ|INE155A01022,15m,4,4/266 full days: last intraday close vs daily close > 0.5%; worst 2026-02-13 intraday 378.00 vs daily 380.25 (-0.59%)
INFO,INTRADAY_DAILY_CLOSE,stocks_intraday,NSE_EQ|INE155A01022,60m,4,4/267 full days: last intraday close vs daily close > 0.5%; worst 2026-02-13 intraday 378.00 vs daily 380.25 (-0.59%)
INFO,INTRADAY_DAILY_CLOSE,stocks_intraday,NSE_EQ|INE158A01026,5m,6,6/267 full days: last intraday close vs daily close > 0.5%; worst 2025-09-29 intraday 5345.50 vs daily 5300.50 (+0.85%)
INFO,INTRADAY_DAILY_CLOSE,stocks_intraday,NSE_EQ|INE158A01026,15m,6,6/267 full days: last intraday close vs daily close > 0.5%; worst 2025-09-29 intraday 5345.50 vs daily 5300.50 (+0.85%)
INFO,INTRADAY_DAILY_CLOSE,stocks_intraday,NSE_EQ|INE158A01026,60m,6,6/267 full days: last intraday close vs daily close > 0.5%; worst 2025-09-29 intraday 5345.50 vs daily 5300.50 (+0.85%)
INFO,INTRADAY_DAILY_CLOSE,stocks_intraday,NSE_EQ|INE160A01022,5m,1,1/267 full days: last intraday close vs daily close > 0.5%; worst 2026-03-19 intraday 110.05 vs daily 109.49 (+0.51%)
INFO,INTRADAY_DAILY_CLOSE,stocks_intraday,NSE_EQ|INE160A01022,15m,1,1/267 full days: last intraday close vs daily close > 0.5%; worst 2026-03-19 intraday 110.05 vs daily 109.49 (+0.51%)
INFO,INTRADAY_DAILY_CLOSE,stocks_intraday,NSE_EQ|INE160A01022,60m,1,1/267 full days: last intraday close vs daily close > 0.5%; worst 2026-03-19 intraday 110.05 vs daily 109.49 (+0.51%)
INFO,INTRADAY_DAILY_CLOSE,stocks_intraday,NSE_EQ|INE171A01029,5m,6,6/267 full days: last intraday close vs daily close > 0.5%; worst 2026-07-16 intraday 329.25 vs daily 326.60 (+0.81%)
INFO,INTRADAY_DAILY_CLOSE,stocks_intraday,NSE_EQ|INE171A01029,15m,6,6/267 full days: last intraday close vs daily close > 0.5%; worst 2026-07-16 intraday 329.25 vs daily 326.60 (+0.81%)
INFO,INTRADAY_DAILY_CLOSE,stocks_intraday,NSE_EQ|INE171A01029,60m,6,6/267 full days: last intraday close vs daily close > 0.5%; worst 2026-07-16 intraday 329.25 vs daily 326.60 (+0.81%)
INFO,INTRADAY_DAILY_CLOSE,stocks_intraday,NSE_EQ|INE171Z01026,5m,14,14/267 full days: last intraday close vs daily close > 0.5%; worst 2026-05-29 intraday 1221.00 vs daily 1204.60 (+1.36%)
INFO,INTRADAY_DAILY_CLOSE,stocks_intraday,NSE_EQ|INE171Z01026,15m,14,14/267 full days: last intraday close vs daily close > 0.5%; worst 2026-05-29 intraday 1221.00 vs daily 1204.60 (+1.36%)
INFO,INTRADAY_DAILY_CLOSE,stocks_intraday,NSE_EQ|INE171Z01026,60m,14,14/267 full days: last intraday close vs daily close > 0.5%; worst 2026-05-29 intraday 1221.00 vs daily 1204.60 (+1.36%)
INFO,INTRADAY_DAILY_CLOSE,stocks_intraday,NSE_EQ|INE176B01034,5m,10,10/267 full days: last intraday close vs daily close > 0.5%; worst 2026-04-22 intraday 1325.00 vs daily 1348.70 (-1.76%)
INFO,INTRADAY_DAILY_CLOSE,stocks_intraday,NSE_EQ|INE176B01034,15m,10,10/267 full days: last intraday close vs daily close > 0.5%; worst 2026-04-22 intraday 1325.00 vs daily 1348.70 (-1.76%)
INFO,INTRADAY_DAILY_CLOSE,stocks_intraday,NSE_EQ|INE176B01034,60m,10,10/267 full days: last intraday close vs daily close > 0.5%; worst 2026-04-22 intraday 1325.00 vs daily 1348.70 (-1.76%)
INFO,INTRADAY_DAILY_CLOSE,stocks_intraday,NSE_EQ|INE180A01020,5m,22,22/267 full days: last intraday close vs daily close > 0.5%; worst 2026-03-30 intraday 1475.70 vs daily 1490.70 (-1.01%)
INFO,INTRADAY_DAILY_CLOSE,stocks_intraday,NSE_EQ|INE180A01020,15m,22,22/267 full days: last intraday close vs daily close > 0.5%; worst 2026-03-30 intraday 1475.70 vs daily 1490.70 (-1.01%)
INFO,INTRADAY_DAILY_CLOSE,stocks_intraday,NSE_EQ|INE180A01020,60m,22,22/267 full days: last intraday close vs daily close > 0.5%; worst 2026-03-30 intraday 1475.70 vs daily 1490.70 (-1.01%)
INFO,INTRADAY_DAILY_CLOSE,stocks_intraday,NSE_EQ|INE192A01025,5m,5,5/267 full days: last intraday close vs daily close > 0.5%; worst 2025-11-06 intraday 1180.50 vs daily 1190.40 (-0.83%)
INFO,INTRADAY_DAILY_CLOSE,stocks_intraday,NSE_EQ|INE192A01025,15m,5,5/267 full days: last intraday close vs daily close > 0.5%; worst 2025-11-06 intraday 1180.50 vs daily 1190.40 (-0.83%)
INFO,INTRADAY_DAILY_CLOSE,stocks_intraday,NSE_EQ|INE192A01025,60m,5,5/267 full days: last intraday close vs daily close > 0.5%; worst 2025-11-06 intraday 1180.50 vs daily 1190.40 (-0.83%)
INFO,INTRADAY_DAILY_CLOSE,stocks_intraday,NSE_EQ|INE192R01011,5m,7,7/267 full days: last intraday close vs daily close > 0.5%; worst 2026-03-30 intraday 4000.00 vs daily 3956.80 (+1.09%)
INFO,INTRADAY_DAILY_CLOSE,stocks_intraday,NSE_EQ|INE192R01011,15m,7,7/267 full days: last intraday close vs daily close > 0.5%; worst 2026-03-30 intraday 4000.00 vs daily 3956.80 (+1.09%)
INFO,INTRADAY_DAILY_CLOSE,stocks_intraday,NSE_EQ|INE192R01011,60m,7,7/267 full days: last intraday close vs daily close > 0.5%; worst 2026-03-30 intraday 4000.00 vs daily 3956.80 (+1.09%)
INFO,INTRADAY_DAILY_CLOSE,stocks_intraday,NSE_EQ|INE195A01028,5m,11,11/267 full days: last intraday close vs daily close > 0.5%; worst 2025-09-09 intraday 4309.90 vs daily 4378.50 (-1.57%)
INFO,INTRADAY_DAILY_CLOSE,stocks_intraday,NSE_EQ|INE195A01028,15m,11,11/267 full days: last intraday close vs daily close > 0.5%; worst 2025-09-09 intraday 4309.90 vs daily 4378.50 (-1.57%)
INFO,INTRADAY_DAILY_CLOSE,stocks_intraday,NSE_EQ|INE195A01028,60m,11,11/267 full days: last intraday close vs daily close > 0.5%; worst 2025-09-09 intraday 4309.90 vs daily 4378.50 (-1.57%)
INFO,INTRADAY_DAILY_CLOSE,stocks_intraday,NSE_EQ|INE196A01026,5m,8,8/267 full days: last intraday close vs daily close > 0.5%; worst 2026-03-13 intraday 757.80 vs daily 752.40 (+0.72%)
INFO,INTRADAY_DAILY_CLOSE,stocks_intraday,NSE_EQ|INE196A01026,15m,8,8/267 full days: last intraday close vs daily close > 0.5%; worst 2026-03-13 intraday 757.80 vs daily 752.40 (+0.72%)
INFO,INTRADAY_DAILY_CLOSE,stocks_intraday,NSE_EQ|INE196A01026,60m,8,8/267 full days: last intraday close vs daily close > 0.5%; worst 2026-03-13 intraday 757.80 vs daily 752.40 (+0.72%)
INFO,INTRADAY_DAILY_CLOSE,stocks_intraday,NSE_EQ|INE200M01039,5m,9,9/267 full days: last intraday close vs daily close > 0.5%; worst 2026-04-16 intraday 465.25 vs daily 460.40 (+1.05%)
INFO,INTRADAY_DAILY_CLOSE,stocks_intraday,NSE_EQ|INE200M01039,15m,9,9/267 full days: last intraday close vs daily close > 0.5%; worst 2026-04-16 intraday 465.25 vs daily 460.40 (+1.05%)
INFO,INTRADAY_DAILY_CLOSE,stocks_intraday,NSE_EQ|INE200M01039,60m,9,9/267 full days: last intraday close vs daily close > 0.5%; worst 2026-04-16 intraday 465.25 vs daily 460.40 (+1.05%)
INFO,INTRADAY_DAILY_CLOSE,stocks_intraday,NSE_EQ|INE202E01016,5m,9,9/267 full days: last intraday close vs daily close > 0.5%; worst 2026-05-29 intraday 135.39 vs daily 133.25 (+1.61%)
INFO,INTRADAY_DAILY_CLOSE,stocks_intraday,NSE_EQ|INE202E01016,15m,9,9/267 full days: last intraday close vs daily close > 0.5%; worst 2026-05-29 intraday 135.39 vs daily 133.25 (+1.61%)
INFO,INTRADAY_DAILY_CLOSE,stocks_intraday,NSE_EQ|INE202E01016,60m,9,9/267 full days: last intraday close vs daily close > 0.5%; worst 2026-05-29 intraday 135.39 vs daily 133.25 (+1.61%)
INFO,INTRADAY_DAILY_CLOSE,stocks_intraday,NSE_EQ|INE205A01025,5m,6,6/266 full days: last intraday close vs daily close > 0.5%; worst 2025-10-29 intraday 512.00 vs daily 516.20 (-0.81%)
INFO,INTRADAY_DAILY_CLOSE,stocks_intraday,NSE_EQ|INE205A01025,15m,6,6/266 full days: last intraday close vs daily close > 0.5%; worst 2025-10-29 intraday 512.00 vs daily 516.20 (-0.81%)
INFO,INTRADAY_DAILY_CLOSE,stocks_intraday,NSE_EQ|INE205A01025,60m,7,7/267 full days: last intraday close vs daily close > 0.5%; worst 2025-10-29 intraday 512.00 vs daily 516.20 (-0.81%)
INFO,INTRADAY_DAILY_CLOSE,stocks_intraday,NSE_EQ|INE208A01029,5m,10,10/267 full days: last intraday close vs daily close > 0.5%; worst 2026-06-03 intraday 147.20 vs daily 145.84 (+0.93%)
INFO,INTRADAY_DAILY_CLOSE,stocks_intraday,NSE_EQ|INE208A01029,15m,10,10/267 full days: last intraday close vs daily close > 0.5%; worst 2026-06-03 intraday 147.20 vs daily 145.84 (+0.93%)
INFO,INTRADAY_DAILY_CLOSE,stocks_intraday,NSE_EQ|INE208A01029,60m,10,10/267 full days: last intraday close vs daily close > 0.5%; worst 2026-06-03 intraday 147.20 vs daily 145.84 (+0.93%)
INFO,INTRADAY_DAILY_CLOSE,stocks_intraday,NSE_EQ|INE211B01039,5m,42,42/267 full days: last intraday close vs daily close > 0.5%; worst 2026-03-05 intraday 1609.90 vs daily 1633.60 (-1.45%)
INFO,INTRADAY_DAILY_CLOSE,stocks_intraday,NSE_EQ|INE211B01039,15m,42,42/267 full days: last intraday close vs daily close > 0.5%; worst 2026-03-05 intraday 1609.90 vs daily 1633.60 (-1.45%)
INFO,INTRADAY_DAILY_CLOSE,stocks_intraday,NSE_EQ|INE211B01039,60m,42,42/267 full days: last intraday close vs daily close > 0.5%; worst 2026-03-05 intraday 1609.90 vs daily 1633.60 (-1.45%)
INFO,INTRADAY_DAILY_CLOSE,stocks_intraday,NSE_EQ|INE213A01029,5m,1,1/267 full days: last intraday close vs daily close > 0.5%; worst 2025-10-29 intraday 257.09 vs daily 255.64 (+0.57%)
INFO,INTRADAY_DAILY_CLOSE,stocks_intraday,NSE_EQ|INE213A01029,15m,1,1/267 full days: last intraday close vs daily close > 0.5%; worst 2025-10-29 intraday 257.09 vs daily 255.64 (+0.57%)
INFO,INTRADAY_DAILY_CLOSE,stocks_intraday,NSE_EQ|INE213A01029,60m,1,1/267 full days: last intraday close vs daily close > 0.5%; worst 2025-10-29 intraday 257.09 vs daily 255.64 (+0.57%)
INFO,INTRADAY_DAILY_CLOSE,stocks_intraday,NSE_EQ|INE214T01019,5m,8,8/267 full days: last intraday close vs daily close > 0.5%; worst 2026-03-20 intraday 4355.00 vs daily 4298.80 (+1.31%)
INFO,INTRADAY_DAILY_CLOSE,stocks_intraday,NSE_EQ|INE214T01019,15m,8,8/267 full days: last intraday close vs daily close > 0.5%; worst 2026-03-20 intraday 4355.00 vs daily 4298.80 (+1.31%)
INFO,INTRADAY_DAILY_CLOSE,stocks_intraday,NSE_EQ|INE214T01019,60m,8,8/267 full days: last intraday close vs daily close > 0.5%; worst 2026-03-20 intraday 4355.00 vs daily 4298.80 (+1.31%)
INFO,INTRADAY_DAILY_CLOSE,stocks_intraday,NSE_EQ|INE216A01030,5m,4,4/267 full days: last intraday close vs daily close > 0.5%; worst 2026-05-07 intraday 5885.50 vs daily 5814.00 (+1.23%)
INFO,INTRADAY_DAILY_CLOSE,stocks_intraday,NSE_EQ|INE216A01030,15m,4,4/267 full days: last intraday close vs daily close > 0.5%; worst 2026-05-07 intraday 5885.50 vs daily 5814.00 (+1.23%)
INFO,INTRADAY_DAILY_CLOSE,stocks_intraday,NSE_EQ|INE216A01030,60m,4,4/267 full days: last intraday close vs daily close > 0.5%; worst 2026-05-07 intraday 5885.50 vs daily 5814.00 (+1.23%)
INFO,INTRADAY_DAILY_CLOSE,stocks_intraday,NSE_EQ|INE226A01021,5m,21,21/267 full days: last intraday close vs daily close > 0.5%; worst 2026-05-29 intraday 1258.00 vs daily 1245.70 (+0.99%)
INFO,INTRADAY_DAILY_CLOSE,stocks_intraday,NSE_EQ|INE226A01021,15m,21,21/267 full days: last intraday close vs daily close > 0.5%; worst 2026-05-29 intraday 1258.00 vs daily 1245.70 (+0.99%)
INFO,INTRADAY_DAILY_CLOSE,stocks_intraday,NSE_EQ|INE226A01021,60m,21,21/267 full days: last intraday close vs daily close > 0.5%; worst 2026-05-29 intraday 1258.00 vs daily 1245.70 (+0.99%)
INFO,INTRADAY_DAILY_CLOSE,stocks_intraday,NSE_EQ|INE237A01036,5m,5,5/267 full days: last intraday close vs daily close > 0.5%; worst 2026-06-30 intraday 396.00 vs daily 392.25 (+0.96%)
INFO,INTRADAY_DAILY_CLOSE,stocks_intraday,NSE_EQ|INE237A01036,15m,5,5/267 full days: last intraday close vs daily close > 0.5%; worst 2026-06-30 intraday 396.00 vs daily 392.25 (+0.96%)
INFO,INTRADAY_DAILY_CLOSE,stocks_intraday,NSE_EQ|INE237A01036,60m,5,5/267 full days: last intraday close vs daily close > 0.5%; worst 2026-06-30 intraday 396.00 vs daily 392.25 (+0.96%)
INFO,INTRADAY_DAILY_CLOSE,stocks_intraday,NSE_EQ|INE238A01034,5m,6,6/267 full days: last intraday close vs daily close > 0.5%; worst 2026-06-29 intraday 1368.00 vs daily 1356.80 (+0.83%)
INFO,INTRADAY_DAILY_CLOSE,stocks_intraday,NSE_EQ|INE238A01034,15m,6,6/267 full days: last intraday close vs daily close > 0.5%; worst 2026-06-29 intraday 1368.00 vs daily 1356.80 (+0.83%)
INFO,INTRADAY_DAILY_CLOSE,stocks_intraday,NSE_EQ|INE238A01034,60m,6,6/267 full days: last intraday close vs daily close > 0.5%; worst 2026-06-29 intraday 1368.00 vs daily 1356.80 (+0.83%)
INFO,INTRADAY_DAILY_CLOSE,stocks_intraday,NSE_EQ|INE239A01024,5m,8,8/267 full days: last intraday close vs daily close > 0.5%; worst 2026-05-29 intraday 1443.00 vs daily 1421.50 (+1.51%)
INFO,INTRADAY_DAILY_CLOSE,stocks_intraday,NSE_EQ|INE239A01024,15m,8,8/267 full days: last intraday close vs daily close > 0.5%; worst 2026-05-29 intraday 1443.00 vs daily 1421.50 (+1.51%)
INFO,INTRADAY_DAILY_CLOSE,stocks_intraday,NSE_EQ|INE239A01024,60m,8,8/267 full days: last intraday close vs daily close > 0.5%; worst 2026-05-29 intraday 1443.00 vs daily 1421.50 (+1.51%)
INFO,INTRADAY_DAILY_CLOSE,stocks_intraday,NSE_EQ|INE242A01010,5m,2,2/267 full days: last intraday close vs daily close > 0.5%; worst 2026-03-30 intraday 136.10 vs daily 135.40 (+0.52%)
INFO,INTRADAY_DAILY_CLOSE,stocks_intraday,NSE_EQ|INE242A01010,15m,2,2/267 full days: last intraday close vs daily close > 0.5%; worst 2026-03-30 intraday 136.10 vs daily 135.40 (+0.52%)
INFO,INTRADAY_DAILY_CLOSE,stocks_intraday,NSE_EQ|INE242A01010,60m,2,2/267 full days: last intraday close vs daily close > 0.5%; worst 2026-03-30 intraday 136.10 vs daily 135.40 (+0.52%)
INFO,INTRADAY_DAILY_CLOSE,stocks_intraday,NSE_EQ|INE245A01021,5m,4,4/267 full days: last intraday close vs daily close > 0.5%; worst 2026-03-23 intraday 382.90 vs daily 386.95 (-1.05%)
INFO,INTRADAY_DAILY_CLOSE,stocks_intraday,NSE_EQ|INE245A01021,15m,4,4/267 full days: last intraday close vs daily close > 0.5%; worst 2026-03-23 intraday 382.90 vs daily 386.95 (-1.05%)
INFO,INTRADAY_DAILY_CLOSE,stocks_intraday,NSE_EQ|INE245A01021,60m,4,4/267 full days: last intraday close vs daily close > 0.5%; worst 2026-03-23 intraday 382.90 vs daily 386.95 (-1.05%)
INFO,INTRADAY_DAILY_CLOSE,stocks_intraday,NSE_EQ|INE249Z01020,5m,5,5/267 full days: last intraday close vs daily close > 0.5%; worst 2025-12-04 intraday 2659.40 vs daily 2641.20 (+0.69%)
INFO,INTRADAY_DAILY_CLOSE,stocks_intraday,NSE_EQ|INE249Z01020,15m,5,5/267 full days: last intraday close vs daily close > 0.5%; worst 2025-12-04 intraday 2659.40 vs daily 2641.20 (+0.69%)
INFO,INTRADAY_DAILY_CLOSE,stocks_intraday,NSE_EQ|INE249Z01020,60m,5,5/267 full days: last intraday close vs daily close > 0.5%; worst 2025-12-04 intraday 2659.40 vs daily 2641.20 (+0.69%)
INFO,INTRADAY_DAILY_CLOSE,stocks_intraday,NSE_EQ|INE257A01026,5m,8,8/267 full days: last intraday close vs daily close > 0.5%; worst 2026-01-08 intraday 276.90 vs daily 271.75 (+1.90%)
INFO,INTRADAY_DAILY_CLOSE,stocks_intraday,NSE_EQ|INE257A01026,15m,8,8/267 full days: last intraday close vs daily close > 0.5%; worst 2026-01-08 intraday 276.90 vs daily 271.75 (+1.90%)
INFO,INTRADAY_DAILY_CLOSE,stocks_intraday,NSE_EQ|INE257A01026,60m,8,8/267 full days: last intraday close vs daily close > 0.5%; worst 2026-01-08 intraday 276.90 vs daily 271.75 (+1.90%)
INFO,INTRADAY_DAILY_CLOSE,stocks_intraday,NSE_EQ|INE259A01022,5m,6,6/267 full days: last intraday close vs daily close > 0.5%; worst 2026-05-12 intraday 2145.00 vs daily 2125.20 (+0.93%)
INFO,INTRADAY_DAILY_CLOSE,stocks_intraday,NSE_EQ|INE259A01022,15m,6,6/267 full days: last intraday close vs daily close > 0.5%; worst 2026-05-12 intraday 2145.00 vs daily 2125.20 (+0.93%)
INFO,INTRADAY_DAILY_CLOSE,stocks_intraday,NSE_EQ|INE259A01022,60m,6,6/267 full days: last intraday close vs daily close > 0.5%; worst 2026-05-12 intraday 2145.00 vs daily 2125.20 (+0.93%)
INFO,INTRADAY_DAILY_CLOSE,stocks_intraday,NSE_EQ|INE260B01028,5m,20,20/267 full days: last intraday close vs daily close > 0.5%; worst 2026-02-02 intraday 1940.00 vs daily 1916.80 (+1.21%)
INFO,INTRADAY_DAILY_CLOSE,stocks_intraday,NSE_EQ|INE260B01028,15m,20,20/267 full days: last intraday close vs daily close > 0.5%; worst 2026-02-02 intraday 1940.00 vs daily 1916.80 (+1.21%)
INFO,INTRADAY_DAILY_CLOSE,stocks_intraday,NSE_EQ|INE260B01028,60m,20,20/267 full days: last intraday close vs daily close > 0.5%; worst 2026-02-02 intraday 1940.00 vs daily 1916.80 (+1.21%)
INFO,INTRADAY_DAILY_CLOSE,stocks_intraday,NSE_EQ|INE263A01024,5m,4,4/267 full days: last intraday close vs daily close > 0.5%; worst 2026-05-05 intraday 436.50 vs daily 433.35 (+0.73%)
INFO,INTRADAY_DAILY_CLOSE,stocks_intraday,NSE_EQ|INE263A01024,15m,4,4/267 full days: last intraday close vs daily close > 0.5%; worst 2026-05-05 intraday 436.50 vs daily 433.35 (+0.73%)
INFO,INTRADAY_DAILY_CLOSE,stocks_intraday,NSE_EQ|INE263A01024,60m,4,4/267 full days: last intraday close vs daily close > 0.5%; worst 2026-05-05 intraday 436.50 vs daily 433.35 (+0.73%)
INFO,INTRADAY_DAILY_CLOSE,stocks_intraday,NSE_EQ|INE267A01025,5m,6,6/267 full days: last intraday close vs daily close > 0.5%; worst 2026-03-30 intraday 511.00 vs daily 502.15 (+1.76%)
INFO,INTRADAY_DAILY_CLOSE,stocks_intraday,NSE_EQ|INE267A01025,15m,6,6/267 full days: last intraday close vs daily close > 0.5%; worst 2026-03-30 intraday 511.00 vs daily 502.15 (+1.76%)
INFO,INTRADAY_DAILY_CLOSE,stocks_intraday,NSE_EQ|INE267A01025,60m,6,6/267 full days: last intraday close vs daily close > 0.5%; worst 2026-03-30 intraday 511.00 vs daily 502.15 (+1.76%)
INFO,INTRADAY_DAILY_CLOSE,stocks_intraday,NSE_EQ|INE271C01023,5m,7,7/267 full days: last intraday close vs daily close > 0.5%; worst 2026-05-29 intraday 597.00 vs daily 590.60 (+1.08%)
INFO,INTRADAY_DAILY_CLOSE,stocks_intraday,NSE_EQ|INE271C01023,15m,7,7/267 full days: last intraday close vs daily close > 0.5%; worst 2026-05-29 intraday 597.00 vs daily 590.60 (+1.08%)
INFO,INTRADAY_DAILY_CLOSE,stocks_intraday,NSE_EQ|INE271C01023,60m,7,7/267 full days: last intraday close vs daily close > 0.5%; worst 2026-05-29 intraday 597.00 vs daily 590.60 (+1.08%)
INFO,INTRADAY_DAILY_CLOSE,stocks_intraday,NSE_EQ|INE274J01014,5m,15,15/267 full days: last intraday close vs daily close > 0.5%; worst 2026-02-10 intraday 483.85 vs daily 488.85 (-1.02%)
INFO,INTRADAY_DAILY_CLOSE,stocks_intraday,NSE_EQ|INE274J01014,15m,15,15/267 full days: last intraday close vs daily close > 0.5%; worst 2026-02-10 intraday 483.85 vs daily 488.85 (-1.02%)
INFO,INTRADAY_DAILY_CLOSE,stocks_intraday,NSE_EQ|INE274J01014,60m,15,15/267 full days: last intraday close vs daily close > 0.5%; worst 2026-02-10 intraday 483.85 vs daily 488.85 (-1.02%)
INFO,INTRADAY_DAILY_CLOSE,stocks_intraday,NSE_EQ|INE280A01028,5m,7,7/267 full days: last intraday close vs daily close > 0.5%; worst 2026-03-25 intraday 4080.00 vs daily 4039.30 (+1.01%)
INFO,INTRADAY_DAILY_CLOSE,stocks_intraday,NSE_EQ|INE280A01028,15m,7,7/267 full days: last intraday close vs daily close > 0.5%; worst 2026-03-25 intraday 4080.00 vs daily 4039.30 (+1.01%)
INFO,INTRADAY_DAILY_CLOSE,stocks_intraday,NSE_EQ|INE280A01028,60m,7,7/267 full days: last intraday close vs daily close > 0.5%; worst 2026-03-25 intraday 4080.00 vs daily 4039.30 (+1.01%)
INFO,INTRADAY_DAILY_CLOSE,stocks_intraday,NSE_EQ|INE296A01032,5m,6,6/267 full days: last intraday close vs daily close > 0.5%; worst 2026-02-19 intraday 1007.00 vs daily 1017.05 (-0.99%)
INFO,INTRADAY_DAILY_CLOSE,stocks_intraday,NSE_EQ|INE296A01032,15m,6,6/267 full days: last intraday close vs daily close > 0.5%; worst 2026-02-19 intraday 1007.00 vs daily 1017.05 (-0.99%)
INFO,INTRADAY_DAILY_CLOSE,stocks_intraday,NSE_EQ|INE296A01032,60m,6,6/267 full days: last intraday close vs daily close > 0.5%; worst 2026-02-19 intraday 1007.00 vs daily 1017.05 (-0.99%)
INFO,INTRADAY_DAILY_CLOSE,stocks_intraday,NSE_EQ|INE298A01020,5m,14,14/267 full days: last intraday close vs daily close > 0.5%; worst 2026-03-30 intraday 4455.90 vs daily 4500.10 (-0.98%)
INFO,INTRADAY_DAILY_CLOSE,stocks_intraday,NSE_EQ|INE298A01020,15m,14,14/267 full days: last intraday close vs daily close > 0.5%; worst 2026-03-30 intraday 4455.90 vs daily 4500.10 (-0.98%)
INFO,INTRADAY_DAILY_CLOSE,stocks_intraday,NSE_EQ|INE298A01020,60m,14,14/267 full days: last intraday close vs daily close > 0.5%; worst 2026-03-30 intraday 4455.90 vs daily 4500.10 (-0.98%)
INFO,INTRADAY_DAILY_CLOSE,stocks_intraday,NSE_EQ|INE299U01018,5m,17,17/267 full days: last intraday close vs daily close > 0.5%; worst 2026-03-02 intraday 256.40 vs daily 253.45 (+1.16%)
INFO,INTRADAY_DAILY_CLOSE,stocks_intraday,NSE_EQ|INE299U01018,15m,17,17/267 full days: last intraday close vs daily close > 0.5%; worst 2026-03-02 intraday 256.40 vs daily 253.45 (+1.16%)
INFO,INTRADAY_DAILY_CLOSE,stocks_intraday,NSE_EQ|INE299U01018,60m,17,17/267 full days: last intraday close vs daily close > 0.5%; worst 2026-03-02 intraday 256.40 vs daily 253.45 (+1.16%)
INFO,INTRADAY_DAILY_CLOSE,stocks_intraday,NSE_EQ|INE303R01014,5m,19,19/267 full days: last intraday close vs daily close > 0.5%; worst 2026-01-22 intraday 378.45 vs daily 373.55 (+1.31%)
INFO,INTRADAY_DAILY_CLOSE,stocks_intraday,NSE_EQ|INE303R01014,15m,19,19/267 full days: last intraday close vs daily close > 0.5%; worst 2026-01-22 intraday 378.45 vs daily 373.55 (+1.31%)
INFO,INTRADAY_DAILY_CLOSE,stocks_intraday,NSE_EQ|INE303R01014,60m,19,19/267 full days: last intraday close vs daily close > 0.5%; worst 2026-01-22 intraday 378.45 vs daily 373.55 (+1.31%)
INFO,INTRADAY_DAILY_CLOSE,stocks_intraday,NSE_EQ|INE318A01026,5m,10,10/267 full days: last intraday close vs daily close > 0.5%; worst 2026-03-19 intraday 1323.80 vs daily 1308.90 (+1.14%)
INFO,INTRADAY_DAILY_CLOSE,stocks_intraday,NSE_EQ|INE318A01026,15m,10,10/267 full days: last intraday close vs daily close > 0.5%; worst 2026-03-19 intraday 1323.80 vs daily 1308.90 (+1.14%)
INFO,INTRADAY_DAILY_CLOSE,stocks_intraday,NSE_EQ|INE318A01026,60m,10,10/267 full days: last intraday close vs daily close > 0.5%; worst 2026-03-19 intraday 1323.80 vs daily 1308.90 (+1.14%)
INFO,INTRADAY_DAILY_CLOSE,stocks_intraday,NSE_EQ|INE323A01026,5m,15,15/267 full days: last intraday close vs daily close > 0.5%; worst 2026-06-29 intraday 40225.00 vs daily 39885.00 (+0.85%)
INFO,INTRADAY_DAILY_CLOSE,stocks_intraday,NSE_EQ|INE323A01026,15m,15,15/267 full days: last intraday close vs daily close > 0.5%; worst 2026-06-29 intraday 40225.00 vs daily 39885.00 (+0.85%)
INFO,INTRADAY_DAILY_CLOSE,stocks_intraday,NSE_EQ|INE323A01026,60m,15,15/267 full days: last intraday close vs daily close > 0.5%; worst 2026-06-29 intraday 40225.00 vs daily 39885.00 (+0.85%)
INFO,INTRADAY_DAILY_CLOSE,stocks_intraday,NSE_EQ|INE326A01037,5m,10,10/267 full days: last intraday close vs daily close > 0.5%; worst 2025-11-03 intraday 1999.00 vs daily 1983.80 (+0.77%)
INFO,INTRADAY_DAILY_CLOSE,stocks_intraday,NSE_EQ|INE326A01037,15m,10,10/267 full days: last intraday close vs daily close > 0.5%; worst 2025-11-03 intraday 1999.00 vs daily 1983.80 (+0.77%)
INFO,INTRADAY_DAILY_CLOSE,stocks_intraday,NSE_EQ|INE326A01037,60m,10,10/267 full days: last intraday close vs daily close > 0.5%; worst 2025-11-03 intraday 1999.00 vs daily 1983.80 (+0.77%)
INFO,INTRADAY_DAILY_CLOSE,stocks_intraday,NSE_EQ|INE338I01027,5m,21,21/267 full days: last intraday close vs daily close > 0.5%; worst 2026-02-23 intraday 774.90 vs daily 763.25 (+1.53%)
INFO,INTRADAY_DAILY_CLOSE,stocks_intraday,NSE_EQ|INE338I01027,15m,21,21/267 full days: last intraday close vs daily close > 0.5%; worst 2026-02-23 intraday 774.90 vs daily 763.25 (+1.53%)
INFO,INTRADAY_DAILY_CLOSE,stocks_intraday,NSE_EQ|INE338I01027,60m,21,21/267 full days: last intraday close vs daily close > 0.5%; worst 2026-02-23 intraday 774.90 vs daily 763.25 (+1.53%)
INFO,INTRADAY_DAILY_CLOSE,stocks_intraday,NSE_EQ|INE347G01014,5m,11,11/267 full days: last intraday close vs daily close > 0.5%; worst 2026-03-06 intraday 287.80 vs daily 290.40 (-0.90%)
INFO,INTRADAY_DAILY_CLOSE,stocks_intraday,NSE_EQ|INE347G01014,15m,11,11/267 full days: last intraday close vs daily close > 0.5%; worst 2026-03-06 intraday 287.80 vs daily 290.40 (-0.90%)
INFO,INTRADAY_DAILY_CLOSE,stocks_intraday,NSE_EQ|INE347G01014,60m,11,11/267 full days: last intraday close vs daily close > 0.5%; worst 2026-03-06 intraday 287.80 vs daily 290.40 (-0.90%)
INFO,INTRADAY_DAILY_CLOSE,stocks_intraday,NSE_EQ|INE356A01018,5m,17,17/267 full days: last intraday close vs daily close > 0.5%; worst 2026-01-21 intraday 2768.00 vs daily 2798.90 (-1.10%)
INFO,INTRADAY_DAILY_CLOSE,stocks_intraday,NSE_EQ|INE356A01018,15m,17,17/267 full days: last intraday close vs daily close > 0.5%; worst 2026-01-21 intraday 2768.00 vs daily 2798.90 (-1.10%)
INFO,INTRADAY_DAILY_CLOSE,stocks_intraday,NSE_EQ|INE356A01018,60m,17,17/267 full days: last intraday close vs daily close > 0.5%; worst 2026-01-21 intraday 2768.00 vs daily 2798.90 (-1.10%)
INFO,INTRADAY_DAILY_CLOSE,stocks_intraday,NSE_EQ|INE361B01024,5m,9,9/267 full days: last intraday close vs daily close > 0.5%; worst 2025-12-30 intraday 6480.50 vs daily 6360.50 (+1.89%)
INFO,INTRADAY_DAILY_CLOSE,stocks_intraday,NSE_EQ|INE361B01024,15m,9,9/267 full days: last intraday close vs daily close > 0.5%; worst 2025-12-30 intraday 6480.50 vs daily 6360.50 (+1.89%)
INFO,INTRADAY_DAILY_CLOSE,stocks_intraday,NSE_EQ|INE361B01024,60m,9,9/267 full days: last intraday close vs daily close > 0.5%; worst 2025-12-30 intraday 6480.50 vs daily 6360.50 (+1.89%)
INFO,INTRADAY_DAILY_CLOSE,stocks_intraday,NSE_EQ|INE364U01010,5m,22,22/267 full days: last intraday close vs daily close > 0.5%; worst 2025-12-09 intraday 1010.50 vs daily 998.90 (+1.16%)
INFO,INTRADAY_DAILY_CLOSE,stocks_intraday,NSE_EQ|INE364U01010,15m,22,22/267 full days: last intraday close vs daily close > 0.5%; worst 2025-12-09 intraday 1010.50 vs daily 998.90 (+1.16%)
INFO,INTRADAY_DAILY_CLOSE,stocks_intraday,NSE_EQ|INE364U01010,60m,22,22/267 full days: last intraday close vs daily close > 0.5%; worst 2025-12-09 intraday 1010.50 vs daily 998.90 (+1.16%)
INFO,INTRADAY_DAILY_CLOSE,stocks_intraday,NSE_EQ|INE371P01015,5m,16,16/267 full days: last intraday close vs daily close > 0.5%; worst 2026-03-23 intraday 6233.00 vs daily 6289.00 (-0.89%)
INFO,INTRADAY_DAILY_CLOSE,stocks_intraday,NSE_EQ|INE371P01015,15m,16,16/267 full days: last intraday close vs daily close > 0.5%; worst 2026-03-23 intraday 6233.00 vs daily 6289.00 (-0.89%)
INFO,INTRADAY_DAILY_CLOSE,stocks_intraday,NSE_EQ|INE371P01015,60m,16,16/267 full days: last intraday close vs daily close > 0.5%; worst 2026-03-23 intraday 6233.00 vs daily 6289.00 (-0.89%)
INFO,INTRADAY_DAILY_CLOSE,stocks_intraday,NSE_EQ|INE376G01013,5m,11,11/267 full days: last intraday close vs daily close > 0.5%; worst 2026-05-29 intraday 431.85 vs daily 428.65 (+0.75%)
INFO,INTRADAY_DAILY_CLOSE,stocks_intraday,NSE_EQ|INE376G01013,15m,11,11/267 full days: last intraday close vs daily close > 0.5%; worst 2026-05-29 intraday 431.85 vs daily 428.65 (+0.75%)
INFO,INTRADAY_DAILY_CLOSE,stocks_intraday,NSE_EQ|INE376G01013,60m,11,11/267 full days: last intraday close vs daily close > 0.5%; worst 2026-05-29 intraday 431.85 vs daily 428.65 (+0.75%)
INFO,INTRADAY_DAILY_CLOSE,stocks_intraday,NSE_EQ|INE377N01017,5m,15,15/267 full days: last intraday close vs daily close > 0.5%; worst 2025-12-19 intraday 3057.00 vs daily 3025.60 (+1.04%)
INFO,INTRADAY_DAILY_CLOSE,stocks_intraday,NSE_EQ|INE377N01017,15m,15,15/267 full days: last intraday close vs daily close > 0.5%; worst 2025-12-19 intraday 3057.00 vs daily 3025.60 (+1.04%)
INFO,INTRADAY_DAILY_CLOSE,stocks_intraday,NSE_EQ|INE377N01017,60m,15,15/267 full days: last intraday close vs daily close > 0.5%; worst 2025-12-19 intraday 3057.00 vs daily 3025.60 (+1.04%)
INFO,INTRADAY_DAILY_CLOSE,stocks_intraday,NSE_EQ|INE388Y01029,5m,25,25/267 full days: last intraday close vs daily close > 0.5%; worst 2026-02-05 intraday 261.45 vs daily 258.29 (+1.22%)
INFO,INTRADAY_DAILY_CLOSE,stocks_intraday,NSE_EQ|INE388Y01029,15m,25,25/267 full days: last intraday close vs daily close > 0.5%; worst 2026-02-05 intraday 261.45 vs daily 258.29 (+1.22%)
INFO,INTRADAY_DAILY_CLOSE,stocks_intraday,NSE_EQ|INE388Y01029,60m,25,25/267 full days: last intraday close vs daily close > 0.5%; worst 2026-02-05 intraday 261.45 vs daily 258.29 (+1.22%)
INFO,INTRADAY_DAILY_CLOSE,stocks_intraday,NSE_EQ|INE397D01024,5m,5,5/267 full days: last intraday close vs daily close > 0.5%; worst 2026-02-06 intraday 2023.00 vs daily 2038.40 (-0.76%)
INFO,INTRADAY_DAILY_CLOSE,stocks_intraday,NSE_EQ|INE397D01024,15m,5,5/267 full days: last intraday close vs daily close > 0.5%; worst 2026-02-06 intraday 2023.00 vs daily 2038.40 (-0.76%)
INFO,INTRADAY_DAILY_CLOSE,stocks_intraday,NSE_EQ|INE397D01024,60m,5,5/267 full days: last intraday close vs daily close > 0.5%; worst 2026-02-06 intraday 2023.00 vs daily 2038.40 (-0.76%)
INFO,INTRADAY_DAILY_CLOSE,stocks_intraday,NSE_EQ|INE405E01023,5m,22,22/267 full days: last intraday close vs daily close > 0.5%; worst 2026-01-23 intraday 1147.90 vs daily 1134.10 (+1.22%)
INFO,INTRADAY_DAILY_CLOSE,stocks_intraday,NSE_EQ|INE405E01023,15m,22,22/267 full days: last intraday close vs daily close > 0.5%; worst 2026-01-23 intraday 1147.90 vs daily 1134.10 (+1.22%)
INFO,INTRADAY_DAILY_CLOSE,stocks_intraday,NSE_EQ|INE405E01023,60m,22,22/267 full days: last intraday close vs daily close > 0.5%; worst 2026-01-23 intraday 1147.90 vs daily 1134.10 (+1.22%)
INFO,INTRADAY_DAILY_CLOSE,stocks_intraday,NSE_EQ|INE406A01037,5m,17,17/267 full days: last intraday close vs daily close > 0.5%; worst 2026-02-13 intraday 1157.00 vs daily 1145.60 (+1.00%)
INFO,INTRADAY_DAILY_CLOSE,stocks_intraday,NSE_EQ|INE406A01037,15m,17,17/267 full days: last intraday close vs daily close > 0.5%; worst 2026-02-13 intraday 1157.00 vs daily 1145.60 (+1.00%)
INFO,INTRADAY_DAILY_CLOSE,stocks_intraday,NSE_EQ|INE406A01037,60m,17,17/267 full days: last intraday close vs daily close > 0.5%; worst 2026-02-13 intraday 1157.00 vs daily 1145.60 (+1.00%)
INFO,INTRADAY_DAILY_CLOSE,stocks_intraday,NSE_EQ|INE414G01012,5m,9,9/267 full days: last intraday close vs daily close > 0.5%; worst 2026-05-29 intraday 3296.50 vs daily 3342.90 (-1.39%)
INFO,INTRADAY_DAILY_CLOSE,stocks_intraday,NSE_EQ|INE414G01012,15m,9,9/267 full days: last intraday close vs daily close > 0.5%; worst 2026-05-29 intraday 3296.50 vs daily 3342.90 (-1.39%)
INFO,INTRADAY_DAILY_CLOSE,stocks_intraday,NSE_EQ|INE414G01012,60m,9,9/267 full days: last intraday close vs daily close > 0.5%; worst 2026-05-29 intraday 3296.50 vs daily 3342.90 (-1.39%)
INFO,INTRADAY_DAILY_CLOSE,stocks_intraday,NSE_EQ|INE415G01027,5m,16,16/267 full days: last intraday close vs daily close > 0.5%; worst 2026-05-29 intraday 250.10 vs daily 245.45 (+1.89%)
INFO,INTRADAY_DAILY_CLOSE,stocks_intraday,NSE_EQ|INE415G01027,15m,16,16/267 full days: last intraday close vs daily close > 0.5%; worst 2026-05-29 intraday 250.10 vs daily 245.45 (+1.89%)
INFO,INTRADAY_DAILY_CLOSE,stocks_intraday,NSE_EQ|INE415G01027,60m,16,16/267 full days: last intraday close vs daily close > 0.5%; worst 2026-05-29 intraday 250.10 vs daily 245.45 (+1.89%)
INFO,INTRADAY_DAILY_CLOSE,stocks_intraday,NSE_EQ|INE423A01024,5m,5,5/267 full days: last intraday close vs daily close > 0.5%; worst 2025-11-04 intraday 2399.90 vs daily 2419.80 (-0.82%)
INFO,INTRADAY_DAILY_CLOSE,stocks_intraday,NSE_EQ|INE423A01024,15m,5,5/267 full days: last intraday close vs daily close > 0.5%; worst 2025-11-04 intraday 2399.90 vs daily 2419.80 (-0.82%)
INFO,INTRADAY_DAILY_CLOSE,stocks_intraday,NSE_EQ|INE423A01024,60m,5,5/267 full days: last intraday close vs daily close > 0.5%; worst 2025-11-04 intraday 2399.90 vs daily 2419.80 (-0.82%)
INFO,INTRADAY_DAILY_CLOSE,stocks_intraday,NSE_EQ|INE437A01024,5m,5,5/267 full days: last intraday close vs daily close > 0.5%; worst 2026-03-30 intraday 7499.50 vs daily 7419.00 (+1.09%)
INFO,INTRADAY_DAILY_CLOSE,stocks_intraday,NSE_EQ|INE437A01024,15m,5,5/267 full days: last intraday close vs daily close > 0.5%; worst 2026-03-30 intraday 7499.50 vs daily 7419.00 (+1.09%)
INFO,INTRADAY_DAILY_CLOSE,stocks_intraday,NSE_EQ|INE437A01024,60m,5,5/267 full days: last intraday close vs daily close > 0.5%; worst 2026-03-30 intraday 7499.50 vs daily 7419.00 (+1.09%)
INFO,INTRADAY_DAILY_CLOSE,stocks_intraday,NSE_EQ|INE451A01017,5m,27,27/267 full days: last intraday close vs daily close > 0.5%; worst 2025-10-23 intraday 16400.00 vs daily 16675.00 (-1.65%)
INFO,INTRADAY_DAILY_CLOSE,stocks_intraday,NSE_EQ|INE451A01017,15m,27,27/267 full days: last intraday close vs daily close > 0.5%; worst 2025-10-23 intraday 16400.00 vs daily 16675.00 (-1.65%)
INFO,INTRADAY_DAILY_CLOSE,stocks_intraday,NSE_EQ|INE451A01017,60m,27,27/267 full days: last intraday close vs daily close > 0.5%; worst 2025-10-23 intraday 16400.00 vs daily 16675.00 (-1.65%)
INFO,INTRADAY_DAILY_CLOSE,stocks_intraday,NSE_EQ|INE455K01017,5m,5,5/267 full days: last intraday close vs daily close > 0.5%; worst 2026-01-16 intraday 7049.50 vs daily 7121.50 (-1.01%)
INFO,INTRADAY_DAILY_CLOSE,stocks_intraday,NSE_EQ|INE455K01017,15m,5,5/267 full days: last intraday close vs daily close > 0.5%; worst 2026-01-16 intraday 7049.50 vs daily 7121.50 (-1.01%)
INFO,INTRADAY_DAILY_CLOSE,stocks_intraday,NSE_EQ|INE455K01017,60m,5,5/267 full days: last intraday close vs daily close > 0.5%; worst 2026-01-16 intraday 7049.50 vs daily 7121.50 (-1.01%)
INFO,INTRADAY_DAILY_CLOSE,stocks_intraday,NSE_EQ|INE457L01029,5m,22,22/267 full days: last intraday close vs daily close > 0.5%; worst 2026-03-10 intraday 552.00 vs daily 544.10 (+1.45%)
INFO,INTRADAY_DAILY_CLOSE,stocks_intraday,NSE_EQ|INE457L01029,15m,22,22/267 full days: last intraday close vs daily close > 0.5%; worst 2026-03-10 intraday 552.00 vs daily 544.10 (+1.45%)
INFO,INTRADAY_DAILY_CLOSE,stocks_intraday,NSE_EQ|INE457L01029,60m,22,22/267 full days: last intraday close vs daily close > 0.5%; worst 2026-03-10 intraday 552.00 vs daily 544.10 (+1.45%)
INFO,INTRADAY_DAILY_CLOSE,stocks_intraday,NSE_EQ|INE465A01025,5m,12,12/267 full days: last intraday close vs daily close > 0.5%; worst 2025-09-29 intraday 1192.20 vs daily 1214.00 (-1.80%)
INFO,INTRADAY_DAILY_CLOSE,stocks_intraday,NSE_EQ|INE465A01025,15m,12,12/267 full days: last intraday close vs daily close > 0.5%; worst 2025-09-29 intraday 1192.20 vs daily 1214.00 (-1.80%)
INFO,INTRADAY_DAILY_CLOSE,stocks_intraday,NSE_EQ|INE465A01025,60m,12,12/267 full days: last intraday close vs daily close > 0.5%; worst 2025-09-29 intraday 1192.20 vs daily 1214.00 (-1.80%)
INFO,INTRADAY_DAILY_CLOSE,stocks_intraday,NSE_EQ|INE466L01038,5m,23,23/267 full days: last intraday close vs daily close > 0.5%; worst 2026-03-30 intraday 935.00 vs daily 949.60 (-1.54%)
INFO,INTRADAY_DAILY_CLOSE,stocks_intraday,NSE_EQ|INE466L01038,15m,23,23/267 full days: last intraday close vs daily close > 0.5%; worst 2026-03-30 intraday 935.00 vs daily 949.60 (-1.54%)
INFO,INTRADAY_DAILY_CLOSE,stocks_intraday,NSE_EQ|INE466L01038,60m,23,23/267 full days: last intraday close vs daily close > 0.5%; worst 2026-03-30 intraday 935.00 vs daily 949.60 (-1.54%)
INFO,INTRADAY_DAILY_CLOSE,stocks_intraday,NSE_EQ|INE467B01029,5m,1,1/267 full days: last intraday close vs daily close > 0.5%; worst 2026-06-19 intraday 2135.90 vs daily 2125.00 (+0.51%)
INFO,INTRADAY_DAILY_CLOSE,stocks_intraday,NSE_EQ|INE467B01029,15m,1,1/267 full days: last intraday close vs daily close > 0.5%; worst 2026-06-19 intraday 2135.90 vs daily 2125.00 (+0.51%)
INFO,INTRADAY_DAILY_CLOSE,stocks_intraday,NSE_EQ|INE467B01029,60m,1,1/267 full days: last intraday close vs daily close > 0.5%; worst 2026-06-19 intraday 2135.90 vs daily 2125.00 (+0.51%)
INFO,INTRADAY_DAILY_CLOSE,stocks_intraday,NSE_EQ|INE472A01039,5m,21,21/267 full days: last intraday close vs daily close > 0.5%; worst 2025-11-03 intraday 1905.60 vs daily 1934.40 (-1.49%)
INFO,INTRADAY_DAILY_CLOSE,stocks_intraday,NSE_EQ|INE472A01039,15m,21,21/267 full days: last intraday close vs daily close > 0.5%; worst 2025-11-03 intraday 1905.60 vs daily 1934.40 (-1.49%)
INFO,INTRADAY_DAILY_CLOSE,stocks_intraday,NSE_EQ|INE472A01039,60m,21,21/267 full days: last intraday close vs daily close > 0.5%; worst 2025-11-03 intraday 1905.60 vs daily 1934.40 (-1.49%)
INFO,INTRADAY_DAILY_CLOSE,stocks_intraday,NSE_EQ|INE476A01022,5m,5,5/267 full days: last intraday close vs daily close > 0.5%; worst 2026-03-19 intraday 133.90 vs daily 132.92 (+0.74%)
INFO,INTRADAY_DAILY_CLOSE,stocks_intraday,NSE_EQ|INE476A01022,15m,5,5/267 full days: last intraday close vs daily close > 0.5%; worst 2026-03-19 intraday 133.90 vs daily 132.92 (+0.74%)
INFO,INTRADAY_DAILY_CLOSE,stocks_intraday,NSE_EQ|INE476A01022,60m,5,5/267 full days: last intraday close vs daily close > 0.5%; worst 2026-03-19 intraday 133.90 vs daily 132.92 (+0.74%)
INFO,INTRADAY_DAILY_CLOSE,stocks_intraday,NSE_EQ|INE484J01027,5m,12,12/267 full days: last intraday close vs daily close > 0.5%; worst 2026-07-24 intraday 2050.30 vs daily 2028.70 (+1.06%)
INFO,INTRADAY_DAILY_CLOSE,stocks_intraday,NSE_EQ|INE484J01027,15m,12,12/267 full days: last intraday close vs daily close > 0.5%; worst 2026-07-24 intraday 2050.30 vs daily 2028.70 (+1.06%)
INFO,INTRADAY_DAILY_CLOSE,stocks_intraday,NSE_EQ|INE484J01027,60m,12,12/267 full days: last intraday close vs daily close > 0.5%; worst 2026-07-24 intraday 2050.30 vs daily 2028.70 (+1.06%)
INFO,INTRADAY_DAILY_CLOSE,stocks_intraday,NSE_EQ|INE494B01023,5m,7,7/267 full days: last intraday close vs daily close > 0.5%; worst 2026-05-27 intraday 3433.90 vs daily 3384.60 (+1.46%)
INFO,INTRADAY_DAILY_CLOSE,stocks_intraday,NSE_EQ|INE494B01023,15m,7,7/267 full days: last intraday close vs daily close > 0.5%; worst 2026-05-27 intraday 3433.90 vs daily 3384.60 (+1.46%)
INFO,INTRADAY_DAILY_CLOSE,stocks_intraday,NSE_EQ|INE494B01023,60m,7,7/267 full days: last intraday close vs daily close > 0.5%; worst 2026-05-27 intraday 3433.90 vs daily 3384.60 (+1.46%)
INFO,INTRADAY_DAILY_CLOSE,stocks_intraday,NSE_EQ|INE498L01015,5m,10,10/267 full days: last intraday close vs daily close > 0.5%; worst 2026-01-27 intraday 289.80 vs daily 285.25 (+1.60%)
INFO,INTRADAY_DAILY_CLOSE,stocks_intraday,NSE_EQ|INE498L01015,15m,10,10/267 full days: last intraday close vs daily close > 0.5%; worst 2026-01-27 intraday 289.80 vs daily 285.25 (+1.60%)
INFO,INTRADAY_DAILY_CLOSE,stocks_intraday,NSE_EQ|INE498L01015,60m,10,10/267 full days: last intraday close vs daily close > 0.5%; worst 2026-01-27 intraday 289.80 vs daily 285.25 (+1.60%)
INFO,INTRADAY_DAILY_CLOSE,stocks_intraday,NSE_EQ|INE522F01014,5m,4,4/267 full days: last intraday close vs daily close > 0.5%; worst 2026-06-15 intraday 447.50 vs daily 444.05 (+0.78%)
INFO,INTRADAY_DAILY_CLOSE,stocks_intraday,NSE_EQ|INE522F01014,15m,4,4/267 full days: last intraday close vs daily close > 0.5%; worst 2026-06-15 intraday 447.50 vs daily 444.05 (+0.78%)
INFO,INTRADAY_DAILY_CLOSE,stocks_intraday,NSE_EQ|INE522F01014,60m,4,4/267 full days: last intraday close vs daily close > 0.5%; worst 2026-06-15 intraday 447.50 vs daily 444.05 (+0.78%)
INFO,INTRADAY_DAILY_CLOSE,stocks_intraday,NSE_EQ|INE528G01035,5m,2,2/267 full days: last intraday close vs daily close > 0.5%; worst 2026-04-17 intraday 20.41 vs daily 20.19 (+1.09%)
INFO,INTRADAY_DAILY_CLOSE,stocks_intraday,NSE_EQ|INE528G01035,15m,2,2/267 full days: last intraday close vs daily close > 0.5%; worst 2026-04-17 intraday 20.41 vs daily 20.19 (+1.09%)
INFO,INTRADAY_DAILY_CLOSE,stocks_intraday,NSE_EQ|INE528G01035,60m,2,2/267 full days: last intraday close vs daily close > 0.5%; worst 2026-04-17 intraday 20.41 vs daily 20.19 (+1.09%)
INFO,INTRADAY_DAILY_CLOSE,stocks_intraday,NSE_EQ|INE540L01014,5m,18,18/267 full days: last intraday close vs daily close > 0.5%; worst 2026-02-06 intraday 5587.50 vs daily 5684.00 (-1.70%)
INFO,INTRADAY_DAILY_CLOSE,stocks_intraday,NSE_EQ|INE540L01014,15m,18,18/267 full days: last intraday close vs daily close > 0.5%; worst 2026-02-06 intraday 5587.50 vs daily 5684.00 (-1.70%)
INFO,INTRADAY_DAILY_CLOSE,stocks_intraday,NSE_EQ|INE540L01014,60m,18,18/267 full days: last intraday close vs daily close > 0.5%; worst 2026-02-06 intraday 5587.50 vs daily 5684.00 (-1.70%)
INFO,INTRADAY_DAILY_CLOSE,stocks_intraday,NSE_EQ|INE545U01014,5m,17,17/267 full days: last intraday close vs daily close > 0.5%; worst 2026-03-19 intraday 159.33 vs daily 158.06 (+0.80%)
INFO,INTRADAY_DAILY_CLOSE,stocks_intraday,NSE_EQ|INE545U01014,15m,17,17/267 full days: last intraday close vs daily close > 0.5%; worst 2026-03-19 intraday 159.33 vs daily 158.06 (+0.80%)
INFO,INTRADAY_DAILY_CLOSE,stocks_intraday,NSE_EQ|INE545U01014,60m,17,17/267 full days: last intraday close vs daily close > 0.5%; worst 2026-03-19 intraday 159.33 vs daily 158.06 (+0.80%)
INFO,INTRADAY_DAILY_CLOSE,stocks_intraday,NSE_EQ|INE562A01011,5m,11,11/267 full days: last intraday close vs daily close > 0.5%; worst 2026-05-29 intraday 847.00 vs daily 833.00 (+1.68%)
INFO,INTRADAY_DAILY_CLOSE,stocks_intraday,NSE_EQ|INE562A01011,15m,11,11/267 full days: last intraday close vs daily close > 0.5%; worst 2026-05-29 intraday 847.00 vs daily 833.00 (+1.68%)
INFO,INTRADAY_DAILY_CLOSE,stocks_intraday,NSE_EQ|INE562A01011,60m,11,11/267 full days: last intraday close vs daily close > 0.5%; worst 2026-05-29 intraday 847.00 vs daily 833.00 (+1.68%)
INFO,INTRADAY_DAILY_CLOSE,stocks_intraday,NSE_EQ|INE572E01012,5m,25,25/267 full days: last intraday close vs daily close > 0.5%; worst 2026-05-29 intraday 1045.00 vs daily 1030.50 (+1.41%)
INFO,INTRADAY_DAILY_CLOSE,stocks_intraday,NSE_EQ|INE572E01012,15m,25,25/267 full days: last intraday close vs daily close > 0.5%; worst 2026-05-29 intraday 1045.00 vs daily 1030.50 (+1.41%)
INFO,INTRADAY_DAILY_CLOSE,stocks_intraday,NSE_EQ|INE572E01012,60m,25,25/267 full days: last intraday close vs daily close > 0.5%; worst 2026-05-29 intraday 1045.00 vs daily 1030.50 (+1.41%)
INFO,INTRADAY_DAILY_CLOSE,stocks_intraday,NSE_EQ|INE584A01023,5m,4,4/267 full days: last intraday close vs daily close > 0.5%; worst 2026-06-01 intraday 93.55 vs daily 92.37 (+1.28%)
INFO,INTRADAY_DAILY_CLOSE,stocks_intraday,NSE_EQ|INE584A01023,15m,4,4/267 full days: last intraday close vs daily close > 0.5%; worst 2026-06-01 intraday 93.55 vs daily 92.37 (+1.28%)
INFO,INTRADAY_DAILY_CLOSE,stocks_intraday,NSE_EQ|INE584A01023,60m,4,4/267 full days: last intraday close vs daily close > 0.5%; worst 2026-06-01 intraday 93.55 vs daily 92.37 (+1.28%)
INFO,INTRADAY_DAILY_CLOSE,stocks_intraday,NSE_EQ|INE585B01010,5m,1,1/267 full days: last intraday close vs daily close > 0.5%; worst 2026-05-29 intraday 13200.00 vs daily 13127.00 (+0.56%)
INFO,INTRADAY_DAILY_CLOSE,stocks_intraday,NSE_EQ|INE585B01010,15m,1,1/267 full days: last intraday close vs daily close > 0.5%; worst 2026-05-29 intraday 13200.00 vs daily 13127.00 (+0.56%)
INFO,INTRADAY_DAILY_CLOSE,stocks_intraday,NSE_EQ|INE585B01010,60m,1,1/267 full days: last intraday close vs daily close > 0.5%; worst 2026-05-29 intraday 13200.00 vs daily 13127.00 (+0.56%)
INFO,INTRADAY_DAILY_CLOSE,stocks_intraday,NSE_EQ|INE591G01025,5m,7,7/267 full days: last intraday close vs daily close > 0.5%; worst 2026-06-02 intraday 1506.00 vs daily 1519.50 (-0.89%)
INFO,INTRADAY_DAILY_CLOSE,stocks_intraday,NSE_EQ|INE591G01025,15m,7,7/267 full days: last intraday close vs daily close > 0.5%; worst 2026-06-02 intraday 1506.00 vs daily 1519.50 (-0.89%)
INFO,INTRADAY_DAILY_CLOSE,stocks_intraday,NSE_EQ|INE591G01025,60m,7,7/267 full days: last intraday close vs daily close > 0.5%; worst 2026-06-02 intraday 1506.00 vs daily 1519.50 (-0.89%)
INFO,INTRADAY_DAILY_CLOSE,stocks_intraday,NSE_EQ|INE596I01020,5m,9,9/267 full days: last intraday close vs daily close > 0.5%; worst 2026-03-09 intraday 654.70 vs daily 649.10 (+0.86%)
INFO,INTRADAY_DAILY_CLOSE,stocks_intraday,NSE_EQ|INE596I01020,15m,9,9/267 full days: last intraday close vs daily close > 0.5%; worst 2026-03-09 intraday 654.70 vs daily 649.10 (+0.86%)
INFO,INTRADAY_DAILY_CLOSE,stocks_intraday,NSE_EQ|INE596I01020,60m,9,9/267 full days: last intraday close vs daily close > 0.5%; worst 2026-03-09 intraday 654.70 vs daily 649.10 (+0.86%)
INFO,INTRADAY_DAILY_CLOSE,stocks_intraday,NSE_EQ|INE603J01030,5m,25,25/267 full days: last intraday close vs daily close > 0.5%; worst 2026-02-12 intraday 3163.70 vs daily 3222.30 (-1.82%)
INFO,INTRADAY_DAILY_CLOSE,stocks_intraday,NSE_EQ|INE603J01030,15m,25,25/267 full days: last intraday close vs daily close > 0.5%; worst 2026-02-12 intraday 3163.70 vs daily 3222.30 (-1.82%)
INFO,INTRADAY_DAILY_CLOSE,stocks_intraday,NSE_EQ|INE603J01030,60m,25,25/267 full days: last intraday close vs daily close > 0.5%; worst 2026-02-12 intraday 3163.70 vs daily 3222.30 (-1.82%)
INFO,INTRADAY_DAILY_CLOSE,stocks_intraday,NSE_EQ|INE619A01035,5m,29,29/267 full days: last intraday close vs daily close > 0.5%; worst 2026-01-19 intraday 527.95 vs daily 521.25 (+1.29%)
INFO,INTRADAY_DAILY_CLOSE,stocks_intraday,NSE_EQ|INE619A01035,15m,29,29/267 full days: last intraday close vs daily close > 0.5%; worst 2026-01-19 intraday 527.95 vs daily 521.25 (+1.29%)
INFO,INTRADAY_DAILY_CLOSE,stocks_intraday,NSE_EQ|INE619A01035,60m,29,29/267 full days: last intraday close vs daily close > 0.5%; worst 2026-01-19 intraday 527.95 vs daily 521.25 (+1.29%)
INFO,INTRADAY_DAILY_CLOSE,stocks_intraday,NSE_EQ|INE628A01036,5m,12,12/267 full days: last intraday close vs daily close > 0.5%; worst 2026-05-29 intraday 653.90 vs daily 644.80 (+1.41%)
INFO,INTRADAY_DAILY_CLOSE,stocks_intraday,NSE_EQ|INE628A01036,15m,12,12/267 full days: last intraday close vs daily close > 0.5%; worst 2026-05-29 intraday 653.90 vs daily 644.80 (+1.41%)
INFO,INTRADAY_DAILY_CLOSE,stocks_intraday,NSE_EQ|INE628A01036,60m,12,12/267 full days: last intraday close vs daily close > 0.5%; worst 2026-05-29 intraday 653.90 vs daily 644.80 (+1.41%)
INFO,INTRADAY_DAILY_CLOSE,stocks_intraday,NSE_EQ|INE634S01028,5m,12,12/267 full days: last intraday close vs daily close > 0.5%; worst 2026-05-29 intraday 2409.00 vs daily 2375.60 (+1.41%)
INFO,INTRADAY_DAILY_CLOSE,stocks_intraday,NSE_EQ|INE634S01028,15m,12,12/267 full days: last intraday close vs daily close > 0.5%; worst 2026-05-29 intraday 2409.00 vs daily 2375.60 (+1.41%)
INFO,INTRADAY_DAILY_CLOSE,stocks_intraday,NSE_EQ|INE634S01028,60m,12,12/267 full days: last intraday close vs daily close > 0.5%; worst 2026-05-29 intraday 2409.00 vs daily 2375.60 (+1.41%)
INFO,INTRADAY_DAILY_CLOSE,stocks_intraday,NSE_EQ|INE647A01010,5m,13,13/267 full days: last intraday close vs daily close > 0.5%; worst 2026-07-22 intraday 2818.00 vs daily 2867.20 (-1.72%)
INFO,INTRADAY_DAILY_CLOSE,stocks_intraday,NSE_EQ|INE647A01010,15m,13,13/267 full days: last intraday close vs daily close > 0.5%; worst 2026-07-22 intraday 2818.00 vs daily 2867.20 (-1.72%)
INFO,INTRADAY_DAILY_CLOSE,stocks_intraday,NSE_EQ|INE647A01010,60m,13,13/267 full days: last intraday close vs daily close > 0.5%; worst 2026-07-22 intraday 2818.00 vs daily 2867.20 (-1.72%)
INFO,INTRADAY_DAILY_CLOSE,stocks_intraday,NSE_EQ|INE663F01032,5m,15,15/267 full days: last intraday close vs daily close > 0.5%; worst 2026-03-02 intraday 1009.80 vs daily 998.50 (+1.13%)
INFO,INTRADAY_DAILY_CLOSE,stocks_intraday,NSE_EQ|INE663F01032,15m,15,15/267 full days: last intraday close vs daily close > 0.5%; worst 2026-03-02 intraday 1009.80 vs daily 998.50 (+1.13%)
INFO,INTRADAY_DAILY_CLOSE,stocks_intraday,NSE_EQ|INE663F01032,60m,15,15/267 full days: last intraday close vs daily close > 0.5%; worst 2026-03-02 intraday 1009.80 vs daily 998.50 (+1.13%)
INFO,INTRADAY_DAILY_CLOSE,stocks_intraday,NSE_EQ|INE669E01016,5m,33,33/267 full days: last intraday close vs daily close > 0.5%; worst 2026-03-13 intraday 9.40 vs daily 9.27 (+1.40%)
INFO,INTRADAY_DAILY_CLOSE,stocks_intraday,NSE_EQ|INE669E01016,15m,33,33/267 full days: last intraday close vs daily close > 0.5%; worst 2026-03-13 intraday 9.40 vs daily 9.27 (+1.40%)
INFO,INTRADAY_DAILY_CLOSE,stocks_intraday,NSE_EQ|INE669E01016,60m,33,33/267 full days: last intraday close vs daily close > 0.5%; worst 2026-03-13 intraday 9.40 vs daily 9.27 (+1.40%)
INFO,INTRADAY_DAILY_CLOSE,stocks_intraday,NSE_EQ|INE670A01012,5m,6,6/267 full days: last intraday close vs daily close > 0.5%; worst 2025-11-24 intraday 5162.00 vs daily 5231.00 (-1.32%)
INFO,INTRADAY_DAILY_CLOSE,stocks_intraday,NSE_EQ|INE670A01012,15m,6,6/267 full days: last intraday close vs daily close > 0.5%; worst 2025-11-24 intraday 5162.00 vs daily 5231.00 (-1.32%)
INFO,INTRADAY_DAILY_CLOSE,stocks_intraday,NSE_EQ|INE670A01012,60m,6,6/267 full days: last intraday close vs daily close > 0.5%; worst 2025-11-24 intraday 5162.00 vs daily 5231.00 (-1.32%)
INFO,INTRADAY_DAILY_CLOSE,stocks_intraday,NSE_EQ|INE670K01029,5m,15,15/267 full days: last intraday close vs daily close > 0.5%; worst 2026-07-29 intraday 1303.00 vs daily 1316.35 (-1.01%)
INFO,INTRADAY_DAILY_CLOSE,stocks_intraday,NSE_EQ|INE670K01029,15m,15,15/267 full days: last intraday close vs daily close > 0.5%; worst 2026-07-29 intraday 1303.00 vs daily 1316.35 (-1.01%)
INFO,INTRADAY_DAILY_CLOSE,stocks_intraday,NSE_EQ|INE670K01029,60m,15,15/267 full days: last intraday close vs daily close > 0.5%; worst 2026-07-29 intraday 1303.00 vs daily 1316.35 (-1.01%)
INFO,INTRADAY_DAILY_CLOSE,stocks_intraday,NSE_EQ|INE674K01013,5m,19,19/267 full days: last intraday close vs daily close > 0.5%; worst 2026-05-04 intraday 351.00 vs daily 345.85 (+1.49%)
INFO,INTRADAY_DAILY_CLOSE,stocks_intraday,NSE_EQ|INE674K01013,15m,19,19/267 full days: last intraday close vs daily close > 0.5%; worst 2026-05-04 intraday 351.00 vs daily 345.85 (+1.49%)
INFO,INTRADAY_DAILY_CLOSE,stocks_intraday,NSE_EQ|INE674K01013,60m,19,19/267 full days: last intraday close vs daily close > 0.5%; worst 2026-05-04 intraday 351.00 vs daily 345.85 (+1.49%)
INFO,INTRADAY_DAILY_CLOSE,stocks_intraday,NSE_EQ|INE685A01028,5m,16,16/267 full days: last intraday close vs daily close > 0.5%; worst 2026-07-16 intraday 4930.00 vs daily 4987.60 (-1.15%)
INFO,INTRADAY_DAILY_CLOSE,stocks_intraday,NSE_EQ|INE685A01028,15m,16,16/267 full days: last intraday close vs daily close > 0.5%; worst 2026-07-16 intraday 4930.00 vs daily 4987.60 (-1.15%)
INFO,INTRADAY_DAILY_CLOSE,stocks_intraday,NSE_EQ|INE685A01028,60m,16,16/267 full days: last intraday close vs daily close > 0.5%; worst 2026-07-16 intraday 4930.00 vs daily 4987.60 (-1.15%)
INFO,INTRADAY_DAILY_CLOSE,stocks_intraday,NSE_EQ|INE692A01016,5m,3,3/267 full days: last intraday close vs daily close > 0.5%; worst 2026-03-27 intraday 177.13 vs daily 175.48 (+0.94%)
INFO,INTRADAY_DAILY_CLOSE,stocks_intraday,NSE_EQ|INE692A01016,15m,3,3/267 full days: last intraday close vs daily close > 0.5%; worst 2026-03-27 intraday 177.13 vs daily 175.48 (+0.94%)
INFO,INTRADAY_DAILY_CLOSE,stocks_intraday,NSE_EQ|INE692A01016,60m,3,3/267 full days: last intraday close vs daily close > 0.5%; worst 2026-03-27 intraday 177.13 vs daily 175.48 (+0.94%)
INFO,INTRADAY_DAILY_CLOSE,stocks_intraday,NSE_EQ|INE702C01027,5m,11,11/267 full days: last intraday close vs daily close > 0.5%; worst 2026-04-28 intraday 1994.00 vs daily 1976.00 (+0.91%)
INFO,INTRADAY_DAILY_CLOSE,stocks_intraday,NSE_EQ|INE702C01027,15m,11,11/267 full days: last intraday close vs daily close > 0.5%; worst 2026-04-28 intraday 1994.00 vs daily 1976.00 (+0.91%)
INFO,INTRADAY_DAILY_CLOSE,stocks_intraday,NSE_EQ|INE702C01027,60m,11,11/267 full days: last intraday close vs daily close > 0.5%; worst 2026-04-28 intraday 1994.00 vs daily 1976.00 (+0.91%)
INFO,INTRADAY_DAILY_CLOSE,stocks_intraday,NSE_EQ|INE704P01025,5m,12,12/267 full days: last intraday close vs daily close > 0.5%; worst 2026-01-27 intraday 1541.00 vs daily 1523.10 (+1.18%)
INFO,INTRADAY_DAILY_CLOSE,stocks_intraday,NSE_EQ|INE704P01025,15m,12,12/267 full days: last intraday close vs daily close > 0.5%; worst 2026-01-27 intraday 1541.00 vs daily 1523.10 (+1.18%)
INFO,INTRADAY_DAILY_CLOSE,stocks_intraday,NSE_EQ|INE704P01025,60m,12,12/267 full days: last intraday close vs daily close > 0.5%; worst 2026-01-27 intraday 1541.00 vs daily 1523.10 (+1.18%)
INFO,INTRADAY_DAILY_CLOSE,stocks_intraday,NSE_EQ|INE721A01047,5m,8,8/267 full days: last intraday close vs daily close > 0.5%; worst 2026-07-17 intraday 1024.90 vs daily 1034.90 (-0.97%)
INFO,INTRADAY_DAILY_CLOSE,stocks_intraday,NSE_EQ|INE721A01047,15m,8,8/267 full days: last intraday close vs daily close > 0.5%; worst 2026-07-17 intraday 1024.90 vs daily 1034.90 (-0.97%)
INFO,INTRADAY_DAILY_CLOSE,stocks_intraday,NSE_EQ|INE721A01047,60m,8,8/267 full days: last intraday close vs daily close > 0.5%; worst 2026-07-17 intraday 1024.90 vs daily 1034.90 (-0.97%)
INFO,INTRADAY_DAILY_CLOSE,stocks_intraday,NSE_EQ|INE726G01019,5m,15,15/267 full days: last intraday close vs daily close > 0.5%; worst 2025-09-29 intraday 596.95 vs daily 589.15 (+1.32%)
INFO,INTRADAY_DAILY_CLOSE,stocks_intraday,NSE_EQ|INE726G01019,15m,15,15/267 full days: last intraday close vs daily close > 0.5%; worst 2025-09-29 intraday 596.95 vs daily 589.15 (+1.32%)
INFO,INTRADAY_DAILY_CLOSE,stocks_intraday,NSE_EQ|INE726G01019,60m,15,15/267 full days: last intraday close vs daily close > 0.5%; worst 2025-09-29 intraday 596.95 vs daily 589.15 (+1.32%)
INFO,INTRADAY_DAILY_CLOSE,stocks_intraday,NSE_EQ|INE732I01021,5m,18,18/267 full days: last intraday close vs daily close > 0.5%; worst 2025-12-30 intraday 236.90 vs daily 234.70 (+0.94%)
INFO,INTRADAY_DAILY_CLOSE,stocks_intraday,NSE_EQ|INE732I01021,15m,18,18/267 full days: last intraday close vs daily close > 0.5%; worst 2025-12-30 intraday 236.90 vs daily 234.70 (+0.94%)
INFO,INTRADAY_DAILY_CLOSE,stocks_intraday,NSE_EQ|INE732I01021,60m,18,18/267 full days: last intraday close vs daily close > 0.5%; worst 2025-12-30 intraday 236.90 vs daily 234.70 (+0.94%)
INFO,INTRADAY_DAILY_CLOSE,stocks_intraday,NSE_EQ|INE733E01010,5m,6,6/267 full days: last intraday close vs daily close > 0.5%; worst 2026-05-18 intraday 384.90 vs daily 388.30 (-0.88%)
INFO,INTRADAY_DAILY_CLOSE,stocks_intraday,NSE_EQ|INE733E01010,15m,6,6/267 full days: last intraday close vs daily close > 0.5%; worst 2026-05-18 intraday 384.90 vs daily 388.30 (-0.88%)
INFO,INTRADAY_DAILY_CLOSE,stocks_intraday,NSE_EQ|INE733E01010,60m,6,6/267 full days: last intraday close vs daily close > 0.5%; worst 2026-05-18 intraday 384.90 vs daily 388.30 (-0.88%)
INFO,INTRADAY_DAILY_CLOSE,stocks_intraday,NSE_EQ|INE736A01011,5m,1,1/267 full days: last intraday close vs daily close > 0.5%; worst 2026-01-27 intraday 1332.00 vs daily 1322.10 (+0.75%)
INFO,INTRADAY_DAILY_CLOSE,stocks_intraday,NSE_EQ|INE736A01011,15m,1,1/267 full days: last intraday close vs daily close > 0.5%; worst 2026-01-27 intraday 1332.00 vs daily 1322.10 (+0.75%)
INFO,INTRADAY_DAILY_CLOSE,stocks_intraday,NSE_EQ|INE736A01011,60m,1,1/267 full days: last intraday close vs daily close > 0.5%; worst 2026-01-27 intraday 1332.00 vs daily 1322.10 (+0.75%)
INFO,INTRADAY_DAILY_CLOSE,stocks_intraday,NSE_EQ|INE742F01042,5m,7,7/267 full days: last intraday close vs daily close > 0.5%; worst 2026-04-30 intraday 1675.50 vs daily 1657.30 (+1.10%)
INFO,INTRADAY_DAILY_CLOSE,stocks_intraday,NSE_EQ|INE742F01042,15m,7,7/267 full days: last intraday close vs daily close > 0.5%; worst 2026-04-30 intraday 1675.50 vs daily 1657.30 (+1.10%)
INFO,INTRADAY_DAILY_CLOSE,stocks_intraday,NSE_EQ|INE742F01042,60m,7,7/267 full days: last intraday close vs daily close > 0.5%; worst 2026-04-30 intraday 1675.50 vs daily 1657.30 (+1.10%)
INFO,INTRADAY_DAILY_CLOSE,stocks_intraday,NSE_EQ|INE745G01043,5m,14,14/267 full days: last intraday close vs daily close > 0.5%; worst 2026-02-02 intraday 2344.00 vs daily 2321.80 (+0.96%)
INFO,INTRADAY_DAILY_CLOSE,stocks_intraday,NSE_EQ|INE745G01043,15m,14,14/267 full days: last intraday close vs daily close > 0.5%; worst 2026-02-02 intraday 2344.00 vs daily 2321.80 (+0.96%)
INFO,INTRADAY_DAILY_CLOSE,stocks_intraday,NSE_EQ|INE745G01043,60m,14,14/267 full days: last intraday close vs daily close > 0.5%; worst 2026-02-02 intraday 2344.00 vs daily 2321.80 (+0.96%)
INFO,INTRADAY_DAILY_CLOSE,stocks_intraday,NSE_EQ|INE749A01030,5m,11,11/267 full days: last intraday close vs daily close > 0.5%; worst 2026-05-29 intraday 1227.00 vs daily 1207.20 (+1.64%)
INFO,INTRADAY_DAILY_CLOSE,stocks_intraday,NSE_EQ|INE749A01030,15m,11,11/267 full days: last intraday close vs daily close > 0.5%; worst 2026-05-29 intraday 1227.00 vs daily 1207.20 (+1.64%)
INFO,INTRADAY_DAILY_CLOSE,stocks_intraday,NSE_EQ|INE749A01030,60m,11,11/267 full days: last intraday close vs daily close > 0.5%; worst 2026-05-29 intraday 1227.00 vs daily 1207.20 (+1.64%)
INFO,INTRADAY_DAILY_CLOSE,stocks_intraday,NSE_EQ|INE752E01010,5m,3,3/267 full days: last intraday close vs daily close > 0.5%; worst 2026-05-29 intraday 287.80 vs daily 290.55 (-0.95%)
INFO,INTRADAY_DAILY_CLOSE,stocks_intraday,NSE_EQ|INE752E01010,15m,3,3/267 full days: last intraday close vs daily close > 0.5%; worst 2026-05-29 intraday 287.80 vs daily 290.55 (-0.95%)
INFO,INTRADAY_DAILY_CLOSE,stocks_intraday,NSE_EQ|INE752E01010,60m,3,3/267 full days: last intraday close vs daily close > 0.5%; worst 2026-05-29 intraday 287.80 vs daily 290.55 (-0.95%)
INFO,INTRADAY_DAILY_CLOSE,stocks_intraday,NSE_EQ|INE758E01017,5m,1,1/267 full days: last intraday close vs daily close > 0.5%; worst 2026-06-04 intraday 237.00 vs daily 235.74 (+0.53%)
INFO,INTRADAY_DAILY_CLOSE,stocks_intraday,NSE_EQ|INE758E01017,15m,1,1/267 full days: last intraday close vs daily close > 0.5%; worst 2026-06-04 intraday 237.00 vs daily 235.74 (+0.53%)
INFO,INTRADAY_DAILY_CLOSE,stocks_intraday,NSE_EQ|INE758E01017,60m,1,1/267 full days: last intraday close vs daily close > 0.5%; worst 2026-06-04 intraday 237.00 vs daily 235.74 (+0.53%)
INFO,INTRADAY_DAILY_CLOSE,stocks_intraday,NSE_EQ|INE761H01022,5m,22,22/267 full days: last intraday close vs daily close > 0.5%; worst 2026-03-30 intraday 32185.00 vs daily 31775.00 (+1.29%)
INFO,INTRADAY_DAILY_CLOSE,stocks_intraday,NSE_EQ|INE761H01022,15m,22,22/267 full days: last intraday close vs daily close > 0.5%; worst 2026-03-30 intraday 32185.00 vs daily 31775.00 (+1.29%)
INFO,INTRADAY_DAILY_CLOSE,stocks_intraday,NSE_EQ|INE761H01022,60m,22,22/267 full days: last intraday close vs daily close > 0.5%; worst 2026-03-30 intraday 32185.00 vs daily 31775.00 (+1.29%)
INFO,INTRADAY_DAILY_CLOSE,stocks_intraday,NSE_EQ|INE765G01017,5m,14,14/267 full days: last intraday close vs daily close > 0.5%; worst 2025-09-16 intraday 1890.40 vs daily 1912.50 (-1.16%)
INFO,INTRADAY_DAILY_CLOSE,stocks_intraday,NSE_EQ|INE765G01017,15m,14,14/267 full days: last intraday close vs daily close > 0.5%; worst 2025-09-16 intraday 1890.40 vs daily 1912.50 (-1.16%)
INFO,INTRADAY_DAILY_CLOSE,stocks_intraday,NSE_EQ|INE765G01017,60m,14,14/267 full days: last intraday close vs daily close > 0.5%; worst 2025-09-16 intraday 1890.40 vs daily 1912.50 (-1.16%)
INFO,INTRADAY_DAILY_CLOSE,stocks_intraday,NSE_EQ|INE776C01039,5m,11,11/267 full days: last intraday close vs daily close > 0.5%; worst 2025-09-11 intraday 88.08 vs daily 87.25 (+0.95%)
INFO,INTRADAY_DAILY_CLOSE,stocks_intraday,NSE_EQ|INE776C01039,15m,11,11/267 full days: last intraday close vs daily close > 0.5%; worst 2025-09-11 intraday 88.08 vs daily 87.25 (+0.95%)
INFO,INTRADAY_DAILY_CLOSE,stocks_intraday,NSE_EQ|INE776C01039,60m,11,11/267 full days: last intraday close vs daily close > 0.5%; worst 2025-09-11 intraday 88.08 vs daily 87.25 (+0.95%)
INFO,INTRADAY_DAILY_CLOSE,stocks_intraday,NSE_EQ|INE795G01014,5m,3,3/267 full days: last intraday close vs daily close > 0.5%; worst 2026-02-24 intraday 740.00 vs daily 734.75 (+0.71%)
INFO,INTRADAY_DAILY_CLOSE,stocks_intraday,NSE_EQ|INE795G01014,15m,3,3/267 full days: last intraday close vs daily close > 0.5%; worst 2026-02-24 intraday 740.00 vs daily 734.75 (+0.71%)
INFO,INTRADAY_DAILY_CLOSE,stocks_intraday,NSE_EQ|INE795G01014,60m,3,3/267 full days: last intraday close vs daily close > 0.5%; worst 2026-02-24 intraday 740.00 vs daily 734.75 (+0.71%)
INFO,INTRADAY_DAILY_CLOSE,stocks_intraday,NSE_EQ|INE797F01020,5m,12,12/267 full days: last intraday close vs daily close > 0.5%; worst 2026-04-02 intraday 441.95 vs daily 446.55 (-1.03%)
INFO,INTRADAY_DAILY_CLOSE,stocks_intraday,NSE_EQ|INE797F01020,15m,12,12/267 full days: last intraday close vs daily close > 0.5%; worst 2026-04-02 intraday 441.95 vs daily 446.55 (-1.03%)
INFO,INTRADAY_DAILY_CLOSE,stocks_intraday,NSE_EQ|INE797F01020,60m,12,12/267 full days: last intraday close vs daily close > 0.5%; worst 2026-04-02 intraday 441.95 vs daily 446.55 (-1.03%)
INFO,INTRADAY_DAILY_CLOSE,stocks_intraday,NSE_EQ|INE811K01011,5m,22,22/267 full days: last intraday close vs daily close > 0.5%; worst 2025-11-26 intraday 1683.70 vs daily 1667.80 (+0.95%)
INFO,INTRADAY_DAILY_CLOSE,stocks_intraday,NSE_EQ|INE811K01011,15m,22,22/267 full days: last intraday close vs daily close > 0.5%; worst 2025-11-26 intraday 1683.70 vs daily 1667.80 (+0.95%)
INFO,INTRADAY_DAILY_CLOSE,stocks_intraday,NSE_EQ|INE811K01011,60m,22,22/267 full days: last intraday close vs daily close > 0.5%; worst 2025-11-26 intraday 1683.70 vs daily 1667.80 (+0.95%)
INFO,INTRADAY_DAILY_CLOSE,stocks_intraday,NSE_EQ|INE814H01029,5m,25,25/267 full days: last intraday close vs daily close > 0.5%; worst 2025-09-25 intraday 150.80 vs daily 149.00 (+1.21%)
INFO,INTRADAY_DAILY_CLOSE,stocks_intraday,NSE_EQ|INE814H01029,15m,25,25/267 full days: last intraday close vs daily close > 0.5%; worst 2025-09-25 intraday 150.80 vs daily 149.00 (+1.21%)
INFO,INTRADAY_DAILY_CLOSE,stocks_intraday,NSE_EQ|INE814H01029,60m,25,25/267 full days: last intraday close vs daily close > 0.5%; worst 2025-09-25 intraday 150.80 vs daily 149.00 (+1.21%)
INFO,INTRADAY_DAILY_CLOSE,stocks_intraday,NSE_EQ|INE848E01016,5m,4,4/267 full days: last intraday close vs daily close > 0.5%; worst 2026-04-17 intraday 84.26 vs daily 83.56 (+0.84%)
INFO,INTRADAY_DAILY_CLOSE,stocks_intraday,NSE_EQ|INE848E01016,15m,4,4/267 full days: last intraday close vs daily close > 0.5%; worst 2026-04-17 intraday 84.26 vs daily 83.56 (+0.84%)
INFO,INTRADAY_DAILY_CLOSE,stocks_intraday,NSE_EQ|INE848E01016,60m,4,4/267 full days: last intraday close vs daily close > 0.5%; worst 2026-04-17 intraday 84.26 vs daily 83.56 (+0.84%)
INFO,INTRADAY_DAILY_CLOSE,stocks_intraday,NSE_EQ|INE849A01020,5m,4,4/267 full days: last intraday close vs daily close > 0.5%; worst 2025-10-06 intraday 3136.80 vs daily 3185.00 (-1.51%)
INFO,INTRADAY_DAILY_CLOSE,stocks_intraday,NSE_EQ|INE849A01020,15m,4,4/267 full days: last intraday close vs daily close > 0.5%; worst 2025-10-06 intraday 3136.80 vs daily 3185.00 (-1.51%)
INFO,INTRADAY_DAILY_CLOSE,stocks_intraday,NSE_EQ|INE849A01020,60m,4,4/267 full days: last intraday close vs daily close > 0.5%; worst 2025-10-06 intraday 3136.80 vs daily 3185.00 (-1.51%)
INFO,INTRADAY_DAILY_CLOSE,stocks_intraday,NSE_EQ|INE854D01024,5m,7,7/267 full days: last intraday close vs daily close > 0.5%; worst 2026-07-08 intraday 1422.20 vs daily 1408.80 (+0.95%)
INFO,INTRADAY_DAILY_CLOSE,stocks_intraday,NSE_EQ|INE854D01024,15m,7,7/267 full days: last intraday close vs daily close > 0.5%; worst 2026-07-08 intraday 1422.20 vs daily 1408.80 (+0.95%)
INFO,INTRADAY_DAILY_CLOSE,stocks_intraday,NSE_EQ|INE854D01024,60m,7,7/267 full days: last intraday close vs daily close > 0.5%; worst 2026-07-08 intraday 1422.20 vs daily 1408.80 (+0.95%)
INFO,INTRADAY_DAILY_CLOSE,stocks_intraday,NSE_EQ|INE860A01027,5m,2,2/267 full days: last intraday close vs daily close > 0.5%; worst 2026-04-02 intraday 1395.00 vs daily 1402.20 (-0.51%)
INFO,INTRADAY_DAILY_CLOSE,stocks_intraday,NSE_EQ|INE860A01027,15m,2,2/267 full days: last intraday close vs daily close > 0.5%; worst 2026-04-02 intraday 1395.00 vs daily 1402.20 (-0.51%)
INFO,INTRADAY_DAILY_CLOSE,stocks_intraday,NSE_EQ|INE860A01027,60m,2,2/267 full days: last intraday close vs daily close > 0.5%; worst 2026-04-02 intraday 1395.00 vs daily 1402.20 (-0.51%)
INFO,INTRADAY_DAILY_CLOSE,stocks_intraday,NSE_EQ|INE878B01027,5m,15,15/267 full days: last intraday close vs daily close > 0.5%; worst 2026-02-24 intraday 4820.00 vs daily 4781.00 (+0.82%)
INFO,INTRADAY_DAILY_CLOSE,stocks_intraday,NSE_EQ|INE878B01027,15m,15,15/267 full days: last intraday close vs daily close > 0.5%; worst 2026-02-24 intraday 4820.00 vs daily 4781.00 (+0.82%)
INFO,INTRADAY_DAILY_CLOSE,stocks_intraday,NSE_EQ|INE878B01027,60m,15,15/267 full days: last intraday close vs daily close > 0.5%; worst 2026-02-24 intraday 4820.00 vs daily 4781.00 (+0.82%)
INFO,INTRADAY_DAILY_CLOSE,stocks_intraday,NSE_EQ|INE881D01027,5m,7,7/267 full days: last intraday close vs daily close > 0.5%; worst 2026-07-22 intraday 10777.00 vs daily 10851.00 (-0.68%)
INFO,INTRADAY_DAILY_CLOSE,stocks_intraday,NSE_EQ|INE881D01027,15m,7,7/267 full days: last intraday close vs daily close > 0.5%; worst 2026-07-22 intraday 10777.00 vs daily 10851.00 (-0.68%)
INFO,INTRADAY_DAILY_CLOSE,stocks_intraday,NSE_EQ|INE881D01027,60m,7,7/267 full days: last intraday close vs daily close > 0.5%; worst 2026-07-22 intraday 10777.00 vs daily 10851.00 (-0.68%)
INFO,INTRADAY_DAILY_CLOSE,stocks_intraday,NSE_EQ|INE917I01010,5m,3,3/267 full days: last intraday close vs daily close > 0.5%; worst 2026-06-23 intraday 9950.00 vs daily 10025.00 (-0.75%)
INFO,INTRADAY_DAILY_CLOSE,stocks_intraday,NSE_EQ|INE917I01010,15m,3,3/267 full days: last intraday close vs daily close > 0.5%; worst 2026-06-23 intraday 9950.00 vs daily 10025.00 (-0.75%)
INFO,INTRADAY_DAILY_CLOSE,stocks_intraday,NSE_EQ|INE917I01010,60m,3,3/267 full days: last intraday close vs daily close > 0.5%; worst 2026-06-23 intraday 9950.00 vs daily 10025.00 (-0.75%)
INFO,INTRADAY_DAILY_CLOSE,stocks_intraday,NSE_EQ|INE918I01026,5m,13,13/267 full days: last intraday close vs daily close > 0.5%; worst 2026-05-29 intraday 1797.80 vs daily 1783.60 (+0.80%)
INFO,INTRADAY_DAILY_CLOSE,stocks_intraday,NSE_EQ|INE918I01026,15m,13,13/267 full days: last intraday close vs daily close > 0.5%; worst 2026-05-29 intraday 1797.80 vs daily 1783.60 (+0.80%)
INFO,INTRADAY_DAILY_CLOSE,stocks_intraday,NSE_EQ|INE918I01026,60m,13,13/267 full days: last intraday close vs daily close > 0.5%; worst 2026-05-29 intraday 1797.80 vs daily 1783.60 (+0.80%)
INFO,INTRADAY_DAILY_CLOSE,stocks_intraday,NSE_EQ|INE918Z01012,5m,17,17/267 full days: last intraday close vs daily close > 0.5%; worst 2025-12-08 intraday 3851.50 vs daily 3807.00 (+1.17%)
INFO,INTRADAY_DAILY_CLOSE,stocks_intraday,NSE_EQ|INE918Z01012,15m,17,17/267 full days: last intraday close vs daily close > 0.5%; worst 2025-12-08 intraday 3851.50 vs daily 3807.00 (+1.17%)
INFO,INTRADAY_DAILY_CLOSE,stocks_intraday,NSE_EQ|INE918Z01012,60m,17,17/267 full days: last intraday close vs daily close > 0.5%; worst 2025-12-08 intraday 3851.50 vs daily 3807.00 (+1.17%)
INFO,INTRADAY_DAILY_CLOSE,stocks_intraday,NSE_EQ|INE931S01010,5m,21,21/267 full days: last intraday close vs daily close > 0.5%; worst 2026-05-26 intraday 1489.00 vs daily 1463.30 (+1.76%)
INFO,INTRADAY_DAILY_CLOSE,stocks_intraday,NSE_EQ|INE931S01010,15m,21,21/267 full days: last intraday close vs daily close > 0.5%; worst 2026-05-26 intraday 1489.00 vs daily 1463.30 (+1.76%)
INFO,INTRADAY_DAILY_CLOSE,stocks_intraday,NSE_EQ|INE931S01010,60m,21,21/267 full days: last intraday close vs daily close > 0.5%; worst 2026-05-26 intraday 1489.00 vs daily 1463.30 (+1.76%)
INFO,INTRADAY_DAILY_CLOSE,stocks_intraday,NSE_EQ|INE935A01035,5m,19,19/267 full days: last intraday close vs daily close > 0.5%; worst 2026-07-24 intraday 2214.50 vs daily 2192.00 (+1.03%)
INFO,INTRADAY_DAILY_CLOSE,stocks_intraday,NSE_EQ|INE935A01035,15m,19,19/267 full days: last intraday close vs daily close > 0.5%; worst 2026-07-24 intraday 2214.50 vs daily 2192.00 (+1.03%)
INFO,INTRADAY_DAILY_CLOSE,stocks_intraday,NSE_EQ|INE935A01035,60m,19,19/267 full days: last intraday close vs daily close > 0.5%; worst 2026-07-24 intraday 2214.50 vs daily 2192.00 (+1.03%)
INFO,INTRADAY_DAILY_CLOSE,stocks_intraday,NSE_EQ|INE944F01028,5m,21,21/267 full days: last intraday close vs daily close > 0.5%; worst 2026-07-28 intraday 4344.90 vs daily 4289.70 (+1.29%)
INFO,INTRADAY_DAILY_CLOSE,stocks_intraday,NSE_EQ|INE944F01028,15m,21,21/267 full days: last intraday close vs daily close > 0.5%; worst 2026-07-28 intraday 4344.90 vs daily 4289.70 (+1.29%)
INFO,INTRADAY_DAILY_CLOSE,stocks_intraday,NSE_EQ|INE944F01028,60m,21,21/267 full days: last intraday close vs daily close > 0.5%; worst 2026-07-28 intraday 4344.90 vs daily 4289.70 (+1.29%)
INFO,INTRADAY_DAILY_CLOSE,stocks_intraday,NSE_EQ|INE947Q01028,5m,11,11/267 full days: last intraday close vs daily close > 0.5%; worst 2026-01-23 intraday 1030.00 vs daily 1016.40 (+1.34%)
INFO,INTRADAY_DAILY_CLOSE,stocks_intraday,NSE_EQ|INE947Q01028,15m,11,11/267 full days: last intraday close vs daily close > 0.5%; worst 2026-01-23 intraday 1030.00 vs daily 1016.40 (+1.34%)
INFO,INTRADAY_DAILY_CLOSE,stocks_intraday,NSE_EQ|INE947Q01028,60m,11,11/267 full days: last intraday close vs daily close > 0.5%; worst 2026-01-23 intraday 1030.00 vs daily 1016.40 (+1.34%)
INFO,INTRADAY_DAILY_CLOSE,stocks_intraday,NSE_EQ|INE949L01017,5m,10,10/267 full days: last intraday close vs daily close > 0.5%; worst 2026-03-23 intraday 860.00 vs daily 849.55 (+1.23%)
INFO,INTRADAY_DAILY_CLOSE,stocks_intraday,NSE_EQ|INE949L01017,15m,10,10/267 full days: last intraday close vs daily close > 0.5%; worst 2026-03-23 intraday 860.00 vs daily 849.55 (+1.23%)
INFO,INTRADAY_DAILY_CLOSE,stocks_intraday,NSE_EQ|INE949L01017,60m,10,10/267 full days: last intraday close vs daily close > 0.5%; worst 2026-03-23 intraday 860.00 vs daily 849.55 (+1.23%)
INFO,INTRADAY_DAILY_CLOSE,stocks_intraday,NSE_EQ|INE974X01010,5m,29,29/267 full days: last intraday close vs daily close > 0.5%; worst 2026-03-23 intraday 2505.00 vs daily 2471.00 (+1.38%)
INFO,INTRADAY_DAILY_CLOSE,stocks_intraday,NSE_EQ|INE974X01010,15m,29,29/267 full days: last intraday close vs daily close > 0.5%; worst 2026-03-23 intraday 2505.00 vs daily 2471.00 (+1.38%)
INFO,INTRADAY_DAILY_CLOSE,stocks_intraday,NSE_EQ|INE974X01010,60m,29,29/267 full days: last intraday close vs daily close > 0.5%; worst 2026-03-23 intraday 2505.00 vs daily 2471.00 (+1.38%)
INFO,INTRADAY_DAILY_CLOSE,stocks_intraday,NSE_EQ|INE976G01028,5m,13,13/267 full days: last intraday close vs daily close > 0.5%; worst 2026-05-07 intraday 349.45 vs daily 345.75 (+1.07%)
INFO,INTRADAY_DAILY_CLOSE,stocks_intraday,NSE_EQ|INE976G01028,15m,13,13/267 full days: last intraday close vs daily close > 0.5%; worst 2026-05-07 intraday 349.45 vs daily 345.75 (+1.07%)
INFO,INTRADAY_DAILY_CLOSE,stocks_intraday,NSE_EQ|INE976G01028,60m,13,13/267 full days: last intraday close vs daily close > 0.5%; worst 2026-05-07 intraday 349.45 vs daily 345.75 (+1.07%)
INFO,INTRADAY_DAILY_CLOSE,stocks_intraday,NSE_EQ|INE982J01020,5m,15,15/267 full days: last intraday close vs daily close > 0.5%; worst 2026-07-15 intraday 1388.70 vs daily 1368.00 (+1.51%)
INFO,INTRADAY_DAILY_CLOSE,stocks_intraday,NSE_EQ|INE982J01020,15m,15,15/267 full days: last intraday close vs daily close > 0.5%; worst 2026-07-15 intraday 1388.70 vs daily 1368.00 (+1.51%)
INFO,INTRADAY_DAILY_CLOSE,stocks_intraday,NSE_EQ|INE982J01020,60m,15,15/267 full days: last intraday close vs daily close > 0.5%; worst 2026-07-15 intraday 1388.70 vs daily 1368.00 (+1.51%)
INFO,INTRADAY_DAILY_CLOSE,index_intraday,NSE_INDEX|Nifty 50,5m,1,1/1087 full days: last intraday close vs daily close > 0.5%; worst 2024-06-04 intraday 21996.45 vs daily 21884.50 (+0.51%)
INFO,INTRADAY_DAILY_CLOSE,index_intraday,NSE_INDEX|Nifty 50,15m,1,1/1087 full days: last intraday close vs daily close > 0.5%; worst 2024-06-04 intraday 21996.45 vs daily 21884.50 (+0.51%)
INFO,INTRADAY_DAILY_CLOSE,index_intraday,NSE_INDEX|Nifty 50,60m,1,1/1087 full days: last intraday close vs daily close > 0.5%; worst 2024-06-04 intraday 21996.45 vs daily 21884.50 (+0.51%)
INFO,SPECIAL_SESSION_DAYS,index_intraday,NSE_INDEX|Nifty 50,5m,3,"3 special-session days: 2024-03-02=21, 2024-05-18=21, 2025-10-21=12"
INFO,SPECIAL_SESSION_DAYS,index_intraday,NSE_INDEX|Nifty 50,15m,3,"3 special-session days: 2024-03-02=7, 2024-05-18=7, 2025-10-21=4"
INFO,SPECIAL_SESSION_DAYS,index_intraday,NSE_INDEX|Nifty 50,60m,2,"2 special-session days: 2024-03-02=3, 2024-05-18=3"
INFO,ZERO_VOLUME_RUN_OLD,universe_daily,NSE_EQ|INE259A01022,1d,12,12 consecutive zero-volume bars ending 2007-12-14
INFO,ZERO_VOLUME_RUN_OLD,universe_daily,NSE_EQ|INE944F01028,1d,91,91 consecutive zero-volume bars ending 2003-06-23
