severity,check,set,instrument_key,timeframe,count,detail
ERROR,GAP_DAILY,universe_daily,NSE_EQ|IN9175A01010,1d,11,"11 missing trading days (longest run 1): 2012-01-07, 2012-03-03, 2012-04-28, 2012-09-08, 2013-05-11 (+6 more)"
ERROR,GAP_DAILY,universe_daily,NSE_EQ|INE001B01026,1d,46,"46 missing trading days (longest run 22): 2003-03-22, 2003-10-25, 2003-11-15, 2004-04-17, 2004-05-24 (+41 more)"
ERROR,GAP_DAILY,universe_daily,NSE_EQ|INE002L01015,1d,12,"12 missing trading days (longest run 1): 2011-10-26, 2012-01-07, 2012-03-03, 2012-04-28, 2012-09-08 (+7 more)"
ERROR,GAP_DAILY,universe_daily,NSE_EQ|INE003A01024,1d,46,"46 missing trading days (longest run 22): 2003-03-22, 2003-10-25, 2003-11-15, 2004-04-17, 2004-05-24 (+41 more)"
ERROR,GAP_DAILY,universe_daily,NSE_EQ|INE005I01014,1d,14,"14 missing trading days (longest run 1): 2009-10-17, 2010-02-06, 2011-10-26, 2012-01-07, 2012-03-03 (+9 more)"
ERROR,GAP_DAILY,universe_daily,NSE_EQ|INE006I01046,1d,14,"14 missing trading days (longest run 1): 2009-10-17, 2010-02-06, 2011-10-26, 2012-01-07, 2012-03-03 (+9 more)"
ERROR,GAP_DAILY,universe_daily,NSE_EQ|INE006Z01016,1d,697,"697 missing trading days (longest run 106): 2018-03-09, 2018-03-12, 2018-03-15, 2018-03-16, 2018-04-02 (+692 more)"
ERROR,GAP_DAILY,universe_daily,NSE_EQ|INE007A01025,1d,46,"46 missing trading days (longest run 22): 2003-03-22, 2003-10-25, 2003-11-15, 2004-04-17, 2004-05-24 (+41 more)"
ERROR,GAP_DAILY,universe_daily,NSE_EQ|INE007B01023,1d,18,"18 missing trading days (longest run 1): 2005-11-26, 2006-04-29, 2006-06-25, 2006-10-21, 2009-10-17 (+13 more)"
ERROR,GAP_DAILY,universe_daily,NSE_EQ|INE008A01015,1d,46,"46 missing trading days (longest run 22): 2003-03-22, 2003-10-25, 2003-11-15, 2004-04-17, 2004-05-24 (+41 more)"
ERROR,GAP_DAILY,universe_daily,NSE_EQ|INE009A01021,1d,46,"46 missing trading days (longest run 22): 2003-03-22, 2003-10-25, 2003-11-15, 2004-04-17, 2004-05-24 (+41 more)"
ERROR,GAP_DAILY,universe_daily,NSE_EQ|INE00IK01029,1d,490,"490 missing trading days (longest run 60): 2018-07-26, 2018-08-01, 2018-08-08, 2018-08-20, 2018-08-21 (+485 more)"
ERROR,GAP_DAILY,universe_daily,NSE_EQ|INE00LM01029,1d,929,"929 missing trading days (longest run 279): 2016-01-08, 2016-01-11, 2016-01-12, 2016-01-13, 2016-01-14 (+924 more)"
ERROR,GAP_DAILY,universe_daily,NSE_EQ|INE00PV01013,1d,264,"264 missing trading days (longest run 57): 2018-09-18, 2018-09-21, 2018-09-24, 2018-09-25, 2018-09-26 (+259 more)"
ERROR,GAP_DAILY,universe_daily,NSE_EQ|INE00Y801016,1d,329,"329 missing trading days (longest run 59): 2018-10-11, 2018-10-12, 2018-10-15, 2018-10-22, 2018-10-30 (+324 more)"
ERROR,GAP_DAILY,universe_daily,NSE_EQ|INE010A01011,1d,46,"46 missing trading days (longest run 22): 2003-03-22, 2003-10-25, 2003-11-15, 2004-04-17, 2004-05-24 (+41 more)"
ERROR,GAP_DAILY,universe_daily,NSE_EQ|INE010B01027,1d,46,"46 missing trading days (longest run 22): 2003-03-22, 2003-10-25, 2003-11-15, 2004-04-17, 2004-05-24 (+41 more)"
ERROR,GAP_DAILY,universe_daily,NSE_EQ|INE012A01025,1d,46,"46 missing trading days (longest run 22): 2003-03-22, 2003-10-25, 2003-11-15, 2004-04-17, 2004-05-24 (+41 more)"
ERROR,GAP_DAILY,universe_daily,NSE_EQ|INE014B01011,1d,52,"52 missing trading days (longest run 19): 2023-07-28, 2023-09-20, 2023-10-11, 2023-10-12, 2023-10-19 (+47 more)"
ERROR,GAP_DAILY,universe_daily,NSE_EQ|INE015D01022,1d,14,"14 missing trading days (longest run 1): 2009-10-17, 2010-02-06, 2011-10-26, 2012-01-07, 2012-03-03 (+9 more)"
ERROR,GAP_DAILY,universe_daily,NSE_EQ|INE016A01026,1d,46,"46 missing trading days (longest run 22): 2003-03-22, 2003-10-25, 2003-11-15, 2004-04-17, 2004-05-24 (+41 more)"
ERROR,GAP_DAILY,universe_daily,NSE_EQ|INE016M01021,1d,68,"68 missing trading days (longest run 32): 2018-11-07, 2019-01-08, 2019-01-09, 2019-01-10, 2019-01-11 (+63 more)"
ERROR,GAP_DAILY,universe_daily,NSE_EQ|INE017A01032,1d,46,"46 missing trading days (longest run 22): 2003-03-22, 2003-10-25, 2003-11-15, 2004-04-17, 2004-05-24 (+41 more)"
ERROR,GAP_DAILY,universe_daily,NSE_EQ|INE017W01010,1d,8,"8 missing trading days (longest run 4): 2023-07-11, 2023-07-12, 2023-07-13, 2023-07-14, 2023-07-18 (+3 more)"
ERROR,GAP_DAILY,universe_daily,NSE_EQ|INE018A01030,1d,46,"46 missing trading days (longest run 22): 2003-03-22, 2003-10-25, 2003-11-15, 2004-04-17, 2004-05-24 (+41 more)"
ERROR,GAP_DAILY,universe_daily,NSE_EQ|INE018E01016,1d,1266,"1266 missing trading days (longest run 1266): 2015-01-30, 2015-02-02, 2015-02-03, 2015-02-04, 2015-02-05 (+1261 more)"
ERROR,GAP_DAILY,universe_daily,NSE_EQ|INE019A01038,1d,19,"19 missing trading days (longest run 1): 2005-06-04, 2005-11-26, 2006-04-29, 2006-06-25, 2006-10-21 (+14 more)"
ERROR,GAP_DAILY,universe_daily,NSE_EQ|INE019C01026,1d,14,"14 missing trading days (longest run 1): 2009-10-17, 2010-02-06, 2011-10-26, 2012-01-07, 2012-03-03 (+9 more)"
ERROR,GAP_DAILY,universe_daily,NSE_EQ|INE019J01013,1d,13,"13 missing trading days (longest run 1): 2011-10-26, 2012-01-07, 2012-03-03, 2012-04-28, 2012-09-08 (+8 more)"
ERROR,GAP_DAILY,universe_daily,NSE_EQ|INE01EE01011,1d,1134,"1134 missing trading days (longest run 392): 2016-01-18, 2016-01-19, 2016-01-20, 2016-01-21, 2016-01-22 (+1129 more)"
ERROR,GAP_DAILY,universe_daily,NSE_EQ|INE01GN01025,1d,458,"458 missing trading days (longest run 80): 2018-10-25, 2018-10-29, 2018-10-30, 2018-10-31, 2018-11-01 (+453 more)"
ERROR,GAP_DAILY,universe_daily,NSE_EQ|INE01II01013,1d,531,"531 missing trading days (longest run 82): 2018-10-19, 2018-10-23, 2018-10-24, 2018-10-25, 2018-10-26 (+526 more)"
ERROR,GAP_DAILY,universe_daily,NSE_EQ|INE01JE01028,1d,1027,"1027 missing trading days (longest run 600): 2016-01-04, 2016-01-06, 2016-01-07, 2016-01-08, 2016-01-11 (+1022 more)"
ERROR,GAP_DAILY,universe_daily,NSE_EQ|INE020B01018,1d,14,"14 missing trading days (longest run 1): 2009-10-17, 2010-02-06, 2011-10-26, 2012-01-07, 2012-03-03 (+9 more)"
ERROR,GAP_DAILY,universe_daily,NSE_EQ|INE020J01029,1d,48,"48 missing trading days (longest run 32): 2009-10-17, 2010-02-06, 2011-10-26, 2012-01-07, 2012-03-03 (+43 more)"
ERROR,GAP_DAILY,universe_daily,NSE_EQ|INE021A01026,1d,46,"46 missing trading days (longest run 22): 2003-03-22, 2003-10-25, 2003-11-15, 2004-04-17, 2004-05-24 (+41 more)"
ERROR,GAP_DAILY,universe_daily,NSE_EQ|INE022I01019,1d,14,"14 missing trading days (longest run 1): 2009-10-17, 2010-02-06, 2011-10-26, 2012-01-07, 2012-03-03 (+9 more)"
ERROR,GAP_DAILY,universe_daily,NSE_EQ|INE023A01030,1d,62,"62 missing trading days (longest run 22): 2003-03-22, 2003-10-25, 2003-11-15, 2004-04-17, 2004-05-24 (+57 more)"
ERROR,GAP_DAILY,universe_daily,NSE_EQ|INE023H01027,1d,18,"18 missing trading days (longest run 1): 2005-11-26, 2006-04-29, 2006-06-25, 2006-10-21, 2009-10-17 (+13 more)"
ERROR,GAP_DAILY,universe_daily,NSE_EQ|INE024L01027,1d,12,"12 missing trading days (longest run 1): 2011-10-26, 2012-01-07, 2012-03-03, 2012-04-28, 2012-09-08 (+7 more)"
ERROR,GAP_DAILY,universe_daily,NSE_EQ|INE025B01025,1d,19,"19 missing trading days (longest run 1): 2005-11-26, 2006-04-29, 2006-06-25, 2006-10-21, 2009-10-17 (+14 more)"
ERROR,GAP_DAILY,universe_daily,NSE_EQ|INE026A01025,1d,46,"46 missing trading days (longest run 22): 2003-03-22, 2003-10-25, 2003-11-15, 2004-04-17, 2004-05-24 (+41 more)"
ERROR,GAP_DAILY,universe_daily,NSE_EQ|INE027A01015,1d,46,"46 missing trading days (longest run 22): 2003-03-22, 2003-10-25, 2003-11-15, 2004-04-17, 2004-05-24 (+41 more)"
ERROR,GAP_DAILY,universe_daily,NSE_EQ|INE028A01039,1d,46,"46 missing trading days (longest run 22): 2003-03-22, 2003-10-25, 2003-11-15, 2004-04-17, 2004-05-24 (+41 more)"
ERROR,GAP_DAILY,universe_daily,NSE_EQ|INE029A01011,1d,46,"46 missing trading days (longest run 22): 2003-03-22, 2003-10-25, 2003-11-15, 2004-04-17, 2004-05-24 (+41 more)"
ERROR,GAP_DAILY,universe_daily,NSE_EQ|INE029L01018,1d,14,"14 missing trading days (longest run 1): 2011-10-26, 2012-01-07, 2012-03-03, 2012-04-28, 2012-09-08 (+9 more)"
ERROR,GAP_DAILY,universe_daily,NSE_EQ|INE02A801020,1d,1355,"1355 missing trading days (longest run 1353): 2015-01-22, 2015-01-28, 2015-01-30, 2015-02-02, 2015-02-03 (+1350 more)"
ERROR,GAP_DAILY,universe_daily,NSE_EQ|INE02WG01024,1d,391,"391 missing trading days (longest run 21): 2019-08-29, 2019-09-03, 2019-09-04, 2019-09-06, 2019-09-09 (+386 more)"
ERROR,GAP_DAILY,universe_daily,NSE_EQ|INE02YR01019,1d,1520,"1520 missing trading days (longest run 1520): 2016-08-26, 2016-08-29, 2016-08-30, 2016-08-31, 2016-09-01 (+1515 more)"
ERROR,GAP_DAILY,universe_daily,NSE_EQ|INE030A01027,1d,46,"46 missing trading days (longest run 22): 2003-03-22, 2003-10-25, 2003-11-15, 2004-04-17, 2004-05-24 (+41 more)"
ERROR,GAP_DAILY,universe_daily,NSE_EQ|INE031B01049,1d,46,"46 missing trading days (longest run 22): 2003-03-22, 2003-10-25, 2003-11-15, 2004-04-17, 2004-05-24 (+41 more)"
ERROR,GAP_DAILY,universe_daily,NSE_EQ|INE032A01023,1d,46,"46 missing trading days (longest run 22): 2003-03-22, 2003-10-25, 2003-11-15, 2004-04-17, 2004-05-24 (+41 more)"
ERROR,GAP_DAILY,universe_daily,NSE_EQ|INE032B01021,1d,47,"47 missing trading days (longest run 22): 2003-03-22, 2003-10-25, 2003-11-15, 2004-04-17, 2004-05-24 (+42 more)"
ERROR,GAP_DAILY,universe_daily,NSE_EQ|INE034A01011,1d,46,"46 missing trading days (longest run 22): 2003-03-22, 2003-10-25, 2003-11-15, 2004-04-17, 2004-05-24 (+41 more)"
ERROR,GAP_DAILY,universe_daily,NSE_EQ|INE034D01049,1d,14,"14 missing trading days (longest run 1): 2009-10-17, 2010-02-06, 2011-10-26, 2012-01-07, 2012-03-03 (+9 more)"
ERROR,GAP_DAILY,universe_daily,NSE_EQ|INE035D01020,1d,46,"46 missing trading days (longest run 22): 2003-03-22, 2003-10-25, 2003-11-15, 2004-04-17, 2004-05-24 (+41 more)"
ERROR,GAP_DAILY,universe_daily,NSE_EQ|INE036B01030,1d,46,"46 missing trading days (longest run 22): 2003-03-22, 2003-10-25, 2003-11-15, 2004-04-17, 2004-05-24 (+41 more)"
ERROR,GAP_DAILY,universe_daily,NSE_EQ|INE036D01028,1d,46,"46 missing trading days (longest run 22): 2003-03-22, 2003-10-25, 2003-11-15, 2004-04-17, 2004-05-24 (+41 more)"
ERROR,GAP_DAILY,universe_daily,NSE_EQ|INE037A01022,1d,44,"44 missing trading days (longest run 22): 2004-04-17, 2004-05-24, 2004-05-25, 2004-05-26, 2004-05-27 (+39 more)"
ERROR,GAP_DAILY,universe_daily,NSE_EQ|INE038A01020,1d,46,"46 missing trading days (longest run 22): 2003-03-22, 2003-10-25, 2003-11-15, 2004-04-17, 2004-05-24 (+41 more)"
ERROR,GAP_DAILY,universe_daily,NSE_EQ|INE038F01029,1d,43,"43 missing trading days (longest run 22): 2004-04-17, 2004-05-24, 2004-05-25, 2004-05-26, 2004-05-27 (+38 more)"
ERROR,GAP_DAILY,universe_daily,NSE_EQ|INE039A01010,1d,46,"46 missing trading days (longest run 22): 2003-03-22, 2003-10-25, 2003-11-15, 2004-04-17, 2004-05-24 (+41 more)"
ERROR,GAP_DAILY,universe_daily,NSE_EQ|INE039B01026,1d,1011,"1011 missing trading days (longest run 992): 2009-05-18, 2011-01-03, 2011-01-04, 2011-01-05, 2011-01-06 (+1006 more)"
ERROR,GAP_DAILY,universe_daily,NSE_EQ|INE039C01032,1d,12,"12 missing trading days (longest run 1): 2011-10-26, 2012-01-07, 2012-03-03, 2012-04-28, 2012-09-08 (+7 more)"
ERROR,GAP_DAILY,universe_daily,NSE_EQ|INE039O01029,1d,244,"244 missing trading days (longest run 115): 2015-02-28, 2016-10-30, 2017-04-26, 2017-04-27, 2017-04-28 (+239 more)"
ERROR,GAP_DAILY,universe_daily,NSE_EQ|INE03JI01017,1d,44,"44 missing trading days (longest run 9): 2022-02-02, 2022-02-03, 2022-02-04, 2022-02-08, 2022-02-09 (+39 more)"
ERROR,GAP_DAILY,universe_daily,NSE_EQ|INE03Q201024,1d,818,"818 missing trading days (longest run 720): 2018-04-09, 2018-04-10, 2018-04-11, 2018-04-12, 2018-04-13 (+813 more)"
ERROR,GAP_DAILY,universe_daily,NSE_EQ|INE03QK01018,1d,1262,"1262 missing trading days (longest run 1262): 2015-01-30, 2015-02-02, 2015-02-03, 2015-02-04, 2015-02-05 (+1257 more)"
ERROR,GAP_DAILY,universe_daily,NSE_EQ|INE03RS01027,1d,1039,"1039 missing trading days (longest run 866): 2003-03-22, 2003-10-25, 2003-11-15, 2004-04-17, 2004-05-24 (+1034 more)"
ERROR,GAP_DAILY,universe_daily,NSE_EQ|INE040A01034,1d,46,"46 missing trading days (longest run 22): 2003-03-22, 2003-10-25, 2003-11-15, 2004-04-17, 2004-05-24 (+41 more)"
ERROR,GAP_DAILY,universe_daily,NSE_EQ|INE040D01038,1d,7,"7 missing trading days (longest run 1): 2013-05-11, 2013-11-03, 2014-03-22, 2015-02-28, 2016-10-30 (+2 more)"
ERROR,GAP_DAILY,universe_daily,NSE_EQ|INE040H01021,1d,18,"18 missing trading days (longest run 1): 2005-11-26, 2006-04-29, 2006-06-25, 2006-10-21, 2009-10-17 (+13 more)"
ERROR,GAP_DAILY,universe_daily,NSE_EQ|INE040M01013,1d,38,"38 missing trading days (longest run 26): 2011-10-26, 2012-01-07, 2012-03-03, 2012-04-28, 2012-09-08 (+33 more)"
ERROR,GAP_DAILY,universe_daily,NSE_EQ|INE041A01016,1d,46,"46 missing trading days (longest run 22): 2003-03-22, 2003-10-25, 2003-11-15, 2004-04-17, 2004-05-24 (+41 more)"
ERROR,GAP_DAILY,universe_daily,NSE_EQ|INE042A01014,1d,46,"46 missing trading days (longest run 22): 2003-03-22, 2003-10-25, 2003-11-15, 2004-04-17, 2004-05-24 (+41 more)"
ERROR,GAP_DAILY,universe_daily,NSE_EQ|INE043A01012,1d,120,"120 missing trading days (longest run 25): 2003-03-22, 2003-10-25, 2003-11-15, 2004-04-17, 2004-05-24 (+115 more)"
ERROR,GAP_DAILY,universe_daily,NSE_EQ|INE044A01036,1d,46,"46 missing trading days (longest run 22): 2003-03-22, 2003-10-25, 2003-11-15, 2004-04-17, 2004-05-24 (+41 more)"
ERROR,GAP_DAILY,universe_daily,NSE_EQ|INE045A01017,1d,46,"46 missing trading days (longest run 22): 2003-03-22, 2003-10-25, 2003-11-15, 2004-04-17, 2004-05-24 (+41 more)"
ERROR,GAP_DAILY,universe_daily,NSE_EQ|INE045B01015,1d,46,"46 missing trading days (longest run 22): 2003-03-22, 2003-10-25, 2003-11-15, 2004-04-17, 2004-05-24 (+41 more)"
ERROR,GAP_DAILY,universe_daily,NSE_EQ|INE046A01015,1d,46,"46 missing trading days (longest run 22): 2003-03-22, 2003-10-25, 2003-11-15, 2004-04-17, 2004-05-24 (+41 more)"
ERROR,GAP_DAILY,universe_daily,NSE_EQ|INE047A01021,1d,46,"46 missing trading days (longest run 22): 2003-03-22, 2003-10-25, 2003-11-15, 2004-04-17, 2004-05-24 (+41 more)"
ERROR,GAP_DAILY,universe_daily,NSE_EQ|INE047B01011,1d,17,"17 missing trading days (longest run 2): 2010-02-06, 2011-10-26, 2012-01-07, 2012-03-03, 2012-04-28 (+12 more)"
ERROR,GAP_DAILY,universe_daily,NSE_EQ|INE047O01014,1d,52,"52 missing trading days (longest run 18): 2013-05-11, 2013-11-03, 2014-03-22, 2015-02-28, 2016-03-28 (+47 more)"
ERROR,GAP_DAILY,universe_daily,NSE_EQ|INE048B01035,1d,46,"46 missing trading days (longest run 22): 2003-03-22, 2003-10-25, 2003-11-15, 2004-04-17, 2004-05-24 (+41 more)"
ERROR,GAP_DAILY,universe_daily,NSE_EQ|INE048G01026,1d,14,"14 missing trading days (longest run 1): 2009-10-17, 2010-02-06, 2011-10-26, 2012-01-07, 2012-03-03 (+9 more)"
ERROR,GAP_DAILY,universe_daily,NSE_EQ|INE049A01027,1d,46,"46 missing trading days (longest run 22): 2003-03-22, 2003-10-25, 2003-11-15, 2004-04-17, 2004-05-24 (+41 more)"
ERROR,GAP_DAILY,universe_daily,NSE_EQ|INE049B01025,1d,46,"46 missing trading days (longest run 22): 2003-03-22, 2003-10-25, 2003-11-15, 2004-04-17, 2004-05-24 (+41 more)"
ERROR,GAP_DAILY,universe_daily,NSE_EQ|INE049I01012,1d,18,"18 missing trading days (longest run 1): 2009-10-17, 2010-02-06, 2011-10-26, 2012-01-07, 2012-03-03 (+13 more)"
ERROR,GAP_DAILY,universe_daily,NSE_EQ|INE04LG01015,1d,196,"196 missing trading days (longest run 13): 2019-05-29, 2019-06-06, 2019-06-25, 2019-07-02, 2019-07-09 (+191 more)"
ERROR,GAP_DAILY,universe_daily,NSE_EQ|INE050401020,1d,1798,"1798 missing trading days (longest run 1797): 2015-02-28, 2015-09-28, 2015-09-29, 2015-09-30, 2015-10-01 (+1793 more)"
ERROR,GAP_DAILY,universe_daily,NSE_EQ|INE050A01025,1d,46,"46 missing trading days (longest run 22): 2003-03-22, 2003-10-25, 2003-11-15, 2004-04-17, 2004-05-24 (+41 more)"
ERROR,GAP_DAILY,universe_daily,NSE_EQ|INE050B01023,1d,46,"46 missing trading days (longest run 22): 2003-03-22, 2003-10-25, 2003-11-15, 2004-04-17, 2004-05-24 (+41 more)"
ERROR,GAP_DAILY,universe_daily,NSE_EQ|INE050E01027,1d,14,"14 missing trading days (longest run 1): 2009-10-17, 2010-02-06, 2011-10-26, 2012-01-07, 2012-03-03 (+9 more)"
ERROR,GAP_DAILY,universe_daily,NSE_EQ|INE050H01012,1d,18,"18 missing trading days (longest run 1): 2005-11-26, 2006-04-29, 2006-06-25, 2006-10-21, 2009-10-17 (+13 more)"
ERROR,GAP_DAILY,universe_daily,NSE_EQ|INE050M01012,1d,12,"12 missing trading days (longest run 1): 2012-09-08, 2013-05-11, 2013-11-03, 2014-03-22, 2015-01-06 (+7 more)"
ERROR,GAP_DAILY,universe_daily,NSE_EQ|INE051B01021,1d,18,"18 missing trading days (longest run 1): 2006-04-29, 2006-06-25, 2006-10-21, 2009-05-18, 2009-10-17 (+13 more)"
ERROR,GAP_DAILY,universe_daily,NSE_EQ|INE052A01021,1d,46,"46 missing trading days (longest run 22): 2003-03-22, 2003-10-25, 2003-11-15, 2004-04-17, 2004-05-24 (+41 more)"
ERROR,GAP_DAILY,universe_daily,NSE_EQ|INE052T01021,1d,175,"175 missing trading days (longest run 175): 2023-07-27, 2023-07-28, 2023-07-31, 2023-08-01, 2023-08-02 (+170 more)"
ERROR,GAP_DAILY,universe_daily,NSE_EQ|INE053A01029,1d,46,"46 missing trading days (longest run 22): 2003-03-22, 2003-10-25, 2003-11-15, 2004-04-17, 2004-05-24 (+41 more)"
ERROR,GAP_DAILY,universe_daily,NSE_EQ|INE054A01027,1d,46,"46 missing trading days (longest run 22): 2003-03-22, 2003-10-25, 2003-11-15, 2004-04-17, 2004-05-24 (+41 more)"
ERROR,GAP_DAILY,universe_daily,NSE_EQ|INE055A01016,1d,46,"46 missing trading days (longest run 22): 2003-03-22, 2003-10-25, 2003-11-15, 2004-04-17, 2004-05-24 (+41 more)"
ERROR,GAP_DAILY,universe_daily,NSE_EQ|INE055C01020,1d,191,"191 missing trading days (longest run 9): 2021-04-12, 2021-04-13, 2021-04-19, 2021-07-07, 2021-07-08 (+186 more)"
ERROR,GAP_DAILY,universe_daily,NSE_EQ|INE056I01025,1d,41,"41 missing trading days (longest run 26): 2010-02-06, 2011-10-26, 2012-01-07, 2012-03-03, 2012-04-28 (+36 more)"
ERROR,GAP_DAILY,universe_daily,NSE_EQ|INE058A01010,1d,46,"46 missing trading days (longest run 22): 2003-03-22, 2003-10-25, 2003-11-15, 2004-04-17, 2004-05-24 (+41 more)"
ERROR,GAP_DAILY,universe_daily,NSE_EQ|INE058B01018,1d,602,"602 missing trading days (longest run 63): 2003-03-22, 2003-10-25, 2003-11-15, 2004-04-17, 2004-05-24 (+597 more)"
ERROR,GAP_DAILY,universe_daily,NSE_EQ|INE059A01026,1d,46,"46 missing trading days (longest run 22): 2003-03-22, 2003-10-25, 2003-11-15, 2004-04-17, 2004-05-24 (+41 more)"
ERROR,GAP_DAILY,universe_daily,NSE_EQ|INE059B01024,1d,66,"66 missing trading days (longest run 22): 2003-03-22, 2003-10-25, 2003-11-15, 2004-03-17, 2004-03-24 (+61 more)"
ERROR,GAP_DAILY,universe_daily,NSE_EQ|INE059D01020,1d,13,"13 missing trading days (longest run 1): 2009-10-17, 2010-02-06, 2011-10-26, 2012-01-07, 2012-03-03 (+8 more)"
ERROR,GAP_DAILY,universe_daily,NSE_EQ|INE05X901010,1d,462,"462 missing trading days (longest run 29): 2020-02-03, 2020-02-07, 2020-02-27, 2020-03-03, 2020-03-04 (+457 more)"
ERROR,GAP_DAILY,universe_daily,NSE_EQ|INE060A01024,1d,46,"46 missing trading days (longest run 22): 2003-03-22, 2003-10-25, 2003-11-15, 2004-04-17, 2004-05-24 (+41 more)"
ERROR,GAP_DAILY,universe_daily,NSE_EQ|INE060B01014,1d,667,"667 missing trading days (longest run 46): 2003-03-22, 2003-10-25, 2003-11-15, 2004-04-17, 2004-05-24 (+662 more)"
ERROR,GAP_DAILY,universe_daily,NSE_EQ|INE061A01014,1d,57,"57 missing trading days (longest run 22): 2003-03-22, 2003-10-25, 2003-11-15, 2004-04-17, 2004-05-24 (+52 more)"
ERROR,GAP_DAILY,universe_daily,NSE_EQ|INE061F01013,1d,14,"14 missing trading days (longest run 1): 2009-10-17, 2010-02-06, 2011-10-26, 2012-01-07, 2012-03-03 (+9 more)"
ERROR,GAP_DAILY,universe_daily,NSE_EQ|INE062A01020,1d,46,"46 missing trading days (longest run 22): 2003-03-22, 2003-10-25, 2003-11-15, 2004-04-17, 2004-05-24 (+41 more)"
ERROR,GAP_DAILY,universe_daily,NSE_EQ|INE062D01024,1d,15,"15 missing trading days (longest run 1): 2006-10-21, 2009-10-17, 2010-02-06, 2011-10-26, 2012-01-07 (+10 more)"
ERROR,GAP_DAILY,universe_daily,NSE_EQ|INE063E01061,1d,1579,"1579 missing trading days (longest run 919): 2016-05-10, 2016-05-11, 2016-05-12, 2016-05-13, 2016-05-16 (+1574 more)"
ERROR,GAP_DAILY,universe_daily,NSE_EQ|INE064C01022,1d,46,"46 missing trading days (longest run 22): 2003-03-22, 2003-10-25, 2003-11-15, 2004-04-17, 2004-05-24 (+41 more)"
ERROR,GAP_DAILY,universe_daily,NSE_EQ|INE066A01021,1d,46,"46 missing trading days (longest run 22): 2003-03-22, 2003-10-25, 2003-11-15, 2004-04-17, 2004-05-24 (+41 more)"
ERROR,GAP_DAILY,universe_daily,NSE_EQ|INE067A01029,1d,46,"46 missing trading days (longest run 22): 2003-03-22, 2003-10-25, 2003-11-15, 2004-04-17, 2004-05-24 (+41 more)"
ERROR,GAP_DAILY,universe_daily,NSE_EQ|INE068L01024,1d,12,"12 missing trading days (longest run 1): 2011-10-26, 2012-01-07, 2012-03-03, 2012-04-28, 2012-09-08 (+7 more)"
ERROR,GAP_DAILY,universe_daily,NSE_EQ|INE069I01010,1d,26,"26 missing trading days (longest run 4): 2009-10-17, 2010-02-06, 2011-10-26, 2012-01-07, 2012-03-03 (+21 more)"
ERROR,GAP_DAILY,universe_daily,NSE_EQ|INE070A01015,1d,46,"46 missing trading days (longest run 22): 2003-03-22, 2003-10-25, 2003-11-15, 2004-04-17, 2004-05-24 (+41 more)"
ERROR,GAP_DAILY,universe_daily,NSE_EQ|INE070D01027,1d,46,"46 missing trading days (longest run 22): 2003-03-22, 2003-10-25, 2003-11-15, 2004-04-17, 2004-05-24 (+41 more)"
ERROR,GAP_DAILY,universe_daily,NSE_EQ|INE070I01018,1d,14,"14 missing trading days (longest run 1): 2009-10-17, 2010-02-06, 2011-10-26, 2012-01-07, 2012-03-03 (+9 more)"
ERROR,GAP_DAILY,universe_daily,NSE_EQ|INE071E01023,1d,41,"41 missing trading days (longest run 26): 2011-10-26, 2012-01-07, 2012-03-03, 2012-04-28, 2012-09-08 (+36 more)"
ERROR,GAP_DAILY,universe_daily,NSE_EQ|INE073G01016,1d,1245,"1245 missing trading days (longest run 1245): 2015-01-30, 2015-02-02, 2015-02-03, 2015-02-04, 2015-02-05 (+1240 more)"
ERROR,GAP_DAILY,universe_daily,NSE_EQ|INE074A01025,1d,46,"46 missing trading days (longest run 22): 2003-03-22, 2003-10-25, 2003-11-15, 2004-04-17, 2004-05-24 (+41 more)"
ERROR,GAP_DAILY,universe_daily,NSE_EQ|INE074B01023,1d,998,"998 missing trading days (longest run 992): 2009-05-18, 2011-01-03, 2011-01-04, 2011-01-05, 2011-01-06 (+993 more)"
ERROR,GAP_DAILY,universe_daily,NSE_EQ|INE075A01022,1d,46,"46 missing trading days (longest run 22): 2003-03-22, 2003-10-25, 2003-11-15, 2004-04-17, 2004-05-24 (+41 more)"
ERROR,GAP_DAILY,universe_daily,NSE_EQ|INE075D01018,1d,46,"46 missing trading days (longest run 22): 2003-03-22, 2003-10-25, 2003-11-15, 2004-04-17, 2004-05-24 (+41 more)"
ERROR,GAP_DAILY,universe_daily,NSE_EQ|INE076B01028,1d,46,"46 missing trading days (longest run 22): 2003-03-22, 2003-10-25, 2003-11-15, 2004-04-17, 2004-05-24 (+41 more)"
ERROR,GAP_DAILY,universe_daily,NSE_EQ|INE076C01018,1d,46,"46 missing trading days (longest run 22): 2003-03-22, 2003-10-25, 2003-11-15, 2004-04-17, 2004-05-24 (+41 more)"
ERROR,GAP_DAILY,universe_daily,NSE_EQ|INE077F01035,1d,14,"14 missing trading days (longest run 1): 2009-10-17, 2010-02-06, 2011-10-26, 2012-01-07, 2012-03-03 (+9 more)"
ERROR,GAP_DAILY,universe_daily,NSE_EQ|INE079A01024,1d,46,"46 missing trading days (longest run 22): 2003-03-22, 2003-10-25, 2003-11-15, 2004-04-17, 2004-05-24 (+41 more)"
ERROR,GAP_DAILY,universe_daily,NSE_EQ|INE07OG01012,1d,5,"5 missing trading days (longest run 4): 2023-07-14, 2023-07-18, 2023-07-19, 2023-07-20, 2023-07-21"
ERROR,GAP_DAILY,universe_daily,NSE_EQ|INE07S101038,1d,319,"319 missing trading days (longest run 20): 2021-05-19, 2021-06-28, 2021-06-29, 2021-07-01, 2021-07-02 (+314 more)"
ERROR,GAP_DAILY,universe_daily,NSE_EQ|INE080A01014,1d,63,"63 missing trading days (longest run 22): 2003-03-22, 2003-10-25, 2003-11-15, 2004-04-17, 2004-05-24 (+58 more)"
ERROR,GAP_DAILY,universe_daily,NSE_EQ|INE080B01012,1d,383,"383 missing trading days (longest run 231): 2003-03-22, 2003-10-25, 2003-11-15, 2004-04-17, 2004-05-24 (+378 more)"
ERROR,GAP_DAILY,universe_daily,NSE_EQ|INE081A01020,1d,46,"46 missing trading days (longest run 22): 2003-03-22, 2003-10-25, 2003-11-15, 2004-04-17, 2004-05-24 (+41 more)"
ERROR,GAP_DAILY,universe_daily,NSE_EQ|INE082W01014,1d,410,"410 missing trading days (longest run 93): 2003-03-22, 2003-10-25, 2003-11-15, 2004-04-17, 2004-05-24 (+405 more)"
ERROR,GAP_DAILY,universe_daily,NSE_EQ|INE083A01026,1d,46,"46 missing trading days (longest run 22): 2003-03-22, 2003-10-25, 2003-11-15, 2004-04-17, 2004-05-24 (+41 more)"
ERROR,GAP_DAILY,universe_daily,NSE_EQ|INE083B01024,1d,30,"30 missing trading days (longest run 2): 2009-10-17, 2010-02-06, 2011-10-26, 2012-01-07, 2012-03-03 (+25 more)"
ERROR,GAP_DAILY,universe_daily,NSE_EQ|INE083C01022,1d,14,"14 missing trading days (longest run 1): 2009-10-17, 2010-02-06, 2011-10-26, 2012-01-07, 2012-03-03 (+9 more)"
ERROR,GAP_DAILY,universe_daily,NSE_EQ|INE083D01012,1d,16,"16 missing trading days (longest run 1): 2006-06-25, 2006-10-21, 2009-10-17, 2010-02-06, 2011-10-26 (+11 more)"
ERROR,GAP_DAILY,universe_daily,NSE_EQ|INE084A01016,1d,46,"46 missing trading days (longest run 22): 2003-03-22, 2003-10-25, 2003-11-15, 2004-04-17, 2004-05-24 (+41 more)"
ERROR,GAP_DAILY,universe_daily,NSE_EQ|INE085A01013,1d,46,"46 missing trading days (longest run 22): 2003-03-22, 2003-10-25, 2003-11-15, 2004-04-17, 2004-05-24 (+41 more)"
ERROR,GAP_DAILY,universe_daily,NSE_EQ|INE085J01014,1d,17,"17 missing trading days (longest run 2): 2011-10-26, 2012-01-07, 2012-03-03, 2012-04-28, 2012-09-08 (+12 more)"
ERROR,GAP_DAILY,universe_daily,NSE_EQ|INE086A01029,1d,46,"46 missing trading days (longest run 22): 2003-03-22, 2003-10-25, 2003-11-15, 2004-04-17, 2004-05-24 (+41 more)"
ERROR,GAP_DAILY,universe_daily,NSE_EQ|INE087B01017,1d,1069,"1069 missing trading days (longest run 992): 2008-06-03, 2008-06-10, 2008-06-11, 2008-06-12, 2008-06-17 (+1064 more)"
ERROR,GAP_DAILY,universe_daily,NSE_EQ|INE087H01022,1d,18,"18 missing trading days (longest run 1): 2005-11-26, 2006-04-29, 2006-06-25, 2006-10-21, 2009-10-17 (+13 more)"
ERROR,GAP_DAILY,universe_daily,NSE_EQ|INE089A01031,1d,13,"13 missing trading days (longest run 1): 2010-02-06, 2011-10-26, 2012-01-07, 2012-03-03, 2012-04-28 (+8 more)"
ERROR,GAP_DAILY,universe_daily,NSE_EQ|INE08PH01015,1d,256,"256 missing trading days (longest run 11): 2022-04-05, 2022-04-20, 2022-04-22, 2022-05-24, 2022-05-26 (+251 more)"
ERROR,GAP_DAILY,universe_daily,NSE_EQ|INE090A01021,1d,46,"46 missing trading days (longest run 22): 2003-03-22, 2003-10-25, 2003-11-15, 2004-04-17, 2004-05-24 (+41 more)"
ERROR,GAP_DAILY,universe_daily,NSE_EQ|INE090B01011,1d,45,"45 missing trading days (longest run 22): 2003-10-25, 2003-11-15, 2004-04-17, 2004-05-24, 2004-05-25 (+40 more)"
ERROR,GAP_DAILY,universe_daily,NSE_EQ|INE091G01026,1d,69,"69 missing trading days (longest run 26): 2004-04-17, 2004-05-24, 2004-05-25, 2004-05-26, 2004-05-27 (+64 more)"
ERROR,GAP_DAILY,universe_daily,NSE_EQ|INE092A01019,1d,46,"46 missing trading days (longest run 22): 2003-03-22, 2003-10-25, 2003-11-15, 2004-04-17, 2004-05-24 (+41 more)"
ERROR,GAP_DAILY,universe_daily,NSE_EQ|INE092B01025,1d,46,"46 missing trading days (longest run 22): 2003-03-22, 2003-10-25, 2003-11-15, 2004-04-17, 2004-05-24 (+41 more)"
ERROR,GAP_DAILY,universe_daily,NSE_EQ|INE093I01010,1d,12,"12 missing trading days (longest run 1): 2011-10-26, 2012-01-07, 2012-03-03, 2012-04-28, 2012-09-08 (+7 more)"
ERROR,GAP_DAILY,universe_daily,NSE_EQ|INE094A01015,1d,46,"46 missing trading days (longest run 22): 2003-03-22, 2003-10-25, 2003-11-15, 2004-04-17, 2004-05-24 (+41 more)"
ERROR,GAP_DAILY,universe_daily,NSE_EQ|INE094I01018,1d,14,"14 missing trading days (longest run 1): 2009-10-17, 2010-02-06, 2011-10-26, 2012-01-07, 2012-03-03 (+9 more)"
ERROR,GAP_DAILY,universe_daily,NSE_EQ|INE095A01012,1d,46,"46 missing trading days (longest run 22): 2003-03-22, 2003-10-25, 2003-11-15, 2004-04-17, 2004-05-24 (+41 more)"
ERROR,GAP_DAILY,universe_daily,NSE_EQ|INE095N01031,1d,9,"9 missing trading days (longest run 1): 2012-04-28, 2012-09-08, 2013-05-11, 2013-11-03, 2014-03-22 (+4 more)"
ERROR,GAP_DAILY,universe_daily,NSE_EQ|INE096B01018,1d,45,"45 missing trading days (longest run 22): 2003-10-25, 2003-11-15, 2004-04-17, 2004-05-24, 2004-05-25 (+40 more)"
ERROR,GAP_DAILY,universe_daily,NSE_EQ|INE098F01031,1d,13,"13 missing trading days (longest run 1): 2010-02-06, 2011-10-26, 2012-01-07, 2012-03-03, 2012-04-28 (+8 more)"
ERROR,GAP_DAILY,universe_daily,NSE_EQ|INE099F01013,1d,210,"210 missing trading days (longest run 11): 2014-03-22, 2015-01-05, 2015-01-06, 2015-01-08, 2015-01-09 (+205 more)"
ERROR,GAP_DAILY,universe_daily,NSE_EQ|INE09VQ01012,1d,604,"604 missing trading days (longest run 322): 2018-07-25, 2018-07-26, 2018-07-30, 2018-08-01, 2018-08-02 (+599 more)"
ERROR,GAP_DAILY,universe_daily,NSE_EQ|INE0A0S01028,1d,188,"188 missing trading days (longest run 14): 2020-11-11, 2020-11-14, 2020-11-25, 2020-11-27, 2020-12-01 (+183 more)"
ERROR,GAP_DAILY,universe_daily,NSE_EQ|INE0A1101019,1d,500,"500 missing trading days (longest run 49): 2020-01-15, 2020-01-29, 2020-02-01, 2020-02-04, 2020-02-12 (+495 more)"
ERROR,GAP_DAILY,universe_daily,NSE_EQ|INE0ALR01029,1d,186,"186 missing trading days (longest run 17): 2020-10-20, 2020-10-22, 2020-10-28, 2020-10-29, 2020-10-30 (+181 more)"
ERROR,GAP_DAILY,universe_daily,NSE_EQ|INE0BTI01037,1d,1414,"1414 missing trading days (longest run 1273): 2016-01-25, 2016-01-28, 2016-02-02, 2016-02-05, 2016-02-08 (+1409 more)"
ERROR,GAP_DAILY,universe_daily,NSE_EQ|INE0CHO01012,1d,576,"576 missing trading days (longest run 392): 2006-10-21, 2009-10-17, 2010-02-06, 2011-10-26, 2012-01-07 (+571 more)"
ERROR,GAP_DAILY,universe_daily,NSE_EQ|INE0CU601026,1d,1738,"1738 missing trading days (longest run 1737): 2015-02-28, 2015-03-17, 2015-03-18, 2015-03-19, 2015-03-20 (+1733 more)"
ERROR,GAP_DAILY,universe_daily,NSE_EQ|INE0D0U01013,1d,143,"143 missing trading days (longest run 5): 2020-12-04, 2020-12-16, 2020-12-18, 2021-01-05, 2021-01-11 (+138 more)"
ERROR,GAP_DAILY,universe_daily,NSE_EQ|INE0D6I01023,1d,69,"69 missing trading days (longest run 9): 2020-07-23, 2020-07-28, 2020-07-29, 2020-07-30, 2020-07-31 (+64 more)"
ERROR,GAP_DAILY,universe_daily,NSE_EQ|INE0EEJ01023,1d,208,"208 missing trading days (longest run 12): 2020-10-29, 2020-11-02, 2020-11-13, 2020-11-14, 2020-11-17 (+203 more)"
ERROR,GAP_DAILY,universe_daily,NSE_EQ|INE0EK901012,1d,684,"684 missing trading days (longest run 525): 2018-03-06, 2018-03-07, 2018-03-08, 2018-03-09, 2018-03-12 (+679 more)"
ERROR,GAP_DAILY,universe_daily,NSE_EQ|INE0FFK01017,1d,131,"131 missing trading days (longest run 6): 2021-08-25, 2021-09-03, 2021-09-20, 2021-09-21, 2021-09-29 (+126 more)"
ERROR,GAP_DAILY,universe_daily,NSE_EQ|INE0G1L01025,1d,13,"13 missing trading days (longest run 2): 2022-12-14, 2023-01-12, 2023-04-19, 2023-05-12, 2023-06-19 (+8 more)"
ERROR,GAP_DAILY,universe_daily,NSE_EQ|INE0GGO01015,1d,258,"258 missing trading days (longest run 7): 2022-06-30, 2022-07-22, 2022-08-25, 2022-09-01, 2022-09-06 (+253 more)"
ERROR,GAP_DAILY,universe_daily,NSE_EQ|INE0GMR01016,1d,51,"51 missing trading days (longest run 3): 2022-06-22, 2022-07-08, 2022-07-12, 2022-07-13, 2022-07-19 (+46 more)"
ERROR,GAP_DAILY,universe_daily,NSE_EQ|INE0I7C01011,1d,662,"662 missing trading days (longest run 568): 2019-02-25, 2019-02-26, 2019-02-27, 2019-02-28, 2019-03-06 (+657 more)"
ERROR,GAP_DAILY,universe_daily,NSE_EQ|INE0J5601015,1d,10,"10 missing trading days (longest run 2): 2022-06-27, 2022-06-30, 2022-07-06, 2022-07-08, 2022-07-11 (+5 more)"
ERROR,GAP_DAILY,universe_daily,NSE_EQ|INE0J5801029,1d,13,"13 missing trading days (longest run 2): 2022-06-10, 2022-06-14, 2022-06-17, 2022-07-14, 2022-07-15 (+8 more)"
ERROR,GAP_DAILY,universe_daily,NSE_EQ|INE0JYY01029,1d,60,"60 missing trading days (longest run 5): 2022-10-07, 2022-10-10, 2022-10-20, 2022-12-09, 2023-01-04 (+55 more)"
ERROR,GAP_DAILY,universe_daily,NSE_EQ|INE0LCL01028,1d,1714,"1714 missing trading days (longest run 1711): 2015-02-28, 2015-10-29, 2015-10-30, 2016-05-20, 2016-05-23 (+1709 more)"
ERROR,GAP_DAILY,universe_daily,NSE_EQ|INE0LRU01027,1d,1371,"1371 missing trading days (longest run 1371): 2017-07-19, 2017-07-20, 2017-07-21, 2017-07-24, 2017-07-25 (+1366 more)"
ERROR,GAP_DAILY,universe_daily,NSE_EQ|INE100A01010,1d,46,"46 missing trading days (longest run 22): 2003-03-22, 2003-10-25, 2003-11-15, 2004-04-17, 2004-05-24 (+41 more)"
ERROR,GAP_DAILY,universe_daily,NSE_EQ|INE100D01014,1d,475,"475 missing trading days (longest run 58): 2003-03-22, 2003-10-25, 2003-11-15, 2004-04-17, 2004-05-24 (+470 more)"
ERROR,GAP_DAILY,universe_daily,NSE_EQ|INE101A01026,1d,46,"46 missing trading days (longest run 22): 2003-03-22, 2003-10-25, 2003-11-15, 2004-04-17, 2004-05-24 (+41 more)"
ERROR,GAP_DAILY,universe_daily,NSE_EQ|INE101D01020,1d,18,"18 missing trading days (longest run 1): 2005-11-26, 2006-04-29, 2006-06-25, 2006-10-21, 2009-10-17 (+13 more)"
ERROR,GAP_DAILY,universe_daily,NSE_EQ|INE102A01024,1d,46,"46 missing trading days (longest run 22): 2003-03-22, 2003-10-25, 2003-11-15, 2004-04-17, 2004-05-24 (+41 more)"
ERROR,GAP_DAILY,universe_daily,NSE_EQ|INE102D01028,1d,46,"46 missing trading days (longest run 22): 2003-03-22, 2003-10-25, 2003-11-15, 2004-04-17, 2004-05-24 (+41 more)"
ERROR,GAP_DAILY,universe_daily,NSE_EQ|INE102I01027,1d,997,"997 missing trading days (longest run 992): 2009-05-18, 2011-01-03, 2011-01-04, 2011-01-05, 2011-01-06 (+992 more)"
ERROR,GAP_DAILY,universe_daily,NSE_EQ|INE103A01014,1d,46,"46 missing trading days (longest run 22): 2003-03-22, 2003-10-25, 2003-11-15, 2004-04-17, 2004-05-24 (+41 more)"
ERROR,GAP_DAILY,universe_daily,NSE_EQ|INE105A01035,1d,50,"50 missing trading days (longest run 22): 2003-03-22, 2003-10-25, 2003-11-15, 2004-04-17, 2004-05-24 (+45 more)"
ERROR,GAP_DAILY,universe_daily,NSE_EQ|INE105C01023,1d,289,"289 missing trading days (longest run 22): 2003-03-22, 2003-10-25, 2003-11-15, 2004-04-17, 2004-05-24 (+284 more)"
ERROR,GAP_DAILY,universe_daily,NSE_EQ|INE105I01020,1d,110,"110 missing trading days (longest run 5): 2021-12-01, 2022-06-03, 2022-06-07, 2022-06-08, 2022-06-09 (+105 more)"
ERROR,GAP_DAILY,universe_daily,NSE_EQ|INE105J01010,1d,15,"15 missing trading days (longest run 1): 2009-05-18, 2009-10-17, 2010-02-06, 2011-10-26, 2012-01-07 (+10 more)"
ERROR,GAP_DAILY,universe_daily,NSE_EQ|INE107A01015,1d,46,"46 missing trading days (longest run 22): 2003-03-22, 2003-10-25, 2003-11-15, 2004-04-17, 2004-05-24 (+41 more)"
ERROR,GAP_DAILY,universe_daily,NSE_EQ|INE107F01022,1d,1057,"1057 missing trading days (longest run 992): 2009-05-18, 2011-01-03, 2011-01-04, 2011-01-05, 2011-01-06 (+1052 more)"
ERROR,GAP_DAILY,universe_daily,NSE_EQ|INE108E01023,1d,12,"12 missing trading days (longest run 1): 2011-10-26, 2012-01-07, 2012-03-03, 2012-04-28, 2012-09-08 (+7 more)"
ERROR,GAP_DAILY,universe_daily,NSE_EQ|INE109A01011,1d,46,"46 missing trading days (longest run 22): 2003-03-22, 2003-10-25, 2003-11-15, 2004-04-17, 2004-05-24 (+41 more)"
ERROR,GAP_DAILY,universe_daily,NSE_EQ|INE110A01019,1d,46,"46 missing trading days (longest run 22): 2003-03-22, 2003-10-25, 2003-11-15, 2004-04-17, 2004-05-24 (+41 more)"
ERROR,GAP_DAILY,universe_daily,NSE_EQ|INE110B01017,1d,30,"30 missing trading days (longest run 26): 2016-10-30, 2017-10-19, 2018-11-07, 2018-12-03, 2018-12-04 (+25 more)"
ERROR,GAP_DAILY,universe_daily,NSE_EQ|INE111A01025,1d,46,"46 missing trading days (longest run 22): 2003-03-22, 2003-10-25, 2003-11-15, 2004-04-17, 2004-05-24 (+41 more)"
ERROR,GAP_DAILY,universe_daily,NSE_EQ|INE111B01023,1d,14,"14 missing trading days (longest run 1): 2009-10-17, 2010-02-06, 2011-10-26, 2012-01-07, 2012-03-03 (+9 more)"
ERROR,GAP_DAILY,universe_daily,NSE_EQ|INE111Q01021,1d,6,"6 missing trading days (longest run 1): 2015-02-28, 2016-10-30, 2017-10-19, 2018-09-14, 2018-11-07 (+1 more)"
ERROR,GAP_DAILY,universe_daily,NSE_EQ|INE113A01013,1d,46,"46 missing trading days (longest run 22): 2003-03-22, 2003-10-25, 2003-11-15, 2004-04-17, 2004-05-24 (+41 more)"
ERROR,GAP_DAILY,universe_daily,NSE_EQ|INE114A01011,1d,46,"46 missing trading days (longest run 22): 2003-03-22, 2003-10-25, 2003-11-15, 2004-04-17, 2004-05-24 (+41 more)"
ERROR,GAP_DAILY,universe_daily,NSE_EQ|INE115A01026,1d,46,"46 missing trading days (longest run 22): 2003-03-22, 2003-10-25, 2003-11-15, 2004-04-17, 2004-05-24 (+41 more)"
ERROR,GAP_DAILY,universe_daily,NSE_EQ|INE116A01032,1d,46,"46 missing trading days (longest run 22): 2003-03-22, 2003-10-25, 2003-11-15, 2004-04-17, 2004-05-24 (+41 more)"
ERROR,GAP_DAILY,universe_daily,NSE_EQ|INE116D01028,1d,45,"45 missing trading days (longest run 22): 2003-10-25, 2003-11-15, 2004-04-17, 2004-05-24, 2004-05-25 (+40 more)"
ERROR,GAP_DAILY,universe_daily,NSE_EQ|INE117A01022,1d,46,"46 missing trading days (longest run 22): 2003-03-22, 2003-10-25, 2003-11-15, 2004-04-17, 2004-05-24 (+41 more)"
ERROR,GAP_DAILY,universe_daily,NSE_EQ|INE117B01020,1d,5,"5 missing trading days (longest run 1): 2025-04-07, 2025-05-14, 2025-05-28, 2026-01-08, 2026-02-25"
ERROR,GAP_DAILY,universe_daily,NSE_EQ|INE117Z01029,1d,1141,"1141 missing trading days (longest run 341): 2015-02-28, 2016-10-30, 2016-12-05, 2016-12-06, 2016-12-07 (+1136 more)"
ERROR,GAP_DAILY,universe_daily,NSE_EQ|INE118A01012,1d,46,"46 missing trading days (longest run 22): 2003-03-22, 2003-10-25, 2003-11-15, 2004-04-17, 2004-05-24 (+41 more)"
ERROR,GAP_DAILY,universe_daily,NSE_EQ|INE119A01028,1d,46,"46 missing trading days (longest run 22): 2003-03-22, 2003-10-25, 2003-11-15, 2004-04-17, 2004-05-24 (+41 more)"
ERROR,GAP_DAILY,universe_daily,NSE_EQ|INE120A01034,1d,46,"46 missing trading days (longest run 22): 2003-03-22, 2003-10-25, 2003-11-15, 2004-04-17, 2004-05-24 (+41 more)"
ERROR,GAP_DAILY,universe_daily,NSE_EQ|INE121A01024,1d,46,"46 missing trading days (longest run 22): 2003-03-22, 2003-10-25, 2003-11-15, 2004-04-17, 2004-05-24 (+41 more)"
ERROR,GAP_DAILY,universe_daily,NSE_EQ|INE121E01018,1d,13,"13 missing trading days (longest run 1): 2010-02-06, 2011-10-26, 2012-01-07, 2012-03-03, 2012-04-28 (+8 more)"
ERROR,GAP_DAILY,universe_daily,NSE_EQ|INE121J01017,1d,7,"7 missing trading days (longest run 1): 2013-05-11, 2013-11-03, 2014-03-22, 2015-02-28, 2016-10-30 (+2 more)"
ERROR,GAP_DAILY,universe_daily,NSE_EQ|INE121N01019,1d,719,"719 missing trading days (longest run 58): 2016-01-12, 2016-01-13, 2016-01-14, 2016-01-15, 2016-01-20 (+714 more)"
ERROR,GAP_DAILY,universe_daily,NSE_EQ|INE122M01019,1d,11,"11 missing trading days (longest run 1): 2012-01-07, 2012-03-03, 2012-04-28, 2012-09-08, 2013-05-11 (+6 more)"
ERROR,GAP_DAILY,universe_daily,NSE_EQ|INE123B01028,1d,60,"60 missing trading days (longest run 22): 2003-03-22, 2003-10-25, 2003-11-15, 2004-04-17, 2004-05-24 (+55 more)"
ERROR,GAP_DAILY,universe_daily,NSE_EQ|INE123C01018,1d,77,"77 missing trading days (longest run 22): 2003-03-22, 2003-10-25, 2003-11-15, 2004-04-17, 2004-05-24 (+72 more)"
ERROR,GAP_DAILY,universe_daily,NSE_EQ|INE123F01029,1d,13,"13 missing trading days (longest run 1): 2010-02-06, 2011-10-26, 2012-01-07, 2012-03-03, 2012-04-28 (+8 more)"
ERROR,GAP_DAILY,universe_daily,NSE_EQ|INE124G01033,1d,14,"14 missing trading days (longest run 1): 2009-10-17, 2010-02-06, 2011-10-26, 2012-01-07, 2012-03-03 (+9 more)"
ERROR,GAP_DAILY,universe_daily,NSE_EQ|INE124Y01028,1d,1155,"1155 missing trading days (longest run 80): 2017-10-19, 2017-10-23, 2017-10-26, 2017-10-27, 2017-11-08 (+1150 more)"
ERROR,GAP_DAILY,universe_daily,NSE_EQ|INE126A01031,1d,46,"46 missing trading days (longest run 22): 2003-03-22, 2003-10-25, 2003-11-15, 2004-04-17, 2004-05-24 (+41 more)"
ERROR,GAP_DAILY,universe_daily,NSE_EQ|INE126M01010,1d,69,"69 missing trading days (longest run 4): 2011-10-26, 2012-01-07, 2012-03-03, 2012-04-28, 2012-09-08 (+64 more)"
ERROR,GAP_DAILY,universe_daily,NSE_EQ|INE128A01029,1d,46,"46 missing trading days (longest run 22): 2003-03-22, 2003-10-25, 2003-11-15, 2004-04-17, 2004-05-24 (+41 more)"
ERROR,GAP_DAILY,universe_daily,NSE_EQ|INE128X01021,1d,1902,"1902 missing trading days (longest run 1901): 2015-02-28, 2015-03-17, 2015-03-18, 2015-03-19, 2015-03-20 (+1897 more)"
ERROR,GAP_DAILY,universe_daily,NSE_EQ|INE129A01019,1d,46,"46 missing trading days (longest run 22): 2003-03-22, 2003-10-25, 2003-11-15, 2004-04-17, 2004-05-24 (+41 more)"
ERROR,GAP_DAILY,universe_daily,NSE_EQ|INE129Z01016,1d,684,"684 missing trading days (longest run 502): 2016-02-05, 2016-02-08, 2016-02-09, 2016-02-10, 2016-02-11 (+679 more)"
ERROR,GAP_DAILY,universe_daily,NSE_EQ|INE130B01031,1d,45,"45 missing trading days (longest run 22): 2003-03-22, 2003-10-25, 2003-11-15, 2004-04-17, 2004-05-24 (+40 more)"
ERROR,GAP_DAILY,universe_daily,NSE_EQ|INE131A01031,1d,46,"46 missing trading days (longest run 22): 2003-03-22, 2003-10-25, 2003-11-15, 2004-04-17, 2004-05-24 (+41 more)"
ERROR,GAP_DAILY,universe_daily,NSE_EQ|INE131B01039,1d,12,"12 missing trading days (longest run 1): 2011-10-26, 2012-01-07, 2012-03-03, 2012-04-28, 2012-09-08 (+7 more)"
ERROR,GAP_DAILY,universe_daily,NSE_EQ|INE132H01018,1d,19,"19 missing trading days (longest run 1): 2005-11-26, 2006-04-29, 2006-06-25, 2006-10-21, 2009-10-17 (+14 more)"
ERROR,GAP_DAILY,universe_daily,NSE_EQ|INE133A01011,1d,46,"46 missing trading days (longest run 22): 2003-03-22, 2003-10-25, 2003-11-15, 2004-04-17, 2004-05-24 (+41 more)"
ERROR,GAP_DAILY,universe_daily,NSE_EQ|INE133E01013,1d,12,"12 missing trading days (longest run 1): 2011-10-26, 2012-01-07, 2012-03-03, 2012-04-28, 2012-09-08 (+7 more)"
ERROR,GAP_DAILY,universe_daily,NSE_EQ|INE134B01017,1d,12,"12 missing trading days (longest run 1): 2011-10-26, 2012-01-07, 2012-03-03, 2012-04-28, 2012-09-08 (+7 more)"
ERROR,GAP_DAILY,universe_daily,NSE_EQ|INE134E01011,1d,14,"14 missing trading days (longest run 1): 2009-10-17, 2010-02-06, 2011-10-26, 2012-01-07, 2012-03-03 (+9 more)"
ERROR,GAP_DAILY,universe_daily,NSE_EQ|INE136B01020,1d,46,"46 missing trading days (longest run 22): 2003-03-22, 2003-10-25, 2003-11-15, 2004-04-17, 2004-05-24 (+41 more)"
ERROR,GAP_DAILY,universe_daily,NSE_EQ|INE137I01015,1d,30,"30 missing trading days (longest run 2): 2015-02-27, 2015-02-28, 2015-06-05, 2015-06-12, 2015-06-23 (+25 more)"
ERROR,GAP_DAILY,universe_daily,NSE_EQ|INE137M01017,1d,11,"11 missing trading days (longest run 5): 2026-08-18, 2026-08-28, 2026-09-02, 2026-09-03, 2026-09-11 (+6 more)"
ERROR,GAP_DAILY,universe_daily,NSE_EQ|INE138Y01010,1d,1136,"1136 missing trading days (longest run 1136): 2018-05-30, 2018-05-31, 2018-06-01, 2018-06-04, 2018-06-05 (+1131 more)"
ERROR,GAP_DAILY,universe_daily,NSE_EQ|INE139A01034,1d,46,"46 missing trading days (longest run 22): 2003-03-22, 2003-10-25, 2003-11-15, 2004-04-17, 2004-05-24 (+41 more)"
ERROR,GAP_DAILY,universe_daily,NSE_EQ|INE139I01011,1d,1074,"1074 missing trading days (longest run 992): 2009-05-18, 2011-01-03, 2011-01-04, 2011-01-05, 2011-01-06 (+1069 more)"
ERROR,GAP_DAILY,universe_daily,NSE_EQ|INE139R01012,1d,1542,"1542 missing trading days (longest run 1542): 2016-08-23, 2016-08-24, 2016-08-25, 2016-08-26, 2016-08-29 (+1537 more)"
ERROR,GAP_DAILY,universe_daily,NSE_EQ|INE141D01018,1d,1510,"1510 missing trading days (longest run 992): 2009-05-12, 2009-05-13, 2009-05-14, 2009-05-15, 2009-05-18 (+1505 more)"
ERROR,GAP_DAILY,universe_daily,NSE_EQ|INE141K01013,1d,996,"996 missing trading days (longest run 992): 2011-01-03, 2011-01-04, 2011-01-05, 2011-01-06, 2011-01-07 (+991 more)"
ERROR,GAP_DAILY,universe_daily,NSE_EQ|INE142I01023,1d,14,"14 missing trading days (longest run 1): 2009-10-17, 2010-02-06, 2011-10-26, 2012-01-07, 2012-03-03 (+9 more)"
ERROR,GAP_DAILY,universe_daily,NSE_EQ|INE142K01011,1d,31,"31 missing trading days (longest run 26): 2014-03-22, 2015-02-28, 2016-10-30, 2017-10-19, 2018-11-07 (+26 more)"
ERROR,GAP_DAILY,universe_daily,NSE_EQ|INE143A01010,1d,996,"996 missing trading days (longest run 992): 2011-01-03, 2011-01-04, 2011-01-05, 2011-01-06, 2011-01-07 (+991 more)"
ERROR,GAP_DAILY,universe_daily,NSE_EQ|INE144D01012,1d,1299,"1299 missing trading days (longest run 993): 2008-04-03, 2008-04-25, 2008-07-07, 2008-09-15, 2008-09-17 (+1294 more)"
ERROR,GAP_DAILY,universe_daily,NSE_EQ|INE144J01027,1d,14,"14 missing trading days (longest run 1): 2009-10-17, 2010-02-06, 2011-10-26, 2012-01-07, 2012-03-03 (+9 more)"
ERROR,GAP_DAILY,universe_daily,NSE_EQ|INE146L01010,1d,12,"12 missing trading days (longest run 1): 2011-10-26, 2012-01-07, 2012-03-03, 2012-04-28, 2012-09-08 (+7 more)"
ERROR,GAP_DAILY,universe_daily,NSE_EQ|INE147A01011,1d,46,"46 missing trading days (longest run 22): 2003-03-22, 2003-10-25, 2003-11-15, 2004-04-17, 2004-05-24 (+41 more)"
ERROR,GAP_DAILY,universe_daily,NSE_EQ|INE147P01019,1d,138,"138 missing trading days (longest run 4): 2014-03-22, 2015-02-28, 2016-10-30, 2017-10-19, 2018-11-07 (+133 more)"
ERROR,GAP_DAILY,universe_daily,NSE_EQ|INE148A01019,1d,46,"46 missing trading days (longest run 22): 2003-03-22, 2003-10-25, 2003-11-15, 2004-04-17, 2004-05-24 (+41 more)"
ERROR,GAP_DAILY,universe_daily,NSE_EQ|INE148I01020,1d,6,"6 missing trading days (longest run 1): 2013-11-03, 2014-03-22, 2015-02-28, 2016-10-30, 2017-10-19 (+1 more)"
ERROR,GAP_DAILY,universe_daily,NSE_EQ|INE148O01028,1d,1562,"1562 missing trading days (longest run 1471): 2016-01-19, 2016-01-20, 2016-01-21, 2016-01-22, 2016-01-25 (+1557 more)"
ERROR,GAP_DAILY,universe_daily,NSE_EQ|INE150B01039,1d,16,"16 missing trading days (longest run 2): 2009-10-16, 2009-10-17, 2009-10-28, 2010-02-06, 2011-10-26 (+11 more)"
ERROR,GAP_DAILY,universe_daily,NSE_EQ|INE151A01013,1d,46,"46 missing trading days (longest run 22): 2003-03-22, 2003-10-25, 2003-11-15, 2004-04-17, 2004-05-24 (+41 more)"
ERROR,GAP_DAILY,universe_daily,NSE_EQ|INE152A01029,1d,46,"46 missing trading days (longest run 22): 2003-03-22, 2003-10-25, 2003-11-15, 2004-04-17, 2004-05-24 (+41 more)"
ERROR,GAP_DAILY,universe_daily,NSE_EQ|INE152M01016,1d,12,"12 missing trading days (longest run 1): 2012-01-07, 2012-03-03, 2012-04-28, 2012-09-08, 2012-10-16 (+7 more)"
ERROR,GAP_DAILY,universe_daily,NSE_EQ|INE153A01019,1d,46,"46 missing trading days (longest run 22): 2003-03-22, 2003-10-25, 2003-11-15, 2004-04-17, 2004-05-24 (+41 more)"
ERROR,GAP_DAILY,universe_daily,NSE_EQ|INE154A01025,1d,46,"46 missing trading days (longest run 22): 2003-03-22, 2003-10-25, 2003-11-15, 2004-04-17, 2004-05-24 (+41 more)"
ERROR,GAP_DAILY,universe_daily,NSE_EQ|INE155A01022,1d,46,"46 missing trading days (longest run 22): 2003-03-22, 2003-10-25, 2003-11-15, 2004-04-17, 2004-05-24 (+41 more)"
ERROR,GAP_DAILY,universe_daily,NSE_EQ|INE155G01029,1d,42,"42 missing trading days (longest run 22): 2004-05-24, 2004-05-25, 2004-05-26, 2004-05-27, 2004-05-28 (+37 more)"
ERROR,GAP_DAILY,universe_daily,NSE_EQ|INE155Z01011,1d,161,"161 missing trading days (longest run 57): 2018-05-31, 2018-06-01, 2018-06-12, 2018-06-14, 2018-06-25 (+156 more)"
ERROR,GAP_DAILY,universe_daily,NSE_EQ|INE156A01020,1d,78,"78 missing trading days (longest run 32): 2003-03-22, 2003-10-25, 2003-11-15, 2004-04-17, 2004-05-24 (+73 more)"
ERROR,GAP_DAILY,universe_daily,NSE_EQ|INE156C01018,1d,19,"19 missing trading days (longest run 2): 2006-06-25, 2006-10-21, 2009-10-17, 2010-02-06, 2011-10-26 (+14 more)"
ERROR,GAP_DAILY,universe_daily,NSE_EQ|INE157H01023,1d,15,"15 missing trading days (longest run 1): 2009-10-17, 2010-02-06, 2011-10-26, 2012-01-07, 2012-03-03 (+10 more)"
ERROR,GAP_DAILY,universe_daily,NSE_EQ|INE158A01026,1d,46,"46 missing trading days (longest run 22): 2003-03-22, 2003-10-25, 2003-11-15, 2004-04-17, 2004-05-24 (+41 more)"
ERROR,GAP_DAILY,universe_daily,NSE_EQ|INE158B01016,1d,1074,"1074 missing trading days (longest run 992): 2007-02-22, 2007-05-10, 2007-05-22, 2007-05-30, 2007-06-07 (+1069 more)"
ERROR,GAP_DAILY,universe_daily,NSE_EQ|INE159A01016,1d,46,"46 missing trading days (longest run 22): 2003-03-22, 2003-10-25, 2003-11-15, 2004-04-17, 2004-05-24 (+41 more)"
ERROR,GAP_DAILY,universe_daily,NSE_EQ|INE160A01022,1d,46,"46 missing trading days (longest run 22): 2003-03-22, 2003-10-25, 2003-11-15, 2004-04-17, 2004-05-24 (+41 more)"
ERROR,GAP_DAILY,universe_daily,NSE_EQ|INE161A01038,1d,46,"46 missing trading days (longest run 22): 2003-03-22, 2003-10-25, 2003-11-15, 2004-04-17, 2004-05-24 (+41 more)"
ERROR,GAP_DAILY,universe_daily,NSE_EQ|INE162A01010,1d,46,"46 missing trading days (longest run 22): 2003-03-22, 2003-10-25, 2003-11-15, 2004-04-17, 2004-05-24 (+41 more)"
ERROR,GAP_DAILY,universe_daily,NSE_EQ|INE162B01018,1d,46,"46 missing trading days (longest run 22): 2003-03-22, 2003-10-25, 2003-11-15, 2004-04-17, 2004-05-24 (+41 more)"
ERROR,GAP_DAILY,universe_daily,NSE_EQ|INE162C01024,1d,1468,"1468 missing trading days (longest run 1342): 2015-02-26, 2015-02-28, 2015-06-26, 2015-07-14, 2015-09-23 (+1463 more)"
ERROR,GAP_DAILY,universe_daily,NSE_EQ|INE163A01018,1d,46,"46 missing trading days (longest run 22): 2003-03-22, 2003-10-25, 2003-11-15, 2004-04-17, 2004-05-24 (+41 more)"
ERROR,GAP_DAILY,universe_daily,NSE_EQ|INE164A01016,1d,46,"46 missing trading days (longest run 22): 2003-03-22, 2003-10-25, 2003-11-15, 2004-04-17, 2004-05-24 (+41 more)"
ERROR,GAP_DAILY,universe_daily,NSE_EQ|INE164B01030,1d,28,"28 missing trading days (longest run 25): 2016-10-30, 2017-10-19, 2018-11-07, 2019-01-17, 2019-01-18 (+23 more)"
ERROR,GAP_DAILY,universe_daily,NSE_EQ|INE165B01029,1d,57,"57 missing trading days (longest run 22): 2003-03-22, 2003-10-25, 2003-11-15, 2004-04-17, 2004-05-24 (+52 more)"
ERROR,GAP_DAILY,universe_daily,NSE_EQ|INE165G01010,1d,15,"15 missing trading days (longest run 4): 2026-08-19, 2026-08-25, 2026-08-26, 2026-08-27, 2026-09-08 (+10 more)"
ERROR,GAP_DAILY,universe_daily,NSE_EQ|INE168A01041,1d,46,"46 missing trading days (longest run 22): 2003-03-22, 2003-10-25, 2003-11-15, 2004-04-17, 2004-05-24 (+41 more)"
ERROR,GAP_DAILY,universe_daily,NSE_EQ|INE169A01031,1d,46,"46 missing trading days (longest run 22): 2003-03-22, 2003-10-25, 2003-11-15, 2004-04-17, 2004-05-24 (+41 more)"
ERROR,GAP_DAILY,universe_daily,NSE_EQ|INE170I01016,1d,14,"14 missing trading days (longest run 1): 2009-10-17, 2010-02-06, 2011-10-26, 2012-01-07, 2012-03-03 (+9 more)"
ERROR,GAP_DAILY,universe_daily,NSE_EQ|INE172A01027,1d,14,"14 missing trading days (longest run 1): 2009-10-17, 2010-02-06, 2011-10-26, 2012-01-07, 2012-03-03 (+9 more)"
ERROR,GAP_DAILY,universe_daily,NSE_EQ|INE173A01025,1d,1068,"1068 missing trading days (longest run 992): 2009-05-18, 2011-01-03, 2011-01-04, 2011-01-05, 2011-01-06 (+1063 more)"
ERROR,GAP_DAILY,universe_daily,NSE_EQ|INE175A01038,1d,46,"46 missing trading days (longest run 22): 2003-03-22, 2003-10-25, 2003-11-15, 2004-04-17, 2004-05-24 (+41 more)"
ERROR,GAP_DAILY,universe_daily,NSE_EQ|INE176A01028,1d,46,"46 missing trading days (longest run 22): 2003-03-22, 2003-10-25, 2003-11-15, 2004-04-17, 2004-05-24 (+41 more)"
ERROR,GAP_DAILY,universe_daily,NSE_EQ|INE176B01034,1d,46,"46 missing trading days (longest run 22): 2003-03-22, 2003-10-25, 2003-11-15, 2004-04-17, 2004-05-24 (+41 more)"
ERROR,GAP_DAILY,universe_daily,NSE_EQ|INE177A01018,1d,46,"46 missing trading days (longest run 22): 2003-03-22, 2003-10-25, 2003-11-15, 2004-04-17, 2004-05-24 (+41 more)"
ERROR,GAP_DAILY,universe_daily,NSE_EQ|INE177H01039,1d,17,"17 missing trading days (longest run 1): 2006-04-29, 2006-06-25, 2006-10-21, 2009-10-17, 2010-02-06 (+12 more)"
ERROR,GAP_DAILY,universe_daily,NSE_EQ|INE178A01016,1d,46,"46 missing trading days (longest run 22): 2003-03-22, 2003-10-25, 2003-11-15, 2004-04-17, 2004-05-24 (+41 more)"
ERROR,GAP_DAILY,universe_daily,NSE_EQ|INE179A01014,1d,46,"46 missing trading days (longest run 22): 2003-03-22, 2003-10-25, 2003-11-15, 2004-04-17, 2004-05-24 (+41 more)"
ERROR,GAP_DAILY,universe_daily,NSE_EQ|INE180A01020,1d,46,"46 missing trading days (longest run 22): 2003-03-22, 2003-10-25, 2003-11-15, 2004-04-17, 2004-05-24 (+41 more)"
ERROR,GAP_DAILY,universe_daily,NSE_EQ|INE180C01042,1d,12,"12 missing trading days (longest run 1): 2011-10-26, 2012-01-07, 2012-03-03, 2012-04-28, 2012-09-08 (+7 more)"
ERROR,GAP_DAILY,universe_daily,NSE_EQ|INE182A01018,1d,46,"46 missing trading days (longest run 22): 2003-03-22, 2003-10-25, 2003-11-15, 2004-04-17, 2004-05-24 (+41 more)"
ERROR,GAP_DAILY,universe_daily,NSE_EQ|INE183A01024,1d,46,"46 missing trading days (longest run 22): 2003-03-22, 2003-10-25, 2003-11-15, 2004-04-17, 2004-05-24 (+41 more)"
ERROR,GAP_DAILY,universe_daily,NSE_EQ|INE184H01027,1d,17,"17 missing trading days (longest run 1): 2006-04-29, 2006-06-25, 2006-10-21, 2009-10-17, 2010-02-06 (+12 more)"
ERROR,GAP_DAILY,universe_daily,NSE_EQ|INE185H01016,1d,19,"19 missing trading days (longest run 1): 2006-04-29, 2006-06-25, 2006-10-21, 2009-10-17, 2010-02-06 (+14 more)"
ERROR,GAP_DAILY,universe_daily,NSE_EQ|INE186A01019,1d,46,"46 missing trading days (longest run 22): 2003-03-22, 2003-10-25, 2003-11-15, 2004-04-17, 2004-05-24 (+41 more)"
ERROR,GAP_DAILY,universe_daily,NSE_EQ|INE187D01029,1d,15,"15 missing trading days (longest run 1): 2006-10-21, 2009-10-17, 2010-02-06, 2011-10-26, 2012-01-07 (+10 more)"
ERROR,GAP_DAILY,universe_daily,NSE_EQ|INE188A01015,1d,46,"46 missing trading days (longest run 22): 2003-03-22, 2003-10-25, 2003-11-15, 2004-04-17, 2004-05-24 (+41 more)"
ERROR,GAP_DAILY,universe_daily,NSE_EQ|INE188B01013,1d,46,"46 missing trading days (longest run 22): 2003-03-22, 2003-10-25, 2003-11-15, 2004-04-17, 2004-05-24 (+41 more)"
ERROR,GAP_DAILY,universe_daily,NSE_EQ|INE189B01011,1d,46,"46 missing trading days (longest run 22): 2003-03-22, 2003-10-25, 2003-11-15, 2004-04-17, 2004-05-24 (+41 more)"
ERROR,GAP_DAILY,universe_daily,NSE_EQ|INE189I01024,1d,14,"14 missing trading days (longest run 1): 2009-10-17, 2010-02-06, 2011-10-26, 2012-01-07, 2012-03-03 (+9 more)"
ERROR,GAP_DAILY,universe_daily,NSE_EQ|INE190H01024,1d,20,"20 missing trading days (longest run 1): 2006-04-29, 2006-06-25, 2006-10-21, 2009-10-17, 2010-02-06 (+15 more)"
ERROR,GAP_DAILY,universe_daily,NSE_EQ|INE191B01025,1d,43,"43 missing trading days (longest run 22): 2004-04-17, 2004-05-24, 2004-05-25, 2004-05-26, 2004-05-27 (+38 more)"
ERROR,GAP_DAILY,universe_daily,NSE_EQ|INE191H01014,1d,17,"17 missing trading days (longest run 1): 2006-04-29, 2006-06-25, 2006-10-21, 2009-10-17, 2010-02-06 (+12 more)"
ERROR,GAP_DAILY,universe_daily,NSE_EQ|INE192A01025,1d,46,"46 missing trading days (longest run 22): 2003-03-22, 2003-10-25, 2003-11-15, 2004-04-17, 2004-05-24 (+41 more)"
ERROR,GAP_DAILY,universe_daily,NSE_EQ|INE192B01031,1d,46,"46 missing trading days (longest run 22): 2003-03-22, 2003-10-25, 2003-11-15, 2004-04-17, 2004-05-24 (+41 more)"
ERROR,GAP_DAILY,universe_daily,NSE_EQ|INE193E01025,1d,14,"14 missing trading days (longest run 1): 2009-10-17, 2010-02-06, 2011-10-26, 2012-01-07, 2012-03-03 (+9 more)"
ERROR,GAP_DAILY,universe_daily,NSE_EQ|INE194D01017,1d,13,"13 missing trading days (longest run 2): 2026-05-19, 2026-06-04, 2026-06-08, 2026-06-09, 2026-06-15 (+8 more)"
ERROR,GAP_DAILY,universe_daily,NSE_EQ|INE195A01028,1d,46,"46 missing trading days (longest run 22): 2003-03-22, 2003-10-25, 2003-11-15, 2004-04-17, 2004-05-24 (+41 more)"
ERROR,GAP_DAILY,universe_daily,NSE_EQ|INE195N01013,1d,7,"7 missing trading days (longest run 1): 2013-05-11, 2013-11-03, 2014-03-22, 2015-02-28, 2016-10-30 (+2 more)"
ERROR,GAP_DAILY,universe_daily,NSE_EQ|INE196A01026,1d,46,"46 missing trading days (longest run 22): 2003-03-22, 2003-10-25, 2003-11-15, 2004-04-17, 2004-05-24 (+41 more)"
ERROR,GAP_DAILY,universe_daily,NSE_EQ|INE196Y01018,1d,245,"245 missing trading days (longest run 58): 2017-10-19, 2018-02-16, 2018-03-07, 2018-03-16, 2018-03-21 (+240 more)"
ERROR,GAP_DAILY,universe_daily,NSE_EQ|INE197A01024,1d,378,"378 missing trading days (longest run 57): 2003-03-22, 2003-10-25, 2003-11-15, 2004-04-17, 2004-05-24 (+373 more)"
ERROR,GAP_DAILY,universe_daily,NSE_EQ|INE197D01010,1d,46,"46 missing trading days (longest run 22): 2003-03-22, 2003-10-25, 2003-11-15, 2004-04-17, 2004-05-24 (+41 more)"
ERROR,GAP_DAILY,universe_daily,NSE_EQ|INE197J01017,1d,19,"19 missing trading days (longest run 2): 2009-10-17, 2010-02-06, 2011-10-26, 2012-01-07, 2012-03-03 (+14 more)"
ERROR,GAP_DAILY,universe_daily,NSE_EQ|INE199A01012,1d,46,"46 missing trading days (longest run 22): 2003-03-22, 2003-10-25, 2003-11-15, 2004-04-17, 2004-05-24 (+41 more)"
ERROR,GAP_DAILY,universe_daily,NSE_EQ|INE199C01026,1d,29,"29 missing trading days (longest run 2): 2009-10-17, 2010-02-06, 2011-10-26, 2012-01-07, 2012-03-03 (+24 more)"
ERROR,GAP_DAILY,universe_daily,NSE_EQ|INE199G01027,1d,17,"17 missing trading days (longest run 1): 2006-04-29, 2006-06-25, 2006-10-21, 2009-10-17, 2010-02-06 (+12 more)"
ERROR,GAP_DAILY,universe_daily,NSE_EQ|INE200A01026,1d,14,"14 missing trading days (longest run 1): 2009-10-17, 2010-02-06, 2011-10-26, 2012-01-07, 2012-03-03 (+9 more)"
ERROR,GAP_DAILY,universe_daily,NSE_EQ|INE201A01024,1d,46,"46 missing trading days (longest run 22): 2003-03-22, 2003-10-25, 2003-11-15, 2004-04-17, 2004-05-24 (+41 more)"
ERROR,GAP_DAILY,universe_daily,NSE_EQ|INE201K01015,1d,17,"17 missing trading days (longest run 4): 2010-02-06, 2011-10-26, 2012-01-07, 2012-03-03, 2012-04-28 (+12 more)"
ERROR,GAP_DAILY,universe_daily,NSE_EQ|INE202H01019,1d,1055,"1055 missing trading days (longest run 992): 2009-05-18, 2011-01-03, 2011-01-04, 2011-01-05, 2011-01-06 (+1050 more)"
ERROR,GAP_DAILY,universe_daily,NSE_EQ|INE203A01020,1d,46,"46 missing trading days (longest run 22): 2003-03-22, 2003-10-25, 2003-11-15, 2004-04-17, 2004-05-24 (+41 more)"
ERROR,GAP_DAILY,universe_daily,NSE_EQ|INE203G01027,1d,43,"43 missing trading days (longest run 22): 2004-04-17, 2004-05-24, 2004-05-25, 2004-05-26, 2004-05-27 (+38 more)"
ERROR,GAP_DAILY,universe_daily,NSE_EQ|INE203Y01012,1d,1067,"1067 missing trading days (longest run 736): 2015-01-06, 2015-01-07, 2015-01-09, 2015-01-12, 2015-01-15 (+1062 more)"
ERROR,GAP_DAILY,universe_daily,NSE_EQ|INE204A01010,1d,14,"14 missing trading days (longest run 1): 2009-10-17, 2010-02-06, 2011-10-26, 2012-01-07, 2012-03-03 (+9 more)"
ERROR,GAP_DAILY,universe_daily,NSE_EQ|INE204E01012,1d,6,"6 missing trading days (longest run 1): 2015-02-28, 2016-10-30, 2017-07-10, 2017-10-19, 2017-11-07 (+1 more)"
ERROR,GAP_DAILY,universe_daily,NSE_EQ|INE205A01025,1d,46,"46 missing trading days (longest run 22): 2003-03-22, 2003-10-25, 2003-11-15, 2004-04-17, 2004-05-24 (+41 more)"
ERROR,GAP_DAILY,universe_daily,NSE_EQ|INE205B01031,1d,15,"15 missing trading days (longest run 1): 2006-10-21, 2009-10-17, 2010-02-06, 2011-10-26, 2012-01-07 (+10 more)"
ERROR,GAP_DAILY,universe_daily,NSE_EQ|INE205C01021,1d,11,"11 missing trading days (longest run 1): 2012-01-07, 2012-03-03, 2012-04-28, 2012-09-08, 2013-05-11 (+6 more)"
ERROR,GAP_DAILY,universe_daily,NSE_EQ|INE206B01013,1d,59,"59 missing trading days (longest run 22): 2003-03-22, 2003-10-25, 2003-11-15, 2004-04-17, 2004-05-24 (+54 more)"
ERROR,GAP_DAILY,universe_daily,NSE_EQ|INE208A01029,1d,46,"46 missing trading days (longest run 22): 2003-03-22, 2003-10-25, 2003-11-15, 2004-04-17, 2004-05-24 (+41 more)"
ERROR,GAP_DAILY,universe_daily,NSE_EQ|INE208C01025,1d,46,"46 missing trading days (longest run 22): 2003-03-22, 2003-10-25, 2003-11-15, 2004-04-17, 2004-05-24 (+41 more)"
ERROR,GAP_DAILY,universe_daily,NSE_EQ|INE209A01019,1d,46,"46 missing trading days (longest run 22): 2003-03-22, 2003-10-25, 2003-11-15, 2004-04-17, 2004-05-24 (+41 more)"
ERROR,GAP_DAILY,universe_daily,NSE_EQ|INE209B01025,1d,46,"46 missing trading days (longest run 22): 2003-03-22, 2003-10-25, 2003-11-15, 2004-04-17, 2004-05-24 (+41 more)"
ERROR,GAP_DAILY,universe_daily,NSE_EQ|INE209L01016,1d,69,"69 missing trading days (longest run 57): 2011-10-26, 2012-01-07, 2012-03-03, 2012-04-28, 2012-09-08 (+64 more)"
ERROR,GAP_DAILY,universe_daily,NSE_EQ|INE210A01017,1d,76,"76 missing trading days (longest run 22): 2003-03-22, 2003-10-25, 2003-11-15, 2004-04-17, 2004-05-24 (+71 more)"
ERROR,GAP_DAILY,universe_daily,NSE_EQ|INE210C01013,1d,14,"14 missing trading days (longest run 1): 2009-10-17, 2010-02-06, 2011-10-26, 2012-01-07, 2012-03-03 (+9 more)"
ERROR,GAP_DAILY,universe_daily,NSE_EQ|INE211B01039,1d,14,"14 missing trading days (longest run 1): 2009-10-17, 2010-02-06, 2011-10-26, 2012-01-07, 2012-03-03 (+9 more)"
ERROR,GAP_DAILY,universe_daily,NSE_EQ|INE212H01026,1d,17,"17 missing trading days (longest run 1): 2006-04-29, 2006-06-25, 2006-10-21, 2009-10-17, 2010-02-06 (+12 more)"
ERROR,GAP_DAILY,universe_daily,NSE_EQ|INE213A01029,1d,46,"46 missing trading days (longest run 22): 2003-03-22, 2003-10-25, 2003-11-15, 2004-04-17, 2004-05-24 (+41 more)"
ERROR,GAP_DAILY,universe_daily,NSE_EQ|INE213C01025,1d,14,"14 missing trading days (longest run 1): 2009-10-17, 2010-02-06, 2011-10-26, 2012-01-07, 2012-03-03 (+9 more)"
ERROR,GAP_DAILY,universe_daily,NSE_EQ|INE215D01010,1d,1247,"1247 missing trading days (longest run 1247): 2015-01-30, 2015-02-02, 2015-02-03, 2015-02-04, 2015-02-05 (+1242 more)"
ERROR,GAP_DAILY,universe_daily,NSE_EQ|INE215F01023,1d,270,"270 missing trading days (longest run 58): 2017-04-24, 2017-06-30, 2017-07-04, 2017-08-09, 2017-08-10 (+265 more)"
ERROR,GAP_DAILY,universe_daily,NSE_EQ|INE215I01027,1d,27,"27 missing trading days (longest run 1): 2009-10-17, 2010-02-06, 2011-10-26, 2012-01-07, 2012-03-03 (+22 more)"
ERROR,GAP_DAILY,universe_daily,NSE_EQ|INE216A01030,1d,46,"46 missing trading days (longest run 22): 2003-03-22, 2003-10-25, 2003-11-15, 2004-04-17, 2004-05-24 (+41 more)"
ERROR,GAP_DAILY,universe_daily,NSE_EQ|INE217A01012,1d,46,"46 missing trading days (longest run 22): 2003-03-22, 2003-10-25, 2003-11-15, 2004-04-17, 2004-05-24 (+41 more)"
ERROR,GAP_DAILY,universe_daily,NSE_EQ|INE217B01036,1d,46,"46 missing trading days (longest run 22): 2003-03-22, 2003-10-25, 2003-11-15, 2004-04-17, 2004-05-24 (+41 more)"
ERROR,GAP_DAILY,universe_daily,NSE_EQ|INE217S01014,1d,8,"8 missing trading days (longest run 5): 2026-08-21, 2026-08-25, 2026-08-26, 2026-08-27, 2026-08-28 (+3 more)"
ERROR,GAP_DAILY,universe_daily,NSE_EQ|INE218C01016,1d,127,"127 missing trading days (longest run 22): 2003-03-22, 2003-10-25, 2003-11-15, 2004-04-17, 2004-05-24 (+122 more)"
ERROR,GAP_DAILY,universe_daily,NSE_EQ|INE220B01022,1d,46,"46 missing trading days (longest run 22): 2003-03-22, 2003-10-25, 2003-11-15, 2004-04-17, 2004-05-24 (+41 more)"
ERROR,GAP_DAILY,universe_daily,NSE_EQ|INE220G01021,1d,43,"43 missing trading days (longest run 22): 2004-04-17, 2004-05-24, 2004-05-25, 2004-05-26, 2004-05-27 (+38 more)"
ERROR,GAP_DAILY,universe_daily,NSE_EQ|INE221B01012,1d,15,"15 missing trading days (longest run 1): 2006-10-21, 2009-10-17, 2010-02-06, 2011-10-26, 2012-01-07 (+10 more)"
ERROR,GAP_DAILY,universe_daily,NSE_EQ|INE221H01019,1d,14,"14 missing trading days (longest run 1): 2009-10-17, 2010-02-06, 2011-10-26, 2012-01-07, 2012-03-03 (+9 more)"
ERROR,GAP_DAILY,universe_daily,NSE_EQ|INE224A01026,1d,20,"20 missing trading days (longest run 1): 2004-10-09, 2005-06-04, 2005-11-26, 2006-04-29, 2006-06-25 (+15 more)"
ERROR,GAP_DAILY,universe_daily,NSE_EQ|INE225D01027,1d,12,"12 missing trading days (longest run 1): 2011-10-26, 2012-01-07, 2012-03-03, 2012-04-28, 2012-09-08 (+7 more)"
ERROR,GAP_DAILY,universe_daily,NSE_EQ|INE226A01021,1d,46,"46 missing trading days (longest run 22): 2003-03-22, 2003-10-25, 2003-11-15, 2004-04-17, 2004-05-24 (+41 more)"
ERROR,GAP_DAILY,universe_daily,NSE_EQ|INE226H01026,1d,17,"17 missing trading days (longest run 1): 2006-04-29, 2006-06-25, 2006-10-21, 2009-10-17, 2010-02-06 (+12 more)"
ERROR,GAP_DAILY,universe_daily,NSE_EQ|INE227C01017,1d,46,"46 missing trading days (longest run 22): 2003-03-22, 2003-10-25, 2003-11-15, 2004-04-17, 2004-05-24 (+41 more)"
ERROR,GAP_DAILY,universe_daily,NSE_EQ|INE227G01018,1d,6,"6 missing trading days (longest run 2): 2015-02-28, 2016-10-30, 2017-10-19, 2018-11-07, 2023-01-05 (+1 more)"
ERROR,GAP_DAILY,universe_daily,NSE_EQ|INE228A01035,1d,46,"46 missing trading days (longest run 22): 2003-03-22, 2003-10-25, 2003-11-15, 2004-04-17, 2004-05-24 (+41 more)"
ERROR,GAP_DAILY,universe_daily,NSE_EQ|INE229A01017,1d,1002,"1002 missing trading days (longest run 992): 2009-03-17, 2009-05-18, 2009-07-01, 2011-01-03, 2011-01-04 (+997 more)"
ERROR,GAP_DAILY,universe_daily,NSE_EQ|INE229C01021,1d,46,"46 missing trading days (longest run 22): 2003-03-22, 2003-10-25, 2003-11-15, 2004-04-17, 2004-05-24 (+41 more)"
ERROR,GAP_DAILY,universe_daily,NSE_EQ|INE229H01012,1d,17,"17 missing trading days (longest run 1): 2006-04-29, 2006-06-25, 2006-10-21, 2009-10-17, 2010-02-06 (+12 more)"
ERROR,GAP_DAILY,universe_daily,NSE_EQ|INE230A01023,1d,46,"46 missing trading days (longest run 22): 2003-03-22, 2003-10-25, 2003-11-15, 2004-04-17, 2004-05-24 (+41 more)"
ERROR,GAP_DAILY,universe_daily,NSE_EQ|INE230B01021,1d,930,"930 missing trading days (longest run 600): 2003-03-22, 2003-10-25, 2003-11-15, 2004-04-17, 2004-05-24 (+925 more)"
ERROR,GAP_DAILY,universe_daily,NSE_EQ|INE231C01019,1d,101,"101 missing trading days (longest run 22): 2003-03-22, 2003-10-25, 2003-11-15, 2004-04-17, 2004-05-24 (+96 more)"
ERROR,GAP_DAILY,universe_daily,NSE_EQ|INE231F01020,1d,18,"18 missing trading days (longest run 1): 2005-11-26, 2006-04-29, 2006-06-25, 2006-10-21, 2009-10-17 (+13 more)"
ERROR,GAP_DAILY,universe_daily,NSE_EQ|INE232I01014,1d,14,"14 missing trading days (longest run 1): 2009-10-17, 2010-02-06, 2011-10-26, 2012-01-07, 2012-03-03 (+9 more)"
ERROR,GAP_DAILY,universe_daily,NSE_EQ|INE233A01035,1d,46,"46 missing trading days (longest run 22): 2003-03-22, 2003-10-25, 2003-11-15, 2004-04-17, 2004-05-24 (+41 more)"
ERROR,GAP_DAILY,universe_daily,NSE_EQ|INE233B01017,1d,46,"46 missing trading days (longest run 22): 2003-03-22, 2003-10-25, 2003-11-15, 2004-04-17, 2004-05-24 (+41 more)"
ERROR,GAP_DAILY,universe_daily,NSE_EQ|INE235A01022,1d,46,"46 missing trading days (longest run 22): 2003-03-22, 2003-10-25, 2003-11-15, 2004-04-17, 2004-05-24 (+41 more)"
ERROR,GAP_DAILY,universe_daily,NSE_EQ|INE236A01020,1d,46,"46 missing trading days (longest run 22): 2003-03-22, 2003-10-25, 2003-11-15, 2004-04-17, 2004-05-24 (+41 more)"
ERROR,GAP_DAILY,universe_daily,NSE_EQ|INE236G01019,1d,43,"43 missing trading days (longest run 22): 2004-04-17, 2004-05-24, 2004-05-25, 2004-05-26, 2004-05-27 (+38 more)"
ERROR,GAP_DAILY,universe_daily,NSE_EQ|INE237A01036,1d,46,"46 missing trading days (longest run 22): 2003-03-22, 2003-10-25, 2003-11-15, 2004-04-17, 2004-05-24 (+41 more)"
ERROR,GAP_DAILY,universe_daily,NSE_EQ|INE238A01034,1d,46,"46 missing trading days (longest run 22): 2003-03-22, 2003-10-25, 2003-11-15, 2004-04-17, 2004-05-24 (+41 more)"
ERROR,GAP_DAILY,universe_daily,NSE_EQ|INE239A01024,1d,13,"13 missing trading days (longest run 1): 2010-02-06, 2011-10-26, 2012-01-07, 2012-03-03, 2012-04-28 (+8 more)"
ERROR,GAP_DAILY,universe_daily,NSE_EQ|INE239D01028,1d,12,"12 missing trading days (longest run 1): 2011-10-26, 2012-01-07, 2012-03-03, 2012-04-28, 2012-09-08 (+7 more)"
ERROR,GAP_DAILY,universe_daily,NSE_EQ|INE240C01028,1d,1042,"1042 missing trading days (longest run 536): 2003-03-22, 2003-10-25, 2003-11-15, 2004-04-17, 2004-05-24 (+1037 more)"
ERROR,GAP_DAILY,universe_daily,NSE_EQ|INE242A01010,1d,46,"46 missing trading days (longest run 22): 2003-03-22, 2003-10-25, 2003-11-15, 2004-04-17, 2004-05-24 (+41 more)"
ERROR,GAP_DAILY,universe_daily,NSE_EQ|INE242C01024,1d,15,"15 missing trading days (longest run 1): 2006-10-21, 2009-10-17, 2010-02-06, 2011-10-26, 2012-01-07 (+10 more)"
ERROR,GAP_DAILY,universe_daily,NSE_EQ|INE243D01012,1d,14,"14 missing trading days (longest run 1): 2009-10-17, 2010-02-06, 2011-10-26, 2012-01-07, 2012-03-03 (+9 more)"
ERROR,GAP_DAILY,universe_daily,NSE_EQ|INE244A01016,1d,46,"46 missing trading days (longest run 22): 2003-03-22, 2003-10-25, 2003-11-15, 2004-04-17, 2004-05-24 (+41 more)"
ERROR,GAP_DAILY,universe_daily,NSE_EQ|INE244B01030,1d,19,"19 missing trading days (longest run 1): 2005-06-04, 2005-11-26, 2006-04-29, 2006-06-25, 2006-10-21 (+14 more)"
ERROR,GAP_DAILY,universe_daily,NSE_EQ|INE245A01021,1d,46,"46 missing trading days (longest run 22): 2003-03-22, 2003-10-25, 2003-11-15, 2004-04-17, 2004-05-24 (+41 more)"
ERROR,GAP_DAILY,universe_daily,NSE_EQ|INE245I01016,1d,266,"266 missing trading days (longest run 10): 2009-10-17, 2010-02-06, 2011-10-26, 2012-01-07, 2012-03-03 (+261 more)"
ERROR,GAP_DAILY,universe_daily,NSE_EQ|INE246B01019,1d,46,"46 missing trading days (longest run 22): 2003-03-22, 2003-10-25, 2003-11-15, 2004-04-17, 2004-05-24 (+41 more)"
ERROR,GAP_DAILY,universe_daily,NSE_EQ|INE247D01039,1d,24,"24 missing trading days (longest run 2): 2011-10-26, 2012-01-07, 2012-03-03, 2012-04-28, 2012-09-08 (+19 more)"
ERROR,GAP_DAILY,universe_daily,NSE_EQ|INE248A01017,1d,46,"46 missing trading days (longest run 22): 2003-03-22, 2003-10-25, 2003-11-15, 2004-04-17, 2004-05-24 (+41 more)"
ERROR,GAP_DAILY,universe_daily,NSE_EQ|INE249Z01020,1d,697,"697 missing trading days (longest run 561): 2017-12-05, 2017-12-06, 2017-12-07, 2017-12-08, 2017-12-11 (+692 more)"
ERROR,GAP_DAILY,universe_daily,NSE_EQ|INE250A01039,1d,46,"46 missing trading days (longest run 22): 2003-03-22, 2003-10-25, 2003-11-15, 2004-04-17, 2004-05-24 (+41 more)"
ERROR,GAP_DAILY,universe_daily,NSE_EQ|INE250B01029,1d,46,"46 missing trading days (longest run 22): 2003-03-22, 2003-10-25, 2003-11-15, 2004-04-17, 2004-05-24 (+41 more)"
ERROR,GAP_DAILY,universe_daily,NSE_EQ|INE250K01012,1d,13,"13 missing trading days (longest run 1): 2010-02-06, 2011-10-26, 2012-01-07, 2012-03-03, 2012-04-28 (+8 more)"
ERROR,GAP_DAILY,universe_daily,NSE_EQ|INE253B01015,1d,26,"26 missing trading days (longest run 3): 2018-03-07, 2018-03-09, 2018-03-12, 2018-03-13, 2018-04-12 (+21 more)"
ERROR,GAP_DAILY,universe_daily,NSE_EQ|INE255A01020,1d,46,"46 missing trading days (longest run 22): 2003-03-22, 2003-10-25, 2003-11-15, 2004-04-17, 2004-05-24 (+41 more)"
ERROR,GAP_DAILY,universe_daily,NSE_EQ|INE256A01028,1d,46,"46 missing trading days (longest run 22): 2003-03-22, 2003-10-25, 2003-11-15, 2004-04-17, 2004-05-24 (+41 more)"
ERROR,GAP_DAILY,universe_daily,NSE_EQ|INE256C01024,1d,46,"46 missing trading days (longest run 22): 2003-03-22, 2003-10-25, 2003-11-15, 2004-04-17, 2004-05-24 (+41 more)"
ERROR,GAP_DAILY,universe_daily,NSE_EQ|INE257A01026,1d,46,"46 missing trading days (longest run 22): 2003-03-22, 2003-10-25, 2003-11-15, 2004-04-17, 2004-05-24 (+41 more)"
ERROR,GAP_DAILY,universe_daily,NSE_EQ|INE258A01024,1d,46,"46 missing trading days (longest run 22): 2003-03-22, 2003-10-25, 2003-11-15, 2004-04-17, 2004-05-24 (+41 more)"
ERROR,GAP_DAILY,universe_daily,NSE_EQ|INE258B01022,1d,46,"46 missing trading days (longest run 22): 2003-03-22, 2003-10-25, 2003-11-15, 2004-04-17, 2004-05-24 (+41 more)"
ERROR,GAP_DAILY,universe_daily,NSE_EQ|INE258Y01016,1d,762,"762 missing trading days (longest run 98): 2020-04-30, 2020-05-04, 2020-05-07, 2020-05-11, 2020-05-12 (+757 more)"
ERROR,GAP_DAILY,universe_daily,NSE_EQ|INE259A01022,1d,46,"46 missing trading days (longest run 22): 2003-03-22, 2003-10-25, 2003-11-15, 2004-04-17, 2004-05-24 (+41 more)"
ERROR,GAP_DAILY,universe_daily,NSE_EQ|INE260B01028,1d,46,"46 missing trading days (longest run 22): 2003-03-22, 2003-10-25, 2003-11-15, 2004-04-17, 2004-05-24 (+41 more)"
ERROR,GAP_DAILY,universe_daily,NSE_EQ|INE260D01016,1d,999,"999 missing trading days (longest run 992): 2009-02-05, 2009-05-18, 2011-01-03, 2011-01-04, 2011-01-05 (+994 more)"
ERROR,GAP_DAILY,universe_daily,NSE_EQ|INE262H01021,1d,12,"12 missing trading days (longest run 1): 2011-10-26, 2012-01-07, 2012-03-03, 2012-04-28, 2012-09-08 (+7 more)"
ERROR,GAP_DAILY,universe_daily,NSE_EQ|INE262Z01023,1d,918,"918 missing trading days (longest run 103): 2018-06-13, 2018-06-15, 2018-06-18, 2018-06-19, 2018-06-21 (+913 more)"
ERROR,GAP_DAILY,universe_daily,NSE_EQ|INE263A01024,1d,46,"46 missing trading days (longest run 22): 2003-03-22, 2003-10-25, 2003-11-15, 2004-04-17, 2004-05-24 (+41 more)"
ERROR,GAP_DAILY,universe_daily,NSE_EQ|INE265F01028,1d,17,"17 missing trading days (longest run 1): 2006-04-29, 2006-06-25, 2006-10-21, 2009-10-17, 2010-02-06 (+12 more)"
ERROR,GAP_DAILY,universe_daily,NSE_EQ|INE266Y01019,1d,339,"339 missing trading days (longest run 64): 2018-01-15, 2018-02-15, 2018-02-26, 2018-03-01, 2018-03-09 (+334 more)"
ERROR,GAP_DAILY,universe_daily,NSE_EQ|INE267A01025,1d,919,"919 missing trading days (longest run 919): 2003-04-01, 2003-04-02, 2003-04-03, 2003-04-04, 2003-04-07 (+914 more)"
ERROR,GAP_DAILY,universe_daily,NSE_EQ|INE268B01013,1d,56,"56 missing trading days (longest run 6): 2016-10-30, 2016-11-11, 2016-11-17, 2016-11-18, 2016-11-23 (+51 more)"
ERROR,GAP_DAILY,universe_daily,NSE_EQ|INE269A01021,1d,46,"46 missing trading days (longest run 22): 2003-03-22, 2003-10-25, 2003-11-15, 2004-04-17, 2004-05-24 (+41 more)"
ERROR,GAP_DAILY,universe_daily,NSE_EQ|INE269B01029,1d,46,"46 missing trading days (longest run 22): 2003-03-22, 2003-10-25, 2003-11-15, 2004-04-17, 2004-05-24 (+41 more)"
ERROR,GAP_DAILY,universe_daily,NSE_EQ|INE271B01025,1d,46,"46 missing trading days (longest run 22): 2003-03-22, 2003-10-25, 2003-11-15, 2004-04-17, 2004-05-24 (+41 more)"
ERROR,GAP_DAILY,universe_daily,NSE_EQ|INE271C01023,1d,14,"14 missing trading days (longest run 1): 2009-10-17, 2010-02-06, 2011-10-26, 2012-01-07, 2012-03-03 (+9 more)"
ERROR,GAP_DAILY,universe_daily,NSE_EQ|INE272L01022,1d,12,"12 missing trading days (longest run 1): 2011-10-26, 2012-01-07, 2012-03-03, 2012-04-28, 2012-09-08 (+7 more)"
ERROR,GAP_DAILY,universe_daily,NSE_EQ|INE273D01027,1d,18,"18 missing trading days (longest run 1): 2009-10-17, 2010-02-06, 2011-10-26, 2012-01-07, 2012-03-03 (+13 more)"
ERROR,GAP_DAILY,universe_daily,NSE_EQ|INE274C01019,1d,46,"46 missing trading days (longest run 22): 2003-03-22, 2003-10-25, 2003-11-15, 2004-04-17, 2004-05-24 (+41 more)"
ERROR,GAP_DAILY,universe_daily,NSE_EQ|INE274J01014,1d,14,"14 missing trading days (longest run 1): 2009-10-17, 2010-02-06, 2011-10-26, 2012-01-07, 2012-03-03 (+9 more)"
ERROR,GAP_DAILY,universe_daily,NSE_EQ|INE275B01026,1d,46,"46 missing trading days (longest run 22): 2003-03-22, 2003-10-25, 2003-11-15, 2004-04-17, 2004-05-24 (+41 more)"
ERROR,GAP_DAILY,universe_daily,NSE_EQ|INE276A01018,1d,14,"14 missing trading days (longest run 1): 2009-10-17, 2010-02-06, 2011-10-26, 2012-01-07, 2012-03-03 (+9 more)"
ERROR,GAP_DAILY,universe_daily,NSE_EQ|INE276C01014,1d,16,"16 missing trading days (longest run 2): 2009-10-17, 2010-02-06, 2011-10-26, 2012-01-07, 2012-03-03 (+11 more)"
ERROR,GAP_DAILY,universe_daily,NSE_EQ|INE276G01015,1d,960,"960 missing trading days (longest run 948): 2018-02-07, 2018-02-08, 2018-02-09, 2018-02-12, 2018-02-14 (+955 more)"
ERROR,GAP_DAILY,universe_daily,NSE_EQ|INE277A01016,1d,46,"46 missing trading days (longest run 22): 2003-03-22, 2003-10-25, 2003-11-15, 2004-04-17, 2004-05-24 (+41 more)"
ERROR,GAP_DAILY,universe_daily,NSE_EQ|INE277B01014,1d,46,"46 missing trading days (longest run 22): 2003-03-22, 2003-10-25, 2003-11-15, 2004-04-17, 2004-05-24 (+41 more)"
ERROR,GAP_DAILY,universe_daily,NSE_EQ|INE277C01012,1d,1944,"1944 missing trading days (longest run 993): 2007-06-19, 2008-07-18, 2008-12-04, 2008-12-23, 2009-01-15 (+1939 more)"
ERROR,GAP_DAILY,universe_daily,NSE_EQ|INE278B01020,1d,72,"72 missing trading days (longest run 26): 2003-03-22, 2003-10-25, 2003-11-15, 2004-04-17, 2004-05-24 (+67 more)"
ERROR,GAP_DAILY,universe_daily,NSE_EQ|INE278G01037,1d,1784,"1784 missing trading days (longest run 994): 2008-11-14, 2009-02-25, 2009-02-27, 2009-05-18, 2009-07-02 (+1779 more)"
ERROR,GAP_DAILY,universe_daily,NSE_EQ|INE279A01012,1d,59,"59 missing trading days (longest run 22): 2003-03-22, 2003-10-25, 2003-11-15, 2004-04-17, 2004-05-24 (+54 more)"
ERROR,GAP_DAILY,universe_daily,NSE_EQ|INE280A01028,1d,46,"46 missing trading days (longest run 22): 2003-03-22, 2003-10-25, 2003-11-15, 2004-04-17, 2004-05-24 (+41 more)"
ERROR,GAP_DAILY,universe_daily,NSE_EQ|INE281A01026,1d,998,"998 missing trading days (longest run 992): 2009-05-18, 2011-01-03, 2011-01-04, 2011-01-05, 2011-01-06 (+993 more)"
ERROR,GAP_DAILY,universe_daily,NSE_EQ|INE283A01014,1d,1062,"1062 missing trading days (longest run 992): 2008-04-08, 2008-04-28, 2008-07-07, 2008-08-14, 2008-08-21 (+1057 more)"
ERROR,GAP_DAILY,universe_daily,NSE_EQ|INE283H01019,1d,17,"17 missing trading days (longest run 1): 2006-04-29, 2006-06-25, 2006-10-21, 2009-10-17, 2010-02-06 (+12 more)"
ERROR,GAP_DAILY,universe_daily,NSE_EQ|INE284A01012,1d,46,"46 missing trading days (longest run 22): 2003-03-22, 2003-10-25, 2003-11-15, 2004-04-17, 2004-05-24 (+41 more)"
ERROR,GAP_DAILY,universe_daily,NSE_EQ|INE285A01027,1d,46,"46 missing trading days (longest run 22): 2003-03-22, 2003-10-25, 2003-11-15, 2004-04-17, 2004-05-24 (+41 more)"
ERROR,GAP_DAILY,universe_daily,NSE_EQ|INE285H01022,1d,15,"15 missing trading days (longest run 1): 2006-10-21, 2009-10-17, 2010-02-06, 2011-10-26, 2012-01-07 (+10 more)"
ERROR,GAP_DAILY,universe_daily,NSE_EQ|INE286H01012,1d,285,"285 missing trading days (longest run 5): 2006-04-29, 2006-06-25, 2006-10-21, 2009-10-17, 2010-02-06 (+280 more)"
ERROR,GAP_DAILY,universe_daily,NSE_EQ|INE287B01021,1d,46,"46 missing trading days (longest run 22): 2003-03-22, 2003-10-25, 2003-11-15, 2004-04-17, 2004-05-24 (+41 more)"
ERROR,GAP_DAILY,universe_daily,NSE_EQ|INE287Z01012,1d,247,"247 missing trading days (longest run 8): 2018-11-07, 2021-07-22, 2021-07-23, 2021-07-27, 2021-07-28 (+242 more)"
ERROR,GAP_DAILY,universe_daily,NSE_EQ|INE288A01013,1d,50,"50 missing trading days (longest run 22): 2003-03-22, 2003-10-25, 2003-11-15, 2004-04-17, 2004-05-24 (+45 more)"
ERROR,GAP_DAILY,universe_daily,NSE_EQ|INE288B01029,1d,12,"12 missing trading days (longest run 1): 2011-10-26, 2012-01-07, 2012-03-03, 2012-04-28, 2012-09-08 (+7 more)"
ERROR,GAP_DAILY,universe_daily,NSE_EQ|INE289A01011,1d,46,"46 missing trading days (longest run 22): 2003-03-22, 2003-10-25, 2003-11-15, 2004-04-17, 2004-05-24 (+41 more)"
ERROR,GAP_DAILY,universe_daily,NSE_EQ|INE289B01019,1d,46,"46 missing trading days (longest run 22): 2003-03-22, 2003-10-25, 2003-11-15, 2004-04-17, 2004-05-24 (+41 more)"
ERROR,GAP_DAILY,universe_daily,NSE_EQ|INE289C01025,1d,1237,"1237 missing trading days (longest run 992): 2007-01-03, 2007-01-04, 2007-01-05, 2007-01-19, 2007-01-22 (+1232 more)"
ERROR,GAP_DAILY,universe_daily,NSE_EQ|INE290A01027,1d,46,"46 missing trading days (longest run 22): 2003-03-22, 2003-10-25, 2003-11-15, 2004-04-17, 2004-05-24 (+41 more)"
ERROR,GAP_DAILY,universe_daily,NSE_EQ|INE292B01021,1d,14,"14 missing trading days (longest run 1): 2009-10-17, 2010-02-06, 2011-10-26, 2012-01-07, 2012-03-03 (+9 more)"
ERROR,GAP_DAILY,universe_daily,NSE_EQ|INE293B01029,1d,91,"91 missing trading days (longest run 57): 2018-06-04, 2018-07-03, 2018-07-05, 2018-07-24, 2018-08-07 (+86 more)"
ERROR,GAP_DAILY,universe_daily,NSE_EQ|INE294B01019,1d,47,"47 missing trading days (longest run 22): 2003-03-22, 2003-10-25, 2003-11-15, 2004-04-17, 2004-05-24 (+42 more)"
ERROR,GAP_DAILY,universe_daily,NSE_EQ|INE294G01026,1d,12,"12 missing trading days (longest run 4): 2020-10-15, 2020-11-02, 2020-11-12, 2023-02-14, 2023-02-15 (+7 more)"
ERROR,GAP_DAILY,universe_daily,NSE_EQ|INE296A01032,1d,46,"46 missing trading days (longest run 22): 2003-03-22, 2003-10-25, 2003-11-15, 2004-04-17, 2004-05-24 (+41 more)"
ERROR,GAP_DAILY,universe_daily,NSE_EQ|INE296H01011,1d,24,"24 missing trading days (longest run 2): 2006-04-29, 2006-06-25, 2006-10-21, 2009-10-17, 2010-02-06 (+19 more)"
ERROR,GAP_DAILY,universe_daily,NSE_EQ|INE297H01019,1d,112,"112 missing trading days (longest run 42): 2006-04-29, 2006-06-25, 2006-10-21, 2009-10-17, 2010-02-06 (+107 more)"
ERROR,GAP_DAILY,universe_daily,NSE_EQ|INE298A01020,1d,46,"46 missing trading days (longest run 22): 2003-03-22, 2003-10-25, 2003-11-15, 2004-04-17, 2004-05-24 (+41 more)"
ERROR,GAP_DAILY,universe_daily,NSE_EQ|INE298G01035,1d,47,"47 missing trading days (longest run 22): 2003-03-22, 2003-10-25, 2003-11-15, 2004-04-17, 2004-05-24 (+42 more)"
ERROR,GAP_DAILY,universe_daily,NSE_EQ|INE298I01015,1d,14,"14 missing trading days (longest run 1): 2009-10-17, 2010-02-06, 2011-10-26, 2012-01-07, 2012-03-03 (+9 more)"
ERROR,GAP_DAILY,universe_daily,NSE_EQ|INE301A01014,1d,46,"46 missing trading days (longest run 22): 2003-03-22, 2003-10-25, 2003-11-15, 2004-04-17, 2004-05-24 (+41 more)"
ERROR,GAP_DAILY,universe_daily,NSE_EQ|INE302A01020,1d,46,"46 missing trading days (longest run 22): 2003-03-22, 2003-10-25, 2003-11-15, 2004-04-17, 2004-05-24 (+41 more)"
ERROR,GAP_DAILY,universe_daily,NSE_EQ|INE303A01010,1d,46,"46 missing trading days (longest run 22): 2003-03-22, 2003-10-25, 2003-11-15, 2004-04-17, 2004-05-24 (+41 more)"
ERROR,GAP_DAILY,universe_daily,NSE_EQ|INE304A01026,1d,46,"46 missing trading days (longest run 22): 2003-03-22, 2003-10-25, 2003-11-15, 2004-04-17, 2004-05-24 (+41 more)"
ERROR,GAP_DAILY,universe_daily,NSE_EQ|INE305A01023,1d,46,"46 missing trading days (longest run 22): 2003-03-22, 2003-10-25, 2003-11-15, 2004-04-17, 2004-05-24 (+41 more)"
ERROR,GAP_DAILY,universe_daily,NSE_EQ|INE305C01029,1d,15,"15 missing trading days (longest run 1): 2011-10-26, 2012-01-07, 2012-03-03, 2012-04-28, 2012-09-08 (+10 more)"
ERROR,GAP_DAILY,universe_daily,NSE_EQ|INE306A01021,1d,46,"46 missing trading days (longest run 22): 2003-03-22, 2003-10-25, 2003-11-15, 2004-04-17, 2004-05-24 (+41 more)"
ERROR,GAP_DAILY,universe_daily,NSE_EQ|INE306C01019,1d,42,"42 missing trading days (longest run 26): 2009-10-17, 2010-02-06, 2011-10-26, 2012-01-07, 2012-03-03 (+37 more)"
ERROR,GAP_DAILY,universe_daily,NSE_EQ|INE308A01027,1d,48,"48 missing trading days (longest run 22): 2003-03-22, 2003-10-25, 2003-11-15, 2004-04-17, 2004-05-24 (+43 more)"
ERROR,GAP_DAILY,universe_daily,NSE_EQ|INE309M01020,1d,397,"397 missing trading days (longest run 31): 2003-03-22, 2003-10-25, 2003-11-15, 2004-04-17, 2004-05-24 (+392 more)"
ERROR,GAP_DAILY,universe_daily,NSE_EQ|INE310A01015,1d,46,"46 missing trading days (longest run 22): 2003-03-22, 2003-10-25, 2003-11-15, 2004-04-17, 2004-05-24 (+41 more)"
ERROR,GAP_DAILY,universe_daily,NSE_EQ|INE310C01029,1d,46,"46 missing trading days (longest run 22): 2003-03-22, 2003-10-25, 2003-11-15, 2004-04-17, 2004-05-24 (+41 more)"
ERROR,GAP_DAILY,universe_daily,NSE_EQ|INE314C01013,1d,1142,"1142 missing trading days (longest run 992): 2008-07-01, 2008-09-17, 2008-09-23, 2009-05-18, 2011-01-03 (+1137 more)"
ERROR,GAP_DAILY,universe_daily,NSE_EQ|INE314G01014,1d,1253,"1253 missing trading days (longest run 992): 2008-02-08, 2008-02-21, 2008-04-03, 2008-04-04, 2008-05-26 (+1248 more)"
ERROR,GAP_DAILY,universe_daily,NSE_EQ|INE314T01033,1d,36,"36 missing trading days (longest run 32): 2016-04-29, 2016-10-30, 2017-10-19, 2018-11-07, 2019-01-08 (+31 more)"
ERROR,GAP_DAILY,universe_daily,NSE_EQ|INE317F01035,1d,14,"14 missing trading days (longest run 1): 2009-10-17, 2010-02-06, 2011-10-26, 2012-01-07, 2012-03-03 (+9 more)"
ERROR,GAP_DAILY,universe_daily,NSE_EQ|INE318A01026,1d,46,"46 missing trading days (longest run 22): 2003-03-22, 2003-10-25, 2003-11-15, 2004-04-17, 2004-05-24 (+41 more)"
ERROR,GAP_DAILY,universe_daily,NSE_EQ|INE318C01014,1d,19,"19 missing trading days (longest run 5): 2026-05-07, 2026-05-18, 2026-05-20, 2026-05-22, 2026-05-25 (+14 more)"
ERROR,GAP_DAILY,universe_daily,NSE_EQ|INE318D01020,1d,711,"711 missing trading days (longest run 166): 2009-10-17, 2010-02-06, 2011-10-26, 2012-01-07, 2012-03-03 (+706 more)"
ERROR,GAP_DAILY,universe_daily,NSE_EQ|INE320B01020,1d,14,"14 missing trading days (longest run 1): 2009-10-17, 2010-02-06, 2011-10-26, 2012-01-07, 2012-03-03 (+9 more)"
ERROR,GAP_DAILY,universe_daily,NSE_EQ|INE320L01011,1d,16,"16 missing trading days (longest run 1): 2011-10-26, 2012-01-07, 2012-03-03, 2012-04-28, 2012-09-08 (+11 more)"
ERROR,GAP_DAILY,universe_daily,NSE_EQ|INE321M01017,1d,33,"33 missing trading days (longest run 4): 2026-04-23, 2026-04-24, 2026-04-27, 2026-05-15, 2026-05-18 (+28 more)"
ERROR,GAP_DAILY,universe_daily,NSE_EQ|INE322A01010,1d,46,"46 missing trading days (longest run 22): 2003-03-22, 2003-10-25, 2003-11-15, 2004-04-17, 2004-05-24 (+41 more)"
ERROR,GAP_DAILY,universe_daily,NSE_EQ|INE323A01026,1d,46,"46 missing trading days (longest run 22): 2003-03-22, 2003-10-25, 2003-11-15, 2004-04-17, 2004-05-24 (+41 more)"
ERROR,GAP_DAILY,universe_daily,NSE_EQ|INE323C01030,1d,46,"46 missing trading days (longest run 22): 2003-03-22, 2003-10-25, 2003-11-15, 2004-04-17, 2004-05-24 (+41 more)"
ERROR,GAP_DAILY,universe_daily,NSE_EQ|INE323I01011,1d,14,"14 missing trading days (longest run 1): 2009-10-17, 2010-02-06, 2011-10-26, 2012-01-07, 2012-03-03 (+9 more)"
ERROR,GAP_DAILY,universe_daily,NSE_EQ|INE323J01019,1d,23,"23 missing trading days (longest run 5): 2016-07-26, 2016-08-05, 2016-08-08, 2016-08-22, 2016-09-02 (+18 more)"
ERROR,GAP_DAILY,universe_daily,NSE_EQ|INE324A01032,1d,44,"44 missing trading days (longest run 22): 2003-03-22, 2003-10-25, 2003-11-15, 2004-04-17, 2004-05-24 (+39 more)"
ERROR,GAP_DAILY,universe_daily,NSE_EQ|INE324L01013,1d,12,"12 missing trading days (longest run 1): 2011-10-26, 2012-01-07, 2012-03-03, 2012-04-28, 2012-09-08 (+7 more)"
ERROR,GAP_DAILY,universe_daily,NSE_EQ|INE324X01026,1d,224,"224 missing trading days (longest run 58): 2018-04-27, 2018-05-10, 2018-06-04, 2018-06-14, 2018-06-21 (+219 more)"
ERROR,GAP_DAILY,universe_daily,NSE_EQ|INE325A01013,1d,46,"46 missing trading days (longest run 22): 2003-03-22, 2003-10-25, 2003-11-15, 2004-04-17, 2004-05-24 (+41 more)"
ERROR,GAP_DAILY,universe_daily,NSE_EQ|INE326A01037,1d,46,"46 missing trading days (longest run 22): 2003-03-22, 2003-10-25, 2003-11-15, 2004-04-17, 2004-05-24 (+41 more)"
ERROR,GAP_DAILY,universe_daily,NSE_EQ|INE326B01035,1d,37,"37 missing trading days (longest run 3): 2009-10-17, 2010-02-06, 2011-10-26, 2012-01-07, 2012-03-03 (+32 more)"
ERROR,GAP_DAILY,universe_daily,NSE_EQ|INE326T01011,1d,317,"317 missing trading days (longest run 115): 2024-03-12, 2024-03-13, 2024-03-15, 2024-03-18, 2024-03-19 (+312 more)"
ERROR,GAP_DAILY,universe_daily,NSE_EQ|INE331A01037,1d,46,"46 missing trading days (longest run 22): 2003-03-22, 2003-10-25, 2003-11-15, 2004-04-17, 2004-05-24 (+41 more)"
ERROR,GAP_DAILY,universe_daily,NSE_EQ|INE332A01027,1d,47,"47 missing trading days (longest run 22): 2003-03-22, 2003-10-25, 2003-11-15, 2004-04-17, 2004-05-24 (+42 more)"
ERROR,GAP_DAILY,universe_daily,NSE_EQ|INE332H01014,1d,36,"36 missing trading days (longest run 4): 2006-04-29, 2006-06-25, 2006-10-21, 2009-10-17, 2010-02-06 (+31 more)"
ERROR,GAP_DAILY,universe_daily,NSE_EQ|INE335A01020,1d,46,"46 missing trading days (longest run 22): 2003-03-22, 2003-10-25, 2003-11-15, 2004-04-17, 2004-05-24 (+41 more)"
ERROR,GAP_DAILY,universe_daily,NSE_EQ|INE335W01016,1d,39,"39 missing trading days (longest run 26): 2017-10-19, 2018-10-26, 2018-11-07, 2018-11-26, 2018-12-03 (+34 more)"
ERROR,GAP_DAILY,universe_daily,NSE_EQ|INE336X01012,1d,292,"292 missing trading days (longest run 58): 2017-10-03, 2017-10-23, 2017-11-09, 2017-11-13, 2017-12-18 (+287 more)"
ERROR,GAP_DAILY,universe_daily,NSE_EQ|INE337A01034,1d,46,"46 missing trading days (longest run 22): 2003-03-22, 2003-10-25, 2003-11-15, 2004-04-17, 2004-05-24 (+41 more)"
ERROR,GAP_DAILY,universe_daily,NSE_EQ|INE337M01021,1d,25,"25 missing trading days (longest run 1): 2012-01-07, 2012-03-03, 2012-04-28, 2012-09-08, 2013-05-11 (+20 more)"
ERROR,GAP_DAILY,universe_daily,NSE_EQ|INE338A01024,1d,46,"46 missing trading days (longest run 22): 2003-03-22, 2003-10-25, 2003-11-15, 2004-04-17, 2004-05-24 (+41 more)"
ERROR,GAP_DAILY,universe_daily,NSE_EQ|INE338I01027,1d,14,"14 missing trading days (longest run 1): 2009-10-17, 2010-02-06, 2011-10-26, 2012-01-07, 2012-03-03 (+9 more)"
ERROR,GAP_DAILY,universe_daily,NSE_EQ|INE340A01012,1d,46,"46 missing trading days (longest run 22): 2003-03-22, 2003-10-25, 2003-11-15, 2004-04-17, 2004-05-24 (+41 more)"
ERROR,GAP_DAILY,universe_daily,NSE_EQ|INE342J01019,1d,14,"14 missing trading days (longest run 1): 2009-10-17, 2010-02-06, 2011-10-26, 2012-01-07, 2012-03-03 (+9 more)"
ERROR,GAP_DAILY,universe_daily,NSE_EQ|INE343H01029,1d,17,"17 missing trading days (longest run 1): 2006-04-29, 2006-06-25, 2006-10-21, 2009-10-17, 2010-02-06 (+12 more)"
ERROR,GAP_DAILY,universe_daily,NSE_EQ|INE344S01016,1d,145,"145 missing trading days (longest run 57): 2017-09-05, 2017-09-07, 2017-10-19, 2017-12-13, 2017-12-18 (+140 more)"
ERROR,GAP_DAILY,universe_daily,NSE_EQ|INE345A01011,1d,46,"46 missing trading days (longest run 22): 2003-03-22, 2003-10-25, 2003-11-15, 2004-04-17, 2004-05-24 (+41 more)"
ERROR,GAP_DAILY,universe_daily,NSE_EQ|INE347A01017,1d,46,"46 missing trading days (longest run 22): 2003-03-22, 2003-10-25, 2003-11-15, 2004-04-17, 2004-05-24 (+41 more)"
ERROR,GAP_DAILY,universe_daily,NSE_EQ|INE347G01014,1d,43,"43 missing trading days (longest run 22): 2004-04-17, 2004-05-24, 2004-05-25, 2004-05-26, 2004-05-27 (+38 more)"
ERROR,GAP_DAILY,universe_daily,NSE_EQ|INE347W01011,1d,28,"28 missing trading days (longest run 26): 2017-10-19, 2018-11-07, 2018-12-03, 2018-12-04, 2018-12-05 (+23 more)"
ERROR,GAP_DAILY,universe_daily,NSE_EQ|INE348A01023,1d,46,"46 missing trading days (longest run 22): 2003-03-22, 2003-10-25, 2003-11-15, 2004-04-17, 2004-05-24 (+41 more)"
ERROR,GAP_DAILY,universe_daily,NSE_EQ|INE348B01021,1d,17,"17 missing trading days (longest run 1): 2006-04-29, 2006-06-25, 2006-10-21, 2009-10-17, 2010-02-06 (+12 more)"
ERROR,GAP_DAILY,universe_daily,NSE_EQ|INE349A01021,1d,46,"46 missing trading days (longest run 22): 2003-03-22, 2003-10-25, 2003-11-15, 2004-04-17, 2004-05-24 (+41 more)"
ERROR,GAP_DAILY,universe_daily,NSE_EQ|INE350H01032,1d,17,"17 missing trading days (longest run 1): 2006-04-29, 2006-06-25, 2006-10-21, 2009-10-17, 2010-02-06 (+12 more)"
ERROR,GAP_DAILY,universe_daily,NSE_EQ|INE351A01035,1d,46,"46 missing trading days (longest run 22): 2003-03-22, 2003-10-25, 2003-11-15, 2004-04-17, 2004-05-24 (+41 more)"
ERROR,GAP_DAILY,universe_daily,NSE_EQ|INE351F01018,1d,19,"19 missing trading days (longest run 1): 2005-06-04, 2005-11-26, 2006-04-29, 2006-06-25, 2006-10-21 (+14 more)"
ERROR,GAP_DAILY,universe_daily,NSE_EQ|INE351Y01019,1d,199,"199 missing trading days (longest run 57): 2017-10-19, 2018-03-09, 2018-05-08, 2018-05-11, 2018-05-14 (+194 more)"
ERROR,GAP_DAILY,universe_daily,NSE_EQ|INE353A01023,1d,46,"46 missing trading days (longest run 22): 2003-03-22, 2003-10-25, 2003-11-15, 2004-04-17, 2004-05-24 (+41 more)"
ERROR,GAP_DAILY,universe_daily,NSE_EQ|INE353H01010,1d,168,"168 missing trading days (longest run 26): 2006-04-29, 2006-06-25, 2006-10-21, 2009-10-17, 2010-02-06 (+163 more)"
ERROR,GAP_DAILY,universe_daily,NSE_EQ|INE355A01028,1d,49,"49 missing trading days (longest run 22): 2003-03-22, 2003-10-25, 2003-11-15, 2004-04-17, 2004-05-24 (+44 more)"
ERROR,GAP_DAILY,universe_daily,NSE_EQ|INE356A01018,1d,46,"46 missing trading days (longest run 22): 2003-03-22, 2003-10-25, 2003-11-15, 2004-04-17, 2004-05-24 (+41 more)"
ERROR,GAP_DAILY,universe_daily,NSE_EQ|INE358A01014,1d,46,"46 missing trading days (longest run 22): 2003-03-22, 2003-10-25, 2003-11-15, 2004-04-17, 2004-05-24 (+41 more)"
ERROR,GAP_DAILY,universe_daily,NSE_EQ|INE358U01012,1d,99,"99 missing trading days (longest run 57): 2004-05-24, 2004-05-25, 2004-05-26, 2004-05-27, 2004-05-28 (+94 more)"
ERROR,GAP_DAILY,universe_daily,NSE_EQ|INE360L01017,1d,14,"14 missing trading days (longest run 1): 2011-10-26, 2012-01-07, 2012-03-03, 2012-04-28, 2012-09-08 (+9 more)"
ERROR,GAP_DAILY,universe_daily,NSE_EQ|INE361B01024,1d,46,"46 missing trading days (longest run 22): 2003-03-22, 2003-10-25, 2003-11-15, 2004-04-17, 2004-05-24 (+41 more)"
ERROR,GAP_DAILY,universe_daily,NSE_EQ|INE362A01016,1d,1561,"1561 missing trading days (longest run 992): 2009-05-18, 2011-01-03, 2011-01-04, 2011-01-05, 2011-01-06 (+1556 more)"
ERROR,GAP_DAILY,universe_daily,NSE_EQ|INE363A01022,1d,49,"49 missing trading days (longest run 22): 2003-03-22, 2003-10-25, 2003-11-15, 2004-04-17, 2004-05-24 (+44 more)"
ERROR,GAP_DAILY,universe_daily,NSE_EQ|INE364A01020,1d,46,"46 missing trading days (longest run 22): 2003-03-22, 2003-10-25, 2003-11-15, 2004-04-17, 2004-05-24 (+41 more)"
ERROR,GAP_DAILY,universe_daily,NSE_EQ|INE365B01017,1d,42,"42 missing trading days (longest run 22): 2004-05-24, 2004-05-25, 2004-05-26, 2004-05-27, 2004-05-28 (+37 more)"
ERROR,GAP_DAILY,universe_daily,NSE_EQ|INE365D01021,1d,12,"12 missing trading days (longest run 1): 2011-10-26, 2012-01-07, 2012-03-03, 2012-04-28, 2012-09-08 (+7 more)"
ERROR,GAP_DAILY,universe_daily,NSE_EQ|INE365I01020,1d,24,"24 missing trading days (longest run 5): 2016-12-14, 2016-12-16, 2016-12-19, 2016-12-21, 2016-12-22 (+19 more)"
ERROR,GAP_DAILY,universe_daily,NSE_EQ|INE366A01041,1d,45,"45 missing trading days (longest run 26): 2005-06-04, 2005-11-26, 2006-04-29, 2006-06-25, 2006-10-21 (+40 more)"
ERROR,GAP_DAILY,universe_daily,NSE_EQ|INE367G01038,1d,16,"16 missing trading days (longest run 1): 2006-06-25, 2006-10-21, 2009-10-17, 2010-02-06, 2011-10-26 (+11 more)"
ERROR,GAP_DAILY,universe_daily,NSE_EQ|INE368U01029,1d,1017,"1017 missing trading days (longest run 82): 2016-06-15, 2016-06-17, 2016-06-22, 2016-06-23, 2016-06-24 (+1012 more)"
ERROR,GAP_DAILY,universe_daily,NSE_EQ|INE369A01029,1d,46,"46 missing trading days (longest run 22): 2003-03-22, 2003-10-25, 2003-11-15, 2004-04-17, 2004-05-24 (+41 more)"
ERROR,GAP_DAILY,universe_daily,NSE_EQ|INE369C01017,1d,1012,"1012 missing trading days (longest run 247): 2003-03-22, 2003-10-25, 2003-11-15, 2004-04-17, 2004-05-24 (+1007 more)"
ERROR,GAP_DAILY,universe_daily,NSE_EQ|INE370E01029,1d,6,"6 missing trading days (longest run 1): 2013-11-03, 2014-03-22, 2015-02-28, 2016-10-30, 2017-10-19 (+1 more)"
ERROR,GAP_DAILY,universe_daily,NSE_EQ|INE371A01025,1d,46,"46 missing trading days (longest run 22): 2003-03-22, 2003-10-25, 2003-11-15, 2004-04-17, 2004-05-24 (+41 more)"
ERROR,GAP_DAILY,universe_daily,NSE_EQ|INE372A01015,1d,21,"21 missing trading days (longest run 1): 2004-10-09, 2005-06-04, 2005-11-26, 2006-04-29, 2006-06-25 (+16 more)"
ERROR,GAP_DAILY,universe_daily,NSE_EQ|INE372C01037,1d,46,"46 missing trading days (longest run 22): 2003-03-22, 2003-10-25, 2003-11-15, 2004-04-17, 2004-05-24 (+41 more)"
ERROR,GAP_DAILY,universe_daily,NSE_EQ|INE373A01013,1d,46,"46 missing trading days (longest run 22): 2003-03-22, 2003-10-25, 2003-11-15, 2004-04-17, 2004-05-24 (+41 more)"
ERROR,GAP_DAILY,universe_daily,NSE_EQ|INE375Y01018,1d,901,"901 missing trading days (longest run 57): 2017-10-19, 2017-11-16, 2017-11-17, 2017-11-28, 2017-12-07 (+896 more)"
ERROR,GAP_DAILY,universe_daily,NSE_EQ|INE376G01013,1d,43,"43 missing trading days (longest run 22): 2004-04-17, 2004-05-24, 2004-05-25, 2004-05-26, 2004-05-27 (+38 more)"
ERROR,GAP_DAILY,universe_daily,NSE_EQ|INE383A01012,1d,46,"46 missing trading days (longest run 22): 2003-03-22, 2003-10-25, 2003-11-15, 2004-04-17, 2004-05-24 (+41 more)"
ERROR,GAP_DAILY,universe_daily,NSE_EQ|INE383H01017,1d,72,"72 missing trading days (longest run 3): 2006-04-29, 2006-06-25, 2006-10-21, 2009-10-17, 2010-02-06 (+67 more)"
ERROR,GAP_DAILY,universe_daily,NSE_EQ|INE384A01010,1d,46,"46 missing trading days (longest run 22): 2003-03-22, 2003-10-25, 2003-11-15, 2004-04-17, 2004-05-24 (+41 more)"
ERROR,GAP_DAILY,universe_daily,NSE_EQ|INE385C01021,1d,13,"13 missing trading days (longest run 1): 2010-02-06, 2011-10-26, 2012-01-07, 2012-03-03, 2012-04-28 (+8 more)"
ERROR,GAP_DAILY,universe_daily,NSE_EQ|INE385I01010,1d,1005,"1005 missing trading days (longest run 992): 2009-05-18, 2011-01-03, 2011-01-04, 2011-01-05, 2011-01-06 (+1000 more)"
ERROR,GAP_DAILY,universe_daily,NSE_EQ|INE386A01023,1d,46,"46 missing trading days (longest run 22): 2003-03-22, 2003-10-25, 2003-11-15, 2004-04-17, 2004-05-24 (+41 more)"
ERROR,GAP_DAILY,universe_daily,NSE_EQ|INE386C01029,1d,19,"19 missing trading days (longest run 1): 2005-06-04, 2005-11-26, 2006-04-29, 2006-06-25, 2006-10-21 (+14 more)"
ERROR,GAP_DAILY,universe_daily,NSE_EQ|INE387A01021,1d,46,"46 missing trading days (longest run 22): 2003-03-22, 2003-10-25, 2003-11-15, 2004-04-17, 2004-05-24 (+41 more)"
ERROR,GAP_DAILY,universe_daily,NSE_EQ|INE387I01016,1d,70,"70 missing trading days (longest run 4): 2009-10-17, 2010-02-06, 2011-10-26, 2012-01-07, 2012-03-03 (+65 more)"
ERROR,GAP_DAILY,universe_daily,NSE_EQ|INE389C01015,1d,1222,"1222 missing trading days (longest run 1222): 2017-02-27, 2017-02-28, 2017-03-01, 2017-03-02, 2017-03-03 (+1217 more)"
ERROR,GAP_DAILY,universe_daily,NSE_EQ|INE389H01022,1d,17,"17 missing trading days (longest run 1): 2006-04-29, 2006-06-25, 2006-10-21, 2009-10-17, 2010-02-06 (+12 more)"
ERROR,GAP_DAILY,universe_daily,NSE_EQ|INE390D01011,1d,6,"6 missing trading days (longest run 2): 2026-08-19, 2026-08-20, 2026-08-26, 2026-09-18, 2026-09-22 (+1 more)"
ERROR,GAP_DAILY,universe_daily,NSE_EQ|INE391D01019,1d,51,"51 missing trading days (longest run 4): 2010-02-06, 2011-10-26, 2012-01-07, 2012-03-03, 2012-04-28 (+46 more)"
ERROR,GAP_DAILY,universe_daily,NSE_EQ|INE392A01021,1d,46,"46 missing trading days (longest run 22): 2003-03-22, 2003-10-25, 2003-11-15, 2004-04-17, 2004-05-24 (+41 more)"
ERROR,GAP_DAILY,universe_daily,NSE_EQ|INE392B01011,1d,56,"56 missing trading days (longest run 22): 2003-03-22, 2003-10-25, 2003-11-15, 2004-04-17, 2004-05-24 (+51 more)"
ERROR,GAP_DAILY,universe_daily,NSE_EQ|INE393A01011,1d,340,"340 missing trading days (longest run 26): 2003-03-22, 2003-10-25, 2003-11-15, 2004-04-17, 2004-05-24 (+335 more)"
ERROR,GAP_DAILY,universe_daily,NSE_EQ|INE395H01011,1d,319,"319 missing trading days (longest run 195): 2016-03-29, 2016-03-30, 2016-04-04, 2016-04-06, 2016-04-07 (+314 more)"
ERROR,GAP_DAILY,universe_daily,NSE_EQ|INE395U01014,1d,20,"20 missing trading days (longest run 5): 2023-06-19, 2023-06-20, 2023-06-21, 2023-06-22, 2023-06-23 (+15 more)"
ERROR,GAP_DAILY,universe_daily,NSE_EQ|INE397D01024,1d,46,"46 missing trading days (longest run 22): 2003-03-22, 2003-10-25, 2003-11-15, 2004-04-17, 2004-05-24 (+41 more)"
ERROR,GAP_DAILY,universe_daily,NSE_EQ|INE398A01010,1d,46,"46 missing trading days (longest run 22): 2003-03-22, 2003-10-25, 2003-11-15, 2004-04-17, 2004-05-24 (+41 more)"
ERROR,GAP_DAILY,universe_daily,NSE_EQ|INE398B01018,1d,206,"206 missing trading days (longest run 25): 2003-03-22, 2003-10-25, 2003-11-15, 2004-04-17, 2004-05-24 (+201 more)"
ERROR,GAP_DAILY,universe_daily,NSE_EQ|INE399C01030,1d,19,"19 missing trading days (longest run 1): 2005-06-04, 2005-11-26, 2006-04-29, 2006-06-25, 2006-10-21 (+14 more)"
ERROR,GAP_DAILY,universe_daily,NSE_EQ|INE399G01023,1d,42,"42 missing trading days (longest run 22): 2004-05-24, 2004-05-25, 2004-05-26, 2004-05-27, 2004-05-28 (+37 more)"
ERROR,GAP_DAILY,universe_daily,NSE_EQ|INE399K01017,1d,13,"13 missing trading days (longest run 1): 2010-02-06, 2011-10-26, 2012-01-07, 2012-03-03, 2012-04-28 (+8 more)"
ERROR,GAP_DAILY,universe_daily,NSE_EQ|INE401H01017,1d,19,"19 missing trading days (longest run 1): 2006-04-29, 2006-06-25, 2006-10-21, 2009-10-17, 2010-02-06 (+14 more)"
ERROR,GAP_DAILY,universe_daily,NSE_EQ|INE403F01017,1d,18,"18 missing trading days (longest run 2): 2026-05-12, 2026-05-15, 2026-05-20, 2026-05-21, 2026-06-08 (+13 more)"
ERROR,GAP_DAILY,universe_daily,NSE_EQ|INE403Y01018,1d,1066,"1066 missing trading days (longest run 636): 2015-02-28, 2015-05-21, 2015-05-22, 2015-05-25, 2015-05-26 (+1061 more)"
ERROR,GAP_DAILY,universe_daily,NSE_EQ|INE405E01023,1d,14,"14 missing trading days (longest run 1): 2009-10-17, 2010-02-06, 2011-10-26, 2012-01-07, 2012-03-03 (+9 more)"
ERROR,GAP_DAILY,universe_daily,NSE_EQ|INE406A01037,1d,46,"46 missing trading days (longest run 22): 2003-03-22, 2003-10-25, 2003-11-15, 2004-04-17, 2004-05-24 (+41 more)"
ERROR,GAP_DAILY,universe_daily,NSE_EQ|INE409B01013,1d,16,"16 missing trading days (longest run 1): 2006-06-25, 2006-10-21, 2009-10-17, 2010-02-06, 2011-10-26 (+11 more)"
ERROR,GAP_DAILY,universe_daily,NSE_EQ|INE410B01037,1d,14,"14 missing trading days (longest run 1): 2009-10-17, 2010-02-06, 2011-10-26, 2012-01-07, 2012-03-03 (+9 more)"
ERROR,GAP_DAILY,universe_daily,NSE_EQ|INE411D01023,1d,997,"997 missing trading days (longest run 992): 2009-05-18, 2011-01-03, 2011-01-04, 2011-01-05, 2011-01-06 (+992 more)"
ERROR,GAP_DAILY,universe_daily,NSE_EQ|INE411H01032,1d,17,"17 missing trading days (longest run 1): 2006-04-29, 2006-06-25, 2006-10-21, 2009-10-17, 2010-02-06 (+12 more)"
ERROR,GAP_DAILY,universe_daily,NSE_EQ|INE411U01027,1d,1130,"1130 missing trading days (longest run 941): 2017-04-13, 2017-04-17, 2017-04-18, 2017-04-19, 2017-04-20 (+1125 more)"
ERROR,GAP_DAILY,universe_daily,NSE_EQ|INE412C01023,1d,14,"14 missing trading days (longest run 1): 2015-12-07, 2016-04-26, 2016-04-28, 2016-06-10, 2016-07-12 (+9 more)"
ERROR,GAP_DAILY,universe_daily,NSE_EQ|INE412U01025,1d,6,"6 missing trading days (longest run 2): 2016-10-30, 2017-10-19, 2018-11-07, 2020-01-03, 2020-03-24 (+1 more)"
ERROR,GAP_DAILY,universe_daily,NSE_EQ|INE413B01023,1d,1106,"1106 missing trading days (longest run 992): 2009-01-13, 2009-02-17, 2009-02-20, 2009-02-26, 2009-02-27 (+1101 more)"
ERROR,GAP_DAILY,universe_daily,NSE_EQ|INE413G01022,1d,11,"11 missing trading days (longest run 2): 2015-12-07, 2015-12-14, 2016-02-09, 2016-02-19, 2016-03-04 (+6 more)"
ERROR,GAP_DAILY,universe_daily,NSE_EQ|INE414A01015,1d,996,"996 missing trading days (longest run 992): 2011-01-03, 2011-01-04, 2011-01-05, 2011-01-06, 2011-01-07 (+991 more)"
ERROR,GAP_DAILY,universe_daily,NSE_EQ|INE414B01021,1d,1414,"1414 missing trading days (longest run 992): 2009-05-18, 2011-01-03, 2011-01-04, 2011-01-05, 2011-01-06 (+1409 more)"
ERROR,GAP_DAILY,universe_daily,NSE_EQ|INE414G01012,1d,12,"12 missing trading days (longest run 1): 2011-10-26, 2012-01-07, 2012-03-03, 2012-04-28, 2012-09-08 (+7 more)"
ERROR,GAP_DAILY,universe_daily,NSE_EQ|INE415A01038,1d,46,"46 missing trading days (longest run 22): 2003-03-22, 2003-10-25, 2003-11-15, 2004-04-17, 2004-05-24 (+41 more)"
ERROR,GAP_DAILY,universe_daily,NSE_EQ|INE415I01015,1d,14,"14 missing trading days (longest run 1): 2009-10-17, 2010-02-06, 2011-10-26, 2012-01-07, 2012-03-03 (+9 more)"
ERROR,GAP_DAILY,universe_daily,NSE_EQ|INE417B01040,1d,489,"489 missing trading days (longest run 233): 2003-03-22, 2003-09-24, 2003-10-25, 2003-11-15, 2004-04-17 (+484 more)"
ERROR,GAP_DAILY,universe_daily,NSE_EQ|INE417C01014,1d,67,"67 missing trading days (longest run 57): 2016-10-30, 2016-12-13, 2016-12-14, 2016-12-19, 2016-12-21 (+62 more)"
ERROR,GAP_DAILY,universe_daily,NSE_EQ|INE418H01029,1d,16,"16 missing trading days (longest run 1): 2006-06-25, 2006-10-21, 2009-10-17, 2010-02-06, 2011-10-26 (+11 more)"
ERROR,GAP_DAILY,universe_daily,NSE_EQ|INE418N01035,1d,1033,"1033 missing trading days (longest run 66): 2015-01-14, 2015-01-15, 2015-01-16, 2015-01-19, 2015-01-20 (+1028 more)"
ERROR,GAP_DAILY,universe_daily,NSE_EQ|INE419A01022,1d,72,"72 missing trading days (longest run 26): 2003-03-22, 2003-10-25, 2003-11-15, 2004-04-17, 2004-05-24 (+67 more)"
ERROR,GAP_DAILY,universe_daily,NSE_EQ|INE419M01035,1d,12,"12 missing trading days (longest run 1): 2011-10-26, 2012-01-07, 2012-03-03, 2012-04-28, 2012-09-08 (+7 more)"
ERROR,GAP_DAILY,universe_daily,NSE_EQ|INE420C01059,1d,18,"18 missing trading days (longest run 1): 2009-10-17, 2010-02-06, 2011-10-26, 2012-01-07, 2012-03-03 (+13 more)"
ERROR,GAP_DAILY,universe_daily,NSE_EQ|INE421C01016,1d,46,"46 missing trading days (longest run 22): 2003-03-22, 2003-10-25, 2003-11-15, 2004-04-17, 2004-05-24 (+41 more)"
ERROR,GAP_DAILY,universe_daily,NSE_EQ|INE421D01022,1d,42,"42 missing trading days (longest run 22): 2004-05-24, 2004-05-25, 2004-05-26, 2004-05-27, 2004-05-28 (+37 more)"
ERROR,GAP_DAILY,universe_daily,NSE_EQ|INE424H01027,1d,17,"17 missing trading days (longest run 1): 2006-04-29, 2006-06-25, 2006-10-21, 2009-10-17, 2010-02-06 (+12 more)"
ERROR,GAP_DAILY,universe_daily,NSE_EQ|INE425B01027,1d,244,"244 missing trading days (longest run 133): 2016-10-30, 2017-10-19, 2018-11-07, 2024-06-14, 2024-06-18 (+239 more)"
ERROR,GAP_DAILY,universe_daily,NSE_EQ|INE426A01027,1d,46,"46 missing trading days (longest run 22): 2003-03-22, 2003-10-25, 2003-11-15, 2004-04-17, 2004-05-24 (+41 more)"
ERROR,GAP_DAILY,universe_daily,NSE_EQ|INE426D01013,1d,14,"14 missing trading days (longest run 1): 2009-10-17, 2010-02-06, 2011-10-26, 2012-01-07, 2012-03-03 (+9 more)"
ERROR,GAP_DAILY,universe_daily,NSE_EQ|INE428Q01011,1d,784,"784 missing trading days (longest run 481): 2003-03-22, 2003-10-25, 2003-11-15, 2004-04-17, 2004-05-24 (+779 more)"
ERROR,GAP_DAILY,universe_daily,NSE_EQ|INE429I01024,1d,752,"752 missing trading days (longest run 317): 2019-04-09, 2019-04-10, 2019-04-11, 2019-04-12, 2019-04-15 (+747 more)"
ERROR,GAP_DAILY,universe_daily,NSE_EQ|INE431F01018,1d,115,"115 missing trading days (longest run 57): 2015-12-04, 2015-12-07, 2015-12-23, 2016-01-28, 2016-04-04 (+110 more)"
ERROR,GAP_DAILY,universe_daily,NSE_EQ|INE435A01051,1d,43,"43 missing trading days (longest run 22): 2004-05-24, 2004-05-25, 2004-05-26, 2004-05-27, 2004-05-28 (+38 more)"
ERROR,GAP_DAILY,universe_daily,NSE_EQ|INE435C01024,1d,20,"20 missing trading days (longest run 1): 2004-10-09, 2005-06-04, 2005-11-26, 2006-04-29, 2006-06-25 (+15 more)"
ERROR,GAP_DAILY,universe_daily,NSE_EQ|INE435G01025,1d,12,"12 missing trading days (longest run 1): 2011-10-26, 2012-01-07, 2012-03-03, 2012-04-28, 2012-09-08 (+7 more)"
ERROR,GAP_DAILY,universe_daily,NSE_EQ|INE437A01024,1d,46,"46 missing trading days (longest run 22): 2003-03-22, 2003-10-25, 2003-11-15, 2004-04-17, 2004-05-24 (+41 more)"
ERROR,GAP_DAILY,universe_daily,NSE_EQ|INE437B01014,1d,116,"116 missing trading days (longest run 22): 2003-03-22, 2003-10-25, 2003-11-15, 2004-04-17, 2004-05-24 (+111 more)"
ERROR,GAP_DAILY,universe_daily,NSE_EQ|INE438A01022,1d,46,"46 missing trading days (longest run 22): 2003-03-22, 2003-10-25, 2003-11-15, 2004-04-17, 2004-05-24 (+41 more)"
ERROR,GAP_DAILY,universe_daily,NSE_EQ|INE439A01020,1d,46,"46 missing trading days (longest run 22): 2003-03-22, 2003-10-25, 2003-11-15, 2004-04-17, 2004-05-24 (+41 more)"
ERROR,GAP_DAILY,universe_daily,NSE_EQ|INE439T01012,1d,845,"845 missing trading days (longest run 202): 2016-05-06, 2016-05-09, 2016-05-10, 2016-05-11, 2016-05-16 (+840 more)"
ERROR,GAP_DAILY,universe_daily,NSE_EQ|INE440A01010,1d,79,"79 missing trading days (longest run 32): 2003-03-22, 2003-10-25, 2003-11-15, 2004-04-17, 2004-05-24 (+74 more)"
ERROR,GAP_DAILY,universe_daily,NSE_EQ|INE440L01017,1d,123,"123 missing trading days (longest run 13): 2015-01-27, 2015-01-29, 2015-01-30, 2015-02-05, 2015-02-06 (+118 more)"
ERROR,GAP_DAILY,universe_daily,NSE_EQ|INE442H01029,1d,12,"12 missing trading days (longest run 1): 2011-10-26, 2012-01-07, 2012-03-03, 2012-04-28, 2012-09-08 (+7 more)"
ERROR,GAP_DAILY,universe_daily,NSE_EQ|INE445C01015,1d,42,"42 missing trading days (longest run 22): 2004-05-24, 2004-05-25, 2004-05-26, 2004-05-27, 2004-05-28 (+37 more)"
ERROR,GAP_DAILY,universe_daily,NSE_EQ|INE448G01010,1d,5,"5 missing trading days (longest run 1): 2014-03-22, 2015-02-28, 2016-10-30, 2017-10-19, 2018-11-07"
ERROR,GAP_DAILY,universe_daily,NSE_EQ|INE449A01011,1d,45,"45 missing trading days (longest run 22): 2003-10-25, 2003-11-15, 2004-04-17, 2004-05-24, 2004-05-25 (+40 more)"
ERROR,GAP_DAILY,universe_daily,NSE_EQ|INE449G01018,1d,161,"161 missing trading days (longest run 61): 2014-03-22, 2015-02-28, 2015-04-16, 2015-04-24, 2015-04-30 (+156 more)"
ERROR,GAP_DAILY,universe_daily,NSE_EQ|INE450D01021,1d,14,"14 missing trading days (longest run 1): 2009-10-17, 2010-02-06, 2011-10-26, 2012-01-07, 2012-03-03 (+9 more)"
ERROR,GAP_DAILY,universe_daily,NSE_EQ|INE450G01024,1d,14,"14 missing trading days (longest run 1): 2009-10-17, 2010-02-06, 2011-10-26, 2012-01-07, 2012-03-03 (+9 more)"
ERROR,GAP_DAILY,universe_daily,NSE_EQ|INE450U01017,1d,500,"500 missing trading days (longest run 446): 2016-01-01, 2016-01-04, 2016-01-14, 2016-02-29, 2016-03-16 (+495 more)"
ERROR,GAP_DAILY,universe_daily,NSE_EQ|INE451A01017,1d,76,"76 missing trading days (longest run 76): 2023-10-26, 2023-10-27, 2023-10-30, 2023-10-31, 2023-11-01 (+71 more)"
ERROR,GAP_DAILY,universe_daily,NSE_EQ|INE451D01029,1d,919,"919 missing trading days (longest run 808): 2016-01-04, 2016-01-05, 2016-01-06, 2016-01-11, 2016-01-15 (+914 more)"
ERROR,GAP_DAILY,universe_daily,NSE_EQ|INE451F01024,1d,186,"186 missing trading days (longest run 32): 2015-02-28, 2015-04-08, 2015-05-05, 2015-05-06, 2015-05-08 (+181 more)"
ERROR,GAP_DAILY,universe_daily,NSE_EQ|INE452L01012,1d,34,"34 missing trading days (longest run 17): 2016-10-30, 2017-08-08, 2017-08-09, 2017-08-10, 2017-08-11 (+29 more)"
ERROR,GAP_DAILY,universe_daily,NSE_EQ|INE453B01029,1d,10,"10 missing trading days (longest run 1): 2012-03-03, 2012-04-28, 2012-09-08, 2013-05-11, 2013-11-03 (+5 more)"
ERROR,GAP_DAILY,universe_daily,NSE_EQ|INE453D01025,1d,14,"14 missing trading days (longest run 1): 2009-10-17, 2010-02-06, 2011-10-26, 2012-01-07, 2012-03-03 (+9 more)"
ERROR,GAP_DAILY,universe_daily,NSE_EQ|INE455I01029,1d,14,"14 missing trading days (longest run 1): 2009-10-17, 2010-02-06, 2011-10-26, 2012-01-07, 2012-03-03 (+9 more)"
ERROR,GAP_DAILY,universe_daily,NSE_EQ|INE457A01014,1d,43,"43 missing trading days (longest run 22): 2004-04-17, 2004-05-24, 2004-05-25, 2004-05-26, 2004-05-27 (+38 more)"
ERROR,GAP_DAILY,universe_daily,NSE_EQ|INE457L01029,1d,12,"12 missing trading days (longest run 1): 2011-10-26, 2012-01-07, 2012-03-03, 2012-04-28, 2012-09-08 (+7 more)"
ERROR,GAP_DAILY,universe_daily,NSE_EQ|INE458F01011,1d,55,"55 missing trading days (longest run 6): 2010-02-06, 2011-10-26, 2012-01-07, 2012-03-03, 2012-04-28 (+50 more)"
ERROR,GAP_DAILY,universe_daily,NSE_EQ|INE459A01010,1d,49,"49 missing trading days (longest run 22): 2003-03-22, 2003-10-25, 2003-11-15, 2004-04-17, 2004-05-24 (+44 more)"
ERROR,GAP_DAILY,universe_daily,NSE_EQ|INE460C01014,1d,14,"14 missing trading days (longest run 1): 2009-10-17, 2010-02-06, 2011-10-26, 2012-01-07, 2012-03-03 (+9 more)"
ERROR,GAP_DAILY,universe_daily,NSE_EQ|INE461B01014,1d,17,"17 missing trading days (longest run 1): 2006-04-29, 2006-06-25, 2006-10-21, 2009-10-17, 2010-02-06 (+12 more)"
ERROR,GAP_DAILY,universe_daily,NSE_EQ|INE461C01038,1d,46,"46 missing trading days (longest run 22): 2003-03-22, 2003-10-25, 2003-11-15, 2004-04-17, 2004-05-24 (+41 more)"
ERROR,GAP_DAILY,universe_daily,NSE_EQ|INE462A01022,1d,13,"13 missing trading days (longest run 1): 2010-02-06, 2011-10-26, 2012-01-07, 2012-03-03, 2012-04-28 (+8 more)"
ERROR,GAP_DAILY,universe_daily,NSE_EQ|INE463A01038,1d,46,"46 missing trading days (longest run 22): 2003-03-22, 2003-10-25, 2003-11-15, 2004-04-17, 2004-05-24 (+41 more)"
ERROR,GAP_DAILY,universe_daily,NSE_EQ|INE464A01036,1d,14,"14 missing trading days (longest run 1): 2009-10-17, 2010-02-06, 2011-10-26, 2012-01-07, 2012-03-03 (+9 more)"
ERROR,GAP_DAILY,universe_daily,NSE_EQ|INE465A01025,1d,46,"46 missing trading days (longest run 22): 2003-03-22, 2003-10-25, 2003-11-15, 2004-04-17, 2004-05-24 (+41 more)"
ERROR,GAP_DAILY,universe_daily,NSE_EQ|INE466L01038,1d,910,"910 missing trading days (longest run 908): 2015-02-28, 2016-01-14, 2016-01-15, 2016-01-18, 2016-01-19 (+905 more)"
ERROR,GAP_DAILY,universe_daily,NSE_EQ|INE467B01029,1d,20,"20 missing trading days (longest run 1): 2004-10-09, 2005-06-04, 2005-11-26, 2006-04-29, 2006-06-25 (+15 more)"
ERROR,GAP_DAILY,universe_daily,NSE_EQ|INE470A01017,1d,46,"46 missing trading days (longest run 22): 2003-03-22, 2003-10-25, 2003-11-15, 2004-04-17, 2004-05-24 (+41 more)"
ERROR,GAP_DAILY,universe_daily,NSE_EQ|INE471W01019,1d,49,"49 missing trading days (longest run 26): 2017-10-19, 2018-10-16, 2018-10-17, 2018-10-19, 2018-11-15 (+44 more)"
ERROR,GAP_DAILY,universe_daily,NSE_EQ|INE472A01039,1d,46,"46 missing trading days (longest run 22): 2003-03-22, 2003-10-25, 2003-11-15, 2004-04-17, 2004-05-24 (+41 more)"
ERROR,GAP_DAILY,universe_daily,NSE_EQ|INE473A01011,1d,46,"46 missing trading days (longest run 22): 2003-03-22, 2003-10-25, 2003-11-15, 2004-04-17, 2004-05-24 (+41 more)"
ERROR,GAP_DAILY,universe_daily,NSE_EQ|INE474C01023,1d,194,"194 missing trading days (longest run 22): 2003-03-22, 2003-10-25, 2003-11-15, 2004-04-17, 2004-05-24 (+189 more)"
ERROR,GAP_DAILY,universe_daily,NSE_EQ|INE474Q01031,1d,1689,"1689 missing trading days (longest run 1437): 2016-01-07, 2016-01-08, 2016-01-11, 2016-01-12, 2016-01-13 (+1684 more)"
ERROR,GAP_DAILY,universe_daily,NSE_EQ|INE475B01022,1d,57,"57 missing trading days (longest run 22): 2003-02-05, 2003-02-17, 2003-02-25, 2003-02-27, 2003-03-03 (+52 more)"
ERROR,GAP_DAILY,universe_daily,NSE_EQ|INE476A01022,1d,46,"46 missing trading days (longest run 22): 2003-03-22, 2003-10-25, 2003-11-15, 2004-04-17, 2004-05-24 (+41 more)"
ERROR,GAP_DAILY,universe_daily,NSE_EQ|INE477A01020,1d,46,"46 missing trading days (longest run 22): 2003-03-22, 2003-10-25, 2003-11-15, 2004-04-17, 2004-05-24 (+41 more)"
ERROR,GAP_DAILY,universe_daily,NSE_EQ|INE477B01010,1d,14,"14 missing trading days (longest run 1): 2009-10-17, 2010-02-06, 2011-10-26, 2012-01-07, 2012-03-03 (+9 more)"
ERROR,GAP_DAILY,universe_daily,NSE_EQ|INE480M01011,1d,712,"712 missing trading days (longest run 58): 2015-01-06, 2015-01-08, 2015-01-14, 2015-01-15, 2015-01-16 (+707 more)"
ERROR,GAP_DAILY,universe_daily,NSE_EQ|INE481G01011,1d,20,"20 missing trading days (longest run 1): 2004-10-09, 2005-06-04, 2005-11-26, 2006-04-29, 2006-06-25 (+15 more)"
ERROR,GAP_DAILY,universe_daily,NSE_EQ|INE481N01025,1d,621,"621 missing trading days (longest run 621): 2018-07-30, 2018-07-31, 2018-08-01, 2018-08-02, 2018-08-03 (+616 more)"
ERROR,GAP_DAILY,universe_daily,NSE_EQ|INE481Z01011,1d,320,"320 missing trading days (longest run 57): 2018-04-19, 2018-05-08, 2018-05-10, 2018-05-15, 2018-05-16 (+315 more)"
ERROR,GAP_DAILY,universe_daily,NSE_EQ|INE482A01020,1d,46,"46 missing trading days (longest run 22): 2003-03-22, 2003-10-25, 2003-11-15, 2004-04-17, 2004-05-24 (+41 more)"
ERROR,GAP_DAILY,universe_daily,NSE_EQ|INE482J01021,1d,14,"14 missing trading days (longest run 1): 2011-10-26, 2012-01-07, 2012-03-03, 2012-04-28, 2012-09-08 (+9 more)"
ERROR,GAP_DAILY,universe_daily,NSE_EQ|INE483A01010,1d,14,"14 missing trading days (longest run 1): 2009-10-17, 2010-02-06, 2011-10-26, 2012-01-07, 2012-03-03 (+9 more)"
ERROR,GAP_DAILY,universe_daily,NSE_EQ|INE483B01026,1d,18,"18 missing trading days (longest run 1): 2005-11-26, 2006-04-29, 2006-06-25, 2006-10-21, 2009-10-17 (+13 more)"
ERROR,GAP_DAILY,universe_daily,NSE_EQ|INE483C01032,1d,14,"14 missing trading days (longest run 1): 2009-10-17, 2010-02-06, 2011-10-26, 2012-01-07, 2012-03-03 (+9 more)"
ERROR,GAP_DAILY,universe_daily,NSE_EQ|INE484C01030,1d,14,"14 missing trading days (longest run 1): 2009-10-17, 2010-02-06, 2011-10-26, 2012-01-07, 2012-03-03 (+9 more)"
ERROR,GAP_DAILY,universe_daily,NSE_EQ|INE484J01027,1d,13,"13 missing trading days (longest run 1): 2010-02-06, 2011-10-26, 2012-01-07, 2012-03-03, 2012-04-28 (+8 more)"
ERROR,GAP_DAILY,universe_daily,NSE_EQ|INE485A01015,1d,46,"46 missing trading days (longest run 22): 2003-03-22, 2003-10-25, 2003-11-15, 2004-04-17, 2004-05-24 (+41 more)"
ERROR,GAP_DAILY,universe_daily,NSE_EQ|INE485C01029,1d,12,"12 missing trading days (longest run 1): 2011-10-26, 2012-01-07, 2012-03-03, 2012-04-28, 2012-09-08 (+7 more)"
ERROR,GAP_DAILY,universe_daily,NSE_EQ|INE486A01021,1d,46,"46 missing trading days (longest run 22): 2003-03-22, 2003-10-25, 2003-11-15, 2004-04-17, 2004-05-24 (+41 more)"
ERROR,GAP_DAILY,universe_daily,NSE_EQ|INE486Y01013,1d,230,"230 missing trading days (longest run 57): 2018-03-01, 2018-03-15, 2018-03-22, 2018-04-11, 2018-04-12 (+225 more)"
ERROR,GAP_DAILY,universe_daily,NSE_EQ|INE488D01021,1d,14,"14 missing trading days (longest run 1): 2009-10-17, 2010-02-06, 2011-10-26, 2012-01-07, 2012-03-03 (+9 more)"
ERROR,GAP_DAILY,universe_daily,NSE_EQ|INE490G01020,1d,12,"12 missing trading days (longest run 1): 2011-10-26, 2012-01-07, 2012-03-03, 2012-04-28, 2012-09-08 (+7 more)"
ERROR,GAP_DAILY,universe_daily,NSE_EQ|INE491A01021,1d,46,"46 missing trading days (longest run 22): 2003-03-22, 2003-10-25, 2003-11-15, 2004-04-17, 2004-05-24 (+41 more)"
ERROR,GAP_DAILY,universe_daily,NSE_EQ|INE491V01019,1d,1014,"1014 missing trading days (longest run 100): 2016-10-03, 2016-10-21, 2016-10-25, 2016-10-27, 2016-10-28 (+1009 more)"
ERROR,GAP_DAILY,universe_daily,NSE_EQ|INE492A01029,1d,46,"46 missing trading days (longest run 22): 2003-03-22, 2003-10-25, 2003-11-15, 2004-04-17, 2004-05-24 (+41 more)"
ERROR,GAP_DAILY,universe_daily,NSE_EQ|INE494B01023,1d,46,"46 missing trading days (longest run 22): 2003-03-22, 2003-10-25, 2003-11-15, 2004-04-17, 2004-05-24 (+41 more)"
ERROR,GAP_DAILY,universe_daily,NSE_EQ|INE495A01022,1d,46,"46 missing trading days (longest run 22): 2003-03-22, 2003-10-25, 2003-11-15, 2004-04-17, 2004-05-24 (+41 more)"
ERROR,GAP_DAILY,universe_daily,NSE_EQ|INE495B01038,1d,44,"44 missing trading days (longest run 22): 2003-11-15, 2004-04-17, 2004-05-24, 2004-05-25, 2004-05-26 (+39 more)"
ERROR,GAP_DAILY,universe_daily,NSE_EQ|INE495C01010,1d,46,"46 missing trading days (longest run 22): 2003-03-22, 2003-10-25, 2003-11-15, 2004-04-17, 2004-05-24 (+41 more)"
ERROR,GAP_DAILY,universe_daily,NSE_EQ|INE495P01020,1d,1054,"1054 missing trading days (longest run 526): 2016-08-17, 2016-08-18, 2016-08-19, 2016-08-22, 2016-08-23 (+1049 more)"
ERROR,GAP_DAILY,universe_daily,NSE_EQ|INE497B01018,1d,46,"46 missing trading days (longest run 22): 2003-03-22, 2003-10-25, 2003-11-15, 2004-04-17, 2004-05-24 (+41 more)"
ERROR,GAP_DAILY,universe_daily,NSE_EQ|INE498B01024,1d,19,"19 missing trading days (longest run 1): 2005-06-04, 2005-11-26, 2006-04-29, 2006-06-25, 2006-10-21 (+14 more)"
ERROR,GAP_DAILY,universe_daily,NSE_EQ|INE498E01010,1d,42,"42 missing trading days (longest run 3): 2016-06-20, 2016-06-22, 2016-06-23, 2016-06-29, 2016-07-20 (+37 more)"
ERROR,GAP_DAILY,universe_daily,NSE_EQ|INE498L01015,1d,12,"12 missing trading days (longest run 1): 2011-10-26, 2012-01-07, 2012-03-03, 2012-04-28, 2012-09-08 (+7 more)"
ERROR,GAP_DAILY,universe_daily,NSE_EQ|INE499A01024,1d,46,"46 missing trading days (longest run 22): 2003-03-22, 2003-10-25, 2003-11-15, 2004-04-17, 2004-05-24 (+41 more)"
ERROR,GAP_DAILY,universe_daily,NSE_EQ|INE500A01029,1d,46,"46 missing trading days (longest run 22): 2003-03-22, 2003-10-25, 2003-11-15, 2004-04-17, 2004-05-24 (+41 more)"
ERROR,GAP_DAILY,universe_daily,NSE_EQ|INE500X01013,1d,366,"366 missing trading days (longest run 57): 2017-10-12, 2017-10-25, 2017-11-09, 2018-01-23, 2018-02-01 (+361 more)"
ERROR,GAP_DAILY,universe_daily,NSE_EQ|INE501A01019,1d,46,"46 missing trading days (longest run 22): 2003-03-22, 2003-10-25, 2003-11-15, 2004-04-17, 2004-05-24 (+41 more)"
ERROR,GAP_DAILY,universe_daily,NSE_EQ|INE501F01018,1d,7,"7 missing trading days (longest run 2): 2026-08-20, 2026-08-25, 2026-08-26, 2026-09-07, 2026-09-08 (+2 more)"
ERROR,GAP_DAILY,universe_daily,NSE_EQ|INE501G01024,1d,18,"18 missing trading days (longest run 1): 2005-11-26, 2006-04-29, 2006-06-25, 2006-10-21, 2009-10-17 (+13 more)"
ERROR,GAP_DAILY,universe_daily,NSE_EQ|INE503A01015,1d,14,"14 missing trading days (longest run 1): 2009-10-17, 2010-02-06, 2011-10-26, 2012-01-07, 2012-03-03 (+9 more)"
ERROR,GAP_DAILY,universe_daily,NSE_EQ|INE505C01016,1d,15,"15 missing trading days (longest run 1): 2009-10-17, 2010-02-06, 2011-10-26, 2012-01-07, 2012-03-03 (+10 more)"
ERROR,GAP_DAILY,universe_daily,NSE_EQ|INE505V01016,1d,53,"53 missing trading days (longest run 3): 2022-06-06, 2022-06-10, 2022-07-06, 2022-07-27, 2022-08-11 (+48 more)"
ERROR,GAP_DAILY,universe_daily,NSE_EQ|INE505Y01010,1d,836,"836 missing trading days (longest run 521): 2003-03-22, 2003-10-25, 2003-11-15, 2004-04-17, 2004-05-24 (+831 more)"
ERROR,GAP_DAILY,universe_daily,NSE_EQ|INE506A01018,1d,43,"43 missing trading days (longest run 22): 2004-04-17, 2004-05-24, 2004-05-25, 2004-05-26, 2004-05-27 (+38 more)"
ERROR,GAP_DAILY,universe_daily,NSE_EQ|INE506W01020,1d,314,"314 missing trading days (longest run 58): 2017-04-26, 2017-06-06, 2017-06-13, 2017-06-14, 2017-07-20 (+309 more)"
ERROR,GAP_DAILY,universe_daily,NSE_EQ|INE506Z01015,1d,1199,"1199 missing trading days (longest run 818): 2017-01-05, 2017-01-06, 2017-01-09, 2017-01-10, 2017-01-11 (+1194 more)"
ERROR,GAP_DAILY,universe_daily,NSE_EQ|INE508G01029,1d,14,"14 missing trading days (longest run 1): 2009-10-17, 2010-02-06, 2011-10-26, 2012-01-07, 2012-03-03 (+9 more)"
ERROR,GAP_DAILY,universe_daily,NSE_EQ|INE508K01013,1d,1771,"1771 missing trading days (longest run 1393): 2016-02-08, 2016-02-09, 2016-02-10, 2016-02-11, 2016-02-15 (+1766 more)"
ERROR,GAP_DAILY,universe_daily,NSE_EQ|INE510A01028,1d,46,"46 missing trading days (longest run 22): 2003-03-22, 2003-10-25, 2003-11-15, 2004-04-17, 2004-05-24 (+41 more)"
ERROR,GAP_DAILY,universe_daily,NSE_EQ|INE511C01022,1d,42,"42 missing trading days (longest run 22): 2004-05-24, 2004-05-25, 2004-05-26, 2004-05-27, 2004-05-28 (+37 more)"
ERROR,GAP_DAILY,universe_daily,NSE_EQ|INE511Y01018,1d,176,"176 missing trading days (longest run 59): 2018-09-10, 2018-11-07, 2018-11-29, 2018-12-03, 2018-12-04 (+171 more)"
ERROR,GAP_DAILY,universe_daily,NSE_EQ|INE512B01022,1d,1137,"1137 missing trading days (longest run 992): 2009-05-18, 2011-01-03, 2011-01-04, 2011-01-05, 2011-01-06 (+1132 more)"
ERROR,GAP_DAILY,universe_daily,NSE_EQ|INE513A01022,1d,46,"46 missing trading days (longest run 22): 2003-03-22, 2003-10-25, 2003-11-15, 2004-04-17, 2004-05-24 (+41 more)"
ERROR,GAP_DAILY,universe_daily,NSE_EQ|INE516A01017,1d,46,"46 missing trading days (longest run 22): 2003-03-22, 2003-10-25, 2003-11-15, 2004-04-17, 2004-05-24 (+41 more)"
ERROR,GAP_DAILY,universe_daily,NSE_EQ|INE517B01013,1d,46,"46 missing trading days (longest run 22): 2003-03-22, 2003-10-25, 2003-11-15, 2004-04-17, 2004-05-24 (+41 more)"
ERROR,GAP_DAILY,universe_daily,NSE_EQ|INE517F01014,1d,12,"12 missing trading days (longest run 1): 2011-10-26, 2012-01-07, 2012-03-03, 2012-04-28, 2012-09-08 (+7 more)"
ERROR,GAP_DAILY,universe_daily,NSE_EQ|INE519A01011,1d,47,"47 missing trading days (longest run 22): 2003-03-22, 2003-10-25, 2003-11-15, 2004-04-17, 2004-05-24 (+42 more)"
ERROR,GAP_DAILY,universe_daily,NSE_EQ|INE519C01017,1d,46,"46 missing trading days (longest run 22): 2003-03-22, 2003-10-25, 2003-11-15, 2004-04-17, 2004-05-24 (+41 more)"
ERROR,GAP_DAILY,universe_daily,NSE_EQ|INE520A01027,1d,46,"46 missing trading days (longest run 22): 2003-03-22, 2003-10-25, 2003-11-15, 2004-04-17, 2004-05-24 (+41 more)"
ERROR,GAP_DAILY,universe_daily,NSE_EQ|INE520H01022,1d,1197,"1197 missing trading days (longest run 992): 2010-02-19, 2010-02-23, 2010-02-25, 2010-03-05, 2010-03-10 (+1192 more)"
ERROR,GAP_DAILY,universe_daily,NSE_EQ|INE520Y01019,1d,175,"175 missing trading days (longest run 57): 2018-04-04, 2018-04-06, 2018-06-13, 2018-06-29, 2018-07-04 (+170 more)"
ERROR,GAP_DAILY,universe_daily,NSE_EQ|INE521J01018,1d,12,"12 missing trading days (longest run 1): 2011-10-26, 2012-01-07, 2012-03-03, 2012-04-28, 2012-09-08 (+7 more)"
ERROR,GAP_DAILY,universe_daily,NSE_EQ|INE522D01027,1d,12,"12 missing trading days (longest run 1): 2011-10-26, 2012-01-07, 2012-03-03, 2012-04-28, 2012-09-08 (+7 more)"
ERROR,GAP_DAILY,universe_daily,NSE_EQ|INE522F01014,1d,12,"12 missing trading days (longest run 1): 2011-10-26, 2012-01-07, 2012-03-03, 2012-04-28, 2012-09-08 (+7 more)"
ERROR,GAP_DAILY,universe_daily,NSE_EQ|INE524A01029,1d,19,"19 missing trading days (longest run 1): 2005-06-04, 2005-11-26, 2006-04-29, 2006-06-25, 2006-10-21 (+14 more)"
ERROR,GAP_DAILY,universe_daily,NSE_EQ|INE524B01027,1d,16,"16 missing trading days (longest run 1): 2009-10-17, 2010-02-06, 2011-10-26, 2012-01-07, 2012-03-03 (+11 more)"
ERROR,GAP_DAILY,universe_daily,NSE_EQ|INE526B01014,1d,481,"481 missing trading days (longest run 248): 2003-03-22, 2003-10-25, 2003-11-15, 2004-04-17, 2004-05-24 (+476 more)"
ERROR,GAP_DAILY,universe_daily,NSE_EQ|INE526E01018,1d,76,"76 missing trading days (longest run 57): 2016-10-30, 2016-12-21, 2017-01-02, 2017-10-19, 2018-11-07 (+71 more)"
ERROR,GAP_DAILY,universe_daily,NSE_EQ|INE528A01020,1d,61,"61 missing trading days (longest run 22): 2003-03-22, 2003-10-25, 2003-11-15, 2004-04-17, 2004-05-24 (+56 more)"
ERROR,GAP_DAILY,universe_daily,NSE_EQ|INE528G01035,1d,18,"18 missing trading days (longest run 1): 2005-11-26, 2006-04-29, 2006-06-25, 2006-10-21, 2009-10-17 (+13 more)"
ERROR,GAP_DAILY,universe_daily,NSE_EQ|INE529A01010,1d,46,"46 missing trading days (longest run 22): 2003-03-22, 2003-10-25, 2003-11-15, 2004-04-17, 2004-05-24 (+41 more)"
ERROR,GAP_DAILY,universe_daily,NSE_EQ|INE530B01024,1d,19,"19 missing trading days (longest run 1): 2005-06-04, 2005-11-26, 2006-04-29, 2006-06-25, 2006-10-21 (+14 more)"
ERROR,GAP_DAILY,universe_daily,NSE_EQ|INE531A01024,1d,47,"47 missing trading days (longest run 22): 2003-03-22, 2003-10-25, 2003-11-15, 2004-04-17, 2004-05-24 (+42 more)"
ERROR,GAP_DAILY,universe_daily,NSE_EQ|INE531E01026,1d,13,"13 missing trading days (longest run 1): 2010-02-06, 2011-10-26, 2012-01-07, 2012-03-03, 2012-04-28 (+8 more)"
ERROR,GAP_DAILY,universe_daily,NSE_EQ|INE532F01054,1d,14,"14 missing trading days (longest run 1): 2009-10-17, 2010-02-06, 2011-10-26, 2012-01-07, 2012-03-03 (+9 more)"
ERROR,GAP_DAILY,universe_daily,NSE_EQ|INE535D01037,1d,1467,"1467 missing trading days (longest run 994): 2016-01-08, 2016-01-12, 2016-01-13, 2016-01-15, 2016-01-18 (+1462 more)"
ERROR,GAP_DAILY,universe_daily,NSE_EQ|INE536A01023,1d,15,"15 missing trading days (longest run 1): 2006-10-21, 2009-10-17, 2010-02-06, 2011-10-26, 2012-01-07 (+10 more)"
ERROR,GAP_DAILY,universe_daily,NSE_EQ|INE536H01010,1d,14,"14 missing trading days (longest run 1): 2009-10-17, 2010-02-06, 2011-10-26, 2012-01-07, 2012-03-03 (+9 more)"
ERROR,GAP_DAILY,universe_daily,NSE_EQ|INE538A01037,1d,47,"47 missing trading days (longest run 22): 2003-03-22, 2003-10-25, 2003-11-15, 2004-04-17, 2004-05-24 (+42 more)"
ERROR,GAP_DAILY,universe_daily,NSE_EQ|INE539A01019,1d,46,"46 missing trading days (longest run 22): 2003-03-22, 2003-10-25, 2003-11-15, 2004-04-17, 2004-05-24 (+41 more)"
ERROR,GAP_DAILY,universe_daily,NSE_EQ|INE540A01017,1d,2230,"2230 missing trading days (longest run 993): 2007-08-24, 2007-10-03, 2009-01-15, 2009-01-23, 2009-01-30 (+2225 more)"
ERROR,GAP_DAILY,universe_daily,NSE_EQ|INE540G01014,1d,14,"14 missing trading days (longest run 1): 2009-10-17, 2010-02-06, 2011-10-26, 2012-01-07, 2012-03-03 (+9 more)"
ERROR,GAP_DAILY,universe_daily,NSE_EQ|INE540H01012,1d,15,"15 missing trading days (longest run 1): 2006-10-21, 2009-10-17, 2010-02-06, 2011-10-26, 2012-01-07 (+10 more)"
ERROR,GAP_DAILY,universe_daily,NSE_EQ|INE542C01019,1d,618,"618 missing trading days (longest run 308): 2003-03-22, 2003-10-25, 2003-11-15, 2004-04-17, 2004-05-24 (+613 more)"
ERROR,GAP_DAILY,universe_daily,NSE_EQ|INE542Z01028,1d,801,"801 missing trading days (longest run 226): 2016-01-06, 2016-01-08, 2016-01-11, 2016-01-13, 2016-01-14 (+796 more)"
ERROR,GAP_DAILY,universe_daily,NSE_EQ|INE543V01017,1d,1347,"1347 missing trading days (longest run 243): 2016-02-25, 2016-02-26, 2016-02-29, 2016-03-01, 2016-03-02 (+1342 more)"
ERROR,GAP_DAILY,universe_daily,NSE_EQ|INE544A01019,1d,46,"46 missing trading days (longest run 22): 2003-03-22, 2003-10-25, 2003-11-15, 2004-04-17, 2004-05-24 (+41 more)"
ERROR,GAP_DAILY,universe_daily,NSE_EQ|INE544H01014,1d,1233,"1233 missing trading days (longest run 1225): 2008-11-24, 2008-12-05, 2008-12-10, 2009-03-30, 2009-05-18 (+1228 more)"
ERROR,GAP_DAILY,universe_daily,NSE_EQ|INE545A01024,1d,46,"46 missing trading days (longest run 22): 2003-03-22, 2003-10-25, 2003-11-15, 2004-04-17, 2004-05-24 (+41 more)"
ERROR,GAP_DAILY,universe_daily,NSE_EQ|INE545H01011,1d,14,"14 missing trading days (longest run 1): 2009-10-17, 2010-02-06, 2011-10-26, 2012-01-07, 2012-03-03 (+9 more)"
ERROR,GAP_DAILY,universe_daily,NSE_EQ|INE546Y01022,1d,54,"54 missing trading days (longest run 6): 2018-11-07, 2020-01-28, 2020-01-29, 2020-01-30, 2020-01-31 (+49 more)"
ERROR,GAP_DAILY,universe_daily,NSE_EQ|INE547E01014,1d,21,"21 missing trading days (longest run 1): 2005-11-26, 2006-04-29, 2006-06-25, 2006-10-21, 2009-10-17 (+16 more)"
ERROR,GAP_DAILY,universe_daily,NSE_EQ|INE548A01028,1d,46,"46 missing trading days (longest run 22): 2003-03-22, 2003-10-25, 2003-11-15, 2004-04-17, 2004-05-24 (+41 more)"
ERROR,GAP_DAILY,universe_daily,NSE_EQ|INE548C01032,1d,15,"15 missing trading days (longest run 1): 2006-10-21, 2009-10-17, 2010-02-06, 2011-10-26, 2012-01-07 (+10 more)"
ERROR,GAP_DAILY,universe_daily,NSE_EQ|INE548Z01017,1d,979,"979 missing trading days (longest run 640): 2016-02-17, 2016-02-18, 2016-02-19, 2016-02-22, 2016-02-23 (+974 more)"
ERROR,GAP_DAILY,universe_daily,NSE_EQ|INE549A01026,1d,46,"46 missing trading days (longest run 22): 2003-03-22, 2003-10-25, 2003-11-15, 2004-04-17, 2004-05-24 (+41 more)"
ERROR,GAP_DAILY,universe_daily,NSE_EQ|INE550B01022,1d,130,"130 missing trading days (longest run 9): 2018-11-07, 2019-07-11, 2019-07-15, 2019-07-16, 2019-07-22 (+125 more)"
ERROR,GAP_DAILY,universe_daily,NSE_EQ|INE550C01020,1d,28,"28 missing trading days (longest run 26): 2017-10-19, 2018-11-07, 2018-12-03, 2018-12-04, 2018-12-05 (+23 more)"
ERROR,GAP_DAILY,universe_daily,NSE_EQ|INE550H01011,1d,201,"201 missing trading days (longest run 62): 2009-10-17, 2010-02-06, 2011-10-26, 2012-01-07, 2012-03-03 (+196 more)"
ERROR,GAP_DAILY,universe_daily,NSE_EQ|INE555B01013,1d,46,"46 missing trading days (longest run 22): 2003-03-22, 2003-10-25, 2003-11-15, 2004-04-17, 2004-05-24 (+41 more)"
ERROR,GAP_DAILY,universe_daily,NSE_EQ|INE555Z01020,1d,462,"462 missing trading days (longest run 58): 2018-04-20, 2018-05-02, 2018-05-22, 2018-05-23, 2018-05-29 (+457 more)"
ERROR,GAP_DAILY,universe_daily,NSE_EQ|INE557A01011,1d,46,"46 missing trading days (longest run 22): 2003-03-22, 2003-10-25, 2003-11-15, 2004-04-17, 2004-05-24 (+41 more)"
ERROR,GAP_DAILY,universe_daily,NSE_EQ|INE557B01019,1d,46,"46 missing trading days (longest run 22): 2003-03-22, 2003-10-25, 2003-11-15, 2004-04-17, 2004-05-24 (+41 more)"
ERROR,GAP_DAILY,universe_daily,NSE_EQ|INE557Z01018,1d,803,"803 missing trading days (longest run 73): 2018-04-30, 2018-05-07, 2018-05-14, 2018-05-15, 2018-05-16 (+798 more)"
ERROR,GAP_DAILY,universe_daily,NSE_EQ|INE558R01013,1d,1229,"1229 missing trading days (longest run 346): 2016-04-08, 2016-04-13, 2016-04-18, 2016-04-21, 2016-04-22 (+1224 more)"
ERROR,GAP_DAILY,universe_daily,NSE_EQ|INE559A01017,1d,46,"46 missing trading days (longest run 22): 2003-03-22, 2003-10-25, 2003-11-15, 2004-04-17, 2004-05-24 (+41 more)"
ERROR,GAP_DAILY,universe_daily,NSE_EQ|INE559D01011,1d,1040,"1040 missing trading days (longest run 992): 2007-01-15, 2007-01-31, 2007-09-26, 2007-11-09, 2009-05-18 (+1035 more)"
ERROR,GAP_DAILY,universe_daily,NSE_EQ|INE560A01023,1d,18,"18 missing trading days (longest run 1): 2005-11-26, 2006-04-29, 2006-06-25, 2006-10-21, 2009-10-17 (+13 more)"
ERROR,GAP_DAILY,universe_daily,NSE_EQ|INE560K01014,1d,12,"12 missing trading days (longest run 1): 2011-10-26, 2012-01-07, 2012-03-03, 2012-04-28, 2012-09-08 (+7 more)"
ERROR,GAP_DAILY,universe_daily,NSE_EQ|INE562A01011,1d,14,"14 missing trading days (longest run 1): 2009-10-17, 2010-02-06, 2011-10-26, 2012-01-07, 2012-03-03 (+9 more)"
ERROR,GAP_DAILY,universe_daily,NSE_EQ|INE562B01019,1d,72,"72 missing trading days (longest run 26): 2003-03-22, 2003-10-25, 2003-11-15, 2004-04-17, 2004-05-24 (+67 more)"
ERROR,GAP_DAILY,universe_daily,NSE_EQ|INE563J01010,1d,13,"13 missing trading days (longest run 1): 2010-02-06, 2011-10-26, 2012-01-07, 2012-03-03, 2012-04-28 (+8 more)"
ERROR,GAP_DAILY,universe_daily,NSE_EQ|INE565A01014,1d,46,"46 missing trading days (longest run 22): 2003-03-22, 2003-10-25, 2003-11-15, 2004-04-17, 2004-05-24 (+41 more)"
ERROR,GAP_DAILY,universe_daily,NSE_EQ|INE566K01011,1d,38,"38 missing trading days (longest run 26): 2011-10-26, 2012-01-07, 2012-03-03, 2012-04-28, 2012-09-08 (+33 more)"
ERROR,GAP_DAILY,universe_daily,NSE_EQ|INE567A01028,1d,46,"46 missing trading days (longest run 22): 2003-03-22, 2003-10-25, 2003-11-15, 2004-04-17, 2004-05-24 (+41 more)"
ERROR,GAP_DAILY,universe_daily,NSE_EQ|INE569C01020,1d,17,"17 missing trading days (longest run 1): 2006-04-29, 2006-06-25, 2006-10-21, 2009-10-17, 2010-02-06 (+12 more)"
ERROR,GAP_DAILY,universe_daily,NSE_EQ|INE571A01038,1d,46,"46 missing trading days (longest run 22): 2003-03-22, 2003-10-25, 2003-11-15, 2004-04-17, 2004-05-24 (+41 more)"
ERROR,GAP_DAILY,universe_daily,NSE_EQ|INE571B01036,1d,46,"46 missing trading days (longest run 22): 2003-03-22, 2003-10-25, 2003-11-15, 2004-04-17, 2004-05-24 (+41 more)"
ERROR,GAP_DAILY,universe_daily,NSE_EQ|INE573A01042,1d,46,"46 missing trading days (longest run 22): 2003-03-22, 2003-10-25, 2003-11-15, 2004-04-17, 2004-05-24 (+41 more)"
ERROR,GAP_DAILY,universe_daily,NSE_EQ|INE573K01025,1d,12,"12 missing trading days (longest run 1): 2011-10-26, 2012-01-07, 2012-03-03, 2012-04-28, 2012-09-08 (+7 more)"
ERROR,GAP_DAILY,universe_daily,NSE_EQ|INE574G01013,1d,10,"10 missing trading days (longest run 2): 2026-08-19, 2026-08-25, 2026-08-27, 2026-09-01, 2026-09-11 (+5 more)"
ERROR,GAP_DAILY,universe_daily,NSE_EQ|INE575C01027,1d,1152,"1152 missing trading days (longest run 959): 2016-01-04, 2016-01-07, 2016-01-11, 2016-01-13, 2016-01-15 (+1147 more)"
ERROR,GAP_DAILY,universe_daily,NSE_EQ|INE575P01011,1d,1408,"1408 missing trading days (longest run 941): 2016-01-05, 2016-01-06, 2016-01-07, 2016-01-11, 2016-01-12 (+1403 more)"
ERROR,GAP_DAILY,universe_daily,NSE_EQ|INE576I01022,1d,17,"17 missing trading days (longest run 3): 2009-10-17, 2010-02-06, 2011-10-26, 2012-01-07, 2012-03-03 (+12 more)"
ERROR,GAP_DAILY,universe_daily,NSE_EQ|INE577A01027,1d,46,"46 missing trading days (longest run 22): 2003-03-22, 2003-10-25, 2003-11-15, 2004-04-17, 2004-05-24 (+41 more)"
ERROR,GAP_DAILY,universe_daily,NSE_EQ|INE577L01016,1d,16,"16 missing trading days (longest run 1): 2011-10-26, 2012-01-07, 2012-03-03, 2012-04-28, 2012-09-08 (+11 more)"
ERROR,GAP_DAILY,universe_daily,NSE_EQ|INE578A01017,1d,46,"46 missing trading days (longest run 22): 2003-03-22, 2003-10-25, 2003-11-15, 2004-04-17, 2004-05-24 (+41 more)"
ERROR,GAP_DAILY,universe_daily,NSE_EQ|INE579C01029,1d,18,"18 missing trading days (longest run 1): 2006-04-29, 2006-06-25, 2006-10-21, 2009-05-18, 2009-10-17 (+13 more)"
ERROR,GAP_DAILY,universe_daily,NSE_EQ|INE581X01021,1d,27,"27 missing trading days (longest run 4): 2021-02-18, 2021-02-22, 2021-02-23, 2021-02-25, 2021-03-22 (+22 more)"
ERROR,GAP_DAILY,universe_daily,NSE_EQ|INE583B01015,1d,47,"47 missing trading days (longest run 22): 2003-03-22, 2003-10-25, 2003-11-15, 2004-04-17, 2004-05-24 (+42 more)"
ERROR,GAP_DAILY,universe_daily,NSE_EQ|INE583C01021,1d,14,"14 missing trading days (longest run 1): 2009-10-17, 2010-02-06, 2011-10-26, 2012-01-07, 2012-03-03 (+9 more)"
ERROR,GAP_DAILY,universe_daily,NSE_EQ|INE584A01023,1d,14,"14 missing trading days (longest run 1): 2009-10-17, 2010-02-06, 2011-10-26, 2012-01-07, 2012-03-03 (+9 more)"
ERROR,GAP_DAILY,universe_daily,NSE_EQ|INE584F01014,1d,19,"19 missing trading days (longest run 1): 2005-06-04, 2005-11-26, 2006-04-29, 2006-06-25, 2006-10-21 (+14 more)"
ERROR,GAP_DAILY,universe_daily,NSE_EQ|INE585B01010,1d,45,"45 missing trading days (longest run 22): 2003-10-25, 2003-11-15, 2004-04-17, 2004-05-24, 2004-05-25 (+40 more)"
ERROR,GAP_DAILY,universe_daily,NSE_EQ|INE586B01026,1d,46,"46 missing trading days (longest run 22): 2003-03-22, 2003-10-25, 2003-11-15, 2004-04-17, 2004-05-24 (+41 more)"
ERROR,GAP_DAILY,universe_daily,NSE_EQ|INE589A01014,1d,46,"46 missing trading days (longest run 22): 2003-03-22, 2003-10-25, 2003-11-15, 2004-04-17, 2004-05-24 (+41 more)"
ERROR,GAP_DAILY,universe_daily,NSE_EQ|INE590L01019,1d,91,"91 missing trading days (longest run 8): 2011-10-26, 2012-01-07, 2012-03-03, 2012-04-28, 2012-09-08 (+86 more)"
ERROR,GAP_DAILY,universe_daily,NSE_EQ|INE591G01025,1d,20,"20 missing trading days (longest run 1): 2004-10-09, 2005-06-04, 2005-11-26, 2006-04-29, 2006-06-25 (+15 more)"
ERROR,GAP_DAILY,universe_daily,NSE_EQ|INE592A01026,1d,46,"46 missing trading days (longest run 22): 2003-03-22, 2003-10-25, 2003-11-15, 2004-04-17, 2004-05-24 (+41 more)"
ERROR,GAP_DAILY,universe_daily,NSE_EQ|INE592B01024,1d,14,"14 missing trading days (longest run 1): 2009-10-17, 2010-02-06, 2011-10-26, 2012-01-07, 2012-03-03 (+9 more)"
ERROR,GAP_DAILY,universe_daily,NSE_EQ|INE594B01012,1d,46,"46 missing trading days (longest run 22): 2003-03-22, 2003-10-25, 2003-11-15, 2004-04-17, 2004-05-24 (+41 more)"
ERROR,GAP_DAILY,universe_daily,NSE_EQ|INE596B01017,1d,7,"7 missing trading days (longest run 3): 2026-08-20, 2026-08-27, 2026-09-15, 2026-09-16, 2026-09-17 (+2 more)"
ERROR,GAP_DAILY,universe_daily,NSE_EQ|INE596H01014,1d,15,"15 missing trading days (longest run 1): 2006-10-21, 2009-10-17, 2010-02-06, 2011-10-26, 2012-01-07 (+10 more)"
ERROR,GAP_DAILY,universe_daily,NSE_EQ|INE597I01028,1d,11,"11 missing trading days (longest run 2): 2015-09-08, 2015-09-16, 2015-09-18, 2015-09-24, 2015-11-02 (+6 more)"
ERROR,GAP_DAILY,universe_daily,NSE_EQ|INE597L01014,1d,12,"12 missing trading days (longest run 1): 2011-10-26, 2012-01-07, 2012-03-03, 2012-04-28, 2012-09-08 (+7 more)"
ERROR,GAP_DAILY,universe_daily,NSE_EQ|INE599M01018,1d,6,"6 missing trading days (longest run 1): 2013-11-03, 2014-03-22, 2015-02-28, 2016-10-30, 2017-10-19 (+1 more)"
ERROR,GAP_DAILY,universe_daily,NSE_EQ|INE600A01035,1d,36,"36 missing trading days (longest run 32): 2015-02-28, 2016-10-30, 2017-10-19, 2018-11-07, 2019-01-08 (+31 more)"
ERROR,GAP_DAILY,universe_daily,NSE_EQ|INE602A01031,1d,46,"46 missing trading days (longest run 22): 2003-03-22, 2003-10-25, 2003-11-15, 2004-04-17, 2004-05-24 (+41 more)"
ERROR,GAP_DAILY,universe_daily,NSE_EQ|INE602G01020,1d,7,"7 missing trading days (longest run 1): 2013-05-11, 2013-11-03, 2014-03-22, 2015-02-28, 2016-10-30 (+2 more)"
ERROR,GAP_DAILY,universe_daily,NSE_EQ|INE603A01013,1d,49,"49 missing trading days (longest run 22): 2003-03-22, 2003-10-25, 2003-11-15, 2004-04-17, 2004-05-24 (+44 more)"
ERROR,GAP_DAILY,universe_daily,NSE_EQ|INE603J01030,1d,12,"12 missing trading days (longest run 1): 2011-10-26, 2012-01-07, 2012-03-03, 2012-04-28, 2012-09-08 (+7 more)"
ERROR,GAP_DAILY,universe_daily,NSE_EQ|INE605D01012,1d,29,"29 missing trading days (longest run 4): 2026-04-23, 2026-04-24, 2026-04-29, 2026-04-30, 2026-05-04 (+24 more)"
ERROR,GAP_DAILY,universe_daily,NSE_EQ|INE606A01024,1d,50,"50 missing trading days (longest run 22): 2003-03-22, 2003-10-25, 2003-11-15, 2004-04-17, 2004-05-24 (+45 more)"
ERROR,GAP_DAILY,universe_daily,NSE_EQ|INE607D01018,1d,14,"14 missing trading days (longest run 1): 2009-10-17, 2010-02-06, 2011-10-26, 2012-01-07, 2012-03-03 (+9 more)"
ERROR,GAP_DAILY,universe_daily,NSE_EQ|INE608A01012,1d,12,"12 missing trading days (longest run 1): 2011-10-26, 2012-01-07, 2012-03-03, 2012-04-28, 2012-09-08 (+7 more)"
ERROR,GAP_DAILY,universe_daily,NSE_EQ|INE610B01024,1d,246,"246 missing trading days (longest run 57): 2018-01-12, 2018-02-06, 2018-02-08, 2018-02-14, 2018-03-07 (+241 more)"
ERROR,GAP_DAILY,universe_daily,NSE_EQ|INE610C01014,1d,487,"487 missing trading days (longest run 64): 2017-11-08, 2017-11-09, 2017-11-10, 2017-11-13, 2017-11-14 (+482 more)"
ERROR,GAP_DAILY,universe_daily,NSE_EQ|INE611L01021,1d,12,"12 missing trading days (longest run 1): 2011-10-26, 2012-01-07, 2012-03-03, 2012-04-28, 2012-09-08 (+7 more)"
ERROR,GAP_DAILY,universe_daily,NSE_EQ|INE612J01015,1d,7,"7 missing trading days (longest run 1): 2013-05-11, 2013-11-03, 2014-03-22, 2015-02-28, 2016-10-30 (+2 more)"
ERROR,GAP_DAILY,universe_daily,NSE_EQ|INE613A01020,1d,46,"46 missing trading days (longest run 22): 2003-03-22, 2003-10-25, 2003-11-15, 2004-04-17, 2004-05-24 (+41 more)"
ERROR,GAP_DAILY,universe_daily,NSE_EQ|INE613B01010,1d,14,"14 missing trading days (longest run 1): 2022-06-15, 2023-08-04, 2023-10-03, 2023-11-12, 2024-02-23 (+9 more)"
ERROR,GAP_DAILY,universe_daily,NSE_EQ|INE614A01028,1d,46,"46 missing trading days (longest run 22): 2003-03-22, 2003-10-25, 2003-11-15, 2004-04-17, 2004-05-24 (+41 more)"
ERROR,GAP_DAILY,universe_daily,NSE_EQ|INE614B01018,1d,46,"46 missing trading days (longest run 22): 2003-03-22, 2003-10-25, 2003-11-15, 2004-04-17, 2004-05-24 (+41 more)"
ERROR,GAP_DAILY,universe_daily,NSE_EQ|INE614G01033,1d,14,"14 missing trading days (longest run 1): 2009-10-17, 2010-02-06, 2011-10-26, 2012-01-07, 2012-03-03 (+9 more)"
ERROR,GAP_DAILY,universe_daily,NSE_EQ|INE615H01020,1d,14,"14 missing trading days (longest run 1): 2009-10-17, 2010-02-06, 2011-10-26, 2012-01-07, 2012-03-03 (+9 more)"
ERROR,GAP_DAILY,universe_daily,NSE_EQ|INE615I01010,1d,14,"14 missing trading days (longest run 1): 2009-10-17, 2010-02-06, 2011-10-26, 2012-01-07, 2012-03-03 (+9 more)"
ERROR,GAP_DAILY,universe_daily,NSE_EQ|INE615R01029,1d,35,"35 missing trading days (longest run 35): 2023-05-02, 2023-05-03, 2023-05-04, 2023-05-05, 2023-05-08 (+30 more)"
ERROR,GAP_DAILY,universe_daily,NSE_EQ|INE617A01013,1d,40,"40 missing trading days (longest run 2): 2005-11-26, 2006-04-29, 2006-06-25, 2006-10-21, 2009-10-17 (+35 more)"
ERROR,GAP_DAILY,universe_daily,NSE_EQ|INE618N01022,1d,576,"576 missing trading days (longest run 185): 2015-12-04, 2015-12-08, 2016-02-02, 2016-02-09, 2016-03-29 (+571 more)"
ERROR,GAP_DAILY,universe_daily,NSE_EQ|INE619I01012,1d,12,"12 missing trading days (longest run 1): 2011-10-26, 2012-01-07, 2012-03-03, 2012-04-28, 2012-09-08 (+7 more)"
ERROR,GAP_DAILY,universe_daily,NSE_EQ|INE620D01011,1d,5,"5 missing trading days (longest run 1): 2026-05-06, 2026-06-11, 2026-06-23, 2026-07-07, 2026-07-22"
ERROR,GAP_DAILY,universe_daily,NSE_EQ|INE621H01010,1d,14,"14 missing trading days (longest run 1): 2009-10-17, 2010-02-06, 2011-10-26, 2012-01-07, 2012-03-03 (+9 more)"
ERROR,GAP_DAILY,universe_daily,NSE_EQ|INE621L01012,1d,12,"12 missing trading days (longest run 1): 2011-10-26, 2012-01-07, 2012-03-03, 2012-04-28, 2012-09-08 (+7 more)"
ERROR,GAP_DAILY,universe_daily,NSE_EQ|INE623A01011,1d,72,"72 missing trading days (longest run 26): 2003-03-22, 2003-10-25, 2003-11-15, 2004-04-17, 2004-05-24 (+67 more)"
ERROR,GAP_DAILY,universe_daily,NSE_EQ|INE625B01014,1d,72,"72 missing trading days (longest run 26): 2003-03-22, 2003-10-25, 2003-11-15, 2004-04-17, 2004-05-24 (+67 more)"
ERROR,GAP_DAILY,universe_daily,NSE_EQ|INE625G01013,1d,19,"19 missing trading days (longest run 1): 2005-06-04, 2005-11-26, 2006-04-29, 2006-06-25, 2006-10-21 (+14 more)"
ERROR,GAP_DAILY,universe_daily,NSE_EQ|INE625X01026,1d,439,"439 missing trading days (longest run 57): 2018-02-16, 2018-05-03, 2018-07-20, 2018-07-25, 2018-07-30 (+434 more)"
ERROR,GAP_DAILY,universe_daily,NSE_EQ|INE627H01017,1d,14,"14 missing trading days (longest run 1): 2009-10-17, 2010-02-06, 2011-10-26, 2012-01-07, 2012-03-03 (+9 more)"
ERROR,GAP_DAILY,universe_daily,NSE_EQ|INE628A01036,1d,43,"43 missing trading days (longest run 22): 2004-04-17, 2004-05-24, 2004-05-25, 2004-05-26, 2004-05-27 (+38 more)"
ERROR,GAP_DAILY,universe_daily,NSE_EQ|INE629D01020,1d,17,"17 missing trading days (longest run 1): 2009-10-17, 2010-02-06, 2011-10-26, 2012-01-07, 2012-03-03 (+12 more)"
ERROR,GAP_DAILY,universe_daily,NSE_EQ|INE630A01024,1d,51,"51 missing trading days (longest run 22): 2003-03-22, 2003-10-25, 2003-11-15, 2004-04-17, 2004-05-24 (+46 more)"
ERROR,GAP_DAILY,universe_daily,NSE_EQ|INE631A01022,1d,46,"46 missing trading days (longest run 22): 2003-03-22, 2003-10-25, 2003-11-15, 2004-04-17, 2004-05-24 (+41 more)"
ERROR,GAP_DAILY,universe_daily,NSE_EQ|INE633B01018,1d,46,"46 missing trading days (longest run 22): 2003-03-22, 2003-10-25, 2003-11-15, 2004-04-17, 2004-05-24 (+41 more)"
ERROR,GAP_DAILY,universe_daily,NSE_EQ|INE634A01018,1d,46,"46 missing trading days (longest run 22): 2003-03-22, 2003-10-25, 2003-11-15, 2004-04-17, 2004-05-24 (+41 more)"
ERROR,GAP_DAILY,universe_daily,NSE_EQ|INE634I01029,1d,14,"14 missing trading days (longest run 1): 2009-10-17, 2010-02-06, 2011-10-26, 2012-01-07, 2012-03-03 (+9 more)"
ERROR,GAP_DAILY,universe_daily,NSE_EQ|INE635A01023,1d,727,"727 missing trading days (longest run 35): 2003-03-22, 2003-10-25, 2003-11-15, 2004-04-17, 2004-05-24 (+722 more)"
ERROR,GAP_DAILY,universe_daily,NSE_EQ|INE636A01039,1d,41,"41 missing trading days (longest run 26): 2006-10-21, 2009-10-17, 2010-02-06, 2011-10-26, 2012-01-07 (+36 more)"
ERROR,GAP_DAILY,universe_daily,NSE_EQ|INE640A01023,1d,46,"46 missing trading days (longest run 22): 2003-03-22, 2003-10-25, 2003-11-15, 2004-04-17, 2004-05-24 (+41 more)"
ERROR,GAP_DAILY,universe_daily,NSE_EQ|INE640C01011,1d,1193,"1193 missing trading days (longest run 992): 2008-07-24, 2008-07-29, 2008-08-08, 2008-12-04, 2008-12-19 (+1188 more)"
ERROR,GAP_DAILY,universe_daily,NSE_EQ|INE641C01019,1d,374,"374 missing trading days (longest run 242): 2009-10-17, 2010-02-06, 2011-10-26, 2012-01-07, 2012-03-03 (+369 more)"
ERROR,GAP_DAILY,universe_daily,NSE_EQ|INE642Y01029,1d,526,"526 missing trading days (longest run 64): 2018-04-05, 2018-04-10, 2018-04-17, 2018-04-20, 2018-04-24 (+521 more)"
ERROR,GAP_DAILY,universe_daily,NSE_EQ|INE643A01035,1d,46,"46 missing trading days (longest run 22): 2003-03-22, 2003-10-25, 2003-11-15, 2004-04-17, 2004-05-24 (+41 more)"
ERROR,GAP_DAILY,universe_daily,NSE_EQ|INE644Y01017,1d,5,"5 missing trading days (longest run 1): 2018-11-07, 2019-09-05, 2019-10-27, 2023-05-05, 2026-07-08"
ERROR,GAP_DAILY,universe_daily,NSE_EQ|INE645W01026,1d,85,"85 missing trading days (longest run 57): 2017-07-17, 2017-07-24, 2017-07-27, 2017-07-28, 2017-08-01 (+80 more)"
ERROR,GAP_DAILY,universe_daily,NSE_EQ|INE646C01018,1d,60,"60 missing trading days (longest run 4): 2016-09-19, 2016-09-22, 2016-09-23, 2016-09-26, 2016-09-27 (+55 more)"
ERROR,GAP_DAILY,universe_daily,NSE_EQ|INE647A01010,1d,46,"46 missing trading days (longest run 22): 2003-03-22, 2003-10-25, 2003-11-15, 2004-04-17, 2004-05-24 (+41 more)"
ERROR,GAP_DAILY,universe_daily,NSE_EQ|INE647O01011,1d,6,"6 missing trading days (longest run 1): 2013-11-03, 2014-03-22, 2015-02-28, 2016-10-30, 2017-10-19 (+1 more)"
ERROR,GAP_DAILY,universe_daily,NSE_EQ|INE650K01021,1d,190,"190 missing trading days (longest run 73): 2014-03-22, 2015-02-28, 2016-10-30, 2017-10-19, 2018-11-07 (+185 more)"
ERROR,GAP_DAILY,universe_daily,NSE_EQ|INE652Z01025,1d,680,"680 missing trading days (longest run 63): 2018-08-01, 2018-08-02, 2018-08-06, 2018-08-07, 2018-08-20 (+675 more)"
ERROR,GAP_DAILY,universe_daily,NSE_EQ|INE655A01013,1d,45,"45 missing trading days (longest run 22): 2003-10-25, 2003-11-15, 2004-04-17, 2004-05-24, 2004-05-25 (+40 more)"
ERROR,GAP_DAILY,universe_daily,NSE_EQ|INE655B01011,1d,19,"19 missing trading days (longest run 2): 2015-02-28, 2015-07-23, 2015-08-26, 2015-10-14, 2015-10-21 (+14 more)"
ERROR,GAP_DAILY,universe_daily,NSE_EQ|INE657B01025,1d,1703,"1703 missing trading days (longest run 105): 2015-01-13, 2015-01-14, 2015-01-23, 2015-01-27, 2015-02-02 (+1698 more)"
ERROR,GAP_DAILY,universe_daily,NSE_EQ|INE658G01014,1d,998,"998 missing trading days (longest run 992): 2009-05-18, 2011-01-03, 2011-01-04, 2011-01-05, 2011-01-06 (+993 more)"
ERROR,GAP_DAILY,universe_daily,NSE_EQ|INE658T01017,1d,1077,"1077 missing trading days (longest run 85): 2016-01-04, 2016-01-05, 2016-01-06, 2016-01-07, 2016-01-08 (+1072 more)"
ERROR,GAP_DAILY,universe_daily,NSE_EQ|INE659A01023,1d,46,"46 missing trading days (longest run 22): 2003-03-22, 2003-10-25, 2003-11-15, 2004-04-17, 2004-05-24 (+41 more)"
ERROR,GAP_DAILY,universe_daily,NSE_EQ|INE660A01013,1d,46,"46 missing trading days (longest run 22): 2003-03-22, 2003-10-25, 2003-11-15, 2004-04-17, 2004-05-24 (+41 more)"
ERROR,GAP_DAILY,universe_daily,NSE_EQ|INE663F01032,1d,14,"14 missing trading days (longest run 1): 2009-10-17, 2010-02-06, 2011-10-26, 2012-01-07, 2012-03-03 (+9 more)"
ERROR,GAP_DAILY,universe_daily,NSE_EQ|INE665A01038,1d,8,"8 missing trading days (longest run 1): 2012-09-08, 2013-05-11, 2013-11-03, 2014-03-22, 2015-02-28 (+3 more)"
ERROR,GAP_DAILY,universe_daily,NSE_EQ|INE665J01013,1d,7,"7 missing trading days (longest run 1): 2013-05-11, 2013-11-03, 2014-03-22, 2015-02-28, 2016-10-30 (+2 more)"
ERROR,GAP_DAILY,universe_daily,NSE_EQ|INE667G01023,1d,211,"211 missing trading days (longest run 19): 2005-06-04, 2005-11-26, 2006-04-29, 2006-06-25, 2006-10-21 (+206 more)"
ERROR,GAP_DAILY,universe_daily,NSE_EQ|INE668D01028,1d,14,"14 missing trading days (longest run 1): 2009-10-17, 2010-02-06, 2011-10-26, 2012-01-07, 2012-03-03 (+9 more)"
ERROR,GAP_DAILY,universe_daily,NSE_EQ|INE668F01031,1d,14,"14 missing trading days (longest run 1): 2009-10-17, 2010-02-06, 2011-10-26, 2012-01-07, 2012-03-03 (+9 more)"
ERROR,GAP_DAILY,universe_daily,NSE_EQ|INE669A01022,1d,1971,"1971 missing trading days (longest run 992): 2008-08-19, 2009-05-18, 2011-01-03, 2011-01-04, 2011-01-05 (+1966 more)"
ERROR,GAP_DAILY,universe_daily,NSE_EQ|INE669E01016,1d,14,"14 missing trading days (longest run 1): 2009-10-17, 2010-02-06, 2011-10-26, 2012-01-07, 2012-03-03 (+9 more)"
ERROR,GAP_DAILY,universe_daily,NSE_EQ|INE669X01032,1d,477,"477 missing trading days (longest run 114): 2017-09-12, 2017-09-27, 2017-10-09, 2017-10-12, 2017-10-13 (+472 more)"
ERROR,GAP_DAILY,universe_daily,NSE_EQ|INE670A01012,1d,46,"46 missing trading days (longest run 22): 2003-03-22, 2003-10-25, 2003-11-15, 2004-04-17, 2004-05-24 (+41 more)"
ERROR,GAP_DAILY,universe_daily,NSE_EQ|INE670X01014,1d,34,"34 missing trading days (longest run 32): 2017-10-19, 2018-11-07, 2019-01-08, 2019-01-09, 2019-01-10 (+29 more)"
ERROR,GAP_DAILY,universe_daily,NSE_EQ|INE671A01010,1d,46,"46 missing trading days (longest run 22): 2003-03-22, 2003-10-25, 2003-11-15, 2004-04-17, 2004-05-24 (+41 more)"
ERROR,GAP_DAILY,universe_daily,NSE_EQ|INE671H01015,1d,14,"14 missing trading days (longest run 1): 2009-10-17, 2010-02-06, 2011-10-26, 2012-01-07, 2012-03-03 (+9 more)"
ERROR,GAP_DAILY,universe_daily,NSE_EQ|INE672A01026,1d,46,"46 missing trading days (longest run 22): 2003-03-22, 2003-10-25, 2003-11-15, 2004-04-17, 2004-05-24 (+41 more)"
ERROR,GAP_DAILY,universe_daily,NSE_EQ|INE672B01032,1d,45,"45 missing trading days (longest run 22): 2003-10-25, 2003-11-15, 2004-04-17, 2004-05-24, 2004-05-25 (+40 more)"
ERROR,GAP_DAILY,universe_daily,NSE_EQ|INE676A01027,1d,46,"46 missing trading days (longest run 22): 2003-03-22, 2003-10-25, 2003-11-15, 2004-04-17, 2004-05-24 (+41 more)"
ERROR,GAP_DAILY,universe_daily,NSE_EQ|INE680A01011,1d,69,"69 missing trading days (longest run 26): 2004-04-17, 2004-05-24, 2004-05-25, 2004-05-26, 2004-05-27 (+64 more)"
ERROR,GAP_DAILY,universe_daily,NSE_EQ|INE681B01017,1d,46,"46 missing trading days (longest run 22): 2003-03-22, 2003-10-25, 2003-11-15, 2004-04-17, 2004-05-24 (+41 more)"
ERROR,GAP_DAILY,universe_daily,NSE_EQ|INE681C01015,1d,853,"853 missing trading days (longest run 133): 2003-03-22, 2003-10-25, 2003-11-15, 2004-04-17, 2004-05-24 (+848 more)"
ERROR,GAP_DAILY,universe_daily,NSE_EQ|INE683A01023,1d,46,"46 missing trading days (longest run 22): 2003-03-22, 2003-10-25, 2003-11-15, 2004-04-17, 2004-05-24 (+41 more)"
ERROR,GAP_DAILY,universe_daily,NSE_EQ|INE683C01011,1d,12,"12 missing trading days (longest run 1): 2011-10-26, 2012-01-07, 2012-03-03, 2012-04-28, 2012-09-08 (+7 more)"
ERROR,GAP_DAILY,universe_daily,NSE_EQ|INE684F01012,1d,14,"14 missing trading days (longest run 1): 2009-10-17, 2010-02-06, 2011-10-26, 2012-01-07, 2012-03-03 (+9 more)"
ERROR,GAP_DAILY,universe_daily,NSE_EQ|INE685A01028,1d,46,"46 missing trading days (longest run 22): 2003-03-22, 2003-10-25, 2003-11-15, 2004-04-17, 2004-05-24 (+41 more)"
ERROR,GAP_DAILY,universe_daily,NSE_EQ|INE686A01026,1d,46,"46 missing trading days (longest run 22): 2003-03-22, 2003-10-25, 2003-11-15, 2004-04-17, 2004-05-24 (+41 more)"
ERROR,GAP_DAILY,universe_daily,NSE_EQ|INE686F01025,1d,14,"14 missing trading days (longest run 1): 2009-10-17, 2010-02-06, 2011-10-26, 2012-01-07, 2012-03-03 (+9 more)"
ERROR,GAP_DAILY,universe_daily,NSE_EQ|INE688A01022,1d,46,"46 missing trading days (longest run 22): 2003-03-22, 2003-10-25, 2003-11-15, 2004-04-17, 2004-05-24 (+41 more)"
ERROR,GAP_DAILY,universe_daily,NSE_EQ|INE688D01026,1d,18,"18 missing trading days (longest run 1): 2011-10-26, 2012-01-07, 2012-03-03, 2012-04-28, 2012-09-08 (+13 more)"
ERROR,GAP_DAILY,universe_daily,NSE_EQ|INE688J01023,1d,16,"16 missing trading days (longest run 1): 2009-10-17, 2010-02-06, 2011-10-26, 2012-01-07, 2012-03-03 (+11 more)"
ERROR,GAP_DAILY,universe_daily,NSE_EQ|INE690A01028,1d,46,"46 missing trading days (longest run 22): 2003-03-22, 2003-10-25, 2003-11-15, 2004-04-17, 2004-05-24 (+41 more)"
ERROR,GAP_DAILY,universe_daily,NSE_EQ|INE691A01018,1d,45,"45 missing trading days (longest run 22): 2003-10-25, 2003-11-15, 2004-04-17, 2004-05-24, 2004-05-25 (+40 more)"
ERROR,GAP_DAILY,universe_daily,NSE_EQ|INE691Z01023,1d,9,"9 missing trading days (longest run 4): 2023-07-07, 2023-07-11, 2023-07-12, 2023-07-13, 2023-07-14 (+4 more)"
ERROR,GAP_DAILY,universe_daily,NSE_EQ|INE692A01016,1d,46,"46 missing trading days (longest run 22): 2003-03-22, 2003-10-25, 2003-11-15, 2004-04-17, 2004-05-24 (+41 more)"
ERROR,GAP_DAILY,universe_daily,NSE_EQ|INE692B01014,1d,997,"997 missing trading days (longest run 992): 2009-05-18, 2011-01-03, 2011-01-04, 2011-01-05, 2011-01-06 (+992 more)"
ERROR,GAP_DAILY,universe_daily,NSE_EQ|INE692G01013,1d,19,"19 missing trading days (longest run 1): 2005-06-04, 2005-11-26, 2006-04-29, 2006-06-25, 2006-10-21 (+14 more)"
ERROR,GAP_DAILY,universe_daily,NSE_EQ|INE694A01020,1d,103,"103 missing trading days (longest run 57): 2003-03-22, 2003-10-25, 2003-11-15, 2004-04-17, 2004-05-24 (+98 more)"
ERROR,GAP_DAILY,universe_daily,NSE_EQ|INE694D01016,1d,12,"12 missing trading days (longest run 1): 2011-10-26, 2012-01-07, 2012-03-03, 2012-04-28, 2012-09-08 (+7 more)"
ERROR,GAP_DAILY,universe_daily,NSE_EQ|INE696K01024,1d,259,"259 missing trading days (longest run 26): 2011-10-26, 2012-01-07, 2012-03-03, 2012-04-28, 2012-09-08 (+254 more)"
ERROR,GAP_DAILY,universe_daily,NSE_EQ|INE696V01013,1d,680,"680 missing trading days (longest run 63): 2016-11-01, 2016-11-03, 2016-11-10, 2016-11-16, 2016-11-17 (+675 more)"
ERROR,GAP_DAILY,universe_daily,NSE_EQ|INE697V01011,1d,1214,"1214 missing trading days (longest run 177): 2016-01-27, 2016-01-28, 2016-01-29, 2016-02-01, 2016-02-02 (+1209 more)"
ERROR,GAP_DAILY,universe_daily,NSE_EQ|INE699B01027,1d,1226,"1226 missing trading days (longest run 1016): 2007-02-13, 2007-02-22, 2007-02-28, 2007-03-01, 2007-03-05 (+1221 more)"
ERROR,GAP_DAILY,universe_daily,NSE_EQ|INE699H01024,1d,71,"71 missing trading days (longest run 71): 2022-05-05, 2022-05-06, 2022-05-09, 2022-05-10, 2022-05-11 (+66 more)"
ERROR,GAP_DAILY,universe_daily,NSE_EQ|INE700A01033,1d,46,"46 missing trading days (longest run 22): 2003-03-22, 2003-10-25, 2003-11-15, 2004-04-17, 2004-05-24 (+41 more)"
ERROR,GAP_DAILY,universe_daily,NSE_EQ|INE701A01023,1d,97,"97 missing trading days (longest run 22): 2003-03-22, 2003-10-25, 2003-11-15, 2004-04-17, 2004-05-24 (+92 more)"
ERROR,GAP_DAILY,universe_daily,NSE_EQ|INE702C01027,1d,11,"11 missing trading days (longest run 1): 2012-01-07, 2012-03-03, 2012-04-28, 2012-09-08, 2013-05-11 (+6 more)"
ERROR,GAP_DAILY,universe_daily,NSE_EQ|INE703B01027,1d,16,"16 missing trading days (longest run 1): 2006-06-25, 2006-10-21, 2009-10-17, 2010-02-06, 2011-10-26 (+11 more)"
ERROR,GAP_DAILY,universe_daily,NSE_EQ|INE703H01016,1d,14,"14 missing trading days (longest run 1): 2009-10-17, 2010-02-06, 2011-10-26, 2012-01-07, 2012-03-03 (+9 more)"
ERROR,GAP_DAILY,universe_daily,NSE_EQ|INE704H01022,1d,16,"16 missing trading days (longest run 1): 2009-10-17, 2010-02-06, 2011-10-26, 2012-01-07, 2012-03-03 (+11 more)"
ERROR,GAP_DAILY,universe_daily,NSE_EQ|INE705X01026,1d,1650,"1650 missing trading days (longest run 1522): 2016-02-25, 2016-02-26, 2016-02-29, 2016-03-01, 2016-03-02 (+1645 more)"
ERROR,GAP_DAILY,universe_daily,NSE_EQ|INE707A01012,1d,47,"47 missing trading days (longest run 22): 2003-03-22, 2003-10-25, 2003-11-15, 2004-04-17, 2004-05-24 (+42 more)"
ERROR,GAP_DAILY,universe_daily,NSE_EQ|INE709A01018,1d,46,"46 missing trading days (longest run 22): 2003-03-22, 2003-10-25, 2003-11-15, 2004-04-17, 2004-05-24 (+41 more)"
ERROR,GAP_DAILY,universe_daily,NSE_EQ|INE710A01016,1d,46,"46 missing trading days (longest run 22): 2003-03-22, 2003-10-25, 2003-11-15, 2004-04-17, 2004-05-24 (+41 more)"
ERROR,GAP_DAILY,universe_daily,NSE_EQ|INE711A01022,1d,56,"56 missing trading days (longest run 22): 2003-03-22, 2003-10-25, 2003-11-15, 2004-04-17, 2004-05-24 (+51 more)"
ERROR,GAP_DAILY,universe_daily,NSE_EQ|INE713B01026,1d,46,"46 missing trading days (longest run 22): 2003-03-22, 2003-10-25, 2003-11-15, 2004-04-17, 2004-05-24 (+41 more)"
ERROR,GAP_DAILY,universe_daily,NSE_EQ|INE715A01015,1d,46,"46 missing trading days (longest run 22): 2003-03-22, 2003-10-25, 2003-11-15, 2004-04-17, 2004-05-24 (+41 more)"
ERROR,GAP_DAILY,universe_daily,NSE_EQ|INE715B01021,1d,46,"46 missing trading days (longest run 22): 2003-03-22, 2003-10-25, 2003-11-15, 2004-04-17, 2004-05-24 (+41 more)"
ERROR,GAP_DAILY,universe_daily,NSE_EQ|INE715Y01031,1d,1173,"1173 missing trading days (longest run 1165): 2016-02-05, 2016-02-08, 2016-02-09, 2016-02-10, 2016-02-11 (+1168 more)"
ERROR,GAP_DAILY,universe_daily,NSE_EQ|INE716A01013,1d,13,"13 missing trading days (longest run 1): 2010-02-06, 2011-10-26, 2012-01-07, 2012-03-03, 2012-04-28 (+8 more)"
ERROR,GAP_DAILY,universe_daily,NSE_EQ|INE716B01029,1d,49,"49 missing trading days (longest run 22): 2003-03-22, 2003-10-25, 2003-11-15, 2004-04-17, 2004-05-24 (+44 more)"
ERROR,GAP_DAILY,universe_daily,NSE_EQ|INE718H01014,1d,14,"14 missing trading days (longest run 1): 2009-10-17, 2010-02-06, 2011-10-26, 2012-01-07, 2012-03-03 (+9 more)"
ERROR,GAP_DAILY,universe_daily,NSE_EQ|INE719F01016,1d,1966,"1966 missing trading days (longest run 581): 2006-06-25, 2006-10-21, 2009-10-17, 2010-02-06, 2011-10-26 (+1961 more)"
ERROR,GAP_DAILY,universe_daily,NSE_EQ|INE720A01015,1d,46,"46 missing trading days (longest run 22): 2003-03-22, 2003-10-25, 2003-11-15, 2004-04-17, 2004-05-24 (+41 more)"
ERROR,GAP_DAILY,universe_daily,NSE_EQ|INE721A01047,1d,46,"46 missing trading days (longest run 22): 2003-03-22, 2003-10-25, 2003-11-15, 2004-04-17, 2004-05-24 (+41 more)"
ERROR,GAP_DAILY,universe_daily,NSE_EQ|INE721Z01010,1d,115,"115 missing trading days (longest run 57): 2018-10-01, 2018-10-04, 2018-10-09, 2018-10-10, 2018-10-12 (+110 more)"
ERROR,GAP_DAILY,universe_daily,NSE_EQ|INE722H01024,1d,14,"14 missing trading days (longest run 1): 2009-10-17, 2010-02-06, 2011-10-26, 2012-01-07, 2012-03-03 (+9 more)"
ERROR,GAP_DAILY,universe_daily,NSE_EQ|INE722J01012,1d,110,"110 missing trading days (longest run 4): 2011-10-26, 2012-01-07, 2012-03-03, 2012-04-28, 2012-09-08 (+105 more)"
ERROR,GAP_DAILY,universe_daily,NSE_EQ|INE725A01030,1d,46,"46 missing trading days (longest run 22): 2003-03-22, 2003-10-25, 2003-11-15, 2004-04-17, 2004-05-24 (+41 more)"
ERROR,GAP_DAILY,universe_daily,NSE_EQ|INE725E01024,1d,12,"12 missing trading days (longest run 1): 2011-10-26, 2012-01-07, 2012-03-03, 2012-04-28, 2012-09-08 (+7 more)"
ERROR,GAP_DAILY,universe_daily,NSE_EQ|INE725G01011,1d,14,"14 missing trading days (longest run 1): 2009-10-17, 2010-02-06, 2011-10-26, 2012-01-07, 2012-03-03 (+9 more)"
ERROR,GAP_DAILY,universe_daily,NSE_EQ|INE725L01011,1d,58,"58 missing trading days (longest run 4): 2011-10-26, 2012-01-07, 2012-03-03, 2012-04-28, 2012-09-08 (+53 more)"
ERROR,GAP_DAILY,universe_daily,NSE_EQ|INE726E01014,1d,6,"6 missing trading days (longest run 1): 2026-08-19, 2026-08-26, 2026-09-01, 2026-09-04, 2026-09-24 (+1 more)"
ERROR,GAP_DAILY,universe_daily,NSE_EQ|INE727B01026,1d,48,"48 missing trading days (longest run 22): 2003-03-22, 2003-10-25, 2003-11-15, 2004-04-17, 2004-05-24 (+43 more)"
ERROR,GAP_DAILY,universe_daily,NSE_EQ|INE728Z01015,1d,1174,"1174 missing trading days (longest run 820): 2015-01-16, 2015-01-19, 2015-01-20, 2015-01-21, 2015-01-22 (+1169 more)"
ERROR,GAP_DAILY,universe_daily,NSE_EQ|INE731A01020,1d,46,"46 missing trading days (longest run 22): 2003-03-22, 2003-10-25, 2003-11-15, 2004-04-17, 2004-05-24 (+41 more)"
ERROR,GAP_DAILY,universe_daily,NSE_EQ|INE731C01018,1d,2277,"2277 missing trading days (longest run 995): 2007-03-09, 2007-03-12, 2007-04-25, 2007-05-07, 2007-05-11 (+2272 more)"
ERROR,GAP_DAILY,universe_daily,NSE_EQ|INE731H01025,1d,15,"15 missing trading days (longest run 1): 2006-10-21, 2009-10-17, 2010-02-06, 2011-10-26, 2012-01-07 (+10 more)"
ERROR,GAP_DAILY,universe_daily,NSE_EQ|INE731U01028,1d,128,"128 missing trading days (longest run 5): 2022-07-28, 2022-07-29, 2022-08-02, 2022-08-03, 2022-08-04 (+123 more)"
ERROR,GAP_DAILY,universe_daily,NSE_EQ|INE732A01036,1d,17,"17 missing trading days (longest run 1): 2006-04-29, 2006-06-25, 2006-10-21, 2009-10-17, 2010-02-06 (+12 more)"
ERROR,GAP_DAILY,universe_daily,NSE_EQ|INE732C01016,1d,14,"14 missing trading days (longest run 1): 2009-10-17, 2010-02-06, 2011-10-26, 2012-01-07, 2012-03-03 (+9 more)"
ERROR,GAP_DAILY,universe_daily,NSE_EQ|INE732I01021,1d,1114,"1114 missing trading days (longest run 457): 2016-01-15, 2016-01-18, 2016-01-19, 2016-01-20, 2016-01-21 (+1109 more)"
ERROR,GAP_DAILY,universe_daily,NSE_EQ|INE732S01012,1d,318,"318 missing trading days (longest run 57): 2016-10-30, 2016-11-04, 2016-11-10, 2016-11-16, 2016-11-17 (+313 more)"
ERROR,GAP_DAILY,universe_daily,NSE_EQ|INE733A01018,1d,46,"46 missing trading days (longest run 22): 2003-03-22, 2003-10-25, 2003-11-15, 2004-04-17, 2004-05-24 (+41 more)"
ERROR,GAP_DAILY,universe_daily,NSE_EQ|INE733E01010,1d,19,"19 missing trading days (longest run 1): 2005-06-04, 2005-11-26, 2006-04-29, 2006-06-25, 2006-10-21 (+14 more)"
ERROR,GAP_DAILY,universe_daily,NSE_EQ|INE735M01018,1d,86,"86 missing trading days (longest run 26): 2012-09-08, 2013-05-11, 2013-11-03, 2014-03-22, 2015-02-26 (+81 more)"
ERROR,GAP_DAILY,universe_daily,NSE_EQ|INE737B01033,1d,273,"273 missing trading days (longest run 194): 2003-03-22, 2003-10-25, 2003-11-15, 2004-04-17, 2004-05-24 (+268 more)"
ERROR,GAP_DAILY,universe_daily,NSE_EQ|INE737H01014,1d,15,"15 missing trading days (longest run 1): 2006-10-21, 2009-10-17, 2010-02-06, 2011-10-26, 2012-01-07 (+10 more)"
ERROR,GAP_DAILY,universe_daily,NSE_EQ|INE737W01013,1d,599,"599 missing trading days (longest run 237): 2015-02-28, 2016-03-30, 2016-03-31, 2016-04-01, 2016-04-04 (+594 more)"
ERROR,GAP_DAILY,universe_daily,NSE_EQ|INE738I01010,1d,14,"14 missing trading days (longest run 1): 2009-10-17, 2010-02-06, 2011-10-26, 2012-01-07, 2012-03-03 (+9 more)"
ERROR,GAP_DAILY,universe_daily,NSE_EQ|INE738V01013,1d,1143,"1143 missing trading days (longest run 273): 2016-10-27, 2016-10-30, 2016-11-01, 2016-11-02, 2016-11-03 (+1138 more)"
ERROR,GAP_DAILY,universe_daily,NSE_EQ|INE739E01017,1d,85,"85 missing trading days (longest run 7): 2007-11-09, 2008-02-04, 2008-02-21, 2008-03-31, 2008-04-04 (+80 more)"
ERROR,GAP_DAILY,universe_daily,NSE_EQ|INE740V01019,1d,100,"100 missing trading days (longest run 57): 2016-12-05, 2016-12-16, 2017-03-02, 2017-03-07, 2017-03-08 (+95 more)"
ERROR,GAP_DAILY,universe_daily,NSE_EQ|INE741L01018,1d,7,"7 missing trading days (longest run 1): 2013-05-11, 2013-11-03, 2014-03-22, 2015-02-28, 2016-10-30 (+2 more)"
ERROR,GAP_DAILY,universe_daily,NSE_EQ|INE742B01025,1d,19,"19 missing trading days (longest run 1): 2005-06-04, 2005-11-26, 2006-04-29, 2006-06-25, 2006-10-21 (+14 more)"
ERROR,GAP_DAILY,universe_daily,NSE_EQ|INE742C01031,1d,46,"46 missing trading days (longest run 22): 2003-03-22, 2003-10-25, 2003-11-15, 2004-04-17, 2004-05-24 (+41 more)"
ERROR,GAP_DAILY,universe_daily,NSE_EQ|INE742F01042,1d,14,"14 missing trading days (longest run 1): 2009-10-17, 2010-02-06, 2011-10-26, 2012-01-07, 2012-03-03 (+9 more)"
ERROR,GAP_DAILY,universe_daily,NSE_EQ|INE743M01012,1d,9,"9 missing trading days (longest run 1): 2012-04-28, 2012-09-08, 2013-05-11, 2013-11-03, 2014-03-22 (+4 more)"
ERROR,GAP_DAILY,universe_daily,NSE_EQ|INE745G01043,1d,9,"9 missing trading days (longest run 1): 2012-04-28, 2012-09-08, 2013-05-11, 2013-11-03, 2014-03-22 (+4 more)"
ERROR,GAP_DAILY,universe_daily,NSE_EQ|INE747B01016,1d,92,"92 missing trading days (longest run 44): 2015-02-28, 2016-10-30, 2017-10-19, 2018-11-07, 2018-12-20 (+87 more)"
ERROR,GAP_DAILY,universe_daily,NSE_EQ|INE747K01017,1d,457,"457 missing trading days (longest run 242): 2015-02-28, 2015-09-10, 2015-09-29, 2015-11-11, 2016-10-10 (+452 more)"
ERROR,GAP_DAILY,universe_daily,NSE_EQ|INE748Z01013,1d,112,"112 missing trading days (longest run 59): 2018-10-15, 2018-10-22, 2018-11-12, 2018-11-29, 2018-12-03 (+107 more)"
ERROR,GAP_DAILY,universe_daily,NSE_EQ|INE749A01030,1d,46,"46 missing trading days (longest run 22): 2003-03-22, 2003-10-25, 2003-11-15, 2004-04-17, 2004-05-24 (+41 more)"
ERROR,GAP_DAILY,universe_daily,NSE_EQ|INE749B01020,1d,1350,"1350 missing trading days (longest run 829): 2003-03-22, 2003-10-25, 2003-11-15, 2004-04-17, 2004-05-24 (+1345 more)"
ERROR,GAP_DAILY,universe_daily,NSE_EQ|INE750A01020,1d,47,"47 missing trading days (longest run 22): 2003-03-22, 2003-10-25, 2003-11-15, 2004-04-17, 2004-05-24 (+42 more)"
ERROR,GAP_DAILY,universe_daily,NSE_EQ|INE750C01026,1d,46,"46 missing trading days (longest run 22): 2003-03-22, 2003-10-25, 2003-11-15, 2004-04-17, 2004-05-24 (+41 more)"
ERROR,GAP_DAILY,universe_daily,NSE_EQ|INE750M01017,1d,66,"66 missing trading days (longest run 57): 2012-04-28, 2012-09-08, 2013-05-11, 2013-11-03, 2014-03-22 (+61 more)"
ERROR,GAP_DAILY,universe_daily,NSE_EQ|INE751B01018,1d,1449,"1449 missing trading days (longest run 503): 2016-01-06, 2016-01-07, 2016-01-08, 2016-01-11, 2016-01-12 (+1444 more)"
ERROR,GAP_DAILY,universe_daily,NSE_EQ|INE752E01010,1d,14,"14 missing trading days (longest run 1): 2009-10-17, 2010-02-06, 2011-10-26, 2012-01-07, 2012-03-03 (+9 more)"
ERROR,GAP_DAILY,universe_daily,NSE_EQ|INE752G01015,1d,19,"19 missing trading days (longest run 1): 2005-11-26, 2006-04-29, 2006-06-25, 2006-10-21, 2009-10-17 (+14 more)"
ERROR,GAP_DAILY,universe_daily,NSE_EQ|INE752H01013,1d,7,"7 missing trading days (longest run 1): 2013-05-11, 2013-11-03, 2014-03-22, 2015-02-28, 2016-10-30 (+2 more)"
ERROR,GAP_DAILY,universe_daily,NSE_EQ|INE754A01055,1d,158,"158 missing trading days (longest run 53): 2003-10-25, 2003-11-15, 2004-04-17, 2004-05-24, 2004-05-25 (+153 more)"
ERROR,GAP_DAILY,universe_daily,NSE_EQ|INE754X01016,1d,981,"981 missing trading days (longest run 663): 2015-01-06, 2015-01-09, 2015-01-14, 2015-01-15, 2015-01-30 (+976 more)"
ERROR,GAP_DAILY,universe_daily,NSE_EQ|INE756C01015,1d,39,"39 missing trading days (longest run 3): 2016-10-30, 2016-12-22, 2016-12-23, 2016-12-26, 2017-01-10 (+34 more)"
ERROR,GAP_DAILY,universe_daily,NSE_EQ|INE757A01017,1d,46,"46 missing trading days (longest run 22): 2003-03-22, 2003-10-25, 2003-11-15, 2004-04-17, 2004-05-24 (+41 more)"
ERROR,GAP_DAILY,universe_daily,NSE_EQ|INE758C01029,1d,13,"13 missing trading days (longest run 1): 2010-02-06, 2011-10-26, 2012-01-07, 2012-03-03, 2012-04-28 (+8 more)"
ERROR,GAP_DAILY,universe_daily,NSE_EQ|INE759A01021,1d,46,"46 missing trading days (longest run 22): 2003-03-22, 2003-10-25, 2003-11-15, 2004-04-17, 2004-05-24 (+41 more)"
ERROR,GAP_DAILY,universe_daily,NSE_EQ|INE760A01029,1d,14,"14 missing trading days (longest run 1): 2009-10-17, 2010-02-06, 2011-10-26, 2012-01-07, 2012-03-03 (+9 more)"
ERROR,GAP_DAILY,universe_daily,NSE_EQ|INE760L01018,1d,8,"8 missing trading days (longest run 1): 2012-09-08, 2013-05-11, 2013-11-03, 2014-03-22, 2015-02-28 (+3 more)"
ERROR,GAP_DAILY,universe_daily,NSE_EQ|INE761H01022,1d,14,"14 missing trading days (longest run 1): 2009-10-17, 2010-02-06, 2011-10-26, 2012-01-07, 2012-03-03 (+9 more)"
ERROR,GAP_DAILY,universe_daily,NSE_EQ|INE761Y01019,1d,430,"430 missing trading days (longest run 64): 2018-01-23, 2018-02-26, 2018-04-04, 2018-04-12, 2018-04-16 (+425 more)"
ERROR,GAP_DAILY,universe_daily,NSE_EQ|INE763I01026,1d,14,"14 missing trading days (longest run 1): 2009-10-17, 2010-02-06, 2011-10-26, 2012-01-07, 2012-03-03 (+9 more)"
ERROR,GAP_DAILY,universe_daily,NSE_EQ|INE764D01017,1d,12,"12 missing trading days (longest run 1): 2011-10-26, 2012-01-07, 2012-03-03, 2012-04-28, 2012-09-08 (+7 more)"
ERROR,GAP_DAILY,universe_daily,NSE_EQ|INE767A01016,1d,45,"45 missing trading days (longest run 22): 2003-10-25, 2003-11-15, 2004-04-17, 2004-05-24, 2004-05-25 (+40 more)"
ERROR,GAP_DAILY,universe_daily,NSE_EQ|INE768C01028,1d,13,"13 missing trading days (longest run 1): 2010-02-06, 2011-10-26, 2012-01-07, 2012-03-03, 2012-04-28 (+8 more)"
ERROR,GAP_DAILY,universe_daily,NSE_EQ|INE769A01020,1d,46,"46 missing trading days (longest run 22): 2003-03-22, 2003-10-25, 2003-11-15, 2004-04-17, 2004-05-24 (+41 more)"
ERROR,GAP_DAILY,universe_daily,NSE_EQ|INE771A01026,1d,46,"46 missing trading days (longest run 22): 2003-03-22, 2003-10-25, 2003-11-15, 2004-04-17, 2004-05-24 (+41 more)"
ERROR,GAP_DAILY,universe_daily,NSE_EQ|INE774D01024,1d,17,"17 missing trading days (longest run 1): 2006-04-29, 2006-06-25, 2006-10-21, 2009-10-17, 2010-02-06 (+12 more)"
ERROR,GAP_DAILY,universe_daily,NSE_EQ|INE775A01035,1d,46,"46 missing trading days (longest run 22): 2003-03-22, 2003-10-25, 2003-11-15, 2004-04-17, 2004-05-24 (+41 more)"
ERROR,GAP_DAILY,universe_daily,NSE_EQ|INE776C01039,1d,15,"15 missing trading days (longest run 1): 2006-10-21, 2009-10-17, 2010-02-06, 2011-10-26, 2012-01-07 (+10 more)"
ERROR,GAP_DAILY,universe_daily,NSE_EQ|INE778B01029,1d,12,"12 missing trading days (longest run 1): 2011-10-26, 2012-01-07, 2012-03-03, 2012-04-28, 2012-09-08 (+7 more)"
ERROR,GAP_DAILY,universe_daily,NSE_EQ|INE778K01012,1d,1029,"1029 missing trading days (longest run 992): 2011-01-03, 2011-01-04, 2011-01-05, 2011-01-06, 2011-01-07 (+1024 more)"
ERROR,GAP_DAILY,universe_daily,NSE_EQ|INE780C01023,1d,46,"46 missing trading days (longest run 22): 2003-03-22, 2003-10-25, 2003-11-15, 2004-04-17, 2004-05-24 (+41 more)"
ERROR,GAP_DAILY,universe_daily,NSE_EQ|INE781B01015,1d,45,"45 missing trading days (longest run 22): 2003-10-25, 2003-11-15, 2004-04-17, 2004-05-24, 2004-05-25 (+40 more)"
ERROR,GAP_DAILY,universe_daily,NSE_EQ|INE782A01015,1d,46,"46 missing trading days (longest run 22): 2003-03-22, 2003-10-25, 2003-11-15, 2004-04-17, 2004-05-24 (+41 more)"
ERROR,GAP_DAILY,universe_daily,NSE_EQ|INE784W01015,1d,7,"7 missing trading days (longest run 2): 2023-05-29, 2023-06-08, 2023-06-23, 2023-07-12, 2023-07-18 (+2 more)"
ERROR,GAP_DAILY,universe_daily,NSE_EQ|INE785A01026,1d,46,"46 missing trading days (longest run 22): 2003-03-22, 2003-10-25, 2003-11-15, 2004-04-17, 2004-05-24 (+41 more)"
ERROR,GAP_DAILY,universe_daily,NSE_EQ|INE785M01021,1d,7,"7 missing trading days (longest run 1): 2013-05-11, 2013-11-03, 2014-03-22, 2015-02-28, 2016-10-30 (+2 more)"
ERROR,GAP_DAILY,universe_daily,NSE_EQ|INE786A01032,1d,46,"46 missing trading days (longest run 22): 2003-03-22, 2003-10-25, 2003-11-15, 2004-04-17, 2004-05-24 (+41 more)"
ERROR,GAP_DAILY,universe_daily,NSE_EQ|INE786F01031,1d,17,"17 missing trading days (longest run 1): 2006-04-29, 2006-06-25, 2006-10-21, 2009-10-17, 2010-02-06 (+12 more)"
ERROR,GAP_DAILY,universe_daily,NSE_EQ|INE786W01010,1d,211,"211 missing trading days (longest run 64): 2017-10-19, 2018-03-01, 2018-04-05, 2018-04-09, 2018-04-12 (+206 more)"
ERROR,GAP_DAILY,universe_daily,NSE_EQ|INE787D01026,1d,17,"17 missing trading days (longest run 1): 2006-04-29, 2006-06-25, 2006-10-21, 2009-10-17, 2010-02-06 (+12 more)"
ERROR,GAP_DAILY,universe_daily,NSE_EQ|INE788H01017,1d,149,"149 missing trading days (longest run 10): 2009-05-18, 2009-10-17, 2010-02-06, 2011-09-16, 2011-10-18 (+144 more)"
ERROR,GAP_DAILY,universe_daily,NSE_EQ|INE789E01012,1d,18,"18 missing trading days (longest run 1): 2005-11-26, 2006-04-29, 2006-06-25, 2006-10-21, 2009-10-17 (+13 more)"
ERROR,GAP_DAILY,universe_daily,NSE_EQ|INE790G01031,1d,13,"13 missing trading days (longest run 1): 2010-02-06, 2011-10-26, 2012-01-07, 2012-03-03, 2012-04-28 (+8 more)"
ERROR,GAP_DAILY,universe_daily,NSE_EQ|INE791A01024,1d,1045,"1045 missing trading days (longest run 992): 2007-03-30, 2007-04-02, 2008-12-05, 2009-02-20, 2009-02-27 (+1040 more)"
ERROR,GAP_DAILY,universe_daily,NSE_EQ|INE791I01019,1d,14,"14 missing trading days (longest run 1): 2009-10-17, 2010-02-06, 2011-10-26, 2012-01-07, 2012-03-03 (+9 more)"
ERROR,GAP_DAILY,universe_daily,NSE_EQ|INE792B01012,1d,2760,"2760 missing trading days (longest run 2634): 2009-05-18, 2009-09-09, 2009-09-10, 2009-09-11, 2009-09-14 (+2755 more)"
ERROR,GAP_DAILY,universe_daily,NSE_EQ|INE792H01019,1d,14,"14 missing trading days (longest run 1): 2009-10-17, 2010-02-06, 2011-10-26, 2012-01-07, 2012-03-03 (+9 more)"
ERROR,GAP_DAILY,universe_daily,NSE_EQ|INE792Z01011,1d,67,"67 missing trading days (longest run 58): 2018-07-09, 2018-09-26, 2018-10-15, 2018-10-26, 2018-11-05 (+62 more)"
ERROR,GAP_DAILY,universe_daily,NSE_EQ|INE793A01012,1d,46,"46 missing trading days (longest run 22): 2003-03-22, 2003-10-25, 2003-11-15, 2004-04-17, 2004-05-24 (+41 more)"
ERROR,GAP_DAILY,universe_daily,NSE_EQ|INE794A01010,1d,46,"46 missing trading days (longest run 22): 2003-03-22, 2003-10-25, 2003-11-15, 2004-04-17, 2004-05-24 (+41 more)"
ERROR,GAP_DAILY,universe_daily,NSE_EQ|INE794B01026,1d,46,"46 missing trading days (longest run 22): 2003-03-22, 2003-10-25, 2003-11-15, 2004-04-17, 2004-05-24 (+41 more)"
ERROR,GAP_DAILY,universe_daily,NSE_EQ|INE794W01014,1d,13,"13 missing trading days (longest run 8): 2024-02-15, 2024-03-22, 2024-03-26, 2024-03-28, 2024-04-01 (+8 more)"
ERROR,GAP_DAILY,universe_daily,NSE_EQ|INE796G01012,1d,998,"998 missing trading days (longest run 992): 2009-05-18, 2011-01-03, 2011-01-04, 2011-01-05, 2011-01-06 (+993 more)"
ERROR,GAP_DAILY,universe_daily,NSE_EQ|INE797F01020,1d,12,"12 missing trading days (longest run 1): 2011-10-26, 2012-01-07, 2012-03-03, 2012-04-28, 2012-09-08 (+7 more)"
ERROR,GAP_DAILY,universe_daily,NSE_EQ|INE797H01018,1d,17,"17 missing trading days (longest run 1): 2009-10-17, 2010-02-06, 2011-10-26, 2012-01-07, 2012-03-03 (+12 more)"
ERROR,GAP_DAILY,universe_daily,NSE_EQ|INE798F01010,1d,9,"9 missing trading days (longest run 3): 2026-08-25, 2026-08-26, 2026-08-27, 2026-09-03, 2026-09-04 (+4 more)"
ERROR,GAP_DAILY,universe_daily,NSE_EQ|INE800H01010,1d,14,"14 missing trading days (longest run 1): 2009-10-17, 2010-02-06, 2011-10-26, 2012-01-07, 2012-03-03 (+9 more)"
ERROR,GAP_DAILY,universe_daily,NSE_EQ|INE801L01010,1d,482,"482 missing trading days (longest run 58): 2017-10-19, 2017-12-06, 2018-02-21, 2018-03-21, 2018-03-27 (+477 more)"
ERROR,GAP_DAILY,universe_daily,NSE_EQ|INE801V01019,1d,696,"696 missing trading days (longest run 58): 2017-04-18, 2017-05-15, 2017-05-18, 2017-06-02, 2017-06-08 (+691 more)"
ERROR,GAP_DAILY,universe_daily,NSE_EQ|INE802C01033,1d,18,"18 missing trading days (longest run 1): 2005-11-26, 2006-04-29, 2006-06-25, 2006-10-21, 2009-10-17 (+13 more)"
ERROR,GAP_DAILY,universe_daily,NSE_EQ|INE802W01023,1d,164,"164 missing trading days (longest run 13): 2023-01-20, 2023-02-20, 2023-03-13, 2023-03-15, 2023-05-26 (+159 more)"
ERROR,GAP_DAILY,universe_daily,NSE_EQ|INE803H01014,1d,14,"14 missing trading days (longest run 1): 2009-10-17, 2010-02-06, 2011-10-26, 2012-01-07, 2012-03-03 (+9 more)"
ERROR,GAP_DAILY,universe_daily,NSE_EQ|INE804H01012,1d,182,"182 missing trading days (longest run 5): 2009-10-17, 2010-02-06, 2011-10-26, 2012-01-07, 2012-03-03 (+177 more)"
ERROR,GAP_DAILY,universe_daily,NSE_EQ|INE804L01022,1d,602,"602 missing trading days (longest run 556): 2003-03-22, 2003-10-25, 2003-11-15, 2004-04-17, 2004-05-24 (+597 more)"
ERROR,GAP_DAILY,universe_daily,NSE_EQ|INE805C01028,1d,46,"46 missing trading days (longest run 22): 2003-03-22, 2003-10-25, 2003-11-15, 2004-04-17, 2004-05-24 (+41 more)"
ERROR,GAP_DAILY,universe_daily,NSE_EQ|INE805D01034,1d,13,"13 missing trading days (longest run 1): 2010-02-06, 2011-10-26, 2012-01-07, 2012-03-03, 2012-04-28 (+8 more)"
ERROR,GAP_DAILY,universe_daily,NSE_EQ|INE806A01020,1d,12,"12 missing trading days (longest run 1): 2012-01-07, 2012-03-03, 2012-04-28, 2012-09-08, 2013-05-11 (+7 more)"
ERROR,GAP_DAILY,universe_daily,NSE_EQ|INE809A01032,1d,790,"790 missing trading days (longest run 787): 2016-10-30, 2017-10-19, 2018-11-07, 2019-06-07, 2019-06-10 (+785 more)"
ERROR,GAP_DAILY,universe_daily,NSE_EQ|INE811K01011,1d,12,"12 missing trading days (longest run 1): 2011-10-26, 2012-01-07, 2012-03-03, 2012-04-28, 2012-09-08 (+7 more)"
ERROR,GAP_DAILY,universe_daily,NSE_EQ|INE812G01025,1d,14,"14 missing trading days (longest run 1): 2009-10-17, 2010-02-06, 2011-10-26, 2012-01-07, 2012-03-03 (+9 more)"
ERROR,GAP_DAILY,universe_daily,NSE_EQ|INE813A01018,1d,46,"46 missing trading days (longest run 22): 2003-03-22, 2003-10-25, 2003-11-15, 2004-04-17, 2004-05-24 (+41 more)"
ERROR,GAP_DAILY,universe_daily,NSE_EQ|INE813H01021,1d,14,"14 missing trading days (longest run 1): 2009-10-17, 2010-02-06, 2011-10-26, 2012-01-07, 2012-03-03 (+9 more)"
ERROR,GAP_DAILY,universe_daily,NSE_EQ|INE813V01022,1d,237,"237 missing trading days (longest run 58): 2017-03-01, 2017-03-16, 2017-03-22, 2017-03-23, 2017-03-30 (+232 more)"
ERROR,GAP_DAILY,universe_daily,NSE_EQ|INE814H01029,1d,14,"14 missing trading days (longest run 1): 2009-10-17, 2010-02-06, 2011-10-26, 2012-01-07, 2012-03-03 (+9 more)"
ERROR,GAP_DAILY,universe_daily,NSE_EQ|INE816B01035,1d,18,"18 missing trading days (longest run 2): 2011-10-26, 2012-01-07, 2012-03-03, 2012-04-28, 2012-09-08 (+13 more)"
ERROR,GAP_DAILY,universe_daily,NSE_EQ|INE818A01017,1d,15,"15 missing trading days (longest run 1): 2006-10-21, 2009-10-17, 2010-02-06, 2011-10-26, 2012-01-07 (+10 more)"
ERROR,GAP_DAILY,universe_daily,NSE_EQ|INE818H01020,1d,14,"14 missing trading days (longest run 1): 2009-10-17, 2010-02-06, 2011-10-26, 2012-01-07, 2012-03-03 (+9 more)"
ERROR,GAP_DAILY,universe_daily,NSE_EQ|INE819L01012,1d,47,"47 missing trading days (longest run 22): 2003-03-22, 2003-10-25, 2003-11-15, 2004-04-17, 2004-05-24 (+42 more)"
ERROR,GAP_DAILY,universe_daily,NSE_EQ|INE820Y01021,1d,1234,"1234 missing trading days (longest run 793): 2016-04-28, 2016-04-29, 2016-05-02, 2016-05-03, 2016-05-04 (+1229 more)"
ERROR,GAP_DAILY,universe_daily,NSE_EQ|INE821I01022,1d,14,"14 missing trading days (longest run 1): 2009-10-17, 2010-02-06, 2011-10-26, 2012-01-07, 2012-03-03 (+9 more)"
ERROR,GAP_DAILY,universe_daily,NSE_EQ|INE822G01016,1d,14,"14 missing trading days (longest run 1): 2009-10-17, 2010-02-06, 2011-10-26, 2012-01-07, 2012-03-03 (+9 more)"
ERROR,GAP_DAILY,universe_daily,NSE_EQ|INE823A01017,1d,46,"46 missing trading days (longest run 22): 2003-03-22, 2003-10-25, 2003-11-15, 2004-04-17, 2004-05-24 (+41 more)"
ERROR,GAP_DAILY,universe_daily,NSE_EQ|INE823G01014,1d,17,"17 missing trading days (longest run 1): 2006-04-29, 2006-06-25, 2006-10-21, 2009-10-17, 2010-02-06 (+12 more)"
ERROR,GAP_DAILY,universe_daily,NSE_EQ|INE824G01012,1d,18,"18 missing trading days (longest run 1): 2005-11-26, 2006-04-29, 2006-06-25, 2006-10-21, 2009-10-17 (+13 more)"
ERROR,GAP_DAILY,universe_daily,NSE_EQ|INE824Q01011,1d,5,"5 missing trading days (longest run 1): 2015-06-09, 2015-11-11, 2016-10-30, 2017-10-19, 2018-11-07"
ERROR,GAP_DAILY,universe_daily,NSE_EQ|INE825A01020,1d,46,"46 missing trading days (longest run 22): 2003-03-22, 2003-10-25, 2003-11-15, 2004-04-17, 2004-05-24 (+41 more)"
ERROR,GAP_DAILY,universe_daily,NSE_EQ|INE826C01016,1d,15,"15 missing trading days (longest run 1): 2009-10-17, 2010-02-06, 2011-10-26, 2012-01-07, 2012-03-03 (+10 more)"
ERROR,GAP_DAILY,universe_daily,NSE_EQ|INE828A01016,1d,47,"47 missing trading days (longest run 22): 2003-03-22, 2003-10-25, 2003-11-15, 2004-04-17, 2004-05-24 (+42 more)"
ERROR,GAP_DAILY,universe_daily,NSE_EQ|INE829A01014,1d,70,"70 missing trading days (longest run 57): 2017-10-19, 2018-07-17, 2018-10-26, 2018-11-07, 2018-12-03 (+65 more)"
ERROR,GAP_DAILY,universe_daily,NSE_EQ|INE830Q01018,1d,19,"19 missing trading days (longest run 2): 2015-04-06, 2015-06-09, 2015-08-25, 2015-09-07, 2015-12-15 (+14 more)"
ERROR,GAP_DAILY,universe_daily,NSE_EQ|INE831A01028,1d,46,"46 missing trading days (longest run 22): 2003-03-22, 2003-10-25, 2003-11-15, 2004-04-17, 2004-05-24 (+41 more)"
ERROR,GAP_DAILY,universe_daily,NSE_EQ|INE832A01018,1d,172,"172 missing trading days (longest run 58): 2018-06-25, 2018-06-28, 2018-06-29, 2018-07-04, 2018-07-19 (+167 more)"
ERROR,GAP_DAILY,universe_daily,NSE_EQ|INE834M01019,1d,33,"33 missing trading days (longest run 5): 2012-09-08, 2013-05-11, 2013-11-03, 2014-03-22, 2015-02-28 (+28 more)"
ERROR,GAP_DAILY,universe_daily,NSE_EQ|INE835A01029,1d,65,"65 missing trading days (longest run 22): 2003-03-22, 2003-10-25, 2003-11-15, 2004-04-17, 2004-05-24 (+60 more)"
ERROR,GAP_DAILY,universe_daily,NSE_EQ|INE835D01023,1d,14,"14 missing trading days (longest run 1): 2009-10-17, 2010-02-06, 2011-10-26, 2012-01-07, 2012-03-03 (+9 more)"
ERROR,GAP_DAILY,universe_daily,NSE_EQ|INE835G01018,1d,19,"19 missing trading days (longest run 1): 2005-06-04, 2005-11-26, 2006-04-29, 2006-06-25, 2006-10-21 (+14 more)"
ERROR,GAP_DAILY,universe_daily,NSE_EQ|INE836A01035,1d,46,"46 missing trading days (longest run 22): 2003-03-22, 2003-10-25, 2003-11-15, 2004-04-17, 2004-05-24 (+41 more)"
ERROR,GAP_DAILY,universe_daily,NSE_EQ|INE836F01026,1d,14,"14 missing trading days (longest run 1): 2009-10-17, 2010-02-06, 2011-10-26, 2012-01-07, 2012-03-03 (+9 more)"
ERROR,GAP_DAILY,universe_daily,NSE_EQ|INE838B01021,1d,46,"46 missing trading days (longest run 22): 2003-03-22, 2003-10-25, 2003-11-15, 2004-04-17, 2004-05-24 (+41 more)"
ERROR,GAP_DAILY,universe_daily,NSE_EQ|INE838E01017,1d,56,"56 missing trading days (longest run 22): 2003-03-22, 2003-10-25, 2003-11-15, 2004-04-17, 2004-05-24 (+51 more)"
ERROR,GAP_DAILY,universe_daily,NSE_EQ|INE839M01018,1d,9,"9 missing trading days (longest run 1): 2012-04-28, 2012-09-08, 2013-05-11, 2013-11-03, 2014-03-22 (+4 more)"
ERROR,GAP_DAILY,universe_daily,NSE_EQ|INE840M01016,1d,7,"7 missing trading days (longest run 1): 2013-05-11, 2013-11-03, 2014-03-22, 2015-02-28, 2016-10-30 (+2 more)"
ERROR,GAP_DAILY,universe_daily,NSE_EQ|INE841B01017,1d,15,"15 missing trading days (longest run 1): 2009-10-17, 2010-02-06, 2011-10-26, 2012-01-07, 2012-03-03 (+10 more)"
ERROR,GAP_DAILY,universe_daily,NSE_EQ|INE842C01021,1d,9,"9 missing trading days (longest run 1): 2012-04-28, 2012-09-08, 2013-05-11, 2013-11-03, 2014-03-22 (+4 more)"
ERROR,GAP_DAILY,universe_daily,NSE_EQ|INE843B01013,1d,104,"104 missing trading days (longest run 57): 2018-06-05, 2018-11-07, 2018-11-26, 2018-12-03, 2018-12-04 (+99 more)"
ERROR,GAP_DAILY,universe_daily,NSE_EQ|INE844A01013,1d,1076,"1076 missing trading days (longest run 992): 2007-06-25, 2007-07-12, 2008-09-10, 2008-09-26, 2008-11-18 (+1071 more)"
ERROR,GAP_DAILY,universe_daily,NSE_EQ|INE844K01012,1d,38,"38 missing trading days (longest run 26): 2011-10-26, 2012-01-07, 2012-03-03, 2012-04-28, 2012-09-08 (+33 more)"
ERROR,GAP_DAILY,universe_daily,NSE_EQ|INE844O01030,1d,222,"222 missing trading days (longest run 177): 2003-03-22, 2003-10-25, 2003-11-15, 2004-04-17, 2004-05-24 (+217 more)"
ERROR,GAP_DAILY,universe_daily,NSE_EQ|INE847C01020,1d,8,"8 missing trading days (longest run 1): 2013-05-06, 2013-05-11, 2013-11-03, 2014-03-22, 2015-02-28 (+3 more)"
ERROR,GAP_DAILY,universe_daily,NSE_EQ|INE848A01014,1d,14,"14 missing trading days (longest run 1): 2009-10-17, 2010-02-06, 2011-10-26, 2012-01-07, 2012-03-03 (+9 more)"
ERROR,GAP_DAILY,universe_daily,NSE_EQ|INE848E01016,1d,14,"14 missing trading days (longest run 1): 2009-10-17, 2010-02-06, 2011-10-26, 2012-01-07, 2012-03-03 (+9 more)"
ERROR,GAP_DAILY,universe_daily,NSE_EQ|INE849A01020,1d,46,"46 missing trading days (longest run 22): 2003-03-22, 2003-10-25, 2003-11-15, 2004-04-17, 2004-05-24 (+41 more)"
ERROR,GAP_DAILY,universe_daily,NSE_EQ|INE850E01012,1d,352,"352 missing trading days (longest run 58): 2015-04-23, 2015-05-05, 2015-05-06, 2015-05-07, 2015-05-11 (+347 more)"
ERROR,GAP_DAILY,universe_daily,NSE_EQ|INE854B01010,1d,90,"90 missing trading days (longest run 44): 2003-03-22, 2003-10-25, 2003-11-15, 2004-04-17, 2004-05-24 (+85 more)"
ERROR,GAP_DAILY,universe_daily,NSE_EQ|INE854D01024,1d,47,"47 missing trading days (longest run 22): 2003-03-22, 2003-10-25, 2003-11-15, 2004-04-17, 2004-05-24 (+42 more)"
ERROR,GAP_DAILY,universe_daily,NSE_EQ|INE855B01025,1d,14,"14 missing trading days (longest run 1): 2009-10-17, 2010-02-06, 2011-10-26, 2012-01-07, 2012-03-03 (+9 more)"
ERROR,GAP_DAILY,universe_daily,NSE_EQ|INE855C01023,1d,997,"997 missing trading days (longest run 992): 2009-05-18, 2011-01-03, 2011-01-04, 2011-01-05, 2011-01-06 (+992 more)"
ERROR,GAP_DAILY,universe_daily,NSE_EQ|INE858F01012,1d,17,"17 missing trading days (longest run 1): 2006-04-29, 2006-06-25, 2006-10-21, 2009-10-17, 2010-02-06 (+12 more)"
ERROR,GAP_DAILY,universe_daily,NSE_EQ|INE859A01011,1d,46,"46 missing trading days (longest run 22): 2003-03-22, 2003-10-25, 2003-11-15, 2004-04-17, 2004-05-24 (+41 more)"
ERROR,GAP_DAILY,universe_daily,NSE_EQ|INE859Q01017,1d,8,"8 missing trading days (longest run 1): 2015-04-01, 2015-08-12, 2015-08-24, 2015-08-26, 2016-04-01 (+3 more)"
ERROR,GAP_DAILY,universe_daily,NSE_EQ|INE860A01027,1d,46,"46 missing trading days (longest run 22): 2003-03-22, 2003-10-25, 2003-11-15, 2004-04-17, 2004-05-24 (+41 more)"
ERROR,GAP_DAILY,universe_daily,NSE_EQ|INE862Y01015,1d,457,"457 missing trading days (longest run 66): 2018-03-16, 2018-03-19, 2018-03-21, 2018-03-22, 2018-03-27 (+452 more)"
ERROR,GAP_DAILY,universe_daily,NSE_EQ|INE863I01016,1d,1104,"1104 missing trading days (longest run 992): 2008-10-13, 2008-10-20, 2008-10-21, 2008-10-23, 2008-10-27 (+1099 more)"
ERROR,GAP_DAILY,universe_daily,NSE_EQ|INE863T01013,1d,64,"64 missing trading days (longest run 57): 2017-10-19, 2018-11-07, 2018-12-03, 2018-12-04, 2018-12-05 (+59 more)"
ERROR,GAP_DAILY,universe_daily,NSE_EQ|INE865C01022,1d,1028,"1028 missing trading days (longest run 992): 2011-01-03, 2011-01-04, 2011-01-05, 2011-01-06, 2011-01-07 (+1023 more)"
ERROR,GAP_DAILY,universe_daily,NSE_EQ|INE866K01023,1d,77,"77 missing trading days (longest run 5): 2025-06-30, 2025-07-01, 2025-07-02, 2025-07-03, 2025-07-04 (+72 more)"
ERROR,GAP_DAILY,universe_daily,NSE_EQ|INE868B01028,1d,46,"46 missing trading days (longest run 22): 2003-03-22, 2003-10-25, 2003-11-15, 2004-04-17, 2004-05-24 (+41 more)"
ERROR,GAP_DAILY,universe_daily,NSE_EQ|INE869Y01028,1d,474,"474 missing trading days (longest run 61): 2018-06-07, 2018-06-08, 2018-06-11, 2018-06-12, 2018-06-13 (+469 more)"
ERROR,GAP_DAILY,universe_daily,NSE_EQ|INE870D01012,1d,14,"14 missing trading days (longest run 1): 2009-10-17, 2010-02-06, 2011-10-26, 2012-01-07, 2012-03-03 (+9 more)"
ERROR,GAP_DAILY,universe_daily,NSE_EQ|INE870H01013,1d,14,"14 missing trading days (longest run 1): 2009-10-17, 2010-02-06, 2011-10-26, 2012-01-07, 2012-03-03 (+9 more)"
ERROR,GAP_DAILY,universe_daily,NSE_EQ|INE871H01011,1d,14,"14 missing trading days (longest run 1): 2009-10-17, 2010-02-06, 2011-10-26, 2012-01-07, 2012-03-03 (+9 more)"
ERROR,GAP_DAILY,universe_daily,NSE_EQ|INE872H01027,1d,14,"14 missing trading days (longest run 1): 2009-10-17, 2010-02-06, 2011-10-26, 2012-01-07, 2012-03-03 (+9 more)"
ERROR,GAP_DAILY,universe_daily,NSE_EQ|INE873D01024,1d,19,"19 missing trading days (longest run 1): 2005-06-04, 2005-11-26, 2006-04-29, 2006-06-25, 2006-10-21 (+14 more)"
ERROR,GAP_DAILY,universe_daily,NSE_EQ|INE874F01027,1d,1149,"1149 missing trading days (longest run 654): 2003-03-22, 2003-10-25, 2003-11-15, 2004-04-17, 2004-05-24 (+1144 more)"
ERROR,GAP_DAILY,universe_daily,NSE_EQ|INE874I01013,1d,12,"12 missing trading days (longest run 1): 2011-10-26, 2012-01-07, 2012-03-03, 2012-04-28, 2012-09-08 (+7 more)"
ERROR,GAP_DAILY,universe_daily,NSE_EQ|INE875G01048,1d,17,"17 missing trading days (longest run 1): 2006-04-29, 2006-06-25, 2006-10-21, 2009-10-17, 2010-02-06 (+12 more)"
ERROR,GAP_DAILY,universe_daily,NSE_EQ|INE875R01011,1d,33,"33 missing trading days (longest run 18): 2016-10-30, 2017-10-19, 2018-11-07, 2020-01-06, 2021-07-29 (+28 more)"
ERROR,GAP_DAILY,universe_daily,NSE_EQ|INE876N01018,1d,6,"6 missing trading days (longest run 1): 2013-11-03, 2014-03-22, 2015-02-28, 2016-10-30, 2017-10-19 (+1 more)"
ERROR,GAP_DAILY,universe_daily,NSE_EQ|INE877F01012,1d,43,"43 missing trading days (longest run 22): 2004-04-17, 2004-05-24, 2004-05-25, 2004-05-26, 2004-05-27 (+38 more)"
ERROR,GAP_DAILY,universe_daily,NSE_EQ|INE877I01016,1d,14,"14 missing trading days (longest run 1): 2009-10-17, 2010-02-06, 2011-10-26, 2012-01-07, 2012-03-03 (+9 more)"
ERROR,GAP_DAILY,universe_daily,NSE_EQ|INE878A01011,1d,46,"46 missing trading days (longest run 22): 2003-03-22, 2003-10-25, 2003-11-15, 2004-04-17, 2004-05-24 (+41 more)"
ERROR,GAP_DAILY,universe_daily,NSE_EQ|INE878B01027,1d,17,"17 missing trading days (longest run 1): 2006-04-29, 2006-06-25, 2006-10-21, 2009-10-17, 2010-02-06 (+12 more)"
ERROR,GAP_DAILY,universe_daily,NSE_EQ|INE878H01024,1d,12,"12 missing trading days (longest run 1): 2011-10-26, 2012-01-07, 2012-03-03, 2012-04-28, 2012-09-08 (+7 more)"
ERROR,GAP_DAILY,universe_daily,NSE_EQ|INE878K01010,1d,12,"12 missing trading days (longest run 1): 2011-10-26, 2012-01-07, 2012-03-03, 2012-04-28, 2012-09-08 (+7 more)"
ERROR,GAP_DAILY,universe_daily,NSE_EQ|INE879A01019,1d,69,"69 missing trading days (longest run 22): 2003-03-22, 2003-10-25, 2003-11-15, 2004-04-17, 2004-05-24 (+64 more)"
ERROR,GAP_DAILY,universe_daily,NSE_EQ|INE879E01037,1d,37,"37 missing trading days (longest run 3): 2012-01-07, 2012-03-03, 2012-04-28, 2012-09-08, 2013-05-11 (+32 more)"
ERROR,GAP_DAILY,universe_daily,NSE_EQ|INE879I01012,1d,44,"44 missing trading days (longest run 32): 2011-10-26, 2012-01-07, 2012-03-03, 2012-04-28, 2012-09-08 (+39 more)"
ERROR,GAP_DAILY,universe_daily,NSE_EQ|INE880L01014,1d,94,"94 missing trading days (longest run 22): 2016-12-01, 2016-12-02, 2016-12-05, 2016-12-07, 2016-12-08 (+89 more)"
ERROR,GAP_DAILY,universe_daily,NSE_EQ|INE880Y01017,1d,668,"668 missing trading days (longest run 60): 2018-02-22, 2018-02-28, 2018-03-13, 2018-03-14, 2018-03-15 (+663 more)"
ERROR,GAP_DAILY,universe_daily,NSE_EQ|INE881D01027,1d,46,"46 missing trading days (longest run 22): 2003-03-22, 2003-10-25, 2003-11-15, 2004-04-17, 2004-05-24 (+41 more)"
ERROR,GAP_DAILY,universe_daily,NSE_EQ|INE882A01013,1d,47,"47 missing trading days (longest run 22): 2003-03-22, 2003-10-25, 2003-11-15, 2004-04-17, 2004-05-24 (+42 more)"
ERROR,GAP_DAILY,universe_daily,NSE_EQ|INE883A01011,1d,46,"46 missing trading days (longest run 22): 2003-03-22, 2003-10-25, 2003-11-15, 2004-04-17, 2004-05-24 (+41 more)"
ERROR,GAP_DAILY,universe_daily,NSE_EQ|INE884A01027,1d,997,"997 missing trading days (longest run 992): 2009-05-18, 2011-01-03, 2011-01-04, 2011-01-05, 2011-01-06 (+992 more)"
ERROR,GAP_DAILY,universe_daily,NSE_EQ|INE885A01032,1d,46,"46 missing trading days (longest run 22): 2003-03-22, 2003-10-25, 2003-11-15, 2004-04-17, 2004-05-24 (+41 more)"
ERROR,GAP_DAILY,universe_daily,NSE_EQ|INE885F01015,1d,915,"915 missing trading days (longest run 102): 2016-10-17, 2016-10-18, 2016-10-19, 2016-10-20, 2016-10-24 (+910 more)"
ERROR,GAP_DAILY,universe_daily,NSE_EQ|INE886A01014,1d,238,"238 missing trading days (longest run 6): 2011-10-26, 2012-01-07, 2012-03-03, 2012-04-28, 2012-09-08 (+233 more)"
ERROR,GAP_DAILY,universe_daily,NSE_EQ|INE887G01027,1d,998,"998 missing trading days (longest run 992): 2009-01-22, 2009-05-18, 2011-01-03, 2011-01-04, 2011-01-05 (+993 more)"
ERROR,GAP_DAILY,universe_daily,NSE_EQ|INE891B01012,1d,2302,"2302 missing trading days (longest run 1860): 2007-11-12, 2008-11-28, 2009-02-26, 2009-03-05, 2009-05-18 (+2297 more)"
ERROR,GAP_DAILY,universe_daily,NSE_EQ|INE891D01026,1d,14,"14 missing trading days (longest run 1): 2009-10-17, 2010-02-06, 2011-10-26, 2012-01-07, 2012-03-03 (+9 more)"
ERROR,GAP_DAILY,universe_daily,NSE_EQ|INE893I01013,1d,14,"14 missing trading days (longest run 1): 2011-10-26, 2012-01-07, 2012-03-03, 2012-04-28, 2012-09-08 (+9 more)"
ERROR,GAP_DAILY,universe_daily,NSE_EQ|INE895B01021,1d,11,"11 missing trading days (longest run 1): 2012-01-07, 2012-03-03, 2012-04-28, 2012-09-08, 2013-05-11 (+6 more)"
ERROR,GAP_DAILY,universe_daily,NSE_EQ|INE899L01030,1d,293,"293 missing trading days (longest run 5): 2024-04-26, 2024-04-30, 2024-05-02, 2024-05-03, 2024-05-07 (+288 more)"
ERROR,GAP_DAILY,universe_daily,NSE_EQ|INE900B01029,1d,46,"46 missing trading days (longest run 22): 2003-03-22, 2003-10-25, 2003-11-15, 2004-04-17, 2004-05-24 (+41 more)"
ERROR,GAP_DAILY,universe_daily,NSE_EQ|INE900C01027,1d,68,"68 missing trading days (longest run 22): 2003-10-10, 2003-10-25, 2003-11-15, 2004-04-17, 2004-05-24 (+63 more)"
ERROR,GAP_DAILY,universe_daily,NSE_EQ|INE900L01028,1d,393,"393 missing trading days (longest run 63): 2016-10-28, 2016-10-30, 2016-11-24, 2016-12-02, 2016-12-06 (+388 more)"
ERROR,GAP_DAILY,universe_daily,NSE_EQ|INE901L01018,1d,12,"12 missing trading days (longest run 1): 2011-10-26, 2012-01-07, 2012-03-03, 2012-04-28, 2012-09-08 (+7 more)"
ERROR,GAP_DAILY,universe_daily,NSE_EQ|INE902B01017,1d,190,"190 missing trading days (longest run 68): 2020-10-12, 2020-10-13, 2020-10-14, 2020-10-23, 2020-10-26 (+185 more)"
ERROR,GAP_DAILY,universe_daily,NSE_EQ|INE907A01026,1d,14,"14 missing trading days (longest run 1): 2009-10-17, 2010-02-06, 2011-10-26, 2012-01-07, 2012-03-03 (+9 more)"
ERROR,GAP_DAILY,universe_daily,NSE_EQ|INE908D01010,1d,14,"14 missing trading days (longest run 1): 2011-10-26, 2012-01-07, 2012-03-03, 2012-04-28, 2012-06-21 (+9 more)"
ERROR,GAP_DAILY,universe_daily,NSE_EQ|INE908V01012,1d,253,"253 missing trading days (longest run 58): 2017-01-30, 2017-02-21, 2017-02-28, 2017-03-01, 2017-03-08 (+248 more)"
ERROR,GAP_DAILY,universe_daily,NSE_EQ|INE910C01018,1d,240,"240 missing trading days (longest run 227): 2010-02-06, 2011-10-26, 2012-01-07, 2012-03-03, 2012-04-28 (+235 more)"
ERROR,GAP_DAILY,universe_daily,NSE_EQ|INE912H01013,1d,13,"13 missing trading days (longest run 1): 2010-02-06, 2011-10-26, 2012-01-07, 2012-03-03, 2012-04-28 (+8 more)"
ERROR,GAP_DAILY,universe_daily,NSE_EQ|INE915B01019,1d,46,"46 missing trading days (longest run 22): 2003-03-22, 2003-10-25, 2003-11-15, 2004-04-17, 2004-05-24 (+41 more)"
ERROR,GAP_DAILY,universe_daily,NSE_EQ|INE917H01012,1d,14,"14 missing trading days (longest run 1): 2009-10-17, 2010-02-06, 2011-10-26, 2012-01-07, 2012-03-03 (+9 more)"
ERROR,GAP_DAILY,universe_daily,NSE_EQ|INE917I01010,1d,14,"14 missing trading days (longest run 1): 2009-10-17, 2010-02-06, 2011-10-26, 2012-01-07, 2012-03-03 (+9 more)"
ERROR,GAP_DAILY,universe_daily,NSE_EQ|INE918I01026,1d,14,"14 missing trading days (longest run 1): 2009-10-17, 2010-02-06, 2011-10-26, 2012-01-07, 2012-03-03 (+9 more)"
ERROR,GAP_DAILY,universe_daily,NSE_EQ|INE919H01018,1d,12,"12 missing trading days (longest run 1): 2011-10-26, 2012-01-07, 2012-03-03, 2012-04-28, 2012-09-08 (+7 more)"
ERROR,GAP_DAILY,universe_daily,NSE_EQ|INE919I01024,1d,10,"10 missing trading days (longest run 4): 2017-10-19, 2018-11-07, 2023-07-11, 2023-07-12, 2023-07-13 (+5 more)"
ERROR,GAP_DAILY,universe_daily,NSE_EQ|INE922A01025,1d,21,"21 missing trading days (longest run 1): 2005-06-04, 2005-11-26, 2006-04-29, 2006-06-25, 2006-10-21 (+16 more)"
ERROR,GAP_DAILY,universe_daily,NSE_EQ|INE922B01023,1d,46,"46 missing trading days (longest run 22): 2003-03-22, 2003-10-25, 2003-11-15, 2004-04-17, 2004-05-24 (+41 more)"
ERROR,GAP_DAILY,universe_daily,NSE_EQ|INE923A01015,1d,98,"98 missing trading days (longest run 22): 2003-03-22, 2003-10-25, 2003-11-15, 2004-04-17, 2004-05-24 (+93 more)"
ERROR,GAP_DAILY,universe_daily,NSE_EQ|INE924H01018,1d,1034,"1034 missing trading days (longest run 992): 2009-05-18, 2011-01-03, 2011-01-04, 2011-01-05, 2011-01-06 (+1029 more)"
ERROR,GAP_DAILY,universe_daily,NSE_EQ|INE925C01016,1d,14,"14 missing trading days (longest run 1): 2009-10-17, 2010-02-06, 2011-10-26, 2012-01-07, 2012-03-03 (+9 more)"
ERROR,GAP_DAILY,universe_daily,NSE_EQ|INE926K01017,1d,23,"23 missing trading days (longest run 1): 2011-10-26, 2012-01-07, 2012-03-03, 2012-04-28, 2012-09-08 (+18 more)"
ERROR,GAP_DAILY,universe_daily,NSE_EQ|INE927C01020,1d,14,"14 missing trading days (longest run 1): 2009-10-17, 2010-02-06, 2011-10-26, 2012-01-07, 2012-03-03 (+9 more)"
ERROR,GAP_DAILY,universe_daily,NSE_EQ|INE927D01051,1d,20,"20 missing trading days (longest run 1): 2005-06-04, 2005-11-26, 2006-04-29, 2006-06-25, 2006-10-21 (+15 more)"
ERROR,GAP_DAILY,universe_daily,NSE_EQ|INE930H01031,1d,14,"14 missing trading days (longest run 1): 2009-10-17, 2010-02-06, 2011-10-26, 2012-01-07, 2012-03-03 (+9 more)"
ERROR,GAP_DAILY,universe_daily,NSE_EQ|INE932A01024,1d,12,"12 missing trading days (longest run 1): 2011-10-26, 2012-01-07, 2012-03-03, 2012-04-28, 2012-09-08 (+7 more)"
ERROR,GAP_DAILY,universe_daily,NSE_EQ|INE932C01012,1d,48,"48 missing trading days (longest run 22): 2003-03-22, 2003-10-25, 2003-11-15, 2004-04-17, 2004-05-24 (+43 more)"
ERROR,GAP_DAILY,universe_daily,NSE_EQ|INE933B01012,1d,58,"58 missing trading days (longest run 44): 2009-10-17, 2010-02-06, 2011-10-26, 2012-01-07, 2012-03-03 (+53 more)"
ERROR,GAP_DAILY,universe_daily,NSE_EQ|INE933K01021,1d,12,"12 missing trading days (longest run 1): 2011-10-26, 2012-01-07, 2012-03-03, 2012-04-28, 2012-09-08 (+7 more)"
ERROR,GAP_DAILY,universe_daily,NSE_EQ|INE933X01016,1d,964,"964 missing trading days (longest run 137): 2016-01-05, 2016-01-06, 2016-01-07, 2016-01-08, 2016-01-11 (+959 more)"
ERROR,GAP_DAILY,universe_daily,NSE_EQ|INE935A01035,1d,46,"46 missing trading days (longest run 22): 2003-03-22, 2003-10-25, 2003-11-15, 2004-04-17, 2004-05-24 (+41 more)"
ERROR,GAP_DAILY,universe_daily,NSE_EQ|INE937A01023,1d,1015,"1015 missing trading days (longest run 992): 2011-01-03, 2011-01-04, 2011-01-05, 2011-01-06, 2011-01-07 (+1010 more)"
ERROR,GAP_DAILY,universe_daily,NSE_EQ|INE938A01021,1d,2046,"2046 missing trading days (longest run 995): 2007-11-09, 2009-05-18, 2011-01-03, 2011-01-04, 2011-01-05 (+2041 more)"
ERROR,GAP_DAILY,universe_daily,NSE_EQ|INE939A01011,1d,46,"46 missing trading days (longest run 22): 2003-03-22, 2003-10-25, 2003-11-15, 2004-04-17, 2004-05-24 (+41 more)"
ERROR,GAP_DAILY,universe_daily,NSE_EQ|INE940H01022,1d,14,"14 missing trading days (longest run 1): 2009-10-17, 2010-02-06, 2011-10-26, 2012-01-07, 2012-03-03 (+9 more)"
ERROR,GAP_DAILY,universe_daily,NSE_EQ|INE942G01012,1d,18,"18 missing trading days (longest run 1): 2005-11-26, 2006-04-29, 2006-06-25, 2006-10-21, 2009-10-17 (+13 more)"
ERROR,GAP_DAILY,universe_daily,NSE_EQ|INE943D01017,1d,46,"46 missing trading days (longest run 22): 2003-03-22, 2003-10-25, 2003-11-15, 2004-04-17, 2004-05-24 (+41 more)"
ERROR,GAP_DAILY,universe_daily,NSE_EQ|INE944F01028,1d,46,"46 missing trading days (longest run 22): 2003-03-22, 2003-10-25, 2003-11-15, 2004-04-17, 2004-05-24 (+41 more)"
ERROR,GAP_DAILY,universe_daily,NSE_EQ|INE945H01021,1d,14,"14 missing trading days (longest run 1): 2009-10-17, 2010-02-06, 2011-10-26, 2012-01-07, 2012-03-03 (+9 more)"
ERROR,GAP_DAILY,universe_daily,NSE_EQ|INE947A01014,1d,46,"46 missing trading days (longest run 22): 2003-03-22, 2003-10-25, 2003-11-15, 2004-04-17, 2004-05-24 (+41 more)"
ERROR,GAP_DAILY,universe_daily,NSE_EQ|INE947I01017,1d,38,"38 missing trading days (longest run 17): 2009-10-17, 2010-02-06, 2011-10-26, 2012-01-07, 2012-03-03 (+33 more)"
ERROR,GAP_DAILY,universe_daily,NSE_EQ|INE947J01015,1d,13,"13 missing trading days (longest run 1): 2010-02-06, 2011-10-26, 2012-01-07, 2012-03-03, 2012-04-28 (+8 more)"
ERROR,GAP_DAILY,universe_daily,NSE_EQ|INE947T01022,1d,1252,"1252 missing trading days (longest run 120): 2016-11-02, 2016-11-16, 2016-11-25, 2016-11-30, 2016-12-01 (+1247 more)"
ERROR,GAP_DAILY,universe_daily,NSE_EQ|INE948A01012,1d,46,"46 missing trading days (longest run 22): 2003-03-22, 2003-10-25, 2003-11-15, 2004-04-17, 2004-05-24 (+41 more)"
ERROR,GAP_DAILY,universe_daily,NSE_EQ|INE949H01023,1d,12,"12 missing trading days (longest run 1): 2011-10-26, 2012-01-07, 2012-03-03, 2012-04-28, 2012-09-08 (+7 more)"
ERROR,GAP_DAILY,universe_daily,NSE_EQ|INE950I01011,1d,13,"13 missing trading days (longest run 1): 2010-02-06, 2011-10-26, 2012-01-07, 2012-03-03, 2012-04-28 (+8 more)"
ERROR,GAP_DAILY,universe_daily,NSE_EQ|INE951D01028,1d,6,"6 missing trading days (longest run 1): 2013-11-03, 2014-03-22, 2015-02-28, 2016-10-30, 2017-10-19 (+1 more)"
ERROR,GAP_DAILY,universe_daily,NSE_EQ|INE951I01027,1d,14,"14 missing trading days (longest run 1): 2009-10-17, 2010-02-06, 2011-10-26, 2012-01-07, 2012-03-03 (+9 more)"
ERROR,GAP_DAILY,universe_daily,NSE_EQ|INE952H01027,1d,46,"46 missing trading days (longest run 26): 2009-10-17, 2010-02-06, 2011-10-26, 2012-01-07, 2012-03-03 (+41 more)"
ERROR,GAP_DAILY,universe_daily,NSE_EQ|INE954E01012,1d,102,"102 missing trading days (longest run 8): 2013-05-11, 2013-11-03, 2014-03-22, 2015-02-28, 2016-10-30 (+97 more)"
ERROR,GAP_DAILY,universe_daily,NSE_EQ|INE955D01029,1d,18,"18 missing trading days (longest run 1): 2005-11-26, 2006-04-29, 2006-06-25, 2006-10-21, 2009-10-17 (+13 more)"
ERROR,GAP_DAILY,universe_daily,NSE_EQ|INE955I01044,1d,929,"929 missing trading days (longest run 453): 2016-01-01, 2016-01-15, 2016-01-25, 2016-01-27, 2016-01-28 (+924 more)"
ERROR,GAP_DAILY,universe_daily,NSE_EQ|INE956G01038,1d,12,"12 missing trading days (longest run 1): 2011-10-26, 2012-01-07, 2012-03-03, 2012-04-28, 2012-09-08 (+7 more)"
ERROR,GAP_DAILY,universe_daily,NSE_EQ|INE961O01016,1d,729,"729 missing trading days (longest run 725): 2019-05-13, 2019-05-16, 2019-05-21, 2019-05-29, 2019-06-06 (+724 more)"
ERROR,GAP_DAILY,universe_daily,NSE_EQ|INE964H01014,1d,14,"14 missing trading days (longest run 1): 2009-10-17, 2010-02-06, 2011-10-26, 2012-01-07, 2012-03-03 (+9 more)"
ERROR,GAP_DAILY,universe_daily,NSE_EQ|INE964W01021,1d,957,"957 missing trading days (longest run 72): 2017-05-02, 2017-05-10, 2017-05-15, 2017-05-16, 2017-05-22 (+952 more)"
ERROR,GAP_DAILY,universe_daily,NSE_EQ|INE966H01019,1d,14,"14 missing trading days (longest run 1): 2009-10-17, 2010-02-06, 2011-10-26, 2012-01-07, 2012-03-03 (+9 more)"
ERROR,GAP_DAILY,universe_daily,NSE_EQ|INE967C01018,1d,49,"49 missing trading days (longest run 22): 2003-03-22, 2003-10-25, 2003-11-15, 2004-04-17, 2004-05-24 (+44 more)"
ERROR,GAP_DAILY,universe_daily,NSE_EQ|INE970D01010,1d,7,"7 missing trading days (longest run 2): 2026-05-12, 2026-05-21, 2026-05-22, 2026-06-09, 2026-06-19 (+2 more)"
ERROR,GAP_DAILY,universe_daily,NSE_EQ|INE970N01027,1d,1200,"1200 missing trading days (longest run 501): 2014-03-22, 2015-01-01, 2015-01-02, 2015-01-05, 2015-01-06 (+1195 more)"
ERROR,GAP_DAILY,universe_daily,NSE_EQ|INE972X01022,1d,536,"536 missing trading days (longest run 199): 2015-02-28, 2015-05-26, 2015-06-05, 2015-08-05, 2015-11-02 (+531 more)"
ERROR,GAP_DAILY,universe_daily,NSE_EQ|INE976A01021,1d,46,"46 missing trading days (longest run 22): 2003-03-22, 2003-10-25, 2003-11-15, 2004-04-17, 2004-05-24 (+41 more)"
ERROR,GAP_DAILY,universe_daily,NSE_EQ|INE976T01013,1d,612,"612 missing trading days (longest run 42): 2016-05-19, 2016-05-20, 2016-05-23, 2016-05-24, 2016-05-25 (+607 more)"
ERROR,GAP_DAILY,universe_daily,NSE_EQ|INE977Y01011,1d,484,"484 missing trading days (longest run 58): 2018-02-15, 2018-02-22, 2018-03-23, 2018-04-05, 2018-04-11 (+479 more)"
ERROR,GAP_DAILY,universe_daily,NSE_EQ|INE978A01027,1d,46,"46 missing trading days (longest run 22): 2003-03-22, 2003-10-25, 2003-11-15, 2004-04-17, 2004-05-24 (+41 more)"
ERROR,GAP_DAILY,universe_daily,NSE_EQ|INE978G01016,1d,23,"23 missing trading days (longest run 1): 2005-11-26, 2006-04-29, 2006-06-25, 2006-10-21, 2009-10-17 (+18 more)"
ERROR,GAP_DAILY,universe_daily,NSE_EQ|INE979A01025,1d,46,"46 missing trading days (longest run 22): 2003-03-22, 2003-10-25, 2003-11-15, 2004-04-17, 2004-05-24 (+41 more)"
ERROR,GAP_DAILY,universe_daily,NSE_EQ|INE980Y01015,1d,87,"87 missing trading days (longest run 62): 2018-04-24, 2018-05-02, 2018-05-11, 2018-06-05, 2018-06-12 (+82 more)"
ERROR,GAP_DAILY,universe_daily,NSE_EQ|INE982B01027,1d,12,"12 missing trading days (longest run 1): 2011-10-26, 2012-01-07, 2012-03-03, 2012-04-28, 2012-09-08 (+7 more)"
ERROR,GAP_DAILY,universe_daily,NSE_EQ|INE982F01036,1d,12,"12 missing trading days (longest run 1): 2011-10-26, 2012-01-07, 2012-03-03, 2012-04-28, 2012-09-08 (+7 more)"
ERROR,GAP_DAILY,universe_daily,NSE_EQ|INE985W01018,1d,296,"296 missing trading days (longest run 57): 2017-10-17, 2017-10-18, 2017-10-19, 2017-10-23, 2017-10-24 (+291 more)"
ERROR,GAP_DAILY,universe_daily,NSE_EQ|INE987B01026,1d,46,"46 missing trading days (longest run 22): 2003-03-22, 2003-10-25, 2003-11-15, 2004-04-17, 2004-05-24 (+41 more)"
ERROR,GAP_DAILY,universe_daily,NSE_EQ|INE989A01032,1d,14,"14 missing trading days (longest run 1): 2009-10-17, 2010-02-06, 2011-10-26, 2012-01-07, 2012-03-03 (+9 more)"
ERROR,GAP_DAILY,universe_daily,NSE_EQ|INE992I01013,1d,8,"8 missing trading days (longest run 2): 2023-08-10, 2023-10-16, 2023-10-19, 2024-05-03, 2024-05-07 (+3 more)"
ERROR,GAP_DAILY,universe_daily,NSE_EQ|INE993A01026,1d,46,"46 missing trading days (longest run 22): 2003-03-22, 2003-10-25, 2003-11-15, 2004-04-17, 2004-05-24 (+41 more)"
ERROR,GAP_DAILY,universe_daily,NSE_EQ|INE995D01025,1d,685,"685 missing trading days (longest run 683): 2015-02-28, 2016-10-30, 2017-02-09, 2017-02-10, 2017-02-13 (+680 more)"
ERROR,GAP_DAILY,universe_daily,NSE_EQ|INE997I01012,1d,6,"6 missing trading days (longest run 1): 2026-06-11, 2026-07-01, 2026-08-11, 2026-08-19, 2026-08-21 (+1 more)"
ERROR,GAP_DAILY,universe_daily,NSE_EQ|INE997Y01027,1d,216,"216 missing trading days (longest run 58): 2018-04-06, 2018-04-10, 2018-04-11, 2018-04-12, 2018-04-18 (+211 more)"
ERROR,GAP_DAILY,universe_daily,NSE_EQ|INE998H01012,1d,1235,"1235 missing trading days (longest run 992): 2008-12-22, 2009-05-18, 2011-01-03, 2011-01-04, 2011-01-05 (+1230 more)"
ERROR,GAP_DAILY,universe_daily,NSE_EQ|INE998I01010,1d,14,"14 missing trading days (longest run 1): 2009-10-17, 2010-02-06, 2011-10-26, 2012-01-07, 2012-03-03 (+9 more)"
ERROR,GAP_DAILY,universe_daily,NSE_EQ|INE999A01023,1d,46,"46 missing trading days (longest run 22): 2003-03-22, 2003-10-25, 2003-11-15, 2004-04-17, 2004-05-24 (+41 more)"
ERROR,GAP_DAILY,universe_daily,NSE_EQ|INE999K01014,1d,12,"12 missing trading days (longest run 1): 2011-10-26, 2012-01-07, 2012-03-03, 2012-04-28, 2012-09-08 (+7 more)"
ERROR,GAP_DAILY,universe_daily,NSE_EQ|INF082J01408,1d,998,"998 missing trading days (longest run 992): 2009-05-18, 2011-01-03, 2011-01-04, 2011-01-05, 2011-01-06 (+993 more)"
ERROR,GAP_DAILY,universe_daily,NSE_EQ|INF082J01499,1d,1413,"1413 missing trading days (longest run 992): 2008-07-25, 2008-08-19, 2008-08-27, 2008-11-19, 2008-11-28 (+1408 more)"
ERROR,GAP_DAILY,universe_daily,NSE_EQ|INF109KC11V0,1d,137,"137 missing trading days (longest run 10): 2016-06-30, 2016-07-01, 2016-07-04, 2016-07-05, 2016-07-08 (+132 more)"
ERROR,GAP_DAILY,universe_daily,NSE_EQ|INF109KC14A8,1d,7,"7 missing trading days (longest run 1): 2023-01-25, 2023-02-15, 2023-03-27, 2023-08-17, 2023-11-01 (+2 more)"
ERROR,GAP_DAILY,universe_daily,NSE_EQ|INF109KC16V9,1d,24,"24 missing trading days (longest run 5): 2013-11-03, 2014-03-22, 2015-02-26, 2015-02-28, 2015-03-26 (+19 more)"
ERROR,GAP_DAILY,universe_daily,NSE_EQ|INF109KC18O0,1d,116,"116 missing trading days (longest run 5): 2022-12-22, 2023-01-13, 2023-01-16, 2023-01-17, 2023-01-18 (+111 more)"
ERROR,GAP_DAILY,universe_daily,NSE_EQ|INF109KC19U5,1d,107,"107 missing trading days (longest run 8): 2017-07-13, 2017-07-18, 2017-07-19, 2017-07-20, 2017-07-24 (+102 more)"
ERROR,GAP_DAILY,universe_daily,NSE_EQ|INF109KC1KT9,1d,688,"688 missing trading days (longest run 669): 2016-01-13, 2016-01-14, 2016-01-15, 2016-01-18, 2016-01-19 (+683 more)"
ERROR,GAP_DAILY,universe_daily,NSE_EQ|INF109KC1NT3,1d,5,"5 missing trading days (longest run 1): 2015-02-28, 2016-10-30, 2017-10-19, 2018-11-07, 2019-05-07"
ERROR,GAP_DAILY,universe_daily,NSE_EQ|INF174K014P6,1d,996,"996 missing trading days (longest run 992): 2011-01-03, 2011-01-04, 2011-01-05, 2011-01-06, 2011-01-07 (+991 more)"
ERROR,GAP_DAILY,universe_daily,NSE_EQ|INF174KA1A86,1d,1032,"1032 missing trading days (longest run 992): 2008-03-13, 2008-03-28, 2008-04-01, 2008-05-06, 2008-05-13 (+1027 more)"
ERROR,GAP_DAILY,universe_daily,NSE_EQ|INF174KA1HJ8,1d,997,"997 missing trading days (longest run 992): 2011-01-03, 2011-01-04, 2011-01-05, 2011-01-06, 2011-01-07 (+992 more)"
ERROR,GAP_DAILY,universe_daily,NSE_EQ|INF174KA1JF2,1d,1614,"1614 missing trading days (longest run 1529): 2016-01-05, 2016-01-06, 2016-01-07, 2016-01-08, 2016-01-12 (+1609 more)"
ERROR,GAP_DAILY,universe_daily,NSE_EQ|INF174KA1LV5,1d,1039,"1039 missing trading days (longest run 840): 2018-11-07, 2018-11-26, 2018-12-03, 2018-12-04, 2018-12-05 (+1034 more)"
ERROR,GAP_DAILY,universe_daily,NSE_EQ|INF174KA1ZE1,1d,91,"91 missing trading days (longest run 5): 2016-01-01, 2016-01-04, 2016-01-21, 2016-01-27, 2016-02-02 (+86 more)"
ERROR,GAP_DAILY,universe_daily,NSE_EQ|INF174KA1ZF8,1d,14,"14 missing trading days (longest run 2): 2023-02-09, 2023-03-22, 2023-04-19, 2023-05-17, 2023-05-23 (+9 more)"
ERROR,GAP_DAILY,universe_daily,NSE_EQ|INF179KC1981,1d,997,"997 missing trading days (longest run 992): 2011-01-03, 2011-01-04, 2011-01-05, 2011-01-06, 2011-01-07 (+992 more)"
ERROR,GAP_DAILY,universe_daily,NSE_EQ|INF179KC1DK8,1d,1350,"1350 missing trading days (longest run 1282): 2017-04-17, 2017-04-18, 2017-04-19, 2017-04-20, 2017-04-21 (+1345 more)"
ERROR,GAP_DAILY,universe_daily,NSE_EQ|INF179KC1HU8,1d,10,"10 missing trading days (longest run 2): 2023-04-21, 2023-05-12, 2023-05-23, 2023-05-25, 2023-06-06 (+5 more)"
ERROR,GAP_DAILY,universe_daily,NSE_EQ|INF179KC1HX2,1d,261,"261 missing trading days (longest run 9): 2015-12-17, 2015-12-18, 2015-12-21, 2015-12-23, 2015-12-29 (+256 more)"
ERROR,GAP_DAILY,universe_daily,NSE_EQ|INF194KA1U07,1d,109,"109 missing trading days (longest run 6): 2016-10-28, 2016-10-30, 2016-11-03, 2016-11-08, 2016-11-11 (+104 more)"
ERROR,GAP_DAILY,universe_daily,NSE_EQ|INF200KA1580,1d,24,"24 missing trading days (longest run 3): 2015-04-01, 2015-05-05, 2015-05-06, 2015-06-22, 2015-06-26 (+19 more)"
ERROR,GAP_DAILY,universe_daily,NSE_EQ|INF200KA1598,1d,85,"85 missing trading days (longest run 17): 2015-03-30, 2015-04-06, 2015-04-08, 2015-04-09, 2015-04-20 (+80 more)"
ERROR,GAP_DAILY,universe_daily,NSE_EQ|INF200KA16D8,1d,997,"997 missing trading days (longest run 992): 2011-01-03, 2011-01-04, 2011-01-05, 2011-01-06, 2011-01-07 (+992 more)"
ERROR,GAP_DAILY,universe_daily,NSE_EQ|INF200KA1FS1,1d,6,"6 missing trading days (longest run 2): 2015-07-28, 2015-08-05, 2015-08-06, 2016-10-30, 2017-10-19 (+1 more)"
ERROR,GAP_DAILY,universe_daily,NSE_EQ|INF200KA1JT1,1d,462,"462 missing trading days (longest run 14): 2016-06-24, 2016-06-27, 2016-06-28, 2016-06-29, 2016-06-30 (+457 more)"
ERROR,GAP_DAILY,universe_daily,NSE_EQ|INF204K014N5,1d,99,"99 missing trading days (longest run 2): 2015-01-27, 2015-02-28, 2015-03-04, 2015-03-11, 2015-03-26 (+94 more)"
ERROR,GAP_DAILY,universe_daily,NSE_EQ|INF204KA1LD7,1d,106,"106 missing trading days (longest run 7): 2015-02-28, 2015-03-11, 2015-03-12, 2015-03-13, 2015-03-17 (+101 more)"
ERROR,GAP_DAILY,universe_daily,NSE_EQ|INF204KA1MS3,1d,204,"204 missing trading days (longest run 6): 2015-01-13, 2015-01-22, 2015-01-23, 2015-01-28, 2015-02-03 (+199 more)"
ERROR,GAP_DAILY,universe_daily,NSE_EQ|INF204KB14I2,1d,5,"5 missing trading days (longest run 1): 2004-12-23, 2015-02-28, 2016-10-30, 2017-10-19, 2018-11-07"
ERROR,GAP_DAILY,universe_daily,NSE_EQ|INF204KB15I9,1d,357,"357 missing trading days (longest run 19): 2004-06-08, 2004-06-11, 2004-06-16, 2004-06-23, 2004-06-24 (+352 more)"
ERROR,GAP_DAILY,universe_daily,NSE_EQ|INF204KB16I7,1d,1006,"1006 missing trading days (longest run 992): 2008-01-17, 2008-01-30, 2008-07-08, 2008-07-11, 2008-09-11 (+1001 more)"
ERROR,GAP_DAILY,universe_daily,NSE_EQ|INF204KB17I5,1d,997,"997 missing trading days (longest run 992): 2011-01-03, 2011-01-04, 2011-01-05, 2011-01-06, 2011-01-07 (+992 more)"
ERROR,GAP_DAILY,universe_daily,NSE_EQ|INF204KB1882,1d,205,"205 missing trading days (longest run 13): 2016-07-15, 2016-07-18, 2016-07-19, 2016-07-20, 2016-07-21 (+200 more)"
ERROR,GAP_DAILY,universe_daily,NSE_EQ|INF204KB18I3,1d,380,"380 missing trading days (longest run 8): 2015-07-06, 2015-07-10, 2015-07-15, 2015-07-16, 2015-07-21 (+375 more)"
ERROR,GAP_DAILY,universe_daily,NSE_EQ|INF204KB19I1,1d,122,"122 missing trading days (longest run 3): 2011-05-24, 2012-01-05, 2012-01-07, 2012-03-03, 2012-03-05 (+117 more)"
ERROR,GAP_DAILY,universe_daily,NSE_EQ|INF204KC1030,1d,1428,"1428 missing trading days (longest run 1420): 2015-02-28, 2015-04-16, 2015-05-14, 2015-06-02, 2015-07-13 (+1423 more)"
ERROR,GAP_DAILY,universe_daily,NSE_EQ|INF205KA1BP1,1d,1095,"1095 missing trading days (longest run 992): 2011-01-03, 2011-01-04, 2011-01-05, 2011-01-06, 2011-01-07 (+1090 more)"
ERROR,GAP_DAILY,universe_daily,NSE_EQ|INF205KA1CC7,1d,837,"837 missing trading days (longest run 11): 2011-10-26, 2012-01-07, 2012-03-03, 2012-04-28, 2012-09-08 (+832 more)"
ERROR,GAP_DAILY,universe_daily,NSE_EQ|INF209KB16D7,1d,61,"61 missing trading days (longest run 4): 2019-01-04, 2019-01-11, 2019-01-18, 2019-01-22, 2019-01-23 (+56 more)"
ERROR,GAP_DAILY,universe_daily,NSE_EQ|INF209KB17D5,1d,15,"15 missing trading days (longest run 2): 2019-10-31, 2019-11-01, 2019-11-25, 2019-12-06, 2019-12-09 (+10 more)"
ERROR,GAP_DAILY,universe_daily,NSE_EQ|INF209KB18D3,1d,34,"34 missing trading days (longest run 2): 2015-02-10, 2015-02-28, 2015-05-29, 2015-08-31, 2015-10-29 (+29 more)"
ERROR,GAP_DAILY,universe_daily,NSE_EQ|INF209KB18T9,1d,1459,"1459 missing trading days (longest run 1439): 2017-05-29, 2017-05-30, 2017-05-31, 2017-06-01, 2017-06-02 (+1454 more)"
ERROR,GAP_DAILY,universe_daily,NSE_EQ|INF209KB19D1,1d,99,"99 missing trading days (longest run 5): 2015-02-20, 2015-02-25, 2015-02-28, 2015-03-03, 2015-03-04 (+94 more)"
ERROR,GAP_DAILY,universe_daily,NSE_EQ|INF209KC1134,1d,32,"32 missing trading days (longest run 3): 2024-11-01, 2025-02-01, 2025-02-20, 2025-02-28, 2025-03-06 (+27 more)"
ERROR,GAP_DAILY,universe_daily,NSE_EQ|INF209KC1142,1d,162,"162 missing trading days (longest run 8): 2024-09-11, 2024-10-07, 2024-10-08, 2024-10-17, 2024-10-23 (+157 more)"
ERROR,GAP_DAILY,universe_daily,NSE_EQ|INF247L01536,1d,996,"996 missing trading days (longest run 992): 2011-01-03, 2011-01-04, 2011-01-05, 2011-01-06, 2011-01-07 (+991 more)"
ERROR,GAP_DAILY,universe_daily,NSE_EQ|INF247L01AP3,1d,5,"5 missing trading days (longest run 1): 2015-02-28, 2016-10-30, 2017-10-19, 2018-08-02, 2018-11-07"
ERROR,GAP_DAILY,universe_daily,NSE_EQ|INF247L01BH8,1d,45,"45 missing trading days (longest run 4): 2022-09-09, 2022-11-02, 2022-11-17, 2022-11-22, 2022-11-23 (+40 more)"
ERROR,GAP_DAILY,universe_daily,NSE_EQ|INF247L01BL0,1d,1106,"1106 missing trading days (longest run 998): 2017-06-19, 2017-06-20, 2017-06-21, 2017-06-22, 2017-06-23 (+1101 more)"
ERROR,GAP_DAILY,universe_daily,NSE_EQ|INF277K010X4,1d,5,"5 missing trading days (longest run 2): 2020-01-23, 2020-02-19, 2020-03-25, 2020-03-26, 2020-05-28"
ERROR,GAP_DAILY,universe_daily,NSE_EQ|INF277K015R5,1d,63,"63 missing trading days (longest run 4): 2019-01-17, 2019-01-22, 2019-01-23, 2019-01-24, 2019-01-28 (+58 more)"
ERROR,GAP_DAILY,universe_daily,NSE_EQ|INF346A01034,1d,327,"327 missing trading days (longest run 35): 2015-01-05, 2015-01-07, 2015-01-08, 2015-01-09, 2015-01-12 (+322 more)"
ERROR,GAP_DAILY,universe_daily,NSE_EQ|INF732E01037,1d,997,"997 missing trading days (longest run 992): 2009-05-18, 2011-01-03, 2011-01-04, 2011-01-05, 2011-01-06 (+992 more)"
ERROR,GAP_DAILY,universe_daily,NSE_EQ|INF732E01045,1d,998,"998 missing trading days (longest run 992): 2007-02-21, 2009-05-18, 2011-01-03, 2011-01-04, 2011-01-05 (+993 more)"
ERROR,GAP_DAILY,universe_daily,NSE_EQ|INF732E01128,1d,1175,"1175 missing trading days (longest run 992): 2009-08-21, 2009-08-25, 2009-09-18, 2009-10-06, 2010-02-01 (+1170 more)"
ERROR,GAP_DAILY,universe_daily,NSE_EQ|INF732E01268,1d,997,"997 missing trading days (longest run 992): 2011-01-03, 2011-01-04, 2011-01-05, 2011-01-06, 2011-01-07 (+992 more)"
ERROR,GAP_DAILY,universe_daily,NSE_EQ|INF740KA1ZI7,1d,10,"10 missing trading days (longest run 3): 2026-09-02, 2026-09-03, 2026-09-16, 2026-09-17, 2026-09-18 (+5 more)"
ERROR,GAP_DAILY,universe_daily,NSE_EQ|INF754K01VW2,1d,16,"16 missing trading days (longest run 6): 2025-10-17, 2025-10-20, 2025-10-21, 2025-10-23, 2025-10-27 (+11 more)"
ERROR,GAP_DAILY,universe_daily,NSE_EQ|INF767K01MV5,1d,96,"96 missing trading days (longest run 3): 2015-01-30, 2015-02-28, 2015-05-19, 2015-05-22, 2015-05-28 (+91 more)"
ERROR,GAP_DAILY,universe_daily,NSE_EQ|INF767K01OS7,1d,217,"217 missing trading days (longest run 19): 2015-12-08, 2015-12-09, 2015-12-10, 2015-12-11, 2015-12-14 (+212 more)"
ERROR,GAP_DAILY,universe_daily,NSE_EQ|INF767K01OT5,1d,547,"547 missing trading days (longest run 21): 2016-08-04, 2016-08-05, 2016-08-09, 2016-08-10, 2016-08-11 (+542 more)"
ERROR,GAP_DAILY,universe_daily,NSE_EQ|INF767K01PC8,1d,416,"416 missing trading days (longest run 26): 2016-05-27, 2016-05-30, 2016-05-31, 2016-06-01, 2016-06-02 (+411 more)"
ERROR,GAP_DAILY,universe_daily,NSE_EQ|INF767K01SM1,1d,20,"20 missing trading days (longest run 1): 2015-02-28, 2015-09-29, 2015-11-24, 2015-12-09, 2016-07-26 (+15 more)"
ERROR,GAP_DAILY,universe_daily,NSE_EQ|INF769K01EG9,1d,21,"21 missing trading days (longest run 3): 2018-12-14, 2018-12-31, 2019-01-03, 2019-01-10, 2019-01-11 (+16 more)"
ERROR,GAP_DAILY,universe_daily,NSE_EQ|INF769K01JP9,1d,1506,"1506 missing trading days (longest run 1087): 2015-01-09, 2015-01-12, 2015-01-13, 2015-01-14, 2015-01-19 (+1501 more)"
ERROR,GAP_DAILY,universe_daily,NSE_EQ|INF769K01JU9,1d,17,"17 missing trading days (longest run 1): 2023-05-10, 2023-05-19, 2023-05-25, 2023-06-12, 2023-06-26 (+12 more)"
ERROR,GAP_DAILY,universe_daily,NSE_EQ|INF769K01KF8,1d,39,"39 missing trading days (longest run 3): 2023-04-24, 2023-05-04, 2023-05-05, 2023-05-08, 2023-05-11 (+34 more)"
ERROR,GAP_DAILY,universe_daily,NSE_EQ|INF789F1AG68,1d,12,"12 missing trading days (longest run 3): 2026-07-31, 2026-08-06, 2026-08-12, 2026-08-13, 2026-08-14 (+7 more)"
ERROR,GAP_DAILY,universe_daily,NSE_EQ|INF789F1AUU3,1d,89,"89 missing trading days (longest run 5): 2019-03-14, 2019-03-15, 2019-03-22, 2019-03-28, 2019-04-02 (+84 more)"
ERROR,GAP_DAILY,universe_daily,NSE_EQ|INF789F1AUX7,1d,997,"997 missing trading days (longest run 992): 2011-01-03, 2011-01-04, 2011-01-05, 2011-01-06, 2011-01-07 (+992 more)"
ERROR,GAP_DAILY,universe_daily,NSE_EQ|INF789F1AZC0,1d,38,"38 missing trading days (longest run 2): 2015-11-02, 2015-11-24, 2015-12-15, 2015-12-24, 2016-01-27 (+33 more)"
ERROR,GAP_DAILY,universe_daily,NSE_EQ|INF789F1AZE6,1d,30,"30 missing trading days (longest run 2): 2024-04-23, 2024-05-17, 2024-05-18, 2024-09-02, 2024-09-05 (+25 more)"
ERROR,GAP_DAILY,universe_daily,NSE_EQ|INF789FB1X58,1d,105,"105 missing trading days (longest run 4): 2015-10-29, 2015-11-09, 2015-11-11, 2015-11-19, 2015-11-26 (+100 more)"
ERROR,GAP_DAILY,universe_daily,NSE_EQ|INF846K01W80,1d,998,"998 missing trading days (longest run 992): 2011-01-03, 2011-01-04, 2011-01-05, 2011-01-06, 2011-01-07 (+993 more)"
ERROR,GAP_DAILY,universe_daily,NSE_EQ|INF846K01W98,1d,17,"17 missing trading days (longest run 2): 2017-10-19, 2018-02-15, 2018-04-03, 2018-04-18, 2018-04-19 (+12 more)"
ERROR,GAP_DAILY,indices_daily,NSE_INDEX|India VIX,1d,14,"14 missing trading days (longest run 8): 2009-12-07, 2009-12-08, 2009-12-09, 2009-12-10, 2009-12-11 (+9 more)"
ERROR,GAP_DAILY,indices_daily,NSE_INDEX|NIFTY AlphaLowVol,1d,7,"7 missing trading days (longest run 5): 2021-04-26, 2021-04-28, 2022-02-24, 2022-02-25, 2022-02-28 (+2 more)"
ERROR,GAP_DAILY,indices_daily,NSE_INDEX|NIFTY HEALTHCARE,1d,12,"12 missing trading days (longest run 5): 2022-02-24, 2022-02-25, 2022-02-28, 2022-03-02, 2022-03-03 (+7 more)"
ERROR,GAP_DAILY,indices_daily,NSE_INDEX|NIFTY IND DIGITAL,1d,12,"12 missing trading days (longest run 5): 2022-02-24, 2022-02-25, 2022-02-28, 2022-03-02, 2022-03-03 (+7 more)"
ERROR,GAP_DAILY,indices_daily,NSE_INDEX|NIFTY INDIA MFG,1d,12,"12 missing trading days (longest run 5): 2022-02-24, 2022-02-25, 2022-02-28, 2022-03-02, 2022-03-03 (+7 more)"
ERROR,GAP_DAILY,indices_daily,NSE_INDEX|NIFTY LARGEMID250,1d,639,"639 missing trading days (longest run 491): 2018-01-01, 2018-01-02, 2018-01-03, 2018-01-04, 2018-01-05 (+634 more)"
ERROR,GAP_DAILY,indices_daily,NSE_INDEX|NIFTY M150 QLTY50,1d,170,"170 missing trading days (longest run 160): 2022-02-24, 2022-02-25, 2022-02-28, 2022-03-02, 2022-03-03 (+165 more)"
ERROR,GAP_DAILY,indices_daily,NSE_INDEX|NIFTY MICROCAP250,1d,12,"12 missing trading days (longest run 5): 2022-02-24, 2022-02-25, 2022-02-28, 2022-03-02, 2022-03-03 (+7 more)"
ERROR,GAP_DAILY,indices_daily,NSE_INDEX|NIFTY OIL AND GAS,1d,12,"12 missing trading days (longest run 5): 2022-02-24, 2022-02-25, 2022-02-28, 2022-03-02, 2022-03-03 (+7 more)"
ERROR,GAP_DAILY,indices_daily,NSE_INDEX|NIFTY TOTAL MKT,1d,12,"12 missing trading days (longest run 5): 2022-02-24, 2022-02-25, 2022-02-28, 2022-03-02, 2022-03-03 (+7 more)"
ERROR,GAP_DAILY,indices_daily,NSE_INDEX|NIFTY100 ESG,1d,5,"5 missing trading days (longest run 5): 2022-09-29, 2022-09-30, 2022-10-03, 2022-10-04, 2022-10-06"
ERROR,GAP_DAILY,indices_daily,NSE_INDEX|NIFTY100 Qualty30,1d,134,"134 missing trading days (longest run 134): 2018-01-01, 2018-01-02, 2018-01-03, 2018-01-04, 2018-01-05 (+129 more)"
ERROR,GAP_DAILY,indices_daily,NSE_INDEX|NIFTY50 EQL Wgt,1d,1058,"1058 missing trading days (longest run 546): 2015-11-10, 2015-11-11, 2015-11-13, 2015-11-23, 2015-11-24 (+1053 more)"
ERROR,GAP_DAILY,indices_daily,NSE_INDEX|NIFTY500 MULTICAP,1d,12,"12 missing trading days (longest run 5): 2022-02-24, 2022-02-25, 2022-02-28, 2022-03-02, 2022-03-03 (+7 more)"
ERROR,GAP_DAILY,indices_daily,NSE_INDEX|Nifty Bank,1d,14,"14 missing trading days (longest run 8): 2006-11-06, 2009-02-16, 2009-02-17, 2009-02-18, 2009-02-19 (+9 more)"
ERROR,GAP_DAILY,indices_daily,NSE_INDEX|Nifty Capital Mkt,1d,8,"8 missing trading days (longest run 2): 2024-11-13, 2024-11-18, 2024-11-21, 2024-11-22, 2024-11-26 (+3 more)"
ERROR,GAP_DAILY,indices_daily,NSE_INDEX|Nifty Div Opps 50,1d,58,"58 missing trading days (longest run 57): 2015-11-09, 2018-12-03, 2018-12-04, 2018-12-05, 2018-12-06 (+53 more)"
ERROR,GAP_DAILY,indices_daily,NSE_INDEX|Nifty FinSrv25 50,1d,13,"13 missing trading days (longest run 5): 2021-04-26, 2022-02-24, 2022-02-25, 2022-02-28, 2022-03-02 (+8 more)"
ERROR,GAP_DAILY,indices_daily,NSE_INDEX|Nifty GS 10Yr,1d,10,"10 missing trading days (longest run 5): 2015-11-09, 2015-11-10, 2015-11-11, 2015-11-13, 2015-11-23 (+5 more)"
ERROR,GAP_DAILY,indices_daily,NSE_INDEX|Nifty GS 10Yr Cln,1d,26,"26 missing trading days (longest run 23): 2021-04-26, 2021-04-28, 2022-06-14, 2022-06-15, 2022-06-16 (+21 more)"
ERROR,GAP_DAILY,indices_daily,NSE_INDEX|Nifty GS 15YrPlus,1d,526,"526 missing trading days (longest run 522): 2015-11-10, 2015-11-11, 2015-11-13, 2015-11-23, 2015-11-24 (+521 more)"
ERROR,GAP_DAILY,indices_daily,NSE_INDEX|Nifty GS 4 8Yr,1d,26,"26 missing trading days (longest run 23): 2021-04-26, 2021-04-28, 2022-06-14, 2022-06-15, 2022-06-16 (+21 more)"
ERROR,GAP_DAILY,indices_daily,NSE_INDEX|Nifty GS 8 13Yr,1d,26,"26 missing trading days (longest run 23): 2021-04-26, 2021-04-28, 2022-06-14, 2022-06-15, 2022-06-16 (+21 more)"
ERROR,GAP_DAILY,indices_daily,NSE_INDEX|Nifty GS Compsite,1d,2029,"2029 missing trading days (longest run 2026): 2015-11-10, 2015-11-11, 2015-11-13, 2015-11-23, 2015-11-24 (+2024 more)"
ERROR,GAP_DAILY,indices_daily,NSE_INDEX|Nifty GrowSect 15,1d,230,"230 missing trading days (longest run 230): 2020-01-01, 2020-01-02, 2020-01-03, 2020-01-06, 2020-01-07 (+225 more)"
ERROR,GAP_DAILY,indices_daily,NSE_INDEX|Nifty IT,1d,22,"22 missing trading days (longest run 8): 2006-11-06, 2009-02-16, 2009-02-17, 2009-02-18, 2009-02-19 (+17 more)"
ERROR,GAP_DAILY,indices_daily,NSE_INDEX|Nifty Ind Defence,1d,8,"8 missing trading days (longest run 2): 2024-11-13, 2024-11-18, 2024-11-21, 2024-11-22, 2024-11-26 (+3 more)"
ERROR,GAP_DAILY,indices_daily,NSE_INDEX|Nifty Ind Tourism,1d,8,"8 missing trading days (longest run 2): 2024-11-13, 2024-11-18, 2024-11-21, 2024-11-22, 2024-11-26 (+3 more)"
ERROR,GAP_DAILY,indices_daily,NSE_INDEX|Nifty Infra,1d,58,"58 missing trading days (longest run 57): 2015-11-09, 2018-12-03, 2018-12-04, 2018-12-05, 2018-12-06 (+53 more)"
ERROR,GAP_DAILY,indices_daily,NSE_INDEX|Nifty MNC,1d,9,"9 missing trading days (longest run 8): 2013-04-22, 2013-04-23, 2013-04-25, 2013-04-26, 2013-04-29 (+4 more)"
ERROR,GAP_DAILY,indices_daily,NSE_INDEX|Nifty Midcap 50,1d,21,"21 missing trading days (longest run 8): 2009-02-16, 2009-02-17, 2009-02-18, 2009-02-19, 2009-02-20 (+16 more)"
ERROR,GAP_DAILY,indices_daily,NSE_INDEX|Nifty PSE,1d,8,"8 missing trading days (longest run 8): 2013-04-22, 2013-04-23, 2013-04-25, 2013-04-26, 2013-04-29 (+3 more)"
ERROR,GAP_DAILY,indices_daily,NSE_INDEX|Nifty PSU Bank,1d,12,"12 missing trading days (longest run 11): 2010-06-08, 2010-06-09, 2010-06-10, 2010-06-11, 2010-06-14 (+7 more)"
ERROR,GAP_DAILY,indices_daily,NSE_INDEX|Nifty Serv Sector,1d,58,"58 missing trading days (longest run 57): 2015-11-09, 2018-12-03, 2018-12-04, 2018-12-05, 2018-12-06 (+53 more)"
ERROR,GAP_DAILY,indices_daily,NSE_INDEX|Nifty Tata 25 Cap,1d,26,"26 missing trading days (longest run 26): 2024-04-29, 2024-04-30, 2024-05-02, 2024-05-03, 2024-05-06 (+21 more)"
ERROR,GAP_DAILY,indices_daily,NSE_INDEX|Nifty Top 10 EW,1d,8,"8 missing trading days (longest run 2): 2024-11-13, 2024-11-18, 2024-11-21, 2024-11-22, 2024-11-26 (+3 more)"
ERROR,GAP_DAILY,indices_daily,NSE_INDEX|Nifty100ESGSecLdr,1d,174,"174 missing trading days (longest run 160): 2021-04-26, 2021-04-28, 2022-02-24, 2022-02-25, 2022-02-28 (+169 more)"
ERROR,GAP_DAILY,indices_daily,NSE_INDEX|Nifty200Momentm30,1d,14,"14 missing trading days (longest run 5): 2021-04-26, 2021-04-28, 2022-02-24, 2022-02-25, 2022-02-28 (+9 more)"
ERROR,GAP_DAILY,indices_daily,NSE_INDEX|Nifty50 Div Point,1d,87,"87 missing trading days (longest run 57): 2015-04-06, 2015-04-07, 2015-04-08, 2015-04-09, 2015-04-10 (+82 more)"
ERROR,GAP_DAILY,indices_daily,NSE_INDEX|Nifty500Momentm50,1d,8,"8 missing trading days (longest run 2): 2024-11-13, 2024-11-18, 2024-11-21, 2024-11-22, 2024-11-26 (+3 more)"
ERROR,GAP_DAILY,indices_daily,NSE_INDEX|NiftyMS400 MQ 100,1d,8,"8 missing trading days (longest run 2): 2024-11-13, 2024-11-18, 2024-11-21, 2024-11-22, 2024-11-26 (+3 more)"
ERROR,GAP_DAILY,indices_daily,NSE_INDEX|NiftySml250MQ 100,1d,8,"8 missing trading days (longest run 2): 2024-11-13, 2024-11-18, 2024-11-21, 2024-11-22, 2024-11-26 (+3 more)"
ERROR,INTRADAY_DAILY_MISMATCH,stocks_intraday,NSE_EQ|INE003A01024,5m,10,"10/269 full days differ from daily bar: 2026-01-09, 2026-02-06, 2026-02-20 (+7 more)"
ERROR,INTRADAY_DAILY_MISMATCH,stocks_intraday,NSE_EQ|INE003A01024,15m,10,"10/269 full days differ from daily bar: 2026-01-09, 2026-02-06, 2026-02-20 (+7 more)"
ERROR,INTRADAY_DAILY_MISMATCH,stocks_intraday,NSE_EQ|INE003A01024,60m,10,"10/269 full days differ from daily bar: 2026-01-09, 2026-02-06, 2026-02-20 (+7 more)"
ERROR,INTRADAY_DAILY_MISMATCH,stocks_intraday,NSE_EQ|INE006I01046,5m,22,"22/269 full days differ from daily bar: 2025-09-09, 2025-10-08, 2025-11-24 (+19 more)"
ERROR,INTRADAY_DAILY_MISMATCH,stocks_intraday,NSE_EQ|INE006I01046,15m,22,"22/269 full days differ from daily bar: 2025-09-09, 2025-10-08, 2025-11-24 (+19 more)"
ERROR,INTRADAY_DAILY_MISMATCH,stocks_intraday,NSE_EQ|INE006I01046,60m,22,"22/269 full days differ from daily bar: 2025-09-09, 2025-10-08, 2025-11-24 (+19 more)"
ERROR,INTRADAY_DAILY_MISMATCH,stocks_intraday,NSE_EQ|INE00H001014,5m,29,"29/269 full days differ from daily bar: 2025-09-19, 2025-11-10, 2025-12-10 (+26 more)"
ERROR,INTRADAY_DAILY_MISMATCH,stocks_intraday,NSE_EQ|INE00H001014,15m,29,"29/269 full days differ from daily bar: 2025-09-19, 2025-11-10, 2025-12-10 (+26 more)"
ERROR,INTRADAY_DAILY_MISMATCH,stocks_intraday,NSE_EQ|INE00H001014,60m,29,"29/269 full days differ from daily bar: 2025-09-19, 2025-11-10, 2025-12-10 (+26 more)"
ERROR,INTRADAY_DAILY_MISMATCH,stocks_intraday,NSE_EQ|INE00R701025,5m,33,"33/269 full days differ from daily bar: 2025-12-10, 2025-12-17, 2026-01-16 (+30 more)"
ERROR,INTRADAY_DAILY_MISMATCH,stocks_intraday,NSE_EQ|INE00R701025,15m,33,"33/269 full days differ from daily bar: 2025-12-10, 2025-12-17, 2026-01-16 (+30 more)"
ERROR,INTRADAY_DAILY_MISMATCH,stocks_intraday,NSE_EQ|INE00R701025,60m,33,"33/269 full days differ from daily bar: 2025-12-10, 2025-12-17, 2026-01-16 (+30 more)"
ERROR,INTRADAY_DAILY_MISMATCH,stocks_intraday,NSE_EQ|INE018E01016,5m,16,"16/269 full days differ from daily bar: 2025-09-10, 2025-09-24, 2025-10-03 (+13 more)"
ERROR,INTRADAY_DAILY_MISMATCH,stocks_intraday,NSE_EQ|INE018E01016,15m,16,"16/269 full days differ from daily bar: 2025-09-10, 2025-09-24, 2025-10-03 (+13 more)"
ERROR,INTRADAY_DAILY_MISMATCH,stocks_intraday,NSE_EQ|INE018E01016,60m,16,"16/269 full days differ from daily bar: 2025-09-10, 2025-09-24, 2025-10-03 (+13 more)"
ERROR,INTRADAY_DAILY_MISMATCH,stocks_intraday,NSE_EQ|INE019A01038,5m,10,"10/269 full days differ from daily bar: 2025-09-29, 2025-11-24, 2026-02-01 (+7 more)"
ERROR,INTRADAY_DAILY_MISMATCH,stocks_intraday,NSE_EQ|INE019A01038,15m,10,"10/269 full days differ from daily bar: 2025-09-29, 2025-11-24, 2026-02-01 (+7 more)"
ERROR,INTRADAY_DAILY_MISMATCH,stocks_intraday,NSE_EQ|INE019A01038,60m,10,"10/269 full days differ from daily bar: 2025-09-29, 2025-11-24, 2026-02-01 (+7 more)"
ERROR,INTRADAY_DAILY_MISMATCH,stocks_intraday,NSE_EQ|INE01EA01019,5m,12,"12/269 full days differ from daily bar: 2025-09-29, 2025-11-24, 2025-11-25 (+9 more)"
ERROR,INTRADAY_DAILY_MISMATCH,stocks_intraday,NSE_EQ|INE01EA01019,15m,12,"12/269 full days differ from daily bar: 2025-09-29, 2025-11-24, 2025-11-25 (+9 more)"
ERROR,INTRADAY_DAILY_MISMATCH,stocks_intraday,NSE_EQ|INE01EA01019,60m,12,"12/269 full days differ from daily bar: 2025-09-29, 2025-11-24, 2025-11-25 (+9 more)"
ERROR,INTRADAY_DAILY_MISMATCH,stocks_intraday,NSE_EQ|INE027H01010,5m,10,"10/269 full days differ from daily bar: 2025-09-29, 2025-10-28, 2025-11-03 (+7 more)"
ERROR,INTRADAY_DAILY_MISMATCH,stocks_intraday,NSE_EQ|INE027H01010,15m,10,"10/269 full days differ from daily bar: 2025-09-29, 2025-10-28, 2025-11-03 (+7 more)"
ERROR,INTRADAY_DAILY_MISMATCH,stocks_intraday,NSE_EQ|INE027H01010,60m,10,"10/269 full days differ from daily bar: 2025-09-29, 2025-10-28, 2025-11-03 (+7 more)"
ERROR,INTRADAY_DAILY_MISMATCH,stocks_intraday,NSE_EQ|INE047A01021,5m,11,"11/269 full days differ from daily bar: 2026-02-16, 2026-03-23, 2026-03-24 (+8 more)"
ERROR,INTRADAY_DAILY_MISMATCH,stocks_intraday,NSE_EQ|INE047A01021,15m,11,"11/269 full days differ from daily bar: 2026-02-16, 2026-03-23, 2026-03-24 (+8 more)"
ERROR,INTRADAY_DAILY_MISMATCH,stocks_intraday,NSE_EQ|INE047A01021,60m,11,"11/269 full days differ from daily bar: 2026-02-16, 2026-03-23, 2026-03-24 (+8 more)"
ERROR,INTRADAY_DAILY_MISMATCH,stocks_intraday,NSE_EQ|INE04I401011,5m,14,"14/269 full days differ from daily bar: 2025-09-30, 2025-11-11, 2025-12-16 (+11 more)"
ERROR,INTRADAY_DAILY_MISMATCH,stocks_intraday,NSE_EQ|INE04I401011,15m,14,"14/269 full days differ from daily bar: 2025-09-30, 2025-11-11, 2025-12-16 (+11 more)"
ERROR,INTRADAY_DAILY_MISMATCH,stocks_intraday,NSE_EQ|INE04I401011,60m,14,"14/269 full days differ from daily bar: 2025-09-30, 2025-11-11, 2025-12-16 (+11 more)"
ERROR,INTRADAY_DAILY_MISMATCH,stocks_intraday,NSE_EQ|INE061F01013,5m,14,"14/269 full days differ from daily bar: 2025-09-09, 2025-11-24, 2025-12-18 (+11 more)"
ERROR,INTRADAY_DAILY_MISMATCH,stocks_intraday,NSE_EQ|INE061F01013,15m,14,"14/269 full days differ from daily bar: 2025-09-09, 2025-11-24, 2025-12-18 (+11 more)"
ERROR,INTRADAY_DAILY_MISMATCH,stocks_intraday,NSE_EQ|INE061F01013,60m,14,"14/269 full days differ from daily bar: 2025-09-09, 2025-11-24, 2025-12-18 (+11 more)"
ERROR,INTRADAY_DAILY_MISMATCH,stocks_intraday,NSE_EQ|INE066P01011,5m,18,"18/269 full days differ from daily bar: 2025-10-03, 2025-10-08, 2025-10-23 (+15 more)"
ERROR,INTRADAY_DAILY_MISMATCH,stocks_intraday,NSE_EQ|INE066P01011,15m,18,"18/269 full days differ from daily bar: 2025-10-03, 2025-10-08, 2025-10-23 (+15 more)"
ERROR,INTRADAY_DAILY_MISMATCH,stocks_intraday,NSE_EQ|INE066P01011,60m,18,"18/269 full days differ from daily bar: 2025-10-03, 2025-10-08, 2025-10-23 (+15 more)"
ERROR,INTRADAY_DAILY_MISMATCH,stocks_intraday,NSE_EQ|INE070A01015,5m,20,"20/269 full days differ from daily bar: 2025-09-30, 2025-10-29, 2026-02-03 (+17 more)"
ERROR,INTRADAY_DAILY_MISMATCH,stocks_intraday,NSE_EQ|INE070A01015,15m,20,"20/269 full days differ from daily bar: 2025-09-30, 2025-10-29, 2026-02-03 (+17 more)"
ERROR,INTRADAY_DAILY_MISMATCH,stocks_intraday,NSE_EQ|INE070A01015,60m,20,"20/269 full days differ from daily bar: 2025-09-30, 2025-10-29, 2026-02-03 (+17 more)"
ERROR,INTRADAY_DAILY_MISMATCH,stocks_intraday,NSE_EQ|INE073K01018,5m,14,"14/269 full days differ from daily bar: 2025-09-26, 2025-11-26, 2026-01-09 (+11 more)"
ERROR,INTRADAY_DAILY_MISMATCH,stocks_intraday,NSE_EQ|INE073K01018,15m,14,"14/269 full days differ from daily bar: 2025-09-26, 2025-11-26, 2026-01-09 (+11 more)"
ERROR,INTRADAY_DAILY_MISMATCH,stocks_intraday,NSE_EQ|INE073K01018,60m,14,"14/269 full days differ from daily bar: 2025-09-26, 2025-11-26, 2026-01-09 (+11 more)"
ERROR,INTRADAY_DAILY_MISMATCH,stocks_intraday,NSE_EQ|INE07Y701011,5m,18,"18/269 full days differ from daily bar: 2025-09-09, 2025-09-19, 2025-09-26 (+15 more)"
ERROR,INTRADAY_DAILY_MISMATCH,stocks_intraday,NSE_EQ|INE07Y701011,15m,18,"18/269 full days differ from daily bar: 2025-09-09, 2025-09-19, 2025-09-26 (+15 more)"
ERROR,INTRADAY_DAILY_MISMATCH,stocks_intraday,NSE_EQ|INE07Y701011,60m,18,"18/269 full days differ from daily bar: 2025-09-09, 2025-09-19, 2025-09-26 (+15 more)"
ERROR,INTRADAY_DAILY_MISMATCH,stocks_intraday,NSE_EQ|INE093I01010,5m,23,"23/269 full days differ from daily bar: 2025-09-05, 2025-09-26, 2025-10-08 (+20 more)"
ERROR,INTRADAY_DAILY_MISMATCH,stocks_intraday,NSE_EQ|INE093I01010,15m,23,"23/269 full days differ from daily bar: 2025-09-05, 2025-09-26, 2025-10-08 (+20 more)"
ERROR,INTRADAY_DAILY_MISMATCH,stocks_intraday,NSE_EQ|INE093I01010,60m,23,"23/269 full days differ from daily bar: 2025-09-05, 2025-09-26, 2025-10-08 (+20 more)"
ERROR,INTRADAY_DAILY_MISMATCH,stocks_intraday,NSE_EQ|INE094A01015,5m,9,"9/269 full days differ from daily bar: 2025-10-06, 2025-10-21, 2025-11-07 (+6 more)"
ERROR,INTRADAY_DAILY_MISMATCH,stocks_intraday,NSE_EQ|INE094A01015,15m,9,"9/269 full days differ from daily bar: 2025-10-06, 2025-10-21, 2025-11-07 (+6 more)"
ERROR,INTRADAY_DAILY_MISMATCH,stocks_intraday,NSE_EQ|INE094A01015,60m,9,"9/269 full days differ from daily bar: 2025-10-06, 2025-10-21, 2025-11-07 (+6 more)"
ERROR,INTRADAY_DAILY_MISMATCH,stocks_intraday,NSE_EQ|INE095N01031,5m,9,"9/269 full days differ from daily bar: 2025-09-05, 2025-10-29, 2026-01-21 (+6 more)"
ERROR,INTRADAY_DAILY_MISMATCH,stocks_intraday,NSE_EQ|INE095N01031,15m,9,"9/269 full days differ from daily bar: 2025-09-05, 2025-10-29, 2026-01-21 (+6 more)"
ERROR,INTRADAY_DAILY_MISMATCH,stocks_intraday,NSE_EQ|INE095N01031,60m,9,"9/269 full days differ from daily bar: 2025-09-05, 2025-10-29, 2026-01-21 (+6 more)"
ERROR,INTRADAY_DAILY_MISMATCH,stocks_intraday,NSE_EQ|INE0BS701011,5m,45,"45/269 full days differ from daily bar: 2025-09-12, 2025-09-19, 2025-09-26 (+42 more)"
ERROR,INTRADAY_DAILY_MISMATCH,stocks_intraday,NSE_EQ|INE0BS701011,15m,45,"45/269 full days differ from daily bar: 2025-09-12, 2025-09-19, 2025-09-26 (+42 more)"
ERROR,INTRADAY_DAILY_MISMATCH,stocks_intraday,NSE_EQ|INE0BS701011,60m,45,"45/269 full days differ from daily bar: 2025-09-12, 2025-09-19, 2025-09-26 (+42 more)"
ERROR,INTRADAY_DAILY_MISMATCH,stocks_intraday,NSE_EQ|INE0V6F01027,5m,21,"21/269 full days differ from daily bar: 2025-09-19, 2025-09-25, 2025-11-24 (+18 more)"
ERROR,INTRADAY_DAILY_MISMATCH,stocks_intraday,NSE_EQ|INE0V6F01027,15m,21,"21/269 full days differ from daily bar: 2025-09-19, 2025-09-25, 2025-11-24 (+18 more)"
ERROR,INTRADAY_DAILY_MISMATCH,stocks_intraday,NSE_EQ|INE0V6F01027,60m,21,"21/269 full days differ from daily bar: 2025-09-19, 2025-09-25, 2025-11-24 (+18 more)"
ERROR,INTRADAY_DAILY_MISMATCH,stocks_intraday,NSE_EQ|INE102D01028,5m,14,"14/269 full days differ from daily bar: 2025-11-11, 2025-12-26, 2026-01-08 (+11 more)"
ERROR,INTRADAY_DAILY_MISMATCH,stocks_intraday,NSE_EQ|INE102D01028,15m,14,"14/269 full days differ from daily bar: 2025-11-11, 2025-12-26, 2026-01-08 (+11 more)"
ERROR,INTRADAY_DAILY_MISMATCH,stocks_intraday,NSE_EQ|INE102D01028,60m,14,"14/269 full days differ from daily bar: 2025-11-11, 2025-12-26, 2026-01-08 (+11 more)"
ERROR,INTRADAY_DAILY_MISMATCH,stocks_intraday,NSE_EQ|INE111A01025,5m,12,"12/269 full days differ from daily bar: 2025-11-24, 2026-01-08, 2026-01-22 (+9 more)"
ERROR,INTRADAY_DAILY_MISMATCH,stocks_intraday,NSE_EQ|INE111A01025,15m,12,"12/269 full days differ from daily bar: 2025-11-24, 2026-01-08, 2026-01-22 (+9 more)"
ERROR,INTRADAY_DAILY_MISMATCH,stocks_intraday,NSE_EQ|INE111A01025,60m,12,"12/269 full days differ from daily bar: 2025-11-24, 2026-01-08, 2026-01-22 (+9 more)"
ERROR,INTRADAY_DAILY_MISMATCH,stocks_intraday,NSE_EQ|INE114A01011,5m,20,"20/269 full days differ from daily bar: 2025-12-08, 2026-01-27, 2026-02-01 (+17 more)"
ERROR,INTRADAY_DAILY_MISMATCH,stocks_intraday,NSE_EQ|INE114A01011,15m,20,"20/269 full days differ from daily bar: 2025-12-08, 2026-01-27, 2026-02-01 (+17 more)"
ERROR,INTRADAY_DAILY_MISMATCH,stocks_intraday,NSE_EQ|INE114A01011,60m,20,"20/269 full days differ from daily bar: 2025-12-08, 2026-01-27, 2026-02-01 (+17 more)"
ERROR,INTRADAY_DAILY_MISMATCH,stocks_intraday,NSE_EQ|INE118A01012,5m,19,"19/269 full days differ from daily bar: 2025-09-09, 2025-09-19, 2025-09-30 (+16 more)"
ERROR,INTRADAY_DAILY_MISMATCH,stocks_intraday,NSE_EQ|INE118A01012,15m,19,"19/269 full days differ from daily bar: 2025-09-09, 2025-09-19, 2025-09-30 (+16 more)"
ERROR,INTRADAY_DAILY_MISMATCH,stocks_intraday,NSE_EQ|INE118A01012,60m,19,"19/269 full days differ from daily bar: 2025-09-09, 2025-09-19, 2025-09-30 (+16 more)"
ERROR,INTRADAY_DAILY_MISMATCH,stocks_intraday,NSE_EQ|INE121A01024,5m,18,"18/269 full days differ from daily bar: 2025-10-06, 2025-10-24, 2025-12-19 (+15 more)"
ERROR,INTRADAY_DAILY_MISMATCH,stocks_intraday,NSE_EQ|INE121A01024,15m,18,"18/269 full days differ from daily bar: 2025-10-06, 2025-10-24, 2025-12-19 (+15 more)"
ERROR,INTRADAY_DAILY_MISMATCH,stocks_intraday,NSE_EQ|INE121A01024,60m,18,"18/269 full days differ from daily bar: 2025-10-06, 2025-10-24, 2025-12-19 (+15 more)"
ERROR,INTRADAY_DAILY_MISMATCH,stocks_intraday,NSE_EQ|INE121E01018,5m,13,"13/269 full days differ from daily bar: 2026-01-08, 2026-01-12, 2026-01-23 (+10 more)"
ERROR,INTRADAY_DAILY_MISMATCH,stocks_intraday,NSE_EQ|INE121E01018,15m,13,"13/269 full days differ from daily bar: 2026-01-08, 2026-01-12, 2026-01-23 (+10 more)"
ERROR,INTRADAY_DAILY_MISMATCH,stocks_intraday,NSE_EQ|INE121E01018,60m,13,"13/269 full days differ from daily bar: 2026-01-08, 2026-01-12, 2026-01-23 (+10 more)"
ERROR,INTRADAY_DAILY_MISMATCH,stocks_intraday,NSE_EQ|INE121J01017,5m,14,"14/269 full days differ from daily bar: 2025-09-24, 2025-10-27, 2025-11-18 (+11 more)"
ERROR,INTRADAY_DAILY_MISMATCH,stocks_intraday,NSE_EQ|INE121J01017,15m,14,"14/269 full days differ from daily bar: 2025-09-24, 2025-10-27, 2025-11-18 (+11 more)"
ERROR,INTRADAY_DAILY_MISMATCH,stocks_intraday,NSE_EQ|INE121J01017,60m,14,"14/269 full days differ from daily bar: 2025-09-24, 2025-10-27, 2025-11-18 (+11 more)"
ERROR,INTRADAY_DAILY_MISMATCH,stocks_intraday,NSE_EQ|INE123W01016,5m,10,"10/269 full days differ from daily bar: 2025-11-24, 2025-12-30, 2026-01-30 (+7 more)"
ERROR,INTRADAY_DAILY_MISMATCH,stocks_intraday,NSE_EQ|INE123W01016,15m,10,"10/269 full days differ from daily bar: 2025-11-24, 2025-12-30, 2026-01-30 (+7 more)"
ERROR,INTRADAY_DAILY_MISMATCH,stocks_intraday,NSE_EQ|INE123W01016,60m,10,"10/269 full days differ from daily bar: 2025-11-24, 2025-12-30, 2026-01-30 (+7 more)"
ERROR,INTRADAY_DAILY_MISMATCH,stocks_intraday,NSE_EQ|INE138Y01010,5m,17,"17/269 full days differ from daily bar: 2025-09-29, 2025-09-30, 2025-10-15 (+14 more)"
ERROR,INTRADAY_DAILY_MISMATCH,stocks_intraday,NSE_EQ|INE138Y01010,15m,17,"17/269 full days differ from daily bar: 2025-09-29, 2025-09-30, 2025-10-15 (+14 more)"
ERROR,INTRADAY_DAILY_MISMATCH,stocks_intraday,NSE_EQ|INE138Y01010,60m,17,"17/269 full days differ from daily bar: 2025-09-29, 2025-09-30, 2025-10-15 (+14 more)"
ERROR,INTRADAY_DAILY_MISMATCH,stocks_intraday,NSE_EQ|INE139A01034,5m,10,"10/269 full days differ from daily bar: 2025-12-03, 2026-01-30, 2026-03-05 (+7 more)"
ERROR,INTRADAY_DAILY_MISMATCH,stocks_intraday,NSE_EQ|INE139A01034,15m,10,"10/269 full days differ from daily bar: 2025-12-03, 2026-01-30, 2026-03-05 (+7 more)"
ERROR,INTRADAY_DAILY_MISMATCH,stocks_intraday,NSE_EQ|INE139A01034,60m,10,"10/269 full days differ from daily bar: 2025-12-03, 2026-01-30, 2026-03-05 (+7 more)"
ERROR,INTRADAY_DAILY_MISMATCH,stocks_intraday,NSE_EQ|INE148O01028,5m,10,"10/269 full days differ from daily bar: 2025-09-30, 2025-11-06, 2025-11-25 (+7 more)"
ERROR,INTRADAY_DAILY_MISMATCH,stocks_intraday,NSE_EQ|INE148O01028,15m,10,"10/269 full days differ from daily bar: 2025-09-30, 2025-11-06, 2025-11-25 (+7 more)"
ERROR,INTRADAY_DAILY_MISMATCH,stocks_intraday,NSE_EQ|INE148O01028,60m,10,"10/269 full days differ from daily bar: 2025-09-30, 2025-11-06, 2025-11-25 (+7 more)"
ERROR,INTRADAY_DAILY_MISMATCH,stocks_intraday,NSE_EQ|INE171Z01026,5m,14,"14/269 full days differ from daily bar: 2025-09-29, 2025-10-10, 2025-12-04 (+11 more)"
ERROR,INTRADAY_DAILY_MISMATCH,stocks_intraday,NSE_EQ|INE171Z01026,15m,14,"14/269 full days differ from daily bar: 2025-09-29, 2025-10-10, 2025-12-04 (+11 more)"
ERROR,INTRADAY_DAILY_MISMATCH,stocks_intraday,NSE_EQ|INE171Z01026,60m,14,"14/269 full days differ from daily bar: 2025-09-29, 2025-10-10, 2025-12-04 (+11 more)"
ERROR,INTRADAY_DAILY_MISMATCH,stocks_intraday,NSE_EQ|INE176B01034,5m,10,"10/269 full days differ from daily bar: 2025-11-24, 2026-01-19, 2026-03-13 (+7 more)"
ERROR,INTRADAY_DAILY_MISMATCH,stocks_intraday,NSE_EQ|INE176B01034,15m,10,"10/269 full days differ from daily bar: 2025-11-24, 2026-01-19, 2026-03-13 (+7 more)"
ERROR,INTRADAY_DAILY_MISMATCH,stocks_intraday,NSE_EQ|INE176B01034,60m,10,"10/269 full days differ from daily bar: 2025-11-24, 2026-01-19, 2026-03-13 (+7 more)"
ERROR,INTRADAY_DAILY_MISMATCH,stocks_intraday,NSE_EQ|INE180A01020,5m,22,"22/269 full days differ from daily bar: 2025-11-14, 2025-12-23, 2025-12-29 (+19 more)"
ERROR,INTRADAY_DAILY_MISMATCH,stocks_intraday,NSE_EQ|INE180A01020,15m,22,"22/269 full days differ from daily bar: 2025-11-14, 2025-12-23, 2025-12-29 (+19 more)"
ERROR,INTRADAY_DAILY_MISMATCH,stocks_intraday,NSE_EQ|INE180A01020,60m,22,"22/269 full days differ from daily bar: 2025-11-14, 2025-12-23, 2025-12-29 (+19 more)"
ERROR,INTRADAY_DAILY_MISMATCH,stocks_intraday,NSE_EQ|INE195A01028,5m,12,"12/269 full days differ from daily bar: 2025-09-09, 2025-09-29, 2025-11-26 (+9 more)"
ERROR,INTRADAY_DAILY_MISMATCH,stocks_intraday,NSE_EQ|INE195A01028,15m,12,"12/269 full days differ from daily bar: 2025-09-09, 2025-09-29, 2025-11-26 (+9 more)"
ERROR,INTRADAY_DAILY_MISMATCH,stocks_intraday,NSE_EQ|INE195A01028,60m,12,"12/269 full days differ from daily bar: 2025-09-09, 2025-09-29, 2025-11-26 (+9 more)"
ERROR,INTRADAY_DAILY_MISMATCH,stocks_intraday,NSE_EQ|INE200A01026,5m,38,"38/269 full days differ from daily bar: 2025-09-17, 2025-09-19, 2025-09-26 (+35 more)"
ERROR,INTRADAY_DAILY_MISMATCH,stocks_intraday,NSE_EQ|INE200A01026,15m,38,"38/269 full days differ from daily bar: 2025-09-17, 2025-09-19, 2025-09-26 (+35 more)"
ERROR,INTRADAY_DAILY_MISMATCH,stocks_intraday,NSE_EQ|INE200A01026,60m,38,"38/269 full days differ from daily bar: 2025-09-17, 2025-09-19, 2025-09-26 (+35 more)"
ERROR,INTRADAY_DAILY_MISMATCH,stocks_intraday,NSE_EQ|INE200M01039,5m,9,"9/269 full days differ from daily bar: 2026-01-29, 2026-01-30, 2026-02-24 (+6 more)"
ERROR,INTRADAY_DAILY_MISMATCH,stocks_intraday,NSE_EQ|INE200M01039,15m,9,"9/269 full days differ from daily bar: 2026-01-29, 2026-01-30, 2026-02-24 (+6 more)"
ERROR,INTRADAY_DAILY_MISMATCH,stocks_intraday,NSE_EQ|INE200M01039,60m,9,"9/269 full days differ from daily bar: 2026-01-29, 2026-01-30, 2026-02-24 (+6 more)"
ERROR,INTRADAY_DAILY_MISMATCH,stocks_intraday,NSE_EQ|INE202E01016,5m,10,"10/269 full days differ from daily bar: 2025-09-30, 2025-10-09, 2025-10-29 (+7 more)"
ERROR,INTRADAY_DAILY_MISMATCH,stocks_intraday,NSE_EQ|INE202E01016,15m,10,"10/269 full days differ from daily bar: 2025-09-30, 2025-10-09, 2025-10-29 (+7 more)"
ERROR,INTRADAY_DAILY_MISMATCH,stocks_intraday,NSE_EQ|INE202E01016,60m,10,"10/269 full days differ from daily bar: 2025-09-30, 2025-10-09, 2025-10-29 (+7 more)"
ERROR,INTRADAY_DAILY_MISMATCH,stocks_intraday,NSE_EQ|INE208A01029,5m,10,"10/269 full days differ from daily bar: 2025-09-05, 2025-11-06, 2025-11-27 (+7 more)"
ERROR,INTRADAY_DAILY_MISMATCH,stocks_intraday,NSE_EQ|INE208A01029,15m,10,"10/269 full days differ from daily bar: 2025-09-05, 2025-11-06, 2025-11-27 (+7 more)"
ERROR,INTRADAY_DAILY_MISMATCH,stocks_intraday,NSE_EQ|INE208A01029,60m,10,"10/269 full days differ from daily bar: 2025-09-05, 2025-11-06, 2025-11-27 (+7 more)"
ERROR,INTRADAY_DAILY_MISMATCH,stocks_intraday,NSE_EQ|INE211B01039,5m,43,"43/269 full days differ from daily bar: 2025-09-24, 2025-10-23, 2025-10-24 (+40 more)"
ERROR,INTRADAY_DAILY_MISMATCH,stocks_intraday,NSE_EQ|INE211B01039,15m,43,"43/269 full days differ from daily bar: 2025-09-24, 2025-10-23, 2025-10-24 (+40 more)"
ERROR,INTRADAY_DAILY_MISMATCH,stocks_intraday,NSE_EQ|INE211B01039,60m,43,"43/269 full days differ from daily bar: 2025-09-24, 2025-10-23, 2025-10-24 (+40 more)"
ERROR,INTRADAY_DAILY_MISMATCH,stocks_intraday,NSE_EQ|INE214T01019,5m,9,"9/269 full days differ from daily bar: 2025-09-23, 2025-09-26, 2026-01-19 (+6 more)"
ERROR,INTRADAY_DAILY_MISMATCH,stocks_intraday,NSE_EQ|INE214T01019,15m,9,"9/269 full days differ from daily bar: 2025-09-23, 2025-09-26, 2026-01-19 (+6 more)"
ERROR,INTRADAY_DAILY_MISMATCH,stocks_intraday,NSE_EQ|INE214T01019,60m,9,"9/269 full days differ from daily bar: 2025-09-23, 2025-09-26, 2026-01-19 (+6 more)"
ERROR,INTRADAY_DAILY_MISMATCH,stocks_intraday,NSE_EQ|INE226A01021,5m,21,"21/269 full days differ from daily bar: 2025-09-17, 2025-09-24, 2025-09-29 (+18 more)"
ERROR,INTRADAY_DAILY_MISMATCH,stocks_intraday,NSE_EQ|INE226A01021,15m,21,"21/269 full days differ from daily bar: 2025-09-17, 2025-09-24, 2025-09-29 (+18 more)"
ERROR,INTRADAY_DAILY_MISMATCH,stocks_intraday,NSE_EQ|INE226A01021,60m,21,"21/269 full days differ from daily bar: 2025-09-17, 2025-09-24, 2025-09-29 (+18 more)"
ERROR,INTRADAY_DAILY_MISMATCH,stocks_intraday,NSE_EQ|INE239A01024,5m,9,"9/269 full days differ from daily bar: 2025-11-06, 2026-02-01, 2026-02-04 (+6 more)"
ERROR,INTRADAY_DAILY_MISMATCH,stocks_intraday,NSE_EQ|INE239A01024,15m,9,"9/269 full days differ from daily bar: 2025-11-06, 2026-02-01, 2026-02-04 (+6 more)"
ERROR,INTRADAY_DAILY_MISMATCH,stocks_intraday,NSE_EQ|INE239A01024,60m,9,"9/269 full days differ from daily bar: 2025-11-06, 2026-02-01, 2026-02-04 (+6 more)"
ERROR,INTRADAY_DAILY_MISMATCH,stocks_intraday,NSE_EQ|INE260B01028,5m,20,"20/269 full days differ from daily bar: 2025-09-12, 2025-09-19, 2025-09-29 (+17 more)"
ERROR,INTRADAY_DAILY_MISMATCH,stocks_intraday,NSE_EQ|INE260B01028,15m,20,"20/269 full days differ from daily bar: 2025-09-12, 2025-09-19, 2025-09-29 (+17 more)"
ERROR,INTRADAY_DAILY_MISMATCH,stocks_intraday,NSE_EQ|INE260B01028,60m,20,"20/269 full days differ from daily bar: 2025-09-12, 2025-09-19, 2025-09-29 (+17 more)"
ERROR,INTRADAY_DAILY_MISMATCH,stocks_intraday,NSE_EQ|INE262H01021,5m,11,"11/269 full days differ from daily bar: 2025-09-16, 2025-10-14, 2025-12-30 (+8 more)"
ERROR,INTRADAY_DAILY_MISMATCH,stocks_intraday,NSE_EQ|INE262H01021,15m,11,"11/269 full days differ from daily bar: 2025-09-16, 2025-10-14, 2025-12-30 (+8 more)"
ERROR,INTRADAY_DAILY_MISMATCH,stocks_intraday,NSE_EQ|INE262H01021,60m,11,"11/269 full days differ from daily bar: 2025-09-16, 2025-10-14, 2025-12-30 (+8 more)"
ERROR,INTRADAY_DAILY_MISMATCH,stocks_intraday,NSE_EQ|INE274J01014,5m,15,"15/269 full days differ from daily bar: 2025-10-01, 2025-11-14, 2025-12-18 (+12 more)"
ERROR,INTRADAY_DAILY_MISMATCH,stocks_intraday,NSE_EQ|INE274J01014,15m,15,"15/269 full days differ from daily bar: 2025-10-01, 2025-11-14, 2025-12-18 (+12 more)"
ERROR,INTRADAY_DAILY_MISMATCH,stocks_intraday,NSE_EQ|INE274J01014,60m,15,"15/269 full days differ from daily bar: 2025-10-01, 2025-11-14, 2025-12-18 (+12 more)"
ERROR,INTRADAY_DAILY_MISMATCH,stocks_intraday,NSE_EQ|INE298A01020,5m,15,"15/269 full days differ from daily bar: 2025-10-21, 2026-01-30, 2026-02-03 (+12 more)"
ERROR,INTRADAY_DAILY_MISMATCH,stocks_intraday,NSE_EQ|INE298A01020,15m,15,"15/269 full days differ from daily bar: 2025-10-21, 2026-01-30, 2026-02-03 (+12 more)"
ERROR,INTRADAY_DAILY_MISMATCH,stocks_intraday,NSE_EQ|INE298A01020,60m,15,"15/269 full days differ from daily bar: 2025-10-21, 2026-01-30, 2026-02-03 (+12 more)"
ERROR,INTRADAY_DAILY_MISMATCH,stocks_intraday,NSE_EQ|INE298J01013,5m,42,"42/269 full days differ from daily bar: 2025-09-26, 2025-09-30, 2025-10-03 (+39 more)"
ERROR,INTRADAY_DAILY_MISMATCH,stocks_intraday,NSE_EQ|INE298J01013,15m,42,"42/269 full days differ from daily bar: 2025-09-26, 2025-09-30, 2025-10-03 (+39 more)"
ERROR,INTRADAY_DAILY_MISMATCH,stocks_intraday,NSE_EQ|INE298J01013,60m,42,"42/269 full days differ from daily bar: 2025-09-26, 2025-09-30, 2025-10-03 (+39 more)"
ERROR,INTRADAY_DAILY_MISMATCH,stocks_intraday,NSE_EQ|INE299U01018,5m,17,"17/269 full days differ from daily bar: 2025-09-04, 2025-12-03, 2026-01-20 (+14 more)"
ERROR,INTRADAY_DAILY_MISMATCH,stocks_intraday,NSE_EQ|INE299U01018,15m,17,"17/269 full days differ from daily bar: 2025-09-04, 2025-12-03, 2026-01-20 (+14 more)"
ERROR,INTRADAY_DAILY_MISMATCH,stocks_intraday,NSE_EQ|INE299U01018,60m,17,"17/269 full days differ from daily bar: 2025-09-04, 2025-12-03, 2026-01-20 (+14 more)"
ERROR,INTRADAY_DAILY_MISMATCH,stocks_intraday,NSE_EQ|INE303R01014,5m,20,"20/269 full days differ from daily bar: 2025-09-16, 2025-11-06, 2025-12-08 (+17 more)"
ERROR,INTRADAY_DAILY_MISMATCH,stocks_intraday,NSE_EQ|INE303R01014,15m,20,"20/269 full days differ from daily bar: 2025-09-16, 2025-11-06, 2025-12-08 (+17 more)"
ERROR,INTRADAY_DAILY_MISMATCH,stocks_intraday,NSE_EQ|INE303R01014,60m,20,"20/269 full days differ from daily bar: 2025-09-16, 2025-11-06, 2025-12-08 (+17 more)"
ERROR,INTRADAY_DAILY_MISMATCH,stocks_intraday,NSE_EQ|INE318A01026,5m,10,"10/269 full days differ from daily bar: 2025-11-06, 2025-11-07, 2025-11-24 (+7 more)"
ERROR,INTRADAY_DAILY_MISMATCH,stocks_intraday,NSE_EQ|INE318A01026,15m,10,"10/269 full days differ from daily bar: 2025-11-06, 2025-11-07, 2025-11-24 (+7 more)"
ERROR,INTRADAY_DAILY_MISMATCH,stocks_intraday,NSE_EQ|INE318A01026,60m,10,"10/269 full days differ from daily bar: 2025-11-06, 2025-11-07, 2025-11-24 (+7 more)"
ERROR,INTRADAY_DAILY_MISMATCH,stocks_intraday,NSE_EQ|INE323A01026,5m,15,"15/269 full days differ from daily bar: 2025-11-04, 2025-11-13, 2025-11-26 (+12 more)"
ERROR,INTRADAY_DAILY_MISMATCH,stocks_intraday,NSE_EQ|INE323A01026,15m,15,"15/269 full days differ from daily bar: 2025-11-04, 2025-11-13, 2025-11-26 (+12 more)"
ERROR,INTRADAY_DAILY_MISMATCH,stocks_intraday,NSE_EQ|INE323A01026,60m,15,"15/269 full days differ from daily bar: 2025-11-04, 2025-11-13, 2025-11-26 (+12 more)"
ERROR,INTRADAY_DAILY_MISMATCH,stocks_intraday,NSE_EQ|INE326A01037,5m,10,"10/269 full days differ from daily bar: 2025-10-28, 2025-11-03, 2025-11-06 (+7 more)"
ERROR,INTRADAY_DAILY_MISMATCH,stocks_intraday,NSE_EQ|INE326A01037,15m,10,"10/269 full days differ from daily bar: 2025-10-28, 2025-11-03, 2025-11-06 (+7 more)"
ERROR,INTRADAY_DAILY_MISMATCH,stocks_intraday,NSE_EQ|INE326A01037,60m,10,"10/269 full days differ from daily bar: 2025-10-28, 2025-11-03, 2025-11-06 (+7 more)"
ERROR,INTRADAY_DAILY_MISMATCH,stocks_intraday,NSE_EQ|INE338I01027,5m,21,"21/269 full days differ from daily bar: 2025-09-10, 2025-09-19, 2025-09-30 (+18 more)"
ERROR,INTRADAY_DAILY_MISMATCH,stocks_intraday,NSE_EQ|INE338I01027,15m,21,"21/269 full days differ from daily bar: 2025-09-10, 2025-09-19, 2025-09-30 (+18 more)"
ERROR,INTRADAY_DAILY_MISMATCH,stocks_intraday,NSE_EQ|INE338I01027,60m,21,"21/269 full days differ from daily bar: 2025-09-10, 2025-09-19, 2025-09-30 (+18 more)"
ERROR,INTRADAY_DAILY_MISMATCH,stocks_intraday,NSE_EQ|INE343H01029,5m,13,"13/269 full days differ from daily bar: 2025-09-10, 2025-10-01, 2025-10-17 (+10 more)"
ERROR,INTRADAY_DAILY_MISMATCH,stocks_intraday,NSE_EQ|INE343H01029,15m,13,"13/269 full days differ from daily bar: 2025-09-10, 2025-10-01, 2025-10-17 (+10 more)"
ERROR,INTRADAY_DAILY_MISMATCH,stocks_intraday,NSE_EQ|INE343H01029,60m,13,"13/269 full days differ from daily bar: 2025-09-10, 2025-10-01, 2025-10-17 (+10 more)"
ERROR,INTRADAY_DAILY_MISMATCH,stocks_intraday,NSE_EQ|INE347G01014,5m,11,"11/269 full days differ from daily bar: 2025-09-08, 2026-01-07, 2026-02-16 (+8 more)"
ERROR,INTRADAY_DAILY_MISMATCH,stocks_intraday,NSE_EQ|INE347G01014,15m,11,"11/269 full days differ from daily bar: 2025-09-08, 2026-01-07, 2026-02-16 (+8 more)"
ERROR,INTRADAY_DAILY_MISMATCH,stocks_intraday,NSE_EQ|INE347G01014,60m,11,"11/269 full days differ from daily bar: 2025-09-08, 2026-01-07, 2026-02-16 (+8 more)"
ERROR,INTRADAY_DAILY_MISMATCH,stocks_intraday,NSE_EQ|INE356A01018,5m,18,"18/269 full days differ from daily bar: 2025-12-10, 2025-12-12, 2025-12-29 (+15 more)"
ERROR,INTRADAY_DAILY_MISMATCH,stocks_intraday,NSE_EQ|INE356A01018,15m,18,"18/269 full days differ from daily bar: 2025-12-10, 2025-12-12, 2025-12-29 (+15 more)"
ERROR,INTRADAY_DAILY_MISMATCH,stocks_intraday,NSE_EQ|INE356A01018,60m,18,"18/269 full days differ from daily bar: 2025-12-10, 2025-12-12, 2025-12-29 (+15 more)"
ERROR,INTRADAY_DAILY_MISMATCH,stocks_intraday,NSE_EQ|INE361B01024,5m,10,"10/269 full days differ from daily bar: 2025-11-07, 2025-12-04, 2025-12-30 (+7 more)"
ERROR,INTRADAY_DAILY_MISMATCH,stocks_intraday,NSE_EQ|INE361B01024,15m,10,"10/269 full days differ from daily bar: 2025-11-07, 2025-12-04, 2025-12-30 (+7 more)"
ERROR,INTRADAY_DAILY_MISMATCH,stocks_intraday,NSE_EQ|INE361B01024,60m,10,"10/269 full days differ from daily bar: 2025-11-07, 2025-12-04, 2025-12-30 (+7 more)"
ERROR,INTRADAY_DAILY_MISMATCH,stocks_intraday,NSE_EQ|INE364U01010,5m,22,"22/269 full days differ from daily bar: 2025-09-30, 2025-10-15, 2025-12-03 (+19 more)"
ERROR,INTRADAY_DAILY_MISMATCH,stocks_intraday,NSE_EQ|INE364U01010,15m,22,"22/269 full days differ from daily bar: 2025-09-30, 2025-10-15, 2025-12-03 (+19 more)"
ERROR,INTRADAY_DAILY_MISMATCH,stocks_intraday,NSE_EQ|INE364U01010,60m,22,"22/269 full days differ from daily bar: 2025-09-30, 2025-10-15, 2025-12-03 (+19 more)"
ERROR,INTRADAY_DAILY_MISMATCH,stocks_intraday,NSE_EQ|INE371P01015,5m,16,"16/269 full days differ from daily bar: 2025-11-07, 2025-11-28, 2025-12-10 (+13 more)"
ERROR,INTRADAY_DAILY_MISMATCH,stocks_intraday,NSE_EQ|INE371P01015,15m,16,"16/269 full days differ from daily bar: 2025-11-07, 2025-11-28, 2025-12-10 (+13 more)"
ERROR,INTRADAY_DAILY_MISMATCH,stocks_intraday,NSE_EQ|INE371P01015,60m,16,"16/269 full days differ from daily bar: 2025-11-07, 2025-11-28, 2025-12-10 (+13 more)"
ERROR,INTRADAY_DAILY_MISMATCH,stocks_intraday,NSE_EQ|INE376G01013,5m,11,"11/269 full days differ from daily bar: 2025-11-24, 2025-12-02, 2025-12-08 (+8 more)"
ERROR,INTRADAY_DAILY_MISMATCH,stocks_intraday,NSE_EQ|INE376G01013,15m,11,"11/269 full days differ from daily bar: 2025-11-24, 2025-12-02, 2025-12-08 (+8 more)"
ERROR,INTRADAY_DAILY_MISMATCH,stocks_intraday,NSE_EQ|INE376G01013,60m,11,"11/269 full days differ from daily bar: 2025-11-24, 2025-12-02, 2025-12-08 (+8 more)"
ERROR,INTRADAY_DAILY_MISMATCH,stocks_intraday,NSE_EQ|INE377N01017,5m,15,"15/269 full days differ from daily bar: 2025-09-29, 2025-10-06, 2025-10-13 (+12 more)"
ERROR,INTRADAY_DAILY_MISMATCH,stocks_intraday,NSE_EQ|INE377N01017,15m,15,"15/269 full days differ from daily bar: 2025-09-29, 2025-10-06, 2025-10-13 (+12 more)"
ERROR,INTRADAY_DAILY_MISMATCH,stocks_intraday,NSE_EQ|INE377N01017,60m,15,"15/269 full days differ from daily bar: 2025-09-29, 2025-10-06, 2025-10-13 (+12 more)"
ERROR,INTRADAY_DAILY_MISMATCH,stocks_intraday,NSE_EQ|INE388Y01029,5m,26,"26/269 full days differ from daily bar: 2025-09-24, 2025-09-30, 2025-10-07 (+23 more)"
ERROR,INTRADAY_DAILY_MISMATCH,stocks_intraday,NSE_EQ|INE388Y01029,15m,26,"26/269 full days differ from daily bar: 2025-09-24, 2025-09-30, 2025-10-07 (+23 more)"
ERROR,INTRADAY_DAILY_MISMATCH,stocks_intraday,NSE_EQ|INE388Y01029,60m,26,"26/269 full days differ from daily bar: 2025-09-24, 2025-09-30, 2025-10-07 (+23 more)"
ERROR,INTRADAY_DAILY_MISMATCH,stocks_intraday,NSE_EQ|INE405E01023,5m,22,"22/269 full days differ from daily bar: 2025-09-09, 2025-09-19, 2025-11-20 (+19 more)"
ERROR,INTRADAY_DAILY_MISMATCH,stocks_intraday,NSE_EQ|INE405E01023,15m,22,"22/269 full days differ from daily bar: 2025-09-09, 2025-09-19, 2025-11-20 (+19 more)"
ERROR,INTRADAY_DAILY_MISMATCH,stocks_intraday,NSE_EQ|INE405E01023,60m,22,"22/269 full days differ from daily bar: 2025-09-09, 2025-09-19, 2025-11-20 (+19 more)"
ERROR,INTRADAY_DAILY_MISMATCH,stocks_intraday,NSE_EQ|INE406A01037,5m,18,"18/269 full days differ from daily bar: 2025-10-24, 2025-11-12, 2025-11-14 (+15 more)"
ERROR,INTRADAY_DAILY_MISMATCH,stocks_intraday,NSE_EQ|INE406A01037,15m,18,"18/269 full days differ from daily bar: 2025-10-24, 2025-11-12, 2025-11-14 (+15 more)"
ERROR,INTRADAY_DAILY_MISMATCH,stocks_intraday,NSE_EQ|INE406A01037,60m,18,"18/269 full days differ from daily bar: 2025-10-24, 2025-11-12, 2025-11-14 (+15 more)"
ERROR,INTRADAY_DAILY_MISMATCH,stocks_intraday,NSE_EQ|INE414G01012,5m,9,"9/269 full days differ from daily bar: 2025-09-18, 2026-02-02, 2026-02-03 (+6 more)"
ERROR,INTRADAY_DAILY_MISMATCH,stocks_intraday,NSE_EQ|INE414G01012,15m,9,"9/269 full days differ from daily bar: 2025-09-18, 2026-02-02, 2026-02-03 (+6 more)"
ERROR,INTRADAY_DAILY_MISMATCH,stocks_intraday,NSE_EQ|INE414G01012,60m,9,"9/269 full days differ from daily bar: 2025-09-18, 2026-02-02, 2026-02-03 (+6 more)"
ERROR,INTRADAY_DAILY_MISMATCH,stocks_intraday,NSE_EQ|INE415G01027,5m,16,"16/269 full days differ from daily bar: 2025-09-26, 2025-09-30, 2025-11-24 (+13 more)"
ERROR,INTRADAY_DAILY_MISMATCH,stocks_intraday,NSE_EQ|INE415G01027,15m,16,"16/269 full days differ from daily bar: 2025-09-26, 2025-09-30, 2025-11-24 (+13 more)"
ERROR,INTRADAY_DAILY_MISMATCH,stocks_intraday,NSE_EQ|INE415G01027,60m,16,"16/269 full days differ from daily bar: 2025-09-26, 2025-09-30, 2025-11-24 (+13 more)"
ERROR,INTRADAY_DAILY_MISMATCH,stocks_intraday,NSE_EQ|INE417T01026,5m,26,"26/269 full days differ from daily bar: 2025-09-08, 2025-09-26, 2025-09-29 (+23 more)"
ERROR,INTRADAY_DAILY_MISMATCH,stocks_intraday,NSE_EQ|INE417T01026,15m,26,"26/269 full days differ from daily bar: 2025-09-08, 2025-09-26, 2025-09-29 (+23 more)"
ERROR,INTRADAY_DAILY_MISMATCH,stocks_intraday,NSE_EQ|INE417T01026,60m,26,"26/269 full days differ from daily bar: 2025-09-08, 2025-09-26, 2025-09-29 (+23 more)"
ERROR,INTRADAY_DAILY_MISMATCH,stocks_intraday,NSE_EQ|INE451A01017,5m,28,"28/269 full days differ from daily bar: 2025-09-04, 2025-09-09, 2025-09-10 (+25 more)"
ERROR,INTRADAY_DAILY_MISMATCH,stocks_intraday,NSE_EQ|INE451A01017,15m,28,"28/269 full days differ from daily bar: 2025-09-04, 2025-09-09, 2025-09-10 (+25 more)"
ERROR,INTRADAY_DAILY_MISMATCH,stocks_intraday,NSE_EQ|INE451A01017,60m,28,"28/269 full days differ from daily bar: 2025-09-04, 2025-09-09, 2025-09-10 (+25 more)"
ERROR,INTRADAY_DAILY_MISMATCH,stocks_intraday,NSE_EQ|INE457L01029,5m,22,"22/269 full days differ from daily bar: 2025-09-24, 2025-09-30, 2025-10-06 (+19 more)"
ERROR,INTRADAY_DAILY_MISMATCH,stocks_intraday,NSE_EQ|INE457L01029,15m,22,"22/269 full days differ from daily bar: 2025-09-24, 2025-09-30, 2025-10-06 (+19 more)"
ERROR,INTRADAY_DAILY_MISMATCH,stocks_intraday,NSE_EQ|INE457L01029,60m,22,"22/269 full days differ from daily bar: 2025-09-24, 2025-09-30, 2025-10-06 (+19 more)"
ERROR,INTRADAY_DAILY_MISMATCH,stocks_intraday,NSE_EQ|INE465A01025,5m,14,"14/269 full days differ from daily bar: 2025-09-29, 2025-10-21, 2025-12-04 (+11 more)"
ERROR,INTRADAY_DAILY_MISMATCH,stocks_intraday,NSE_EQ|INE465A01025,15m,14,"14/269 full days differ from daily bar: 2025-09-29, 2025-10-21, 2025-12-04 (+11 more)"
ERROR,INTRADAY_DAILY_MISMATCH,stocks_intraday,NSE_EQ|INE465A01025,60m,14,"14/269 full days differ from daily bar: 2025-09-29, 2025-10-21, 2025-12-04 (+11 more)"
ERROR,INTRADAY_DAILY_MISMATCH,stocks_intraday,NSE_EQ|INE466L01038,5m,24,"24/269 full days differ from daily bar: 2025-09-16, 2025-09-22, 2025-10-20 (+21 more)"
ERROR,INTRADAY_DAILY_MISMATCH,stocks_intraday,NSE_EQ|INE466L01038,15m,24,"24/269 full days differ from daily bar: 2025-09-16, 2025-09-22, 2025-10-20 (+21 more)"
ERROR,INTRADAY_DAILY_MISMATCH,stocks_intraday,NSE_EQ|INE466L01038,60m,24,"24/269 full days differ from daily bar: 2025-09-16, 2025-09-22, 2025-10-20 (+21 more)"
ERROR,INTRADAY_DAILY_MISMATCH,stocks_intraday,NSE_EQ|INE472A01039,5m,21,"21/269 full days differ from daily bar: 2025-09-29, 2025-11-03, 2025-12-08 (+18 more)"
ERROR,INTRADAY_DAILY_MISMATCH,stocks_intraday,NSE_EQ|INE472A01039,15m,21,"21/269 full days differ from daily bar: 2025-09-29, 2025-11-03, 2025-12-08 (+18 more)"
ERROR,INTRADAY_DAILY_MISMATCH,stocks_intraday,NSE_EQ|INE472A01039,60m,21,"21/269 full days differ from daily bar: 2025-09-29, 2025-11-03, 2025-12-08 (+18 more)"
ERROR,INTRADAY_DAILY_MISMATCH,stocks_intraday,NSE_EQ|INE484J01027,5m,13,"13/269 full days differ from daily bar: 2025-09-30, 2026-02-01, 2026-02-12 (+10 more)"
ERROR,INTRADAY_DAILY_MISMATCH,stocks_intraday,NSE_EQ|INE484J01027,15m,13,"13/269 full days differ from daily bar: 2025-09-30, 2026-02-01, 2026-02-12 (+10 more)"
ERROR,INTRADAY_DAILY_MISMATCH,stocks_intraday,NSE_EQ|INE484J01027,60m,13,"13/269 full days differ from daily bar: 2025-09-30, 2026-02-01, 2026-02-12 (+10 more)"
ERROR,INTRADAY_DAILY_MISMATCH,stocks_intraday,NSE_EQ|INE498L01015,5m,10,"10/269 full days differ from daily bar: 2026-01-21, 2026-01-27, 2026-02-24 (+7 more)"
ERROR,INTRADAY_DAILY_MISMATCH,stocks_intraday,NSE_EQ|INE498L01015,15m,10,"10/269 full days differ from daily bar: 2026-01-21, 2026-01-27, 2026-02-24 (+7 more)"
ERROR,INTRADAY_DAILY_MISMATCH,stocks_intraday,NSE_EQ|INE498L01015,60m,10,"10/269 full days differ from daily bar: 2026-01-21, 2026-01-27, 2026-02-24 (+7 more)"
ERROR,INTRADAY_DAILY_MISMATCH,stocks_intraday,NSE_EQ|INE522D01027,5m,19,"19/269 full days differ from daily bar: 2025-09-30, 2025-10-31, 2025-12-02 (+16 more)"
ERROR,INTRADAY_DAILY_MISMATCH,stocks_intraday,NSE_EQ|INE522D01027,15m,19,"19/269 full days differ from daily bar: 2025-09-30, 2025-10-31, 2025-12-02 (+16 more)"
ERROR,INTRADAY_DAILY_MISMATCH,stocks_intraday,NSE_EQ|INE522D01027,60m,19,"19/269 full days differ from daily bar: 2025-09-30, 2025-10-31, 2025-12-02 (+16 more)"
ERROR,INTRADAY_DAILY_MISMATCH,stocks_intraday,NSE_EQ|INE540L01014,5m,18,"18/269 full days differ from daily bar: 2025-09-29, 2025-11-04, 2025-12-30 (+15 more)"
ERROR,INTRADAY_DAILY_MISMATCH,stocks_intraday,NSE_EQ|INE540L01014,15m,18,"18/269 full days differ from daily bar: 2025-09-29, 2025-11-04, 2025-12-30 (+15 more)"
ERROR,INTRADAY_DAILY_MISMATCH,stocks_intraday,NSE_EQ|INE540L01014,60m,18,"18/269 full days differ from daily bar: 2025-09-29, 2025-11-04, 2025-12-30 (+15 more)"
ERROR,INTRADAY_DAILY_MISMATCH,stocks_intraday,NSE_EQ|INE545U01014,5m,17,"17/269 full days differ from daily bar: 2025-09-18, 2025-10-23, 2025-10-30 (+14 more)"
ERROR,INTRADAY_DAILY_MISMATCH,stocks_intraday,NSE_EQ|INE545U01014,15m,17,"17/269 full days differ from daily bar: 2025-09-18, 2025-10-23, 2025-10-30 (+14 more)"
ERROR,INTRADAY_DAILY_MISMATCH,stocks_intraday,NSE_EQ|INE545U01014,60m,17,"17/269 full days differ from daily bar: 2025-09-18, 2025-10-23, 2025-10-30 (+14 more)"
ERROR,INTRADAY_DAILY_MISMATCH,stocks_intraday,NSE_EQ|INE562A01011,5m,11,"11/269 full days differ from daily bar: 2025-10-16, 2025-10-27, 2026-01-14 (+8 more)"
ERROR,INTRADAY_DAILY_MISMATCH,stocks_intraday,NSE_EQ|INE562A01011,15m,11,"11/269 full days differ from daily bar: 2025-10-16, 2025-10-27, 2026-01-14 (+8 more)"
ERROR,INTRADAY_DAILY_MISMATCH,stocks_intraday,NSE_EQ|INE562A01011,60m,11,"11/269 full days differ from daily bar: 2025-10-16, 2025-10-27, 2026-01-14 (+8 more)"
ERROR,INTRADAY_DAILY_MISMATCH,stocks_intraday,NSE_EQ|INE572E01012,5m,26,"26/269 full days differ from daily bar: 2025-09-24, 2025-12-03, 2025-12-12 (+23 more)"
ERROR,INTRADAY_DAILY_MISMATCH,stocks_intraday,NSE_EQ|INE572E01012,15m,26,"26/269 full days differ from daily bar: 2025-09-24, 2025-12-03, 2025-12-12 (+23 more)"
ERROR,INTRADAY_DAILY_MISMATCH,stocks_intraday,NSE_EQ|INE572E01012,60m,26,"26/269 full days differ from daily bar: 2025-09-24, 2025-12-03, 2025-12-12 (+23 more)"
ERROR,INTRADAY_DAILY_MISMATCH,stocks_intraday,NSE_EQ|INE596I01020,5m,9,"9/269 full days differ from daily bar: 2025-09-29, 2025-12-10, 2026-01-27 (+6 more)"
ERROR,INTRADAY_DAILY_MISMATCH,stocks_intraday,NSE_EQ|INE596I01020,15m,9,"9/269 full days differ from daily bar: 2025-09-29, 2025-12-10, 2026-01-27 (+6 more)"
ERROR,INTRADAY_DAILY_MISMATCH,stocks_intraday,NSE_EQ|INE596I01020,60m,9,"9/269 full days differ from daily bar: 2025-09-29, 2025-12-10, 2026-01-27 (+6 more)"
ERROR,INTRADAY_DAILY_MISMATCH,stocks_intraday,NSE_EQ|INE603J01030,5m,26,"26/269 full days differ from daily bar: 2025-10-01, 2025-11-25, 2026-01-01 (+23 more)"
ERROR,INTRADAY_DAILY_MISMATCH,stocks_intraday,NSE_EQ|INE603J01030,15m,26,"26/269 full days differ from daily bar: 2025-10-01, 2025-11-25, 2026-01-01 (+23 more)"
ERROR,INTRADAY_DAILY_MISMATCH,stocks_intraday,NSE_EQ|INE603J01030,60m,26,"26/269 full days differ from daily bar: 2025-10-01, 2025-11-25, 2026-01-01 (+23 more)"
ERROR,INTRADAY_DAILY_MISMATCH,stocks_intraday,NSE_EQ|INE619A01035,5m,30,"30/269 full days differ from daily bar: 2025-10-03, 2025-10-10, 2025-11-03 (+27 more)"
ERROR,INTRADAY_DAILY_MISMATCH,stocks_intraday,NSE_EQ|INE619A01035,15m,30,"30/269 full days differ from daily bar: 2025-10-03, 2025-10-10, 2025-11-03 (+27 more)"
ERROR,INTRADAY_DAILY_MISMATCH,stocks_intraday,NSE_EQ|INE619A01035,60m,30,"30/269 full days differ from daily bar: 2025-10-03, 2025-10-10, 2025-11-03 (+27 more)"
ERROR,INTRADAY_DAILY_MISMATCH,stocks_intraday,NSE_EQ|INE628A01036,5m,12,"12/269 full days differ from daily bar: 2025-10-28, 2025-10-30, 2025-11-06 (+9 more)"
ERROR,INTRADAY_DAILY_MISMATCH,stocks_intraday,NSE_EQ|INE628A01036,15m,12,"12/269 full days differ from daily bar: 2025-10-28, 2025-10-30, 2025-11-06 (+9 more)"
ERROR,INTRADAY_DAILY_MISMATCH,stocks_intraday,NSE_EQ|INE628A01036,60m,12,"12/269 full days differ from daily bar: 2025-10-28, 2025-10-30, 2025-11-06 (+9 more)"
ERROR,INTRADAY_DAILY_MISMATCH,stocks_intraday,NSE_EQ|INE634S01028,5m,12,"12/269 full days differ from daily bar: 2025-09-10, 2025-09-25, 2025-11-12 (+9 more)"
ERROR,INTRADAY_DAILY_MISMATCH,stocks_intraday,NSE_EQ|INE634S01028,15m,12,"12/269 full days differ from daily bar: 2025-09-10, 2025-09-25, 2025-11-12 (+9 more)"
ERROR,INTRADAY_DAILY_MISMATCH,stocks_intraday,NSE_EQ|INE634S01028,60m,12,"12/269 full days differ from daily bar: 2025-09-10, 2025-09-25, 2025-11-12 (+9 more)"
ERROR,INTRADAY_DAILY_MISMATCH,stocks_intraday,NSE_EQ|INE647A01010,5m,13,"13/269 full days differ from daily bar: 2025-09-29, 2025-10-10, 2025-11-13 (+10 more)"
ERROR,INTRADAY_DAILY_MISMATCH,stocks_intraday,NSE_EQ|INE647A01010,15m,13,"13/269 full days differ from daily bar: 2025-09-29, 2025-10-10, 2025-11-13 (+10 more)"
ERROR,INTRADAY_DAILY_MISMATCH,stocks_intraday,NSE_EQ|INE647A01010,60m,13,"13/269 full days differ from daily bar: 2025-09-29, 2025-10-10, 2025-11-13 (+10 more)"
ERROR,INTRADAY_DAILY_MISMATCH,stocks_intraday,NSE_EQ|INE663F01032,5m,16,"16/269 full days differ from daily bar: 2025-09-04, 2025-11-24, 2026-02-01 (+13 more)"
ERROR,INTRADAY_DAILY_MISMATCH,stocks_intraday,NSE_EQ|INE663F01032,15m,16,"16/269 full days differ from daily bar: 2025-09-04, 2025-11-24, 2026-02-01 (+13 more)"
ERROR,INTRADAY_DAILY_MISMATCH,stocks_intraday,NSE_EQ|INE663F01032,60m,16,"16/269 full days differ from daily bar: 2025-09-04, 2025-11-24, 2026-02-01 (+13 more)"
ERROR,INTRADAY_DAILY_MISMATCH,stocks_intraday,NSE_EQ|INE669E01016,5m,33,"33/269 full days differ from daily bar: 2025-09-08, 2025-09-10, 2025-09-11 (+30 more)"
ERROR,INTRADAY_DAILY_MISMATCH,stocks_intraday,NSE_EQ|INE669E01016,15m,33,"33/269 full days differ from daily bar: 2025-09-08, 2025-09-10, 2025-09-11 (+30 more)"
ERROR,INTRADAY_DAILY_MISMATCH,stocks_intraday,NSE_EQ|INE669E01016,60m,33,"33/269 full days differ from daily bar: 2025-09-08, 2025-09-10, 2025-09-11 (+30 more)"
ERROR,INTRADAY_DAILY_MISMATCH,stocks_intraday,NSE_EQ|INE670K01029,5m,15,"15/269 full days differ from daily bar: 2025-09-30, 2025-10-28, 2026-01-21 (+12 more)"
ERROR,INTRADAY_DAILY_MISMATCH,stocks_intraday,NSE_EQ|INE670K01029,15m,15,"15/269 full days differ from daily bar: 2025-09-30, 2025-10-28, 2026-01-21 (+12 more)"
ERROR,INTRADAY_DAILY_MISMATCH,stocks_intraday,NSE_EQ|INE670K01029,60m,15,"15/269 full days differ from daily bar: 2025-09-30, 2025-10-28, 2026-01-21 (+12 more)"
ERROR,INTRADAY_DAILY_MISMATCH,stocks_intraday,NSE_EQ|INE674K01013,5m,20,"20/269 full days differ from daily bar: 2025-10-21, 2025-11-12, 2025-12-31 (+17 more)"
ERROR,INTRADAY_DAILY_MISMATCH,stocks_intraday,NSE_EQ|INE674K01013,15m,20,"20/269 full days differ from daily bar: 2025-10-21, 2025-11-12, 2025-12-31 (+17 more)"
ERROR,INTRADAY_DAILY_MISMATCH,stocks_intraday,NSE_EQ|INE674K01013,60m,20,"20/269 full days differ from daily bar: 2025-10-21, 2025-11-12, 2025-12-31 (+17 more)"
ERROR,INTRADAY_DAILY_MISMATCH,stocks_intraday,NSE_EQ|INE685A01028,5m,18,"18/269 full days differ from daily bar: 2025-09-26, 2025-10-21, 2025-12-03 (+15 more)"
ERROR,INTRADAY_DAILY_MISMATCH,stocks_intraday,NSE_EQ|INE685A01028,15m,18,"18/269 full days differ from daily bar: 2025-09-26, 2025-10-21, 2025-12-03 (+15 more)"
ERROR,INTRADAY_DAILY_MISMATCH,stocks_intraday,NSE_EQ|INE685A01028,60m,18,"18/269 full days differ from daily bar: 2025-09-26, 2025-10-21, 2025-12-03 (+15 more)"
ERROR,INTRADAY_DAILY_MISMATCH,stocks_intraday,NSE_EQ|INE702C01027,5m,11,"11/269 full days differ from daily bar: 2026-01-29, 2026-03-24, 2026-03-27 (+8 more)"
ERROR,INTRADAY_DAILY_MISMATCH,stocks_intraday,NSE_EQ|INE702C01027,15m,11,"11/269 full days differ from daily bar: 2026-01-29, 2026-03-24, 2026-03-27 (+8 more)"
ERROR,INTRADAY_DAILY_MISMATCH,stocks_intraday,NSE_EQ|INE702C01027,60m,11,"11/269 full days differ from daily bar: 2026-01-29, 2026-03-24, 2026-03-27 (+8 more)"
ERROR,INTRADAY_DAILY_MISMATCH,stocks_intraday,NSE_EQ|INE704P01025,5m,12,"12/269 full days differ from daily bar: 2025-12-08, 2025-12-10, 2026-01-01 (+9 more)"
ERROR,INTRADAY_DAILY_MISMATCH,stocks_intraday,NSE_EQ|INE704P01025,15m,12,"12/269 full days differ from daily bar: 2025-12-08, 2025-12-10, 2026-01-01 (+9 more)"
ERROR,INTRADAY_DAILY_MISMATCH,stocks_intraday,NSE_EQ|INE704P01025,60m,12,"12/269 full days differ from daily bar: 2025-12-08, 2025-12-10, 2026-01-01 (+9 more)"
ERROR,INTRADAY_DAILY_MISMATCH,stocks_intraday,NSE_EQ|INE726G01019,5m,15,"15/269 full days differ from daily bar: 2025-09-29, 2026-01-27, 2026-01-29 (+12 more)"
ERROR,INTRADAY_DAILY_MISMATCH,stocks_intraday,NSE_EQ|INE726G01019,15m,15,"15/269 full days differ from daily bar: 2025-09-29, 2026-01-27, 2026-01-29 (+12 more)"
ERROR,INTRADAY_DAILY_MISMATCH,stocks_intraday,NSE_EQ|INE726G01019,60m,15,"15/269 full days differ from daily bar: 2025-09-29, 2026-01-27, 2026-01-29 (+12 more)"
ERROR,INTRADAY_DAILY_MISMATCH,stocks_intraday,NSE_EQ|INE732I01021,5m,18,"18/269 full days differ from daily bar: 2025-10-13, 2025-10-14, 2025-10-23 (+15 more)"
ERROR,INTRADAY_DAILY_MISMATCH,stocks_intraday,NSE_EQ|INE732I01021,15m,18,"18/269 full days differ from daily bar: 2025-10-13, 2025-10-14, 2025-10-23 (+15 more)"
ERROR,INTRADAY_DAILY_MISMATCH,stocks_intraday,NSE_EQ|INE732I01021,60m,18,"18/269 full days differ from daily bar: 2025-10-13, 2025-10-14, 2025-10-23 (+15 more)"
ERROR,INTRADAY_DAILY_MISMATCH,stocks_intraday,NSE_EQ|INE745G01043,5m,14,"14/269 full days differ from daily bar: 2025-12-10, 2026-01-21, 2026-01-23 (+11 more)"
ERROR,INTRADAY_DAILY_MISMATCH,stocks_intraday,NSE_EQ|INE745G01043,15m,14,"14/269 full days differ from daily bar: 2025-12-10, 2026-01-21, 2026-01-23 (+11 more)"
ERROR,INTRADAY_DAILY_MISMATCH,stocks_intraday,NSE_EQ|INE745G01043,60m,14,"14/269 full days differ from daily bar: 2025-12-10, 2026-01-21, 2026-01-23 (+11 more)"
ERROR,INTRADAY_DAILY_MISMATCH,stocks_intraday,NSE_EQ|INE749A01030,5m,11,"11/269 full days differ from daily bar: 2026-01-29, 2026-01-30, 2026-02-02 (+8 more)"
ERROR,INTRADAY_DAILY_MISMATCH,stocks_intraday,NSE_EQ|INE749A01030,15m,11,"11/269 full days differ from daily bar: 2026-01-29, 2026-01-30, 2026-02-02 (+8 more)"
ERROR,INTRADAY_DAILY_MISMATCH,stocks_intraday,NSE_EQ|INE749A01030,60m,11,"11/269 full days differ from daily bar: 2026-01-29, 2026-01-30, 2026-02-02 (+8 more)"
ERROR,INTRADAY_DAILY_MISMATCH,stocks_intraday,NSE_EQ|INE758T01015,5m,11,"11/269 full days differ from daily bar: 2025-09-26, 2025-10-16, 2025-11-18 (+8 more)"
ERROR,INTRADAY_DAILY_MISMATCH,stocks_intraday,NSE_EQ|INE758T01015,15m,11,"11/269 full days differ from daily bar: 2025-09-26, 2025-10-16, 2025-11-18 (+8 more)"
ERROR,INTRADAY_DAILY_MISMATCH,stocks_intraday,NSE_EQ|INE758T01015,60m,11,"11/269 full days differ from daily bar: 2025-09-26, 2025-10-16, 2025-11-18 (+8 more)"
ERROR,INTRADAY_DAILY_MISMATCH,stocks_intraday,NSE_EQ|INE761H01022,5m,22,"22/269 full days differ from daily bar: 2025-09-04, 2025-09-11, 2025-09-25 (+19 more)"
ERROR,INTRADAY_DAILY_MISMATCH,stocks_intraday,NSE_EQ|INE761H01022,15m,22,"22/269 full days differ from daily bar: 2025-09-04, 2025-09-11, 2025-09-25 (+19 more)"
ERROR,INTRADAY_DAILY_MISMATCH,stocks_intraday,NSE_EQ|INE761H01022,60m,22,"22/269 full days differ from daily bar: 2025-09-04, 2025-09-11, 2025-09-25 (+19 more)"
ERROR,INTRADAY_DAILY_MISMATCH,stocks_intraday,NSE_EQ|INE765G01017,5m,14,"14/269 full days differ from daily bar: 2025-09-16, 2025-10-14, 2025-11-17 (+11 more)"
ERROR,INTRADAY_DAILY_MISMATCH,stocks_intraday,NSE_EQ|INE765G01017,15m,14,"14/269 full days differ from daily bar: 2025-09-16, 2025-10-14, 2025-11-17 (+11 more)"
ERROR,INTRADAY_DAILY_MISMATCH,stocks_intraday,NSE_EQ|INE765G01017,60m,14,"14/269 full days differ from daily bar: 2025-09-16, 2025-10-14, 2025-11-17 (+11 more)"
ERROR,INTRADAY_DAILY_MISMATCH,stocks_intraday,NSE_EQ|INE775A01035,5m,12,"12/269 full days differ from daily bar: 2025-10-07, 2025-11-13, 2026-01-08 (+9 more)"
ERROR,INTRADAY_DAILY_MISMATCH,stocks_intraday,NSE_EQ|INE775A01035,15m,12,"12/269 full days differ from daily bar: 2025-10-07, 2025-11-13, 2026-01-08 (+9 more)"
ERROR,INTRADAY_DAILY_MISMATCH,stocks_intraday,NSE_EQ|INE775A01035,60m,12,"12/269 full days differ from daily bar: 2025-10-07, 2025-11-13, 2026-01-08 (+9 more)"
ERROR,INTRADAY_DAILY_MISMATCH,stocks_intraday,NSE_EQ|INE776C01039,5m,11,"11/269 full days differ from daily bar: 2025-09-11, 2025-09-15, 2025-10-01 (+8 more)"
ERROR,INTRADAY_DAILY_MISMATCH,stocks_intraday,NSE_EQ|INE776C01039,15m,11,"11/269 full days differ from daily bar: 2025-09-11, 2025-09-15, 2025-10-01 (+8 more)"
ERROR,INTRADAY_DAILY_MISMATCH,stocks_intraday,NSE_EQ|INE776C01039,60m,11,"11/269 full days differ from daily bar: 2025-09-11, 2025-09-15, 2025-10-01 (+8 more)"
ERROR,INTRADAY_DAILY_MISMATCH,stocks_intraday,NSE_EQ|INE797F01020,5m,12,"12/269 full days differ from daily bar: 2025-09-29, 2025-12-12, 2026-01-20 (+9 more)"
ERROR,INTRADAY_DAILY_MISMATCH,stocks_intraday,NSE_EQ|INE797F01020,15m,12,"12/269 full days differ from daily bar: 2025-09-29, 2025-12-12, 2026-01-20 (+9 more)"
ERROR,INTRADAY_DAILY_MISMATCH,stocks_intraday,NSE_EQ|INE797F01020,60m,12,"12/269 full days differ from daily bar: 2025-09-29, 2025-12-12, 2026-01-20 (+9 more)"
ERROR,INTRADAY_DAILY_MISMATCH,stocks_intraday,NSE_EQ|INE811K01011,5m,23,"23/269 full days differ from daily bar: 2025-09-15, 2025-10-15, 2025-10-17 (+20 more)"
ERROR,INTRADAY_DAILY_MISMATCH,stocks_intraday,NSE_EQ|INE811K01011,15m,23,"23/269 full days differ from daily bar: 2025-09-15, 2025-10-15, 2025-10-17 (+20 more)"
ERROR,INTRADAY_DAILY_MISMATCH,stocks_intraday,NSE_EQ|INE811K01011,60m,23,"23/269 full days differ from daily bar: 2025-09-15, 2025-10-15, 2025-10-17 (+20 more)"
ERROR,INTRADAY_DAILY_MISMATCH,stocks_intraday,NSE_EQ|INE814H01029,5m,26,"26/269 full days differ from daily bar: 2025-09-19, 2025-09-23, 2025-09-25 (+23 more)"
ERROR,INTRADAY_DAILY_MISMATCH,stocks_intraday,NSE_EQ|INE814H01029,15m,26,"26/269 full days differ from daily bar: 2025-09-19, 2025-09-23, 2025-09-25 (+23 more)"
ERROR,INTRADAY_DAILY_MISMATCH,stocks_intraday,NSE_EQ|INE814H01029,60m,26,"26/269 full days differ from daily bar: 2025-09-19, 2025-09-23, 2025-09-25 (+23 more)"
ERROR,INTRADAY_DAILY_MISMATCH,stocks_intraday,NSE_EQ|INE878B01027,5m,16,"16/269 full days differ from daily bar: 2025-10-15, 2025-11-03, 2025-11-07 (+13 more)"
ERROR,INTRADAY_DAILY_MISMATCH,stocks_intraday,NSE_EQ|INE878B01027,15m,16,"16/269 full days differ from daily bar: 2025-10-15, 2025-11-03, 2025-11-07 (+13 more)"
ERROR,INTRADAY_DAILY_MISMATCH,stocks_intraday,NSE_EQ|INE878B01027,60m,16,"16/269 full days differ from daily bar: 2025-10-15, 2025-11-03, 2025-11-07 (+13 more)"
ERROR,INTRADAY_DAILY_MISMATCH,stocks_intraday,NSE_EQ|INE918I01026,5m,13,"13/269 full days differ from daily bar: 2025-09-29, 2025-11-24, 2025-12-30 (+10 more)"
ERROR,INTRADAY_DAILY_MISMATCH,stocks_intraday,NSE_EQ|INE918I01026,15m,13,"13/269 full days differ from daily bar: 2025-09-29, 2025-11-24, 2025-12-30 (+10 more)"
ERROR,INTRADAY_DAILY_MISMATCH,stocks_intraday,NSE_EQ|INE918I01026,60m,13,"13/269 full days differ from daily bar: 2025-09-29, 2025-11-24, 2025-12-30 (+10 more)"
ERROR,INTRADAY_DAILY_MISMATCH,stocks_intraday,NSE_EQ|INE918Z01012,5m,17,"17/269 full days differ from daily bar: 2025-09-22, 2025-10-06, 2025-10-29 (+14 more)"
ERROR,INTRADAY_DAILY_MISMATCH,stocks_intraday,NSE_EQ|INE918Z01012,15m,17,"17/269 full days differ from daily bar: 2025-09-22, 2025-10-06, 2025-10-29 (+14 more)"
ERROR,INTRADAY_DAILY_MISMATCH,stocks_intraday,NSE_EQ|INE918Z01012,60m,17,"17/269 full days differ from daily bar: 2025-09-22, 2025-10-06, 2025-10-29 (+14 more)"
ERROR,INTRADAY_DAILY_MISMATCH,stocks_intraday,NSE_EQ|INE931S01010,5m,21,"21/269 full days differ from daily bar: 2025-10-31, 2025-11-07, 2025-11-25 (+18 more)"
ERROR,INTRADAY_DAILY_MISMATCH,stocks_intraday,NSE_EQ|INE931S01010,15m,21,"21/269 full days differ from daily bar: 2025-10-31, 2025-11-07, 2025-11-25 (+18 more)"
ERROR,INTRADAY_DAILY_MISMATCH,stocks_intraday,NSE_EQ|INE931S01010,60m,21,"21/269 full days differ from daily bar: 2025-10-31, 2025-11-07, 2025-11-25 (+18 more)"
ERROR,INTRADAY_DAILY_MISMATCH,stocks_intraday,NSE_EQ|INE935A01035,5m,19,"19/269 full days differ from daily bar: 2025-10-16, 2025-11-07, 2025-11-25 (+16 more)"
ERROR,INTRADAY_DAILY_MISMATCH,stocks_intraday,NSE_EQ|INE935A01035,15m,19,"19/269 full days differ from daily bar: 2025-10-16, 2025-11-07, 2025-11-25 (+16 more)"
ERROR,INTRADAY_DAILY_MISMATCH,stocks_intraday,NSE_EQ|INE935A01035,60m,19,"19/269 full days differ from daily bar: 2025-10-16, 2025-11-07, 2025-11-25 (+16 more)"
ERROR,INTRADAY_DAILY_MISMATCH,stocks_intraday,NSE_EQ|INE935N01020,5m,11,"11/269 full days differ from daily bar: 2025-11-19, 2025-12-17, 2025-12-30 (+8 more)"
ERROR,INTRADAY_DAILY_MISMATCH,stocks_intraday,NSE_EQ|INE935N01020,15m,11,"11/269 full days differ from daily bar: 2025-11-19, 2025-12-17, 2025-12-30 (+8 more)"
ERROR,INTRADAY_DAILY_MISMATCH,stocks_intraday,NSE_EQ|INE935N01020,60m,11,"11/269 full days differ from daily bar: 2025-11-19, 2025-12-17, 2025-12-30 (+8 more)"
ERROR,INTRADAY_DAILY_MISMATCH,stocks_intraday,NSE_EQ|INE944F01028,5m,21,"21/269 full days differ from daily bar: 2025-10-13, 2025-10-20, 2025-10-23 (+18 more)"
ERROR,INTRADAY_DAILY_MISMATCH,stocks_intraday,NSE_EQ|INE944F01028,15m,21,"21/269 full days differ from daily bar: 2025-10-13, 2025-10-20, 2025-10-23 (+18 more)"
ERROR,INTRADAY_DAILY_MISMATCH,stocks_intraday,NSE_EQ|INE944F01028,60m,21,"21/269 full days differ from daily bar: 2025-10-13, 2025-10-20, 2025-10-23 (+18 more)"
ERROR,INTRADAY_DAILY_MISMATCH,stocks_intraday,NSE_EQ|INE947Q01028,5m,12,"12/269 full days differ from daily bar: 2025-10-03, 2025-10-23, 2026-01-22 (+9 more)"
ERROR,INTRADAY_DAILY_MISMATCH,stocks_intraday,NSE_EQ|INE947Q01028,15m,12,"12/269 full days differ from daily bar: 2025-10-03, 2025-10-23, 2026-01-22 (+9 more)"
ERROR,INTRADAY_DAILY_MISMATCH,stocks_intraday,NSE_EQ|INE947Q01028,60m,12,"12/269 full days differ from daily bar: 2025-10-03, 2025-10-23, 2026-01-22 (+9 more)"
ERROR,INTRADAY_DAILY_MISMATCH,stocks_intraday,NSE_EQ|INE949L01017,5m,10,"10/269 full days differ from daily bar: 2025-10-17, 2026-02-27, 2026-03-20 (+7 more)"
ERROR,INTRADAY_DAILY_MISMATCH,stocks_intraday,NSE_EQ|INE949L01017,15m,10,"10/269 full days differ from daily bar: 2025-10-17, 2026-02-27, 2026-03-20 (+7 more)"
ERROR,INTRADAY_DAILY_MISMATCH,stocks_intraday,NSE_EQ|INE949L01017,60m,10,"10/269 full days differ from daily bar: 2025-10-17, 2026-02-27, 2026-03-20 (+7 more)"
ERROR,INTRADAY_DAILY_MISMATCH,stocks_intraday,NSE_EQ|INE974X01010,5m,29,"29/269 full days differ from daily bar: 2025-09-08, 2025-09-12, 2025-09-16 (+26 more)"
ERROR,INTRADAY_DAILY_MISMATCH,stocks_intraday,NSE_EQ|INE974X01010,15m,29,"29/269 full days differ from daily bar: 2025-09-08, 2025-09-12, 2025-09-16 (+26 more)"
ERROR,INTRADAY_DAILY_MISMATCH,stocks_intraday,NSE_EQ|INE974X01010,60m,29,"29/269 full days differ from daily bar: 2025-09-08, 2025-09-12, 2025-09-16 (+26 more)"
ERROR,INTRADAY_DAILY_MISMATCH,stocks_intraday,NSE_EQ|INE976G01028,5m,13,"13/269 full days differ from daily bar: 2025-09-12, 2025-09-22, 2025-09-30 (+10 more)"
ERROR,INTRADAY_DAILY_MISMATCH,stocks_intraday,NSE_EQ|INE976G01028,15m,13,"13/269 full days differ from daily bar: 2025-09-12, 2025-09-22, 2025-09-30 (+10 more)"
ERROR,INTRADAY_DAILY_MISMATCH,stocks_intraday,NSE_EQ|INE976G01028,60m,13,"13/269 full days differ from daily bar: 2025-09-12, 2025-09-22, 2025-09-30 (+10 more)"
ERROR,INTRADAY_DAILY_MISMATCH,stocks_intraday,NSE_EQ|INE982J01020,5m,16,"16/269 full days differ from daily bar: 2025-12-12, 2025-12-15, 2026-01-23 (+13 more)"
ERROR,INTRADAY_DAILY_MISMATCH,stocks_intraday,NSE_EQ|INE982J01020,15m,16,"16/269 full days differ from daily bar: 2025-12-12, 2025-12-15, 2026-01-23 (+13 more)"
ERROR,INTRADAY_DAILY_MISMATCH,stocks_intraday,NSE_EQ|INE982J01020,60m,16,"16/269 full days differ from daily bar: 2025-12-12, 2025-12-15, 2026-01-23 (+13 more)"
ERROR,NON_POSITIVE_PRICE,universe_daily,NSE_EQ|INE113A01013,1d,54,54 bars with price <= 0
ERROR,NON_POSITIVE_PRICE,universe_daily,NSE_EQ|INE113A01013,1w,13,13 bars with price <= 0
ERROR,NON_POSITIVE_PRICE,universe_daily,NSE_EQ|INE113A01013,1mo,5,5 bars with price <= 0
ERROR,NON_POSITIVE_PRICE,universe_daily,NSE_EQ|INE205A01025,1d,472,472 bars with price <= 0
ERROR,NON_POSITIVE_PRICE,universe_daily,NSE_EQ|INE205A01025,1w,100,100 bars with price <= 0
ERROR,NON_POSITIVE_PRICE,universe_daily,NSE_EQ|INE205A01025,1mo,25,25 bars with price <= 0
ERROR,NON_POSITIVE_PRICE,universe_daily,NSE_EQ|INE208A01029,1d,48,48 bars with price <= 0
ERROR,NON_POSITIVE_PRICE,universe_daily,NSE_EQ|INE208A01029,1w,14,14 bars with price <= 0
ERROR,NON_POSITIVE_PRICE,universe_daily,NSE_EQ|INE208A01029,1mo,5,5 bars with price <= 0
ERROR,NON_POSITIVE_PRICE,universe_daily,NSE_EQ|INE249Z01020,1d,8,8 bars with price <= 0
ERROR,NON_POSITIVE_PRICE,universe_daily,NSE_EQ|INE249Z01020,1w,8,8 bars with price <= 0
ERROR,NON_POSITIVE_PRICE,universe_daily,NSE_EQ|INE249Z01020,1mo,8,8 bars with price <= 0
ERROR,NON_POSITIVE_PRICE,universe_daily,NSE_EQ|INE347G01014,1d,1,1 bars with price <= 0
ERROR,NON_POSITIVE_PRICE,universe_daily,NSE_EQ|INE347G01014,1w,1,1 bars with price <= 0
ERROR,NON_POSITIVE_PRICE,universe_daily,NSE_EQ|INE347G01014,1mo,1,1 bars with price <= 0
ERROR,NON_POSITIVE_PRICE,indices_daily,NSE_INDEX|Nifty50 Div Point,1d,345,345 bars with price <= 0
ERROR,NON_POSITIVE_PRICE,indices_daily,NSE_INDEX|Nifty50 Div Point,1w,88,88 bars with price <= 0
ERROR,NON_POSITIVE_PRICE,indices_daily,NSE_INDEX|Nifty50 Div Point,1mo,31,31 bars with price <= 0
ERROR,OHLC_INVALID,universe_daily,NSE_EQ|INE005I01014,1d,1,"1 invalid bars, first on 2013-04-08"
ERROR,OHLC_INVALID,universe_daily,NSE_EQ|INE047B01011,1d,3,"3 invalid bars, first on 2013-04-08"
ERROR,OHLC_INVALID,universe_daily,NSE_EQ|INE050M01012,1d,3,"3 invalid bars, first on 2013-04-10"
ERROR,OHLC_INVALID,universe_daily,NSE_EQ|INE083C01022,1d,3,"3 invalid bars, first on 2013-04-08"
ERROR,OHLC_INVALID,universe_daily,NSE_EQ|INE083D01012,1d,3,"3 invalid bars, first on 2013-04-08"
ERROR,OHLC_INVALID,universe_daily,NSE_EQ|INE090A01021,1d,1,"1 invalid bars, first on 2004-11-29"
ERROR,OHLC_INVALID,universe_daily,NSE_EQ|INE100D01014,1d,6,"6 invalid bars, first on 2013-04-10"
ERROR,OHLC_INVALID,universe_daily,NSE_EQ|INE123C01018,1d,3,"3 invalid bars, first on 2013-04-08"
ERROR,OHLC_INVALID,universe_daily,NSE_EQ|INE130B01031,1d,4,"4 invalid bars, first on 2013-04-08"
ERROR,OHLC_INVALID,universe_daily,NSE_EQ|INE150B01039,1d,1,"1 invalid bars, first on 2011-01-05"
ERROR,OHLC_INVALID,universe_daily,NSE_EQ|INE157H01023,1d,1,"1 invalid bars, first on 2011-01-05"
ERROR,OHLC_INVALID,universe_daily,NSE_EQ|INE180C01042,1d,4,"4 invalid bars, first on 2013-04-09"
ERROR,OHLC_INVALID,universe_daily,NSE_EQ|INE187D01029,1d,3,"3 invalid bars, first on 2013-04-09"
ERROR,OHLC_INVALID,universe_daily,NSE_EQ|INE210C01013,1d,3,"3 invalid bars, first on 2013-04-08"
ERROR,OHLC_INVALID,universe_daily,NSE_EQ|INE230B01021,1d,8,"8 invalid bars, first on 2013-04-08"
ERROR,OHLC_INVALID,universe_daily,NSE_EQ|INE230B01021,1w,1,"1 invalid bars, first on 2013-04-08"
ERROR,OHLC_INVALID,universe_daily,NSE_EQ|INE236G01019,1d,1,"1 invalid bars, first on 2011-01-05"
ERROR,OHLC_INVALID,universe_daily,NSE_EQ|INE239D01028,1d,3,"3 invalid bars, first on 2013-04-08"
ERROR,OHLC_INVALID,universe_daily,NSE_EQ|INE240C01028,1d,20,"20 invalid bars, first on 2013-04-08"
ERROR,OHLC_INVALID,universe_daily,NSE_EQ|INE240C01028,1w,4,"4 invalid bars, first on 2013-04-08"
ERROR,OHLC_INVALID,universe_daily,NSE_EQ|INE244A01016,1d,4,"4 invalid bars, first on 2013-04-08"
ERROR,OHLC_INVALID,universe_daily,NSE_EQ|INE246B01019,1d,1,"1 invalid bars, first on 2011-01-05"
ERROR,OHLC_INVALID,universe_daily,NSE_EQ|INE250B01029,1d,6,"6 invalid bars, first on 2013-04-08"
ERROR,OHLC_INVALID,universe_daily,NSE_EQ|INE250B01029,1w,1,"1 invalid bars, first on 2013-04-08"
ERROR,OHLC_INVALID,universe_daily,NSE_EQ|INE279A01012,1d,2,"2 invalid bars, first on 2013-04-10"
ERROR,OHLC_INVALID,universe_daily,NSE_EQ|INE288B01029,1d,1,"1 invalid bars, first on 2013-04-10"
ERROR,OHLC_INVALID,universe_daily,NSE_EQ|INE289A01011,1d,3,"3 invalid bars, first on 2013-04-08"
ERROR,OHLC_INVALID,universe_daily,NSE_EQ|INE308A01027,1d,5,"5 invalid bars, first on 2013-04-10"
ERROR,OHLC_INVALID,universe_daily,NSE_EQ|INE360L01017,1d,2,"2 invalid bars, first on 2013-04-09"
ERROR,OHLC_INVALID,universe_daily,NSE_EQ|INE369A01029,1d,4,"4 invalid bars, first on 2013-04-08"
ERROR,OHLC_INVALID,universe_daily,NSE_EQ|INE392B01011,1d,2,"2 invalid bars, first on 2013-04-10"
ERROR,OHLC_INVALID,universe_daily,NSE_EQ|INE428Q01011,1d,3,"3 invalid bars, first on 2013-04-09"
ERROR,OHLC_INVALID,universe_daily,NSE_EQ|INE440A01010,1d,4,"4 invalid bars, first on 2013-04-10"
ERROR,OHLC_INVALID,universe_daily,NSE_EQ|INE459A01010,1d,1,"1 invalid bars, first on 2013-04-10"
ERROR,OHLC_INVALID,universe_daily,NSE_EQ|INE505C01016,1d,1,"1 invalid bars, first on 2011-01-05"
ERROR,OHLC_INVALID,universe_daily,NSE_EQ|INE526B01014,1d,3,"3 invalid bars, first on 2013-04-08"
ERROR,OHLC_INVALID,universe_daily,NSE_EQ|INE545H01011,1d,2,"2 invalid bars, first on 2013-04-09"
ERROR,OHLC_INVALID,universe_daily,NSE_EQ|INE577A01027,1d,1,"1 invalid bars, first on 2011-01-05"
ERROR,OHLC_INVALID,universe_daily,NSE_EQ|INE577L01016,1d,3,"3 invalid bars, first on 2013-04-08"
ERROR,OHLC_INVALID,universe_daily,NSE_EQ|INE592B01024,1d,4,"4 invalid bars, first on 2013-04-09"
ERROR,OHLC_INVALID,universe_daily,NSE_EQ|INE640A01023,1d,1,"1 invalid bars, first on 2003-07-18"
ERROR,OHLC_INVALID,universe_daily,NSE_EQ|INE640A01023,1w,1,"1 invalid bars, first on 2003-07-14"
ERROR,OHLC_INVALID,universe_daily,NSE_EQ|INE659A01023,1d,4,"4 invalid bars, first on 2013-04-08"
ERROR,OHLC_INVALID,universe_daily,NSE_EQ|INE667G01023,1d,1,"1 invalid bars, first on 2005-07-13"
ERROR,OHLC_INVALID,universe_daily,NSE_EQ|INE696K01024,1d,1,"1 invalid bars, first on 2012-06-19"
ERROR,OHLC_INVALID,universe_daily,NSE_EQ|INE701A01023,1d,3,"3 invalid bars, first on 2011-01-05"
ERROR,OHLC_INVALID,universe_daily,NSE_EQ|INE749B01020,1d,1,"1 invalid bars, first on 2011-01-05"
ERROR,OHLC_INVALID,universe_daily,NSE_EQ|INE792H01019,1d,6,"6 invalid bars, first on 2013-04-10"
ERROR,OHLC_INVALID,universe_daily,NSE_EQ|INE813A01018,1d,1,"1 invalid bars, first on 2012-10-16"
ERROR,OHLC_INVALID,universe_daily,NSE_EQ|INE816B01035,1d,4,"4 invalid bars, first on 2013-04-09"
ERROR,OHLC_INVALID,universe_daily,NSE_EQ|INE822G01016,1d,2,"2 invalid bars, first on 2013-04-08"
ERROR,OHLC_INVALID,universe_daily,NSE_EQ|INE835G01018,1d,3,"3 invalid bars, first on 2013-04-10"
ERROR,OHLC_INVALID,universe_daily,NSE_EQ|INE838E01017,1d,2,"2 invalid bars, first on 2013-04-09"
ERROR,OHLC_INVALID,universe_daily,NSE_EQ|INE842C01021,1d,21,"21 invalid bars, first on 2013-04-08"
ERROR,OHLC_INVALID,universe_daily,NSE_EQ|INE842C01021,1w,4,"4 invalid bars, first on 2013-04-08"
ERROR,OHLC_INVALID,universe_daily,NSE_EQ|INE847C01020,1d,1,"1 invalid bars, first on 2013-04-09"
ERROR,OHLC_INVALID,universe_daily,NSE_EQ|INE882A01013,1d,1,"1 invalid bars, first on 2011-01-05"
ERROR,OHLC_INVALID,universe_daily,NSE_EQ|INE926K01017,1d,2,"2 invalid bars, first on 2013-04-10"
ERROR,OHLC_INVALID,universe_daily,NSE_EQ|INE933B01012,1d,1,"1 invalid bars, first on 2011-01-05"
ERROR,OHLC_INVALID,universe_daily,NSE_EQ|INE948A01012,1d,3,"3 invalid bars, first on 2013-04-08"
ERROR,OHLC_INVALID,indices_daily,NSE_INDEX|India VIX,1d,1,"1 invalid bars, first on 2013-08-22"
ERROR,OHLC_INVALID,indices_daily,NSE_INDEX|NIFTY MIDCAP 100,1d,2,"2 invalid bars, first on 2009-04-29"
ERROR,OHLC_INVALID,indices_daily,NSE_INDEX|NIFTY MIDCAP 100,1w,1,"1 invalid bars, first on 2010-05-31"
ERROR,OHLC_INVALID,indices_daily,NSE_INDEX|NIFTY SMLCAP 100,1d,1,"1 invalid bars, first on 2015-08-20"
ERROR,OHLC_INVALID,indices_daily,NSE_INDEX|Nifty 100,1d,3,"3 invalid bars, first on 2009-04-29"
ERROR,OHLC_INVALID,indices_daily,NSE_INDEX|Nifty 500,1d,4,"4 invalid bars, first on 2001-02-26"
ERROR,OHLC_INVALID,indices_daily,NSE_INDEX|Nifty Div Opps 50,1d,1,"1 invalid bars, first on 2015-05-26"
ERROR,OHLC_INVALID,indices_daily,NSE_INDEX|Nifty Energy,1d,1,"1 invalid bars, first on 2015-05-26"
ERROR,OHLC_INVALID,indices_daily,NSE_INDEX|Nifty FMCG,1d,1,"1 invalid bars, first on 2015-05-26"
ERROR,OHLC_INVALID,indices_daily,NSE_INDEX|Nifty GS 10Yr,1d,306,"306 invalid bars, first on 2016-04-04"
ERROR,OHLC_INVALID,indices_daily,NSE_INDEX|Nifty GS 10Yr,1w,25,"25 invalid bars, first on 2016-07-25"
ERROR,OHLC_INVALID,indices_daily,NSE_INDEX|Nifty GS 10Yr,1mo,2,"2 invalid bars, first on 2019-05-01"
ERROR,OHLC_INVALID,indices_daily,NSE_INDEX|Nifty GS 10Yr Cln,1d,185,"185 invalid bars, first on 2018-01-03"
ERROR,OHLC_INVALID,indices_daily,NSE_INDEX|Nifty GS 10Yr Cln,1w,21,"21 invalid bars, first on 2018-01-01"
ERROR,OHLC_INVALID,indices_daily,NSE_INDEX|Nifty GS 10Yr Cln,1mo,1,"1 invalid bars, first on 2019-05-01"
ERROR,OHLC_INVALID,indices_daily,NSE_INDEX|Nifty GS 11 15Yr,1d,312,"312 invalid bars, first on 2018-01-02"
ERROR,OHLC_INVALID,indices_daily,NSE_INDEX|Nifty GS 11 15Yr,1w,27,"27 invalid bars, first on 2018-01-01"
ERROR,OHLC_INVALID,indices_daily,NSE_INDEX|Nifty GS 11 15Yr,1mo,2,"2 invalid bars, first on 2018-10-01"
ERROR,OHLC_INVALID,indices_daily,NSE_INDEX|Nifty GS 15YrPlus,1d,599,"599 invalid bars, first on 2018-01-01"
ERROR,OHLC_INVALID,indices_daily,NSE_INDEX|Nifty GS 15YrPlus,1w,63,"63 invalid bars, first on 2018-01-01"
ERROR,OHLC_INVALID,indices_daily,NSE_INDEX|Nifty GS 15YrPlus,1mo,5,"5 invalid bars, first on 2018-03-01"
ERROR,OHLC_INVALID,indices_daily,NSE_INDEX|Nifty GS 4 8Yr,1d,270,"270 invalid bars, first on 2018-01-03"
ERROR,OHLC_INVALID,indices_daily,NSE_INDEX|Nifty GS 4 8Yr,1w,18,"18 invalid bars, first on 2018-12-24"
ERROR,OHLC_INVALID,indices_daily,NSE_INDEX|Nifty GS 4 8Yr,1mo,2,"2 invalid bars, first on 2019-01-01"
ERROR,OHLC_INVALID,indices_daily,NSE_INDEX|Nifty GS 8 13Yr,1d,403,"403 invalid bars, first on 2018-01-03"
ERROR,OHLC_INVALID,indices_daily,NSE_INDEX|Nifty GS 8 13Yr,1w,37,"37 invalid bars, first on 2018-12-24"
ERROR,OHLC_INVALID,indices_daily,NSE_INDEX|Nifty GS 8 13Yr,1mo,4,"4 invalid bars, first on 2019-05-01"
ERROR,OHLC_INVALID,indices_daily,NSE_INDEX|Nifty IT,1d,1,"1 invalid bars, first on 2005-07-01"
ERROR,OHLC_INVALID,indices_daily,NSE_INDEX|Nifty IT,1mo,1,"1 invalid bars, first on 2005-07-01"
ERROR,OHLC_INVALID,indices_daily,NSE_INDEX|Nifty MNC,1d,1,"1 invalid bars, first on 2015-05-26"
ERROR,OHLC_INVALID,indices_daily,NSE_INDEX|Nifty PSE,1d,1,"1 invalid bars, first on 2015-05-26"
ERROR,OHLC_INVALID,indices_daily,NSE_INDEX|Nifty Pharma,1d,1,"1 invalid bars, first on 2015-05-26"
ERROR,OHLC_INVALID,indices_daily,NSE_INDEX|Nifty50 Div Point,1d,168,"168 invalid bars, first on 2012-03-19"
ERROR,OHLC_INVALID,indices_daily,NSE_INDEX|Nifty50 Div Point,1w,34,"34 invalid bars, first on 2012-03-19"
ERROR,OHLC_INVALID,indices_daily,NSE_INDEX|Nifty50 Div Point,1mo,7,"7 invalid bars, first on 2023-10-01"
ERROR,STALE_SEVERE,universe_daily,NSE_EQ|INE0LZF01013,1d,30,"last bar 2026-08-21, 30 trading days behind"
ERROR,STALE_SEVERE,universe_daily,NSE_EQ|INE0NLT01010,1d,15,"last bar 2026-09-15, 15 trading days behind"
ERROR,STALE_SEVERE,universe_daily,NSE_EQ|INE105I01020,1d,18,"last bar 2026-09-09, 18 trading days behind"
ERROR,STALE_SEVERE,universe_daily,NSE_EQ|INE24OJ01011,1d,15,"last bar 2026-09-15, 15 trading days behind"
ERROR,STALE_SEVERE,universe_daily,NSE_EQ|INE252A01019,1d,18,"last bar 2026-09-09, 18 trading days behind"
ERROR,STALE_SEVERE,universe_daily,NSE_EQ|INE524T01011,1d,15,"last bar 2026-09-15, 15 trading days behind"
ERROR,STALE_SEVERE,universe_daily,NSE_EQ|INE657B01025,1d,20,"last bar 2026-09-07, 20 trading days behind"
ERROR,STALE_SEVERE,universe_daily,NSE_EQ|INE670X01014,1d,18,"last bar 2026-09-09, 18 trading days behind"
ERROR,STALE_SEVERE,universe_daily,NSE_EQ|INE887D01016,1d,30,"last bar 2026-08-21, 30 trading days behind"
ERROR,STALE_SEVERE,universe_daily,NSE_EQ|INF740KA1RE3,1d,30,"last bar 2026-08-21, 30 trading days behind"
ERROR,STALE_SEVERE,universe_daily,NSE_EQ|INF740KA1SW3,1d,30,"last bar 2026-08-21, 30 trading days behind"
WARN,EXTRA_DAYS,universe_daily,NSE_EQ|INE00KV01022,1d,1,1 days not in Nifty calendar: 2025-04-26
WARN,EXTRA_DAYS,universe_daily,NSE_EQ|INE00S901012,1d,1,1 days not in Nifty calendar: 2025-04-26
WARN,EXTRA_DAYS,universe_daily,NSE_EQ|INE054301028,1d,1,1 days not in Nifty calendar: 2025-04-26
WARN,EXTRA_DAYS,universe_daily,NSE_EQ|INE05ST01028,1d,1,1 days not in Nifty calendar: 2025-04-26
WARN,EXTRA_DAYS,universe_daily,NSE_EQ|INE0I3401014,1d,1,1 days not in Nifty calendar: 2025-04-26
WARN,EXTRA_DAYS,universe_daily,NSE_EQ|INE0OJW01016,1d,1,1 days not in Nifty calendar: 2025-04-26
WARN,EXTRA_DAYS,universe_daily,NSE_EQ|INE0PEQ01016,1d,1,1 days not in Nifty calendar: 2025-04-26
WARN,EXTRA_DAYS,universe_daily,NSE_EQ|INE117B01020,1d,1,1 days not in Nifty calendar: 2025-04-26
WARN,EXTRA_DAYS,universe_daily,NSE_EQ|INE142I01023,1d,1,1 days not in Nifty calendar: 2025-04-26
WARN,EXTRA_DAYS,universe_daily,NSE_EQ|INE155Z01011,1d,1,1 days not in Nifty calendar: 2025-04-26
WARN,EXTRA_DAYS,universe_daily,NSE_EQ|INE165B01029,1d,1,1 days not in Nifty calendar: 2025-04-26
WARN,EXTRA_DAYS,universe_daily,NSE_EQ|INE195N01013,1d,1,1 days not in Nifty calendar: 2025-04-26
WARN,EXTRA_DAYS,universe_daily,NSE_EQ|INE278B01020,1d,1,1 days not in Nifty calendar: 2025-04-26
WARN,EXTRA_DAYS,universe_daily,NSE_EQ|INE287Z01012,1d,1,1 days not in Nifty calendar: 2025-04-26
WARN,EXTRA_DAYS,universe_daily,NSE_EQ|INE296H01011,1d,1,1 days not in Nifty calendar: 2025-04-26
WARN,EXTRA_DAYS,universe_daily,NSE_EQ|INE308E01029,1d,1,1 days not in Nifty calendar: 2025-04-26
WARN,EXTRA_DAYS,universe_daily,NSE_EQ|INE323B01024,1d,1,1 days not in Nifty calendar: 2025-04-26
WARN,EXTRA_DAYS,universe_daily,NSE_EQ|INE369C01017,1d,1,1 days not in Nifty calendar: 2025-04-26
WARN,EXTRA_DAYS,universe_daily,NSE_EQ|INE392B01011,1d,1,1 days not in Nifty calendar: 2025-04-26
WARN,EXTRA_DAYS,universe_daily,NSE_EQ|INE440L01017,1d,1,1 days not in Nifty calendar: 2025-04-26
WARN,EXTRA_DAYS,universe_daily,NSE_EQ|INE442P01014,1d,1,1 days not in Nifty calendar: 2025-04-26
WARN,EXTRA_DAYS,universe_daily,NSE_EQ|INE446A01025,1d,1,1 days not in Nifty calendar: 2025-04-26
WARN,EXTRA_DAYS,universe_daily,NSE_EQ|INE480M01011,1d,1,1 days not in Nifty calendar: 2025-04-26
WARN,EXTRA_DAYS,universe_daily,NSE_EQ|INE481Z01011,1d,1,1 days not in Nifty calendar: 2025-04-26
WARN,EXTRA_DAYS,universe_daily,NSE_EQ|INE482B01010,1d,1,1 days not in Nifty calendar: 2025-04-26
WARN,EXTRA_DAYS,universe_daily,NSE_EQ|INE497S01012,1d,1,1 days not in Nifty calendar: 2025-04-26
WARN,EXTRA_DAYS,universe_daily,NSE_EQ|INE528A01020,1d,1,1 days not in Nifty calendar: 2025-04-26
WARN,EXTRA_DAYS,universe_daily,NSE_EQ|INE544H01014,1d,1,1 days not in Nifty calendar: 2025-04-26
WARN,EXTRA_DAYS,universe_daily,NSE_EQ|INE550H01011,1d,1,1 days not in Nifty calendar: 2025-04-26
WARN,EXTRA_DAYS,universe_daily,NSE_EQ|INE555Z01020,1d,1,1 days not in Nifty calendar: 2025-04-26
WARN,EXTRA_DAYS,universe_daily,NSE_EQ|INE557Z01018,1d,1,1 days not in Nifty calendar: 2025-04-26
WARN,EXTRA_DAYS,universe_daily,NSE_EQ|INE615R01029,1d,1,1 days not in Nifty calendar: 2025-04-26
WARN,EXTRA_DAYS,universe_daily,NSE_EQ|INE626Z01029,1d,1,1 days not in Nifty calendar: 2025-04-26
WARN,EXTRA_DAYS,universe_daily,NSE_EQ|INE627H01017,1d,1,1 days not in Nifty calendar: 2025-04-26
WARN,EXTRA_DAYS,universe_daily,NSE_EQ|INE641C01019,1d,1,1 days not in Nifty calendar: 2025-04-26
WARN,EXTRA_DAYS,universe_daily,NSE_EQ|INE642Z01026,1d,1,1 days not in Nifty calendar: 2025-04-26
WARN,EXTRA_DAYS,universe_daily,NSE_EQ|INE650K01021,1d,1,1 days not in Nifty calendar: 2025-04-26
WARN,EXTRA_DAYS,universe_daily,NSE_EQ|INE657B01025,1d,1,1 days not in Nifty calendar: 2026-08-24
WARN,EXTRA_DAYS,universe_daily,NSE_EQ|INE688Y01022,1d,1,1 days not in Nifty calendar: 2025-04-26
WARN,EXTRA_DAYS,universe_daily,NSE_EQ|INE694N01015,1d,1,1 days not in Nifty calendar: 2025-04-26
WARN,EXTRA_DAYS,universe_daily,NSE_EQ|INE747K01017,1d,1,1 days not in Nifty calendar: 2025-04-26
WARN,EXTRA_DAYS,universe_daily,NSE_EQ|INE781B01015,1d,1,1 days not in Nifty calendar: 2025-04-26
WARN,EXTRA_DAYS,universe_daily,NSE_EQ|INE819L01012,1d,1,1 days not in Nifty calendar: 2025-04-26
WARN,EXTRA_DAYS,universe_daily,NSE_EQ|INE822G01016,1d,1,1 days not in Nifty calendar: 2025-04-26
WARN,EXTRA_DAYS,universe_daily,NSE_EQ|INE830Q01018,1d,1,1 days not in Nifty calendar: 2025-04-26
WARN,EXTRA_DAYS,universe_daily,NSE_EQ|INE831A01028,1d,1,1 days not in Nifty calendar: 2025-04-26
WARN,EXTRA_DAYS,universe_daily,NSE_EQ|INE846D01012,1d,1,1 days not in Nifty calendar: 2025-04-26
WARN,EXTRA_DAYS,universe_daily,NSE_EQ|INE863T01013,1d,1,1 days not in Nifty calendar: 2025-04-26
WARN,EXTRA_DAYS,universe_daily,NSE_EQ|INE865C01022,1d,1,1 days not in Nifty calendar: 2025-04-26
WARN,EXTRA_DAYS,universe_daily,NSE_EQ|INE865T01018,1d,1,1 days not in Nifty calendar: 2025-04-26
WARN,EXTRA_DAYS,universe_daily,NSE_EQ|INE874F01027,1d,1,1 days not in Nifty calendar: 2025-04-26
WARN,EXTRA_DAYS,universe_daily,NSE_EQ|INE920A01037,1d,1,1 days not in Nifty calendar: 2025-04-26
WARN,EXTRA_DAYS,universe_daily,NSE_EQ|INE970N01027,1d,1,1 days not in Nifty calendar: 2025-04-26
WARN,EXTRA_DAYS,universe_daily,NSE_EQ|INF082J01408,1d,1,1 days not in Nifty calendar: 2010-05-16
WARN,EXTRA_DAYS,universe_daily,NSE_EQ|INF174KA1HJ8,1d,1,1 days not in Nifty calendar: 2010-05-16
WARN,EXTRA_DAYS,universe_daily,NSE_EQ|INF200KA16D8,1d,1,1 days not in Nifty calendar: 2010-05-16
WARN,EXTRA_DAYS,universe_daily,NSE_EQ|INF204KB17I5,1d,1,1 days not in Nifty calendar: 2010-05-16
WARN,EXTRA_DAYS,universe_daily,NSE_EQ|INF205KA1BP1,1d,1,1 days not in Nifty calendar: 2010-05-16
WARN,EXTRA_DAYS,universe_daily,NSE_EQ|INF789F1AUX7,1d,1,1 days not in Nifty calendar: 2010-05-16
WARN,EXTRA_DAYS,indices_daily,NSE_INDEX|Nifty GS 10Yr,1d,1774,"1774 days not in Nifty calendar: 2001-01-06, 2001-01-07, 2001-01-13, 2001-01-14, 2001-01-20 (+1769 more)"
WARN,EXTRA_DAYS,indices_daily,NSE_INDEX|Nifty GS 10Yr Cln,1d,1,1 days not in Nifty calendar: 2022-03-01
WARN,EXTRA_DAYS,indices_daily,NSE_INDEX|Nifty GS 4 8Yr,1d,1,1 days not in Nifty calendar: 2022-03-01
WARN,EXTRA_DAYS,indices_daily,NSE_INDEX|Nifty GS 8 13Yr,1d,1,1 days not in Nifty calendar: 2022-03-01
WARN,FLAT_BAR_RUN,universe_daily,NSE_EQ|IN9175A01010,1d,14,14 consecutive flat bars ending 2020-04-29
WARN,FLAT_BAR_RUN,universe_daily,NSE_EQ|INE001B01026,1d,7,7 consecutive flat bars ending 2003-04-25
WARN,FLAT_BAR_RUN,universe_daily,NSE_EQ|INE005I01014,1d,16,16 consecutive flat bars ending 2013-12-31
WARN,FLAT_BAR_RUN,universe_daily,NSE_EQ|INE006Z01016,1d,13,13 consecutive flat bars ending 2021-04-07
WARN,FLAT_BAR_RUN,universe_daily,NSE_EQ|INE007B01023,1d,6,6 consecutive flat bars ending 2008-01-28
WARN,FLAT_BAR_RUN,universe_daily,NSE_EQ|INE00CA01015,1d,18,18 consecutive flat bars ending 2023-09-15
WARN,FLAT_BAR_RUN,universe_daily,NSE_EQ|INE00IK01029,1d,26,26 consecutive flat bars ending 2021-04-01
WARN,FLAT_BAR_RUN,universe_daily,NSE_EQ|INE00KV01022,1d,11,11 consecutive flat bars ending 2021-03-03
WARN,FLAT_BAR_RUN,universe_daily,NSE_EQ|INE00LM01029,1d,14,14 consecutive flat bars ending 2019-12-20
WARN,FLAT_BAR_RUN,universe_daily,NSE_EQ|INE00OQ01016,1d,6,6 consecutive flat bars ending 2025-08-22
WARN,FLAT_BAR_RUN,universe_daily,NSE_EQ|INE00S901012,1d,24,24 consecutive flat bars ending 2024-06-11
WARN,FLAT_BAR_RUN,universe_daily,NSE_EQ|INE00WC01027,1d,5,5 consecutive flat bars ending 2020-04-17
WARN,FLAT_BAR_RUN,universe_daily,NSE_EQ|INE00Y801016,1d,20,20 consecutive flat bars ending 2021-04-19
WARN,FLAT_BAR_RUN,universe_daily,NSE_EQ|INE00Z501029,1d,14,14 consecutive flat bars ending 2024-01-31
WARN,FLAT_BAR_RUN,universe_daily,NSE_EQ|INE010J01012,1d,5,5 consecutive flat bars ending 2021-08-04
WARN,FLAT_BAR_RUN,universe_daily,NSE_EQ|INE012Q01039,1d,23,23 consecutive flat bars ending 2026-04-02
WARN,FLAT_BAR_RUN,universe_daily,NSE_EQ|INE013801027,1d,24,24 consecutive flat bars ending 2023-08-25
WARN,FLAT_BAR_RUN,universe_daily,NSE_EQ|INE014B01011,1d,18,18 consecutive flat bars ending 2025-06-25
WARN,FLAT_BAR_RUN,universe_daily,NSE_EQ|INE015D01022,1d,5,5 consecutive flat bars ending 2014-12-11
WARN,FLAT_BAR_RUN,universe_daily,NSE_EQ|INE016M01021,1d,22,22 consecutive flat bars ending 2021-06-02
WARN,FLAT_BAR_RUN,universe_daily,NSE_EQ|INE017W01010,1d,8,8 consecutive flat bars ending 2023-08-01
WARN,FLAT_BAR_RUN,universe_daily,NSE_EQ|INE018401013,1d,27,27 consecutive flat bars ending 2024-02-07
WARN,FLAT_BAR_RUN,universe_daily,NSE_EQ|INE019J01013,1d,9,9 consecutive flat bars ending 2013-12-30
WARN,FLAT_BAR_RUN,universe_daily,NSE_EQ|INE01EE01011,1d,13,13 consecutive flat bars ending 2017-01-09
WARN,FLAT_BAR_RUN,universe_daily,NSE_EQ|INE01FR01028,1d,5,5 consecutive flat bars ending 2026-06-29
WARN,FLAT_BAR_RUN,universe_daily,NSE_EQ|INE01GN01025,1d,16,16 consecutive flat bars ending 2019-04-01
WARN,FLAT_BAR_RUN,universe_daily,NSE_EQ|INE01II01013,1d,20,20 consecutive flat bars ending 2020-07-10
WARN,FLAT_BAR_RUN,universe_daily,NSE_EQ|INE01JE01028,1d,6,6 consecutive flat bars ending 2016-04-20
WARN,FLAT_BAR_RUN,universe_daily,NSE_EQ|INE01KI01027,1d,21,21 consecutive flat bars ending 2024-04-02
WARN,FLAT_BAR_RUN,universe_daily,NSE_EQ|INE01NE01012,1d,16,16 consecutive flat bars ending 2024-12-24
WARN,FLAT_BAR_RUN,universe_daily,NSE_EQ|INE01P501012,1d,6,6 consecutive flat bars ending 2020-10-15
WARN,FLAT_BAR_RUN,universe_daily,NSE_EQ|INE020J01029,1d,8,8 consecutive flat bars ending 2020-06-24
WARN,FLAT_BAR_RUN,universe_daily,NSE_EQ|INE022I01019,1d,8,8 consecutive flat bars ending 2012-06-15
WARN,FLAT_BAR_RUN,universe_daily,NSE_EQ|INE023A01030,1d,14,14 consecutive flat bars ending 2013-08-02
WARN,FLAT_BAR_RUN,universe_daily,NSE_EQ|INE023H01027,1d,8,8 consecutive flat bars ending 2025-09-26
WARN,FLAT_BAR_RUN,universe_daily,NSE_EQ|INE024L01027,1d,11,11 consecutive flat bars ending 2013-03-13
WARN,FLAT_BAR_RUN,universe_daily,NSE_EQ|INE025B01025,1d,5,5 consecutive flat bars ending 2009-06-03
WARN,FLAT_BAR_RUN,universe_daily,NSE_EQ|INE029L01018,1d,12,12 consecutive flat bars ending 2013-08-21
WARN,FLAT_BAR_RUN,universe_daily,NSE_EQ|INE02AR01019,1d,7,7 consecutive flat bars ending 2023-08-08
WARN,FLAT_BAR_RUN,universe_daily,NSE_EQ|INE02EZ01022,1d,9,9 consecutive flat bars ending 2023-05-12
WARN,FLAT_BAR_RUN,universe_daily,NSE_EQ|INE02PY01013,1d,5,5 consecutive flat bars ending 2020-07-29
WARN,FLAT_BAR_RUN,universe_daily,NSE_EQ|INE02WG01024,1d,19,19 consecutive flat bars ending 2021-05-07
WARN,FLAT_BAR_RUN,universe_daily,NSE_EQ|INE032A01023,1d,13,13 consecutive flat bars ending 2018-10-11
WARN,FLAT_BAR_RUN,universe_daily,NSE_EQ|INE032B01021,1d,32,32 consecutive flat bars ending 2014-01-06
WARN,FLAT_BAR_RUN,universe_daily,NSE_EQ|INE032Z01020,1d,8,8 consecutive flat bars ending 2023-03-10
WARN,FLAT_BAR_RUN,universe_daily,NSE_EQ|INE034D01049,1d,5,5 consecutive flat bars ending 2007-02-05
WARN,FLAT_BAR_RUN,universe_daily,NSE_EQ|INE034S01021,1d,10,10 consecutive flat bars ending 2015-09-09
WARN,FLAT_BAR_RUN,universe_daily,NSE_EQ|INE036B01030,1d,12,12 consecutive flat bars ending 2003-03-11
WARN,FLAT_BAR_RUN,universe_daily,NSE_EQ|INE037A01022,1d,8,8 consecutive flat bars ending 2008-08-22
WARN,FLAT_BAR_RUN,universe_daily,NSE_EQ|INE039B01026,1d,9,9 consecutive flat bars ending 2019-10-29
WARN,FLAT_BAR_RUN,universe_daily,NSE_EQ|INE039C01032,1d,23,23 consecutive flat bars ending 2013-07-31
WARN,FLAT_BAR_RUN,universe_daily,NSE_EQ|INE03JI01017,1d,12,12 consecutive flat bars ending 2019-12-10
WARN,FLAT_BAR_RUN,universe_daily,NSE_EQ|INE03Q201024,1d,8,8 consecutive flat bars ending 2018-09-05
WARN,FLAT_BAR_RUN,universe_daily,NSE_EQ|INE03RS01027,1d,10,10 consecutive flat bars ending 2024-07-30
WARN,FLAT_BAR_RUN,universe_daily,NSE_EQ|INE040H01021,1d,12,12 consecutive flat bars ending 2020-04-21
WARN,FLAT_BAR_RUN,universe_daily,NSE_EQ|INE040M01013,1d,5,5 consecutive flat bars ending 2022-06-23
WARN,FLAT_BAR_RUN,universe_daily,NSE_EQ|INE043A01012,1d,13,13 consecutive flat bars ending 2024-03-07
WARN,FLAT_BAR_RUN,universe_daily,NSE_EQ|INE045601023,1d,6,6 consecutive flat bars ending 2021-10-11
WARN,FLAT_BAR_RUN,universe_daily,NSE_EQ|INE045B01015,1d,9,9 consecutive flat bars ending 2005-11-16
WARN,FLAT_BAR_RUN,universe_daily,NSE_EQ|INE046A01015,1d,11,11 consecutive flat bars ending 2007-10-16
WARN,FLAT_BAR_RUN,universe_daily,NSE_EQ|INE047B01011,1d,7,7 consecutive flat bars ending 2013-05-29
WARN,FLAT_BAR_RUN,universe_daily,NSE_EQ|INE047O01014,1d,13,13 consecutive flat bars ending 2013-05-07
WARN,FLAT_BAR_RUN,universe_daily,NSE_EQ|INE048B01035,1d,15,15 consecutive flat bars ending 2013-09-03
WARN,FLAT_BAR_RUN,universe_daily,NSE_EQ|INE049I01012,1d,7,7 consecutive flat bars ending 2013-07-25
WARN,FLAT_BAR_RUN,universe_daily,NSE_EQ|INE04AK01028,1d,5,5 consecutive flat bars ending 2022-03-10
WARN,FLAT_BAR_RUN,universe_daily,NSE_EQ|INE04LG01015,1d,6,6 consecutive flat bars ending 2020-06-02
WARN,FLAT_BAR_RUN,universe_daily,NSE_EQ|INE050A01025,1d,15,15 consecutive flat bars ending 2003-04-21
WARN,FLAT_BAR_RUN,universe_daily,NSE_EQ|INE050B01023,1d,5,5 consecutive flat bars ending 2003-03-27
WARN,FLAT_BAR_RUN,universe_daily,NSE_EQ|INE050H01012,1d,6,6 consecutive flat bars ending 2013-08-08
WARN,FLAT_BAR_RUN,universe_daily,NSE_EQ|INE050M01012,1d,21,21 consecutive flat bars ending 2013-09-24
WARN,FLAT_BAR_RUN,universe_daily,NSE_EQ|INE051B01021,1d,27,27 consecutive flat bars ending 2018-05-31
WARN,FLAT_BAR_RUN,universe_daily,NSE_EQ|INE052A01021,1d,17,17 consecutive flat bars ending 2009-07-29
WARN,FLAT_BAR_RUN,universe_daily,NSE_EQ|INE052T01021,1d,5,5 consecutive flat bars ending 2025-03-19
WARN,FLAT_BAR_RUN,universe_daily,NSE_EQ|INE054301028,1d,9,9 consecutive flat bars ending 2024-12-26
WARN,FLAT_BAR_RUN,universe_daily,NSE_EQ|INE055C01020,1d,41,41 consecutive flat bars ending 2022-08-18
WARN,FLAT_BAR_RUN,universe_daily,NSE_EQ|INE056I01025,1d,121,121 consecutive flat bars ending 2013-11-08
WARN,FLAT_BAR_RUN,universe_daily,NSE_EQ|INE058B01018,1d,255,255 consecutive flat bars ending 2014-03-18
WARN,FLAT_BAR_RUN,universe_daily,NSE_EQ|INE059B01024,1d,297,297 consecutive flat bars ending 2004-03-09
WARN,FLAT_BAR_RUN,universe_daily,NSE_EQ|INE059D01020,1d,5,5 consecutive flat bars ending 2009-02-17
WARN,FLAT_BAR_RUN,universe_daily,NSE_EQ|INE05ST01028,1d,9,9 consecutive flat bars ending 2025-03-28
WARN,FLAT_BAR_RUN,universe_daily,NSE_EQ|INE05X901010,1d,25,25 consecutive flat bars ending 2021-03-30
WARN,FLAT_BAR_RUN,universe_daily,NSE_EQ|INE060B01014,1d,153,153 consecutive flat bars ending 2014-01-24
WARN,FLAT_BAR_RUN,universe_daily,NSE_EQ|INE060X01034,1d,5,5 consecutive flat bars ending 2022-05-12
WARN,FLAT_BAR_RUN,universe_daily,NSE_EQ|INE061A01014,1d,7,7 consecutive flat bars ending 2013-11-05
WARN,FLAT_BAR_RUN,universe_daily,NSE_EQ|INE062D01024,1d,28,28 consecutive flat bars ending 2011-02-24
WARN,FLAT_BAR_RUN,universe_daily,NSE_EQ|INE064C01022,1d,7,7 consecutive flat bars ending 2013-07-11
WARN,FLAT_BAR_RUN,universe_daily,NSE_EQ|INE067A01029,1d,7,7 consecutive flat bars ending 2020-07-02
WARN,FLAT_BAR_RUN,universe_daily,NSE_EQ|INE069I01010,1d,9,9 consecutive flat bars ending 2020-03-19
WARN,FLAT_BAR_RUN,universe_daily,NSE_EQ|INE070D01027,1d,15,15 consecutive flat bars ending 2006-05-04
WARN,FLAT_BAR_RUN,universe_daily,NSE_EQ|INE071N01016,1d,5,5 consecutive flat bars ending 2021-08-26
WARN,FLAT_BAR_RUN,universe_daily,NSE_EQ|INE073V01015,1d,6,6 consecutive flat bars ending 2025-03-20
WARN,FLAT_BAR_RUN,universe_daily,NSE_EQ|INE074B01023,1d,8,8 consecutive flat bars ending 2009-06-03
WARN,FLAT_BAR_RUN,universe_daily,NSE_EQ|INE075D01018,1d,46,46 consecutive flat bars ending 2003-12-17
WARN,FLAT_BAR_RUN,universe_daily,NSE_EQ|INE076C01018,1d,11,11 consecutive flat bars ending 2009-02-18
WARN,FLAT_BAR_RUN,universe_daily,NSE_EQ|INE077F01035,1d,5,5 consecutive flat bars ending 2009-05-25
WARN,FLAT_BAR_RUN,universe_daily,NSE_EQ|INE07S101038,1d,12,12 consecutive flat bars ending 2021-09-07
WARN,FLAT_BAR_RUN,universe_daily,NSE_EQ|INE080A01014,1d,103,103 consecutive flat bars ending 2013-10-17
WARN,FLAT_BAR_RUN,universe_daily,NSE_EQ|INE080B01012,1d,49,49 consecutive flat bars ending 2022-06-16
WARN,FLAT_BAR_RUN,universe_daily,NSE_EQ|INE082W01014,1d,28,28 consecutive flat bars ending 2023-08-31
WARN,FLAT_BAR_RUN,universe_daily,NSE_EQ|INE083A01026,1d,5,5 consecutive flat bars ending 2003-09-10
WARN,FLAT_BAR_RUN,universe_daily,NSE_EQ|INE083B01024,1d,19,19 consecutive flat bars ending 2013-09-06
WARN,FLAT_BAR_RUN,universe_daily,NSE_EQ|INE083C01022,1d,22,22 consecutive flat bars ending 2013-07-29
WARN,FLAT_BAR_RUN,universe_daily,NSE_EQ|INE083D01012,1d,13,13 consecutive flat bars ending 2013-06-20
WARN,FLAT_BAR_RUN,universe_daily,NSE_EQ|INE086A01029,1d,8,8 consecutive flat bars ending 2003-09-23
WARN,FLAT_BAR_RUN,universe_daily,NSE_EQ|INE087B01017,1d,7,7 consecutive flat bars ending 2016-03-15
WARN,FLAT_BAR_RUN,universe_daily,NSE_EQ|INE087H01022,1d,6,6 consecutive flat bars ending 2020-06-10
WARN,FLAT_BAR_RUN,universe_daily,NSE_EQ|INE087Z01024,1d,6,6 consecutive flat bars ending 2023-09-08
WARN,FLAT_BAR_RUN,universe_daily,NSE_EQ|INE08KP01019,1d,5,5 consecutive flat bars ending 2019-07-23
WARN,FLAT_BAR_RUN,universe_daily,NSE_EQ|INE08PH01015,1d,6,6 consecutive flat bars ending 2024-11-29
WARN,FLAT_BAR_RUN,universe_daily,NSE_EQ|INE090B01011,1d,7,7 consecutive flat bars ending 2024-05-02
WARN,FLAT_BAR_RUN,universe_daily,NSE_EQ|INE091G01026,1d,7,7 consecutive flat bars ending 2019-04-08
WARN,FLAT_BAR_RUN,universe_daily,NSE_EQ|INE093R01011,1d,16,16 consecutive flat bars ending 2018-01-15
WARN,FLAT_BAR_RUN,universe_daily,NSE_EQ|INE097E01028,1d,18,18 consecutive flat bars ending 2026-10-07
WARN,FLAT_BAR_RUN,universe_daily,NSE_EQ|INE099F01013,1d,6,6 consecutive flat bars ending 2014-12-08
WARN,FLAT_BAR_RUN,universe_daily,NSE_EQ|INE09E501017,1d,5,5 consecutive flat bars ending 2020-12-28
WARN,FLAT_BAR_RUN,universe_daily,NSE_EQ|INE0A0S01028,1d,20,20 consecutive flat bars ending 2020-11-26
WARN,FLAT_BAR_RUN,universe_daily,NSE_EQ|INE0A1101019,1d,21,21 consecutive flat bars ending 2021-02-11
WARN,FLAT_BAR_RUN,universe_daily,NSE_EQ|INE0AE001013,1d,10,10 consecutive flat bars ending 2026-07-03
WARN,FLAT_BAR_RUN,universe_daily,NSE_EQ|INE0AJG01018,1d,7,7 consecutive flat bars ending 2020-11-02
WARN,FLAT_BAR_RUN,universe_daily,NSE_EQ|INE0ALR01029,1d,12,12 consecutive flat bars ending 2023-12-06
WARN,FLAT_BAR_RUN,universe_daily,NSE_EQ|INE0BTI01037,1d,39,39 consecutive flat bars ending 2017-03-23
WARN,FLAT_BAR_RUN,universe_daily,NSE_EQ|INE0CG601016,1d,8,8 consecutive flat bars ending 2020-09-09
WARN,FLAT_BAR_RUN,universe_daily,NSE_EQ|INE0CHO01012,1d,8,8 consecutive flat bars ending 2019-02-22
WARN,FLAT_BAR_RUN,universe_daily,NSE_EQ|INE0CU601026,1d,7,7 consecutive flat bars ending 2022-04-01
WARN,FLAT_BAR_RUN,universe_daily,NSE_EQ|INE0D0K01022,1d,9,9 consecutive flat bars ending 2026-07-22
WARN,FLAT_BAR_RUN,universe_daily,NSE_EQ|INE0D0U01013,1d,8,8 consecutive flat bars ending 2021-01-29
WARN,FLAT_BAR_RUN,universe_daily,NSE_EQ|INE0D6I01023,1d,13,13 consecutive flat bars ending 2020-11-04
WARN,FLAT_BAR_RUN,universe_daily,NSE_EQ|INE0DAB01012,1d,5,5 consecutive flat bars ending 2025-09-22
WARN,FLAT_BAR_RUN,universe_daily,NSE_EQ|INE0EEJ01023,1d,9,9 consecutive flat bars ending 2021-11-26
WARN,FLAT_BAR_RUN,universe_daily,NSE_EQ|INE0EK901012,1d,8,8 consecutive flat bars ending 2018-11-05
WARN,FLAT_BAR_RUN,universe_daily,NSE_EQ|INE0FFK01017,1d,5,5 consecutive flat bars ending 2021-11-10
WARN,FLAT_BAR_RUN,universe_daily,NSE_EQ|INE0FHS01024,1d,7,7 consecutive flat bars ending 2021-05-06
WARN,FLAT_BAR_RUN,universe_daily,NSE_EQ|INE0GGO01015,1d,9,9 consecutive flat bars ending 2022-04-13
WARN,FLAT_BAR_RUN,universe_daily,NSE_EQ|INE0GMR01016,1d,8,8 consecutive flat bars ending 2022-12-01
WARN,FLAT_BAR_RUN,universe_daily,NSE_EQ|INE0I7C01011,1d,5,5 consecutive flat bars ending 2019-04-01
WARN,FLAT_BAR_RUN,universe_daily,NSE_EQ|INE0J5601015,1d,5,5 consecutive flat bars ending 2022-07-12
WARN,FLAT_BAR_RUN,universe_daily,NSE_EQ|INE0JS101016,1d,5,5 consecutive flat bars ending 2025-09-23
WARN,FLAT_BAR_RUN,universe_daily,NSE_EQ|INE0JWS01017,1d,5,5 consecutive flat bars ending 2026-08-17
WARN,FLAT_BAR_RUN,universe_daily,NSE_EQ|INE0JYY01029,1d,11,11 consecutive flat bars ending 2023-03-24
WARN,FLAT_BAR_RUN,universe_daily,NSE_EQ|INE0KKN01029,1d,7,7 consecutive flat bars ending 2026-09-21
WARN,FLAT_BAR_RUN,universe_daily,NSE_EQ|INE0KQN01018,1d,7,7 consecutive flat bars ending 2023-12-29
WARN,FLAT_BAR_RUN,universe_daily,NSE_EQ|INE0LQS01015,1d,5,5 consecutive flat bars ending 2022-10-13
WARN,FLAT_BAR_RUN,universe_daily,NSE_EQ|INE0N0Y01013,1d,7,7 consecutive flat bars ending 2024-09-19
WARN,FLAT_BAR_RUN,universe_daily,NSE_EQ|INE0N7W01012,1d,5,5 consecutive flat bars ending 2023-04-26
WARN,FLAT_BAR_RUN,universe_daily,NSE_EQ|INE0OU201013,1d,17,17 consecutive flat bars ending 2026-07-28
WARN,FLAT_BAR_RUN,universe_daily,NSE_EQ|INE0PEQ01016,1d,7,7 consecutive flat bars ending 2025-04-30
WARN,FLAT_BAR_RUN,universe_daily,NSE_EQ|INE0PSC01024,1d,7,7 consecutive flat bars ending 2024-01-19
WARN,FLAT_BAR_RUN,universe_daily,NSE_EQ|INE0QTF01015,1d,9,9 consecutive flat bars ending 2024-08-09
WARN,FLAT_BAR_RUN,universe_daily,NSE_EQ|INE0URU01010,1d,5,5 consecutive flat bars ending 2024-09-09
WARN,FLAT_BAR_RUN,universe_daily,NSE_EQ|INE100D01014,1d,1121,1121 consecutive flat bars ending 2007-07-31
WARN,FLAT_BAR_RUN,universe_daily,NSE_EQ|INE102I01027,1d,5,5 consecutive flat bars ending 2009-05-25
WARN,FLAT_BAR_RUN,universe_daily,NSE_EQ|INE105C01023,1d,69,69 consecutive flat bars ending 2009-07-14
WARN,FLAT_BAR_RUN,universe_daily,NSE_EQ|INE105I01020,1d,95,95 consecutive flat bars ending 2022-03-16
WARN,FLAT_BAR_RUN,universe_daily,NSE_EQ|INE107F01022,1d,14,14 consecutive flat bars ending 2023-12-12
WARN,FLAT_BAR_RUN,universe_daily,NSE_EQ|INE108E01023,1d,26,26 consecutive flat bars ending 2014-04-02
WARN,FLAT_BAR_RUN,universe_daily,NSE_EQ|INE110A01019,1d,9,9 consecutive flat bars ending 2021-10-26
WARN,FLAT_BAR_RUN,universe_daily,NSE_EQ|INE110B01017,1d,8,8 consecutive flat bars ending 2023-08-02
WARN,FLAT_BAR_RUN,universe_daily,NSE_EQ|INE111B01023,1d,7,7 consecutive flat bars ending 2022-05-04
WARN,FLAT_BAR_RUN,universe_daily,NSE_EQ|INE111Q01021,1d,7,7 consecutive flat bars ending 2014-11-05
WARN,FLAT_BAR_RUN,universe_daily,NSE_EQ|INE113A01013,1d,36,36 consecutive flat bars ending 2003-04-29
WARN,FLAT_BAR_RUN,universe_daily,NSE_EQ|INE116A01032,1d,6,6 consecutive flat bars ending 2008-08-27
WARN,FLAT_BAR_RUN,universe_daily,NSE_EQ|INE116D01028,1d,10,10 consecutive flat bars ending 2023-11-01
WARN,FLAT_BAR_RUN,universe_daily,NSE_EQ|INE117B01020,1d,48,48 consecutive flat bars ending 2025-06-09
WARN,FLAT_BAR_RUN,universe_daily,NSE_EQ|INE117Z01029,1d,13,13 consecutive flat bars ending 2019-03-15
WARN,FLAT_BAR_RUN,universe_daily,NSE_EQ|INE121N01019,1d,16,16 consecutive flat bars ending 2016-06-03
WARN,FLAT_BAR_RUN,universe_daily,NSE_EQ|INE122M01019,1d,16,16 consecutive flat bars ending 2023-11-02
WARN,FLAT_BAR_RUN,universe_daily,NSE_EQ|INE123B01028,1d,723,723 consecutive flat bars ending 2005-12-21
WARN,FLAT_BAR_RUN,universe_daily,NSE_EQ|INE123C01018,1d,69,69 consecutive flat bars ending 2013-11-20
WARN,FLAT_BAR_RUN,universe_daily,NSE_EQ|INE123F01029,1d,24,24 consecutive flat bars ending 2013-07-16
WARN,FLAT_BAR_RUN,universe_daily,NSE_EQ|INE124Y01028,1d,11,11 consecutive flat bars ending 2019-03-19
WARN,FLAT_BAR_RUN,universe_daily,NSE_EQ|INE126M01010,1d,11,11 consecutive flat bars ending 2019-10-16
WARN,FLAT_BAR_RUN,universe_daily,NSE_EQ|INE129Z01016,1d,7,7 consecutive flat bars ending 2020-08-11
WARN,FLAT_BAR_RUN,universe_daily,NSE_EQ|INE130B01031,1d,42,42 consecutive flat bars ending 2013-12-06
WARN,FLAT_BAR_RUN,universe_daily,NSE_EQ|INE132H01018,1d,28,28 consecutive flat bars ending 2013-10-24
WARN,FLAT_BAR_RUN,universe_daily,NSE_EQ|INE134B01017,1d,5,5 consecutive flat bars ending 2020-06-30
WARN,FLAT_BAR_RUN,universe_daily,NSE_EQ|INE139I01011,1d,5,5 consecutive flat bars ending 2020-04-17
WARN,FLAT_BAR_RUN,universe_daily,NSE_EQ|INE141D01018,1d,24,24 consecutive flat bars ending 2024-03-15
WARN,FLAT_BAR_RUN,universe_daily,NSE_EQ|INE142A01012,1d,9,9 consecutive flat bars ending 2024-10-14
WARN,FLAT_BAR_RUN,universe_daily,NSE_EQ|INE142I01023,1d,17,17 consecutive flat bars ending 2026-04-10
WARN,FLAT_BAR_RUN,universe_daily,NSE_EQ|INE142K01011,1d,6,6 consecutive flat bars ending 2022-06-30
WARN,FLAT_BAR_RUN,universe_daily,NSE_EQ|INE143A01010,1d,5,5 consecutive flat bars ending 2015-10-14
WARN,FLAT_BAR_RUN,universe_daily,NSE_EQ|INE144D01012,1d,26,26 consecutive flat bars ending 2008-12-15
WARN,FLAT_BAR_RUN,universe_daily,NSE_EQ|INE144J01027,1d,7,7 consecutive flat bars ending 2024-10-30
WARN,FLAT_BAR_RUN,universe_daily,NSE_EQ|INE147P01019,1d,24,24 consecutive flat bars ending 2021-10-04
WARN,FLAT_BAR_RUN,universe_daily,NSE_EQ|INE148O01028,1d,8,8 consecutive flat bars ending 2016-06-13
WARN,FLAT_BAR_RUN,universe_daily,NSE_EQ|INE150B01039,1d,16,16 consecutive flat bars ending 2013-09-02
WARN,FLAT_BAR_RUN,universe_daily,NSE_EQ|INE151A01013,1d,6,6 consecutive flat bars ending 2019-09-25
WARN,FLAT_BAR_RUN,universe_daily,NSE_EQ|INE153A01019,1d,14,14 consecutive flat bars ending 2019-11-13
WARN,FLAT_BAR_RUN,universe_daily,NSE_EQ|INE155Z01011,1d,12,12 consecutive flat bars ending 2020-06-03
WARN,FLAT_BAR_RUN,universe_daily,NSE_EQ|INE156C01018,1d,33,33 consecutive flat bars ending 2013-07-19
WARN,FLAT_BAR_RUN,universe_daily,NSE_EQ|INE157H01023,1d,22,22 consecutive flat bars ending 2013-08-20
WARN,FLAT_BAR_RUN,universe_daily,NSE_EQ|INE158B01016,1d,10,10 consecutive flat bars ending 2009-06-01
WARN,FLAT_BAR_RUN,universe_daily,NSE_EQ|INE161L01027,1d,17,17 consecutive flat bars ending 2020-09-24
WARN,FLAT_BAR_RUN,universe_daily,NSE_EQ|INE162C01024,1d,22,22 consecutive flat bars ending 2023-11-06
WARN,FLAT_BAR_RUN,universe_daily,NSE_EQ|INE163A01018,1d,5,5 consecutive flat bars ending 2007-12-31
WARN,FLAT_BAR_RUN,universe_daily,NSE_EQ|INE164B01030,1d,6,6 consecutive flat bars ending 2020-04-20
WARN,FLAT_BAR_RUN,universe_daily,NSE_EQ|INE165B01029,1d,27,27 consecutive flat bars ending 2024-03-04
WARN,FLAT_BAR_RUN,universe_daily,NSE_EQ|INE166R01015,1d,18,18 consecutive flat bars ending 2026-08-04
WARN,FLAT_BAR_RUN,universe_daily,NSE_EQ|INE172N01012,1d,13,13 consecutive flat bars ending 2019-11-11
WARN,FLAT_BAR_RUN,universe_daily,NSE_EQ|INE173A01025,1d,7,7 consecutive flat bars ending 2007-12-14
WARN,FLAT_BAR_RUN,universe_daily,NSE_EQ|INE175A01038,1d,16,16 consecutive flat bars ending 2020-04-30
WARN,FLAT_BAR_RUN,universe_daily,NSE_EQ|INE180C01042,1d,31,31 consecutive flat bars ending 2013-10-11
WARN,FLAT_BAR_RUN,universe_daily,NSE_EQ|INE184H01027,1d,7,7 consecutive flat bars ending 2020-04-17
WARN,FLAT_BAR_RUN,universe_daily,NSE_EQ|INE185E01021,1d,9,9 consecutive flat bars ending 2024-10-07
WARN,FLAT_BAR_RUN,universe_daily,NSE_EQ|INE185H01016,1d,42,42 consecutive flat bars ending 2013-09-20
WARN,FLAT_BAR_RUN,universe_daily,NSE_EQ|INE187D01029,1d,6,6 consecutive flat bars ending 2013-04-22
WARN,FLAT_BAR_RUN,universe_daily,NSE_EQ|INE190H01024,1d,9,9 consecutive flat bars ending 2025-05-13
WARN,FLAT_BAR_RUN,universe_daily,NSE_EQ|INE191A01027,1d,36,36 consecutive flat bars ending 2021-01-28
WARN,FLAT_BAR_RUN,universe_daily,NSE_EQ|INE193B01039,1d,16,16 consecutive flat bars ending 2024-09-30
WARN,FLAT_BAR_RUN,universe_daily,NSE_EQ|INE195N01013,1d,11,11 consecutive flat bars ending 2026-01-07
WARN,FLAT_BAR_RUN,universe_daily,NSE_EQ|INE196Y01018,1d,5,5 consecutive flat bars ending 2018-11-21
WARN,FLAT_BAR_RUN,universe_daily,NSE_EQ|INE197A01024,1d,26,26 consecutive flat bars ending 2019-04-15
WARN,FLAT_BAR_RUN,universe_daily,NSE_EQ|INE197J01017,1d,36,36 consecutive flat bars ending 2013-10-07
WARN,FLAT_BAR_RUN,universe_daily,NSE_EQ|INE198H01019,1d,7,7 consecutive flat bars ending 2026-07-17
WARN,FLAT_BAR_RUN,universe_daily,NSE_EQ|INE199C01026,1d,45,45 consecutive flat bars ending 2013-08-28
WARN,FLAT_BAR_RUN,universe_daily,NSE_EQ|INE1JCQ01037,1d,6,6 consecutive flat bars ending 2026-07-29
WARN,FLAT_BAR_RUN,universe_daily,NSE_EQ|INE1SPP01016,1d,6,6 consecutive flat bars ending 2025-12-09
WARN,FLAT_BAR_RUN,universe_daily,NSE_EQ|INE1YPB01014,1d,5,5 consecutive flat bars ending 2026-07-10
WARN,FLAT_BAR_RUN,universe_daily,NSE_EQ|INE201K01015,1d,7,7 consecutive flat bars ending 2020-06-08
WARN,FLAT_BAR_RUN,universe_daily,NSE_EQ|INE202H01019,1d,6,6 consecutive flat bars ending 2022-01-04
WARN,FLAT_BAR_RUN,universe_daily,NSE_EQ|INE202Z01029,1d,12,12 consecutive flat bars ending 2018-04-16
WARN,FLAT_BAR_RUN,universe_daily,NSE_EQ|INE203A01020,1d,14,14 consecutive flat bars ending 2003-02-24
WARN,FLAT_BAR_RUN,universe_daily,NSE_EQ|INE203Y01012,1d,10,10 consecutive flat bars ending 2020-07-13
WARN,FLAT_BAR_RUN,universe_daily,NSE_EQ|INE205A01025,1d,467,467 consecutive flat bars ending 2004-12-13
WARN,FLAT_BAR_RUN,universe_daily,NSE_EQ|INE206B01013,1d,12,12 consecutive flat bars ending 2013-07-29
WARN,FLAT_BAR_RUN,universe_daily,NSE_EQ|INE206N01018,1d,9,9 consecutive flat bars ending 2024-09-18
WARN,FLAT_BAR_RUN,universe_daily,NSE_EQ|INE208A01029,1d,8,8 consecutive flat bars ending 2003-02-05
WARN,FLAT_BAR_RUN,universe_daily,NSE_EQ|INE208C01025,1d,5,5 consecutive flat bars ending 2003-10-31
WARN,FLAT_BAR_RUN,universe_daily,NSE_EQ|INE209L01016,1d,5,5 consecutive flat bars ending 2021-06-17
WARN,FLAT_BAR_RUN,universe_daily,NSE_EQ|INE210A01017,1d,58,58 consecutive flat bars ending 2003-12-01
WARN,FLAT_BAR_RUN,universe_daily,NSE_EQ|INE210C01013,1d,77,77 consecutive flat bars ending 2013-10-23
WARN,FLAT_BAR_RUN,universe_daily,NSE_EQ|INE215B01022,1d,7,7 consecutive flat bars ending 2025-07-04
WARN,FLAT_BAR_RUN,universe_daily,NSE_EQ|INE215F01023,1d,8,8 consecutive flat bars ending 2020-04-16
WARN,FLAT_BAR_RUN,universe_daily,NSE_EQ|INE215I01027,1d,96,96 consecutive flat bars ending 2013-08-13
WARN,FLAT_BAR_RUN,universe_daily,NSE_EQ|INE218C01016,1d,115,115 consecutive flat bars ending 2014-05-21
WARN,FLAT_BAR_RUN,universe_daily,NSE_EQ|INE220B01022,1d,5,5 consecutive flat bars ending 2003-01-22
WARN,FLAT_BAR_RUN,universe_daily,NSE_EQ|INE221B01012,1d,10,10 consecutive flat bars ending 2013-08-27
WARN,FLAT_BAR_RUN,universe_daily,NSE_EQ|INE221H01019,1d,12,12 consecutive flat bars ending 2021-07-06
WARN,FLAT_BAR_RUN,universe_daily,NSE_EQ|INE226H01026,1d,12,12 consecutive flat bars ending 2023-11-15
WARN,FLAT_BAR_RUN,universe_daily,NSE_EQ|INE227G01018,1d,18,18 consecutive flat bars ending 2024-02-22
WARN,FLAT_BAR_RUN,universe_daily,NSE_EQ|INE229C01021,1d,5,5 consecutive flat bars ending 2013-10-17
WARN,FLAT_BAR_RUN,universe_daily,NSE_EQ|INE230B01021,1d,56,56 consecutive flat bars ending 2013-07-29
WARN,FLAT_BAR_RUN,universe_daily,NSE_EQ|INE231C01019,1d,89,89 consecutive flat bars ending 2013-08-30
WARN,FLAT_BAR_RUN,universe_daily,NSE_EQ|INE232I01014,1d,9,9 consecutive flat bars ending 2024-04-24
WARN,FLAT_BAR_RUN,universe_daily,NSE_EQ|INE233A01035,1d,9,9 consecutive flat bars ending 2007-12-12
WARN,FLAT_BAR_RUN,universe_daily,NSE_EQ|INE235C01036,1d,16,16 consecutive flat bars ending 2026-08-11
WARN,FLAT_BAR_RUN,universe_daily,NSE_EQ|INE236A01020,1d,5,5 consecutive flat bars ending 2020-05-07
WARN,FLAT_BAR_RUN,universe_daily,NSE_EQ|INE236G01019,1d,5,5 consecutive flat bars ending 2024-11-18
WARN,FLAT_BAR_RUN,universe_daily,NSE_EQ|INE237A01036,1d,8,8 consecutive flat bars ending 2003-02-05
WARN,FLAT_BAR_RUN,universe_daily,NSE_EQ|INE239D01028,1d,22,22 consecutive flat bars ending 2013-10-17
WARN,FLAT_BAR_RUN,universe_daily,NSE_EQ|INE240C01028,1d,115,115 consecutive flat bars ending 2013-11-05
WARN,FLAT_BAR_RUN,universe_daily,NSE_EQ|INE242C01024,1d,7,7 consecutive flat bars ending 2006-11-07
WARN,FLAT_BAR_RUN,universe_daily,NSE_EQ|INE244A01016,1d,11,11 consecutive flat bars ending 2013-11-21
WARN,FLAT_BAR_RUN,universe_daily,NSE_EQ|INE245I01016,1d,111,111 consecutive flat bars ending 2013-09-12
WARN,FLAT_BAR_RUN,universe_daily,NSE_EQ|INE249Z01020,1d,8,8 consecutive flat bars ending 2018-07-02
WARN,FLAT_BAR_RUN,universe_daily,NSE_EQ|INE250B01029,1d,12,12 consecutive flat bars ending 2003-09-26
WARN,FLAT_BAR_RUN,universe_daily,NSE_EQ|INE253B01015,1d,19,19 consecutive flat bars ending 2024-07-04
WARN,FLAT_BAR_RUN,universe_daily,NSE_EQ|INE256Z01025,1d,23,23 consecutive flat bars ending 2023-01-13
WARN,FLAT_BAR_RUN,universe_daily,NSE_EQ|INE258Y01016,1d,20,20 consecutive flat bars ending 2023-10-05
WARN,FLAT_BAR_RUN,universe_daily,NSE_EQ|INE260B01028,1d,10,10 consecutive flat bars ending 2004-10-26
WARN,FLAT_BAR_RUN,universe_daily,NSE_EQ|INE260D01016,1d,10,10 consecutive flat bars ending 2017-06-12
WARN,FLAT_BAR_RUN,universe_daily,NSE_EQ|INE262Z01023,1d,16,16 consecutive flat bars ending 2024-11-05
WARN,FLAT_BAR_RUN,universe_daily,NSE_EQ|INE266Y01019,1d,6,6 consecutive flat bars ending 2019-08-23
WARN,FLAT_BAR_RUN,universe_daily,NSE_EQ|INE268B01013,1d,6,6 consecutive flat bars ending 2017-01-10
WARN,FLAT_BAR_RUN,universe_daily,NSE_EQ|INE269B01029,1d,7,7 consecutive flat bars ending 2003-07-11
WARN,FLAT_BAR_RUN,universe_daily,NSE_EQ|INE270A01029,1d,27,27 consecutive flat bars ending 2020-03-31
WARN,FLAT_BAR_RUN,universe_daily,NSE_EQ|INE272L01022,1d,101,101 consecutive flat bars ending 2013-12-11
WARN,FLAT_BAR_RUN,universe_daily,NSE_EQ|INE273D01027,1d,21,21 consecutive flat bars ending 2024-12-20
WARN,FLAT_BAR_RUN,universe_daily,NSE_EQ|INE274C01019,1d,8,8 consecutive flat bars ending 2013-09-10
WARN,FLAT_BAR_RUN,universe_daily,NSE_EQ|INE276A01018,1d,8,8 consecutive flat bars ending 2013-06-28
WARN,FLAT_BAR_RUN,universe_daily,NSE_EQ|INE276C01014,1d,7,7 consecutive flat bars ending 2013-12-31
WARN,FLAT_BAR_RUN,universe_daily,NSE_EQ|INE277B01014,1d,17,17 consecutive flat bars ending 2013-10-10
WARN,FLAT_BAR_RUN,universe_daily,NSE_EQ|INE277C01012,1d,61,61 consecutive flat bars ending 2022-09-06
WARN,FLAT_BAR_RUN,universe_daily,NSE_EQ|INE278B01020,1d,16,16 consecutive flat bars ending 2025-04-23
WARN,FLAT_BAR_RUN,universe_daily,NSE_EQ|INE278G01037,1d,27,27 consecutive flat bars ending 2019-10-07
WARN,FLAT_BAR_RUN,universe_daily,NSE_EQ|INE279A01012,1d,13,13 consecutive flat bars ending 2013-08-27
WARN,FLAT_BAR_RUN,universe_daily,NSE_EQ|INE281A01026,1d,14,14 consecutive flat bars ending 2016-10-13
WARN,FLAT_BAR_RUN,universe_daily,NSE_EQ|INE285H01022,1d,27,27 consecutive flat bars ending 2007-04-03
WARN,FLAT_BAR_RUN,universe_daily,NSE_EQ|INE286H01012,1d,9,9 consecutive flat bars ending 2025-10-14
WARN,FLAT_BAR_RUN,universe_daily,NSE_EQ|INE287Z01012,1d,21,21 consecutive flat bars ending 2018-07-27
WARN,FLAT_BAR_RUN,universe_daily,NSE_EQ|INE288B01029,1d,9,9 consecutive flat bars ending 2013-09-04
WARN,FLAT_BAR_RUN,universe_daily,NSE_EQ|INE289C01025,1d,10,10 consecutive flat bars ending 2009-12-03
WARN,FLAT_BAR_RUN,universe_daily,NSE_EQ|INE291W01037,1d,5,5 consecutive flat bars ending 2024-07-11
WARN,FLAT_BAR_RUN,universe_daily,NSE_EQ|INE293B01029,1d,18,18 consecutive flat bars ending 2019-03-22
WARN,FLAT_BAR_RUN,universe_daily,NSE_EQ|INE294B01019,1d,6,6 consecutive flat bars ending 2007-01-15
WARN,FLAT_BAR_RUN,universe_daily,NSE_EQ|INE294G01026,1d,81,81 consecutive flat bars ending 2021-02-05
WARN,FLAT_BAR_RUN,universe_daily,NSE_EQ|INE296A01032,1d,211,211 consecutive flat bars ending 2003-11-28
WARN,FLAT_BAR_RUN,universe_daily,NSE_EQ|INE296H01011,1d,22,22 consecutive flat bars ending 2013-09-02
WARN,FLAT_BAR_RUN,universe_daily,NSE_EQ|INE297H01019,1d,8,8 consecutive flat bars ending 2011-11-25
WARN,FLAT_BAR_RUN,universe_daily,NSE_EQ|INE298G01035,1d,912,912 consecutive flat bars ending 2006-09-25
WARN,FLAT_BAR_RUN,universe_daily,NSE_EQ|INE304A01026,1d,6,6 consecutive flat bars ending 2020-10-01
WARN,FLAT_BAR_RUN,universe_daily,NSE_EQ|INE305A01023,1d,5,5 consecutive flat bars ending 2007-06-29
WARN,FLAT_BAR_RUN,universe_daily,NSE_EQ|INE305C01029,1d,32,32 consecutive flat bars ending 2013-08-22
WARN,FLAT_BAR_RUN,universe_daily,NSE_EQ|INE306A01021,1d,12,12 consecutive flat bars ending 2020-04-21
WARN,FLAT_BAR_RUN,universe_daily,NSE_EQ|INE306C01019,1d,18,18 consecutive flat bars ending 2024-02-22
WARN,FLAT_BAR_RUN,universe_daily,NSE_EQ|INE306R01017,1d,8,8 consecutive flat bars ending 2020-04-09
WARN,FLAT_BAR_RUN,universe_daily,NSE_EQ|INE308A01027,1d,36,36 consecutive flat bars ending 2013-09-17
WARN,FLAT_BAR_RUN,universe_daily,NSE_EQ|INE308E01029,1d,8,8 consecutive flat bars ending 2025-12-11
WARN,FLAT_BAR_RUN,universe_daily,NSE_EQ|INE309M01020,1d,2367,2367 consecutive flat bars ending 2012-08-14
WARN,FLAT_BAR_RUN,universe_daily,NSE_EQ|INE310C01029,1d,92,92 consecutive flat bars ending 2013-09-19
WARN,FLAT_BAR_RUN,universe_daily,NSE_EQ|INE314C01013,1d,14,14 consecutive flat bars ending 2022-01-18
WARN,FLAT_BAR_RUN,universe_daily,NSE_EQ|INE314G01014,1d,7,7 consecutive flat bars ending 2023-10-03
WARN,FLAT_BAR_RUN,universe_daily,NSE_EQ|INE318D01020,1d,60,60 consecutive flat bars ending 2022-06-09
WARN,FLAT_BAR_RUN,universe_daily,NSE_EQ|INE320B01020,1d,11,11 consecutive flat bars ending 2013-09-20
WARN,FLAT_BAR_RUN,universe_daily,NSE_EQ|INE320L01011,1d,43,43 consecutive flat bars ending 2013-08-28
WARN,FLAT_BAR_RUN,universe_daily,NSE_EQ|INE320X01016,1d,13,13 consecutive flat bars ending 2017-09-15
WARN,FLAT_BAR_RUN,universe_daily,NSE_EQ|INE323C01030,1d,10,10 consecutive flat bars ending 2003-06-13
WARN,FLAT_BAR_RUN,universe_daily,NSE_EQ|INE323J01019,1d,10,10 consecutive flat bars ending 2023-07-31
WARN,FLAT_BAR_RUN,universe_daily,NSE_EQ|INE324L01013,1d,8,8 consecutive flat bars ending 2025-06-09
WARN,FLAT_BAR_RUN,universe_daily,NSE_EQ|INE324X01026,1d,19,19 consecutive flat bars ending 2020-04-28
WARN,FLAT_BAR_RUN,universe_daily,NSE_EQ|INE326B01035,1d,91,91 consecutive flat bars ending 2013-11-27
WARN,FLAT_BAR_RUN,universe_daily,NSE_EQ|INE326T01011,1d,20,20 consecutive flat bars ending 2025-08-11
WARN,FLAT_BAR_RUN,universe_daily,NSE_EQ|INE332H01014,1d,8,8 consecutive flat bars ending 2023-11-15
WARN,FLAT_BAR_RUN,universe_daily,NSE_EQ|INE336X01012,1d,13,13 consecutive flat bars ending 2020-03-30
WARN,FLAT_BAR_RUN,universe_daily,NSE_EQ|INE337A01034,1d,5,5 consecutive flat bars ending 2003-12-16
WARN,FLAT_BAR_RUN,universe_daily,NSE_EQ|INE337M01021,1d,34,34 consecutive flat bars ending 2012-08-31
WARN,FLAT_BAR_RUN,universe_daily,NSE_EQ|INE344S01016,1d,5,5 consecutive flat bars ending 2018-08-08
WARN,FLAT_BAR_RUN,universe_daily,NSE_EQ|INE348A01023,1d,17,17 consecutive flat bars ending 2003-03-20
WARN,FLAT_BAR_RUN,universe_daily,NSE_EQ|INE348B01021,1d,5,5 consecutive flat bars ending 2013-07-25
WARN,FLAT_BAR_RUN,universe_daily,NSE_EQ|INE349W01017,1d,8,8 consecutive flat bars ending 2017-08-09
WARN,FLAT_BAR_RUN,universe_daily,NSE_EQ|INE350C01017,1d,15,15 consecutive flat bars ending 2018-08-28
WARN,FLAT_BAR_RUN,universe_daily,NSE_EQ|INE351F01018,1d,18,18 consecutive flat bars ending 2020-03-13
WARN,FLAT_BAR_RUN,universe_daily,NSE_EQ|INE351Y01019,1d,5,5 consecutive flat bars ending 2021-04-28
WARN,FLAT_BAR_RUN,universe_daily,NSE_EQ|INE353A01023,1d,7,7 consecutive flat bars ending 2022-12-02
WARN,FLAT_BAR_RUN,universe_daily,NSE_EQ|INE353H01010,1d,263,263 consecutive flat bars ending 2014-05-22
WARN,FLAT_BAR_RUN,universe_daily,NSE_EQ|INE355A01028,1d,7,7 consecutive flat bars ending 2009-05-06
WARN,FLAT_BAR_RUN,universe_daily,NSE_EQ|INE360L01017,1d,15,15 consecutive flat bars ending 2024-09-30
WARN,FLAT_BAR_RUN,universe_daily,NSE_EQ|INE361K01017,1d,12,12 consecutive flat bars ending 2026-05-26
WARN,FLAT_BAR_RUN,universe_daily,NSE_EQ|INE362A01016,1d,7,7 consecutive flat bars ending 2009-05-27
WARN,FLAT_BAR_RUN,universe_daily,NSE_EQ|INE363A01022,1d,7,7 consecutive flat bars ending 2023-04-12
WARN,FLAT_BAR_RUN,universe_daily,NSE_EQ|INE364U01010,1d,5,5 consecutive flat bars ending 2020-07-01
WARN,FLAT_BAR_RUN,universe_daily,NSE_EQ|INE365B01017,1d,5,5 consecutive flat bars ending 2013-07-15
WARN,FLAT_BAR_RUN,universe_daily,NSE_EQ|INE365I01020,1d,58,58 consecutive flat bars ending 2017-03-17
WARN,FLAT_BAR_RUN,universe_daily,NSE_EQ|INE365O01028,1d,5,5 consecutive flat bars ending 2026-05-12
WARN,FLAT_BAR_RUN,universe_daily,NSE_EQ|INE367G01038,1d,5,5 consecutive flat bars ending 2021-09-13
WARN,FLAT_BAR_RUN,universe_daily,NSE_EQ|INE368U01029,1d,39,39 consecutive flat bars ending 2021-10-28
WARN,FLAT_BAR_RUN,universe_daily,NSE_EQ|INE369A01029,1d,13,13 consecutive flat bars ending 2013-06-07
WARN,FLAT_BAR_RUN,universe_daily,NSE_EQ|INE369C01017,1d,34,34 consecutive flat bars ending 2013-09-26
WARN,FLAT_BAR_RUN,universe_daily,NSE_EQ|INE370D01013,1d,8,8 consecutive flat bars ending 2024-11-29
WARN,FLAT_BAR_RUN,universe_daily,NSE_EQ|INE370E01029,1d,21,21 consecutive flat bars ending 2021-02-24
WARN,FLAT_BAR_RUN,universe_daily,NSE_EQ|INE372C01037,1d,10,10 consecutive flat bars ending 2003-03-24
WARN,FLAT_BAR_RUN,universe_daily,NSE_EQ|INE375Y01018,1d,26,26 consecutive flat bars ending 2020-05-18
WARN,FLAT_BAR_RUN,universe_daily,NSE_EQ|INE382T01030,1d,31,31 consecutive flat bars ending 2023-05-05
WARN,FLAT_BAR_RUN,universe_daily,NSE_EQ|INE383H01017,1d,114,114 consecutive flat bars ending 2014-01-14
WARN,FLAT_BAR_RUN,universe_daily,NSE_EQ|INE385I01010,1d,8,8 consecutive flat bars ending 2015-04-17
WARN,FLAT_BAR_RUN,universe_daily,NSE_EQ|INE385W01011,1d,8,8 consecutive flat bars ending 2020-04-20
WARN,FLAT_BAR_RUN,universe_daily,NSE_EQ|INE386A01023,1d,8,8 consecutive flat bars ending 2003-03-27
WARN,FLAT_BAR_RUN,universe_daily,NSE_EQ|INE387I01016,1d,56,56 consecutive flat bars ending 2013-09-03
WARN,FLAT_BAR_RUN,universe_daily,NSE_EQ|INE389C01015,1d,6,6 consecutive flat bars ending 2016-02-18
WARN,FLAT_BAR_RUN,universe_daily,NSE_EQ|INE390G01014,1d,7,7 consecutive flat bars ending 2023-10-20
WARN,FLAT_BAR_RUN,universe_daily,NSE_EQ|INE391D01019,1d,14,14 consecutive flat bars ending 2022-10-13
WARN,FLAT_BAR_RUN,universe_daily,NSE_EQ|INE392B01011,1d,18,18 consecutive flat bars ending 2013-08-06
WARN,FLAT_BAR_RUN,universe_daily,NSE_EQ|INE393A01011,1d,214,214 consecutive flat bars ending 2014-01-16
WARN,FLAT_BAR_RUN,universe_daily,NSE_EQ|INE395H01011,1d,6,6 consecutive flat bars ending 2016-05-09
WARN,FLAT_BAR_RUN,universe_daily,NSE_EQ|INE395U01014,1d,5,5 consecutive flat bars ending 2023-07-24
WARN,FLAT_BAR_RUN,universe_daily,NSE_EQ|INE398B01018,1d,16,16 consecutive flat bars ending 2018-06-18
WARN,FLAT_BAR_RUN,universe_daily,NSE_EQ|INE399G01023,1d,8,8 consecutive flat bars ending 2014-02-04
WARN,FLAT_BAR_RUN,universe_daily,NSE_EQ|INE399K01017,1d,13,13 consecutive flat bars ending 2020-07-02
WARN,FLAT_BAR_RUN,universe_daily,NSE_EQ|INE399L01023,1d,7,7 consecutive flat bars ending 2021-07-05
WARN,FLAT_BAR_RUN,universe_daily,NSE_EQ|INE403Y01018,1d,9,9 consecutive flat bars ending 2021-08-23
WARN,FLAT_BAR_RUN,universe_daily,NSE_EQ|INE405E01023,1d,5,5 consecutive flat bars ending 2007-08-21
WARN,FLAT_BAR_RUN,universe_daily,NSE_EQ|INE411D01023,1d,5,5 consecutive flat bars ending 2025-08-13
WARN,FLAT_BAR_RUN,universe_daily,NSE_EQ|INE411H01032,1d,11,11 consecutive flat bars ending 2013-07-19
WARN,FLAT_BAR_RUN,universe_daily,NSE_EQ|INE411U01027,1d,9,9 consecutive flat bars ending 2017-12-13
WARN,FLAT_BAR_RUN,universe_daily,NSE_EQ|INE412U01025,1d,16,16 consecutive flat bars ending 2021-01-08
WARN,FLAT_BAR_RUN,universe_daily,NSE_EQ|INE413B01023,1d,53,53 consecutive flat bars ending 2020-07-01
WARN,FLAT_BAR_RUN,universe_daily,NSE_EQ|INE414A01015,1d,6,6 consecutive flat bars ending 2008-01-28
WARN,FLAT_BAR_RUN,universe_daily,NSE_EQ|INE414B01021,1d,24,24 consecutive flat bars ending 2008-09-08
WARN,FLAT_BAR_RUN,universe_daily,NSE_EQ|INE415I01015,1d,12,12 consecutive flat bars ending 2013-09-12
WARN,FLAT_BAR_RUN,universe_daily,NSE_EQ|INE416A01051,1d,125,125 consecutive flat bars ending 2024-10-04
WARN,FLAT_BAR_RUN,universe_daily,NSE_EQ|INE417B01040,1d,115,115 consecutive flat bars ending 2006-05-10
WARN,FLAT_BAR_RUN,universe_daily,NSE_EQ|INE418N01035,1d,60,60 consecutive flat bars ending 2018-09-19
WARN,FLAT_BAR_RUN,universe_daily,NSE_EQ|INE419A01022,1d,18,18 consecutive flat bars ending 2003-11-12
WARN,FLAT_BAR_RUN,universe_daily,NSE_EQ|INE420C01059,1d,8,8 consecutive flat bars ending 2013-10-30
WARN,FLAT_BAR_RUN,universe_daily,NSE_EQ|INE423A01024,1d,8,8 consecutive flat bars ending 2006-06-15
WARN,FLAT_BAR_RUN,universe_daily,NSE_EQ|INE425B01027,1d,12,12 consecutive flat bars ending 2023-09-07
WARN,FLAT_BAR_RUN,universe_daily,NSE_EQ|INE426D01013,1d,6,6 consecutive flat bars ending 2008-04-29
WARN,FLAT_BAR_RUN,universe_daily,NSE_EQ|INE428Q01011,1d,137,137 consecutive flat bars ending 2013-12-04
WARN,FLAT_BAR_RUN,universe_daily,NSE_EQ|INE429I01024,1d,43,43 consecutive flat bars ending 2022-02-10
WARN,FLAT_BAR_RUN,universe_daily,NSE_EQ|INE431F01018,1d,9,9 consecutive flat bars ending 2015-10-19
WARN,FLAT_BAR_RUN,universe_daily,NSE_EQ|INE435A01051,1d,5,5 consecutive flat bars ending 2011-04-05
WARN,FLAT_BAR_RUN,universe_daily,NSE_EQ|INE437B01014,1d,11,11 consecutive flat bars ending 2013-09-11
WARN,FLAT_BAR_RUN,universe_daily,NSE_EQ|INE439T01012,1d,12,12 consecutive flat bars ending 2019-11-14
WARN,FLAT_BAR_RUN,universe_daily,NSE_EQ|INE440A01010,1d,20,20 consecutive flat bars ending 2013-08-22
WARN,FLAT_BAR_RUN,universe_daily,NSE_EQ|INE440L01017,1d,11,11 consecutive flat bars ending 2015-05-06
WARN,FLAT_BAR_RUN,universe_daily,NSE_EQ|INE445C01015,1d,6,6 consecutive flat bars ending 2008-01-07
WARN,FLAT_BAR_RUN,universe_daily,NSE_EQ|INE446A01025,1d,25,25 consecutive flat bars ending 2025-03-03
WARN,FLAT_BAR_RUN,universe_daily,NSE_EQ|INE448G01010,1d,30,30 consecutive flat bars ending 2014-03-12
WARN,FLAT_BAR_RUN,universe_daily,NSE_EQ|INE449G01018,1d,23,23 consecutive flat bars ending 2014-03-31
WARN,FLAT_BAR_RUN,universe_daily,NSE_EQ|INE450D01021,1d,10,10 consecutive flat bars ending 2013-12-30
WARN,FLAT_BAR_RUN,universe_daily,NSE_EQ|INE450G01024,1d,8,8 consecutive flat bars ending 2020-04-20
WARN,FLAT_BAR_RUN,universe_daily,NSE_EQ|INE451D01029,1d,5,5 consecutive flat bars ending 2021-08-11
WARN,FLAT_BAR_RUN,universe_daily,NSE_EQ|INE451F01024,1d,8,8 consecutive flat bars ending 2015-02-27
WARN,FLAT_BAR_RUN,universe_daily,NSE_EQ|INE452L01012,1d,11,11 consecutive flat bars ending 2020-03-24
WARN,FLAT_BAR_RUN,universe_daily,NSE_EQ|INE453B01029,1d,6,6 consecutive flat bars ending 2020-04-30
WARN,FLAT_BAR_RUN,universe_daily,NSE_EQ|INE453D01025,1d,112,112 consecutive flat bars ending 2013-12-30
WARN,FLAT_BAR_RUN,universe_daily,NSE_EQ|INE457L01029,1d,9,9 consecutive flat bars ending 2013-03-15
WARN,FLAT_BAR_RUN,universe_daily,NSE_EQ|INE458B01036,1d,7,7 consecutive flat bars ending 2023-10-27
WARN,FLAT_BAR_RUN,universe_daily,NSE_EQ|INE458F01011,1d,23,23 consecutive flat bars ending 2013-10-04
WARN,FLAT_BAR_RUN,universe_daily,NSE_EQ|INE459A01010,1d,12,12 consecutive flat bars ending 2013-09-03
WARN,FLAT_BAR_RUN,universe_daily,NSE_EQ|INE460D01038,1d,10,10 consecutive flat bars ending 2026-09-17
WARN,FLAT_BAR_RUN,universe_daily,NSE_EQ|INE461C01038,1d,95,95 consecutive flat bars ending 2003-07-31
WARN,FLAT_BAR_RUN,universe_daily,NSE_EQ|INE474C01023,1d,156,156 consecutive flat bars ending 2003-08-14
WARN,FLAT_BAR_RUN,universe_daily,NSE_EQ|INE474E01029,1d,9,9 consecutive flat bars ending 2021-12-17
WARN,FLAT_BAR_RUN,universe_daily,NSE_EQ|INE474Q01031,1d,5,5 consecutive flat bars ending 2017-01-10
WARN,FLAT_BAR_RUN,universe_daily,NSE_EQ|INE477B01010,1d,44,44 consecutive flat bars ending 2008-04-11
WARN,FLAT_BAR_RUN,universe_daily,NSE_EQ|INE480M01011,1d,28,28 consecutive flat bars ending 2018-10-15
WARN,FLAT_BAR_RUN,universe_daily,NSE_EQ|INE481Z01011,1d,7,7 consecutive flat bars ending 2021-04-29
WARN,FLAT_BAR_RUN,universe_daily,NSE_EQ|INE482B01010,1d,14,14 consecutive flat bars ending 2024-12-09
WARN,FLAT_BAR_RUN,universe_daily,NSE_EQ|INE482J01021,1d,18,18 consecutive flat bars ending 2013-12-02
WARN,FLAT_BAR_RUN,universe_daily,NSE_EQ|INE483B01026,1d,13,13 consecutive flat bars ending 2010-07-07
WARN,FLAT_BAR_RUN,universe_daily,NSE_EQ|INE483C01032,1d,7,7 consecutive flat bars ending 2007-03-08
WARN,FLAT_BAR_RUN,universe_daily,NSE_EQ|INE485C01029,1d,65,65 consecutive flat bars ending 2013-10-17
WARN,FLAT_BAR_RUN,universe_daily,NSE_EQ|INE486Y01013,1d,15,15 consecutive flat bars ending 2019-03-01
WARN,FLAT_BAR_RUN,universe_daily,NSE_EQ|INE489L01022,1d,6,6 consecutive flat bars ending 2019-09-30
WARN,FLAT_BAR_RUN,universe_daily,NSE_EQ|INE491V01019,1d,43,43 consecutive flat bars ending 2021-05-26
WARN,FLAT_BAR_RUN,universe_daily,NSE_EQ|INE495A01022,1d,8,8 consecutive flat bars ending 2020-04-09
WARN,FLAT_BAR_RUN,universe_daily,NSE_EQ|INE495B01038,1d,17,17 consecutive flat bars ending 2020-03-25
WARN,FLAT_BAR_RUN,universe_daily,NSE_EQ|INE495P01020,1d,21,21 consecutive flat bars ending 2018-11-09
WARN,FLAT_BAR_RUN,universe_daily,NSE_EQ|INE497S01012,1d,9,9 consecutive flat bars ending 2025-04-28
WARN,FLAT_BAR_RUN,universe_daily,NSE_EQ|INE500X01013,1d,15,15 consecutive flat bars ending 2020-06-05
WARN,FLAT_BAR_RUN,universe_daily,NSE_EQ|INE503B01021,1d,16,16 consecutive flat bars ending 2017-12-21
WARN,FLAT_BAR_RUN,universe_daily,NSE_EQ|INE505C01016,1d,8,8 consecutive flat bars ending 2012-01-11
WARN,FLAT_BAR_RUN,universe_daily,NSE_EQ|INE505Y01010,1d,6,6 consecutive flat bars ending 2019-05-08
WARN,FLAT_BAR_RUN,universe_daily,NSE_EQ|INE506W01020,1d,14,14 consecutive flat bars ending 2018-09-18
WARN,FLAT_BAR_RUN,universe_daily,NSE_EQ|INE506Z01015,1d,12,12 consecutive flat bars ending 2018-07-31
WARN,FLAT_BAR_RUN,universe_daily,NSE_EQ|INE507F01023,1d,23,23 consecutive flat bars ending 2026-06-16
WARN,FLAT_BAR_RUN,universe_daily,NSE_EQ|INE511Y01018,1d,5,5 consecutive flat bars ending 2019-12-12
WARN,FLAT_BAR_RUN,universe_daily,NSE_EQ|INE512B01022,1d,28,28 consecutive flat bars ending 2022-01-12
WARN,FLAT_BAR_RUN,universe_daily,NSE_EQ|INE514Y01020,1d,5,5 consecutive flat bars ending 2022-05-13
WARN,FLAT_BAR_RUN,universe_daily,NSE_EQ|INE517B01013,1d,17,17 consecutive flat bars ending 2022-02-04
WARN,FLAT_BAR_RUN,universe_daily,NSE_EQ|INE519C01017,1d,5,5 consecutive flat bars ending 2009-05-27
WARN,FLAT_BAR_RUN,universe_daily,NSE_EQ|INE520H01022,1d,15,15 consecutive flat bars ending 2016-10-26
WARN,FLAT_BAR_RUN,universe_daily,NSE_EQ|INE520Y01019,1d,8,8 consecutive flat bars ending 2019-08-22
WARN,FLAT_BAR_RUN,universe_daily,NSE_EQ|INE524B01027,1d,15,15 consecutive flat bars ending 2007-05-11
WARN,FLAT_BAR_RUN,universe_daily,NSE_EQ|INE526B01014,1d,146,146 consecutive flat bars ending 2014-05-26
WARN,FLAT_BAR_RUN,universe_daily,NSE_EQ|INE526E01018,1d,23,23 consecutive flat bars ending 2016-07-12
WARN,FLAT_BAR_RUN,universe_daily,NSE_EQ|INE528A01020,1d,44,44 consecutive flat bars ending 2013-06-17
WARN,FLAT_BAR_RUN,universe_daily,NSE_EQ|INE535D01037,1d,27,27 consecutive flat bars ending 2017-12-26
WARN,FLAT_BAR_RUN,universe_daily,NSE_EQ|INE536H01010,1d,6,6 consecutive flat bars ending 2020-05-06
WARN,FLAT_BAR_RUN,universe_daily,NSE_EQ|INE538A01037,1d,11,11 consecutive flat bars ending 2019-08-23
WARN,FLAT_BAR_RUN,universe_daily,NSE_EQ|INE539B01017,1d,6,6 consecutive flat bars ending 2023-08-10
WARN,FLAT_BAR_RUN,universe_daily,NSE_EQ|INE540A01017,1d,36,36 consecutive flat bars ending 2017-10-06
WARN,FLAT_BAR_RUN,universe_daily,NSE_EQ|INE540G01014,1d,6,6 consecutive flat bars ending 2013-10-03
WARN,FLAT_BAR_RUN,universe_daily,NSE_EQ|INE541A01023,1d,5,5 consecutive flat bars ending 2020-09-28
WARN,FLAT_BAR_RUN,universe_daily,NSE_EQ|INE542C01019,1d,20,20 consecutive flat bars ending 2023-12-01
WARN,FLAT_BAR_RUN,universe_daily,NSE_EQ|INE542Z01028,1d,12,12 consecutive flat bars ending 2019-06-06
WARN,FLAT_BAR_RUN,universe_daily,NSE_EQ|INE543V01017,1d,42,42 consecutive flat bars ending 2021-10-25
WARN,FLAT_BAR_RUN,universe_daily,NSE_EQ|INE544A01019,1d,15,15 consecutive flat bars ending 2003-10-06
WARN,FLAT_BAR_RUN,universe_daily,NSE_EQ|INE544H01014,1d,11,11 consecutive flat bars ending 2015-12-24
WARN,FLAT_BAR_RUN,universe_daily,NSE_EQ|INE545H01011,1d,7,7 consecutive flat bars ending 2013-06-04
WARN,FLAT_BAR_RUN,universe_daily,NSE_EQ|INE546Y01022,1d,32,32 consecutive flat bars ending 2023-08-29
WARN,FLAT_BAR_RUN,universe_daily,NSE_EQ|INE548A01028,1d,5,5 consecutive flat bars ending 2008-01-28
WARN,FLAT_BAR_RUN,universe_daily,NSE_EQ|INE548Z01017,1d,13,13 consecutive flat bars ending 2020-10-19
WARN,FLAT_BAR_RUN,universe_daily,NSE_EQ|INE550B01022,1d,20,20 consecutive flat bars ending 2021-03-12
WARN,FLAT_BAR_RUN,universe_daily,NSE_EQ|INE550C01020,1d,20,20 consecutive flat bars ending 2018-01-16
WARN,FLAT_BAR_RUN,universe_daily,NSE_EQ|INE550H01011,1d,12,12 consecutive flat bars ending 2024-09-26
WARN,FLAT_BAR_RUN,universe_daily,NSE_EQ|INE555B01013,1d,8,8 consecutive flat bars ending 2009-07-10
WARN,FLAT_BAR_RUN,universe_daily,NSE_EQ|INE555Z01020,1d,7,7 consecutive flat bars ending 2019-06-24
WARN,FLAT_BAR_RUN,universe_daily,NSE_EQ|INE557Z01018,1d,20,20 consecutive flat bars ending 2021-03-10
WARN,FLAT_BAR_RUN,universe_daily,NSE_EQ|INE558D01021,1d,8,8 consecutive flat bars ending 2020-07-09
WARN,FLAT_BAR_RUN,universe_daily,NSE_EQ|INE558R01013,1d,22,22 consecutive flat bars ending 2019-03-29
WARN,FLAT_BAR_RUN,universe_daily,NSE_EQ|INE559A01017,1d,11,11 consecutive flat bars ending 2003-09-25
WARN,FLAT_BAR_RUN,universe_daily,NSE_EQ|INE562B01019,1d,6,6 consecutive flat bars ending 2021-12-13
WARN,FLAT_BAR_RUN,universe_daily,NSE_EQ|INE563J01010,1d,15,15 consecutive flat bars ending 2013-09-04
WARN,FLAT_BAR_RUN,universe_daily,NSE_EQ|INE566K01011,1d,12,12 consecutive flat bars ending 2020-05-05
WARN,FLAT_BAR_RUN,universe_daily,NSE_EQ|INE567A01028,1d,8,8 consecutive flat bars ending 2013-10-31
WARN,FLAT_BAR_RUN,universe_daily,NSE_EQ|INE571B01036,1d,17,17 consecutive flat bars ending 2013-10-09
WARN,FLAT_BAR_RUN,universe_daily,NSE_EQ|INE573K01025,1d,21,21 consecutive flat bars ending 2013-03-28
WARN,FLAT_BAR_RUN,universe_daily,NSE_EQ|INE574G01013,1d,5,5 consecutive flat bars ending 2026-09-21
WARN,FLAT_BAR_RUN,universe_daily,NSE_EQ|INE575C01027,1d,9,9 consecutive flat bars ending 2016-10-10
WARN,FLAT_BAR_RUN,universe_daily,NSE_EQ|INE575P01011,1d,18,18 consecutive flat bars ending 2016-10-10
WARN,FLAT_BAR_RUN,universe_daily,NSE_EQ|INE577L01016,1d,19,19 consecutive flat bars ending 2014-04-22
WARN,FLAT_BAR_RUN,universe_daily,NSE_EQ|INE581X01021,1d,14,14 consecutive flat bars ending 2024-01-30
WARN,FLAT_BAR_RUN,universe_daily,NSE_EQ|INE583B01015,1d,21,21 consecutive flat bars ending 2013-08-19
WARN,FLAT_BAR_RUN,universe_daily,NSE_EQ|INE583C01021,1d,18,18 consecutive flat bars ending 2013-08-08
WARN,FLAT_BAR_RUN,universe_daily,NSE_EQ|INE584F01014,1d,56,56 consecutive flat bars ending 2013-09-11
WARN,FLAT_BAR_RUN,universe_daily,NSE_EQ|INE587G01015,1d,9,9 consecutive flat bars ending 2020-06-05
WARN,FLAT_BAR_RUN,universe_daily,NSE_EQ|INE590L01019,1d,39,39 consecutive flat bars ending 2013-10-11
WARN,FLAT_BAR_RUN,universe_daily,NSE_EQ|INE592A01026,1d,32,32 consecutive flat bars ending 2003-03-12
WARN,FLAT_BAR_RUN,universe_daily,NSE_EQ|INE592B01024,1d,6,6 consecutive flat bars ending 2013-05-16
WARN,FLAT_BAR_RUN,universe_daily,NSE_EQ|INE594B01012,1d,10,10 consecutive flat bars ending 2003-07-14
WARN,FLAT_BAR_RUN,universe_daily,NSE_EQ|INE596H01014,1d,6,6 consecutive flat bars ending 2013-12-09
WARN,FLAT_BAR_RUN,universe_daily,NSE_EQ|INE600A01035,1d,14,14 consecutive flat bars ending 2023-09-14
WARN,FLAT_BAR_RUN,universe_daily,NSE_EQ|INE602A01031,1d,5,5 consecutive flat bars ending 2006-07-28
WARN,FLAT_BAR_RUN,universe_daily,NSE_EQ|INE603A01013,1d,6,6 consecutive flat bars ending 2003-09-18
WARN,FLAT_BAR_RUN,universe_daily,NSE_EQ|INE606A01024,1d,34,34 consecutive flat bars ending 2013-09-10
WARN,FLAT_BAR_RUN,universe_daily,NSE_EQ|INE607D01018,1d,12,12 consecutive flat bars ending 2009-02-11
WARN,FLAT_BAR_RUN,universe_daily,NSE_EQ|INE610B01024,1d,30,30 consecutive flat bars ending 2025-02-07
WARN,FLAT_BAR_RUN,universe_daily,NSE_EQ|INE610C01014,1d,12,12 consecutive flat bars ending 2018-07-05
WARN,FLAT_BAR_RUN,universe_daily,NSE_EQ|INE611L01021,1d,28,28 consecutive flat bars ending 2013-07-09
WARN,FLAT_BAR_RUN,universe_daily,NSE_EQ|INE613B01010,1d,21,21 consecutive flat bars ending 2021-08-04
WARN,FLAT_BAR_RUN,universe_daily,NSE_EQ|INE614G01033,1d,9,9 consecutive flat bars ending 2020-04-29
WARN,FLAT_BAR_RUN,universe_daily,NSE_EQ|INE615H01020,1d,5,5 consecutive flat bars ending 2014-07-15
WARN,FLAT_BAR_RUN,universe_daily,NSE_EQ|INE615R01029,1d,35,35 consecutive flat bars ending 2025-07-10
WARN,FLAT_BAR_RUN,universe_daily,NSE_EQ|INE617A01013,1d,15,15 consecutive flat bars ending 2013-07-09
WARN,FLAT_BAR_RUN,universe_daily,NSE_EQ|INE618L01018,1d,14,14 consecutive flat bars ending 2017-12-26
WARN,FLAT_BAR_RUN,universe_daily,NSE_EQ|INE618N01022,1d,37,37 consecutive flat bars ending 2018-08-20
WARN,FLAT_BAR_RUN,universe_daily,NSE_EQ|INE619A01035,1d,74,74 consecutive flat bars ending 2020-05-18
WARN,FLAT_BAR_RUN,universe_daily,NSE_EQ|INE619I01012,1d,26,26 consecutive flat bars ending 2024-04-05
WARN,FLAT_BAR_RUN,universe_daily,NSE_EQ|INE623A01011,1d,5,5 consecutive flat bars ending 2020-04-20
WARN,FLAT_BAR_RUN,universe_daily,NSE_EQ|INE624Z01016,1d,8,8 consecutive flat bars ending 2018-07-09
WARN,FLAT_BAR_RUN,universe_daily,NSE_EQ|INE625B01014,1d,8,8 consecutive flat bars ending 2020-08-12
WARN,FLAT_BAR_RUN,universe_daily,NSE_EQ|INE625X01026,1d,14,14 consecutive flat bars ending 2019-05-17
WARN,FLAT_BAR_RUN,universe_daily,NSE_EQ|INE626Z01029,1d,7,7 consecutive flat bars ending 2025-05-09
WARN,FLAT_BAR_RUN,universe_daily,NSE_EQ|INE627H01017,1d,73,73 consecutive flat bars ending 2013-10-21
WARN,FLAT_BAR_RUN,universe_daily,NSE_EQ|INE629D01020,1d,17,17 consecutive flat bars ending 2013-10-04
WARN,FLAT_BAR_RUN,universe_daily,NSE_EQ|INE630A01024,1d,10,10 consecutive flat bars ending 2014-02-14
WARN,FLAT_BAR_RUN,universe_daily,NSE_EQ|INE634I01029,1d,12,12 consecutive flat bars ending 2013-12-05
WARN,FLAT_BAR_RUN,universe_daily,NSE_EQ|INE635A01023,1d,22,22 consecutive flat bars ending 2019-09-11
WARN,FLAT_BAR_RUN,universe_daily,NSE_EQ|INE636A01039,1d,7,7 consecutive flat bars ending 2021-07-06
WARN,FLAT_BAR_RUN,universe_daily,NSE_EQ|INE640C01011,1d,16,16 consecutive flat bars ending 2015-10-15
WARN,FLAT_BAR_RUN,universe_daily,NSE_EQ|INE641C01019,1d,35,35 consecutive flat bars ending 2021-09-07
WARN,FLAT_BAR_RUN,universe_daily,NSE_EQ|INE642Y01029,1d,7,7 consecutive flat bars ending 2018-08-30
WARN,FLAT_BAR_RUN,universe_daily,NSE_EQ|INE642Z01026,1d,36,36 consecutive flat bars ending 2023-12-04
WARN,FLAT_BAR_RUN,universe_daily,NSE_EQ|INE643K01018,1d,10,10 consecutive flat bars ending 2019-10-16
WARN,FLAT_BAR_RUN,universe_daily,NSE_EQ|INE644Y01017,1d,7,7 consecutive flat bars ending 2018-03-08
WARN,FLAT_BAR_RUN,universe_daily,NSE_EQ|INE646C01018,1d,8,8 consecutive flat bars ending 2016-07-26
WARN,FLAT_BAR_RUN,universe_daily,NSE_EQ|INE650K01021,1d,23,23 consecutive flat bars ending 2020-10-08
WARN,FLAT_BAR_RUN,universe_daily,NSE_EQ|INE652F01027,1d,8,8 consecutive flat bars ending 2024-08-09
WARN,FLAT_BAR_RUN,universe_daily,NSE_EQ|INE652Z01025,1d,16,16 consecutive flat bars ending 2022-04-18
WARN,FLAT_BAR_RUN,universe_daily,NSE_EQ|INE655A01013,1d,9,9 consecutive flat bars ending 2007-11-01
WARN,FLAT_BAR_RUN,universe_daily,NSE_EQ|INE657B01025,1d,51,51 consecutive flat bars ending 2026-02-04
WARN,FLAT_BAR_RUN,universe_daily,NSE_EQ|INE658G01014,1d,16,16 consecutive flat bars ending 2024-03-01
WARN,FLAT_BAR_RUN,universe_daily,NSE_EQ|INE658T01017,1d,12,12 consecutive flat bars ending 2017-04-11
WARN,FLAT_BAR_RUN,universe_daily,NSE_EQ|INE659A01023,1d,818,818 consecutive flat bars ending 2006-05-15
WARN,FLAT_BAR_RUN,universe_daily,NSE_EQ|INE666D01022,1d,6,6 consecutive flat bars ending 2020-03-19
WARN,FLAT_BAR_RUN,universe_daily,NSE_EQ|INE666E01020,1d,15,15 consecutive flat bars ending 2023-05-31
WARN,FLAT_BAR_RUN,universe_daily,NSE_EQ|INE667G01023,1d,17,17 consecutive flat bars ending 2014-01-03
WARN,FLAT_BAR_RUN,universe_daily,NSE_EQ|INE668D01028,1d,30,30 consecutive flat bars ending 2013-07-25
WARN,FLAT_BAR_RUN,universe_daily,NSE_EQ|INE669A01022,1d,12,12 consecutive flat bars ending 2018-04-23
WARN,FLAT_BAR_RUN,universe_daily,NSE_EQ|INE669X01032,1d,18,18 consecutive flat bars ending 2020-03-04
WARN,FLAT_BAR_RUN,universe_daily,NSE_EQ|INE670X01014,1d,7,7 consecutive flat bars ending 2025-07-10
WARN,FLAT_BAR_RUN,universe_daily,NSE_EQ|INE672A01026,1d,45,45 consecutive flat bars ending 2003-05-13
WARN,FLAT_BAR_RUN,universe_daily,NSE_EQ|INE681C01015,1d,130,130 consecutive flat bars ending 2014-01-15
WARN,FLAT_BAR_RUN,universe_daily,NSE_EQ|INE683C01011,1d,75,75 consecutive flat bars ending 2013-11-25
WARN,FLAT_BAR_RUN,universe_daily,NSE_EQ|INE686A01026,1d,5,5 consecutive flat bars ending 2013-12-17
WARN,FLAT_BAR_RUN,universe_daily,NSE_EQ|INE688A01022,1d,9,9 consecutive flat bars ending 2003-04-21
WARN,FLAT_BAR_RUN,universe_daily,NSE_EQ|INE688D01026,1d,8,8 consecutive flat bars ending 2011-06-22
WARN,FLAT_BAR_RUN,universe_daily,NSE_EQ|INE688J01023,1d,69,69 consecutive flat bars ending 2020-06-19
WARN,FLAT_BAR_RUN,universe_daily,NSE_EQ|INE690A01028,1d,17,17 consecutive flat bars ending 2003-10-06
WARN,FLAT_BAR_RUN,universe_daily,NSE_EQ|INE691Z01023,1d,29,29 consecutive flat bars ending 2024-03-15
WARN,FLAT_BAR_RUN,universe_daily,NSE_EQ|INE694A01020,1d,29,29 consecutive flat bars ending 2020-02-25
WARN,FLAT_BAR_RUN,universe_daily,NSE_EQ|INE694N01015,1d,7,7 consecutive flat bars ending 2025-04-30
WARN,FLAT_BAR_RUN,universe_daily,NSE_EQ|INE696K01024,1d,23,23 consecutive flat bars ending 2020-08-04
WARN,FLAT_BAR_RUN,universe_daily,NSE_EQ|INE696V01013,1d,24,24 consecutive flat bars ending 2019-10-14
WARN,FLAT_BAR_RUN,universe_daily,NSE_EQ|INE697V01011,1d,21,21 consecutive flat bars ending 2021-11-26
WARN,FLAT_BAR_RUN,universe_daily,NSE_EQ|INE699B01027,1d,13,13 consecutive flat bars ending 2015-02-26
WARN,FLAT_BAR_RUN,universe_daily,NSE_EQ|INE701A01023,1d,29,29 consecutive flat bars ending 2013-07-24
WARN,FLAT_BAR_RUN,universe_daily,NSE_EQ|INE703B01027,1d,9,9 consecutive flat bars ending 2006-06-14
WARN,FLAT_BAR_RUN,universe_daily,NSE_EQ|INE703H01016,1d,17,17 consecutive flat bars ending 2009-04-24
WARN,FLAT_BAR_RUN,universe_daily,NSE_EQ|INE704H01022,1d,7,7 consecutive flat bars ending 2013-10-03
WARN,FLAT_BAR_RUN,universe_daily,NSE_EQ|INE705C01020,1d,5,5 consecutive flat bars ending 2018-01-02
WARN,FLAT_BAR_RUN,universe_daily,NSE_EQ|INE705X01026,1d,20,20 consecutive flat bars ending 2023-05-29
WARN,FLAT_BAR_RUN,universe_daily,NSE_EQ|INE707A01012,1d,34,34 consecutive flat bars ending 2013-06-20
WARN,FLAT_BAR_RUN,universe_daily,NSE_EQ|INE709A01018,1d,6,6 consecutive flat bars ending 2006-06-09
WARN,FLAT_BAR_RUN,universe_daily,NSE_EQ|INE711A01022,1d,11,11 consecutive flat bars ending 2023-10-13
WARN,FLAT_BAR_RUN,universe_daily,NSE_EQ|INE713B01026,1d,8,8 consecutive flat bars ending 2003-01-16
WARN,FLAT_BAR_RUN,universe_daily,NSE_EQ|INE715Y01031,1d,10,10 consecutive flat bars ending 2023-01-24
WARN,FLAT_BAR_RUN,universe_daily,NSE_EQ|INE716B01029,1d,17,17 consecutive flat bars ending 2014-01-10
WARN,FLAT_BAR_RUN,universe_daily,NSE_EQ|INE718H01014,1d,9,9 consecutive flat bars ending 2020-03-25
WARN,FLAT_BAR_RUN,universe_daily,NSE_EQ|INE719F01016,1d,15,15 consecutive flat bars ending 2021-11-22
WARN,FLAT_BAR_RUN,universe_daily,NSE_EQ|INE720A01015,1d,10,10 consecutive flat bars ending 2013-07-15
WARN,FLAT_BAR_RUN,universe_daily,NSE_EQ|INE721Z01010,1d,37,37 consecutive flat bars ending 2020-07-03
WARN,FLAT_BAR_RUN,universe_daily,NSE_EQ|INE722J01012,1d,17,17 consecutive flat bars ending 2023-10-03
WARN,FLAT_BAR_RUN,universe_daily,NSE_EQ|INE725L01011,1d,86,86 consecutive flat bars ending 2013-09-18
WARN,FLAT_BAR_RUN,universe_daily,NSE_EQ|INE727B01026,1d,16,16 consecutive flat bars ending 2008-04-24
WARN,FLAT_BAR_RUN,universe_daily,NSE_EQ|INE727S01012,1d,7,7 consecutive flat bars ending 2024-07-22
WARN,FLAT_BAR_RUN,universe_daily,NSE_EQ|INE728Z01015,1d,9,9 consecutive flat bars ending 2019-06-27
WARN,FLAT_BAR_RUN,universe_daily,NSE_EQ|INE731C01018,1d,13,13 consecutive flat bars ending 2017-04-13
WARN,FLAT_BAR_RUN,universe_daily,NSE_EQ|INE731U01028,1d,41,41 consecutive flat bars ending 2021-12-16
WARN,FLAT_BAR_RUN,universe_daily,NSE_EQ|INE732I01021,1d,14,14 consecutive flat bars ending 2016-12-15
WARN,FLAT_BAR_RUN,universe_daily,NSE_EQ|INE732S01012,1d,5,5 consecutive flat bars ending 2017-04-11
WARN,FLAT_BAR_RUN,universe_daily,NSE_EQ|INE733A01018,1d,47,47 consecutive flat bars ending 2013-11-18
WARN,FLAT_BAR_RUN,universe_daily,NSE_EQ|INE735M01018,1d,22,22 consecutive flat bars ending 2013-10-08
WARN,FLAT_BAR_RUN,universe_daily,NSE_EQ|INE737B01033,1d,12,12 consecutive flat bars ending 2021-07-23
WARN,FLAT_BAR_RUN,universe_daily,NSE_EQ|INE737W01013,1d,17,17 consecutive flat bars ending 2022-03-30
WARN,FLAT_BAR_RUN,universe_daily,NSE_EQ|INE738V01013,1d,11,11 consecutive flat bars ending 2021-11-25
WARN,FLAT_BAR_RUN,universe_daily,NSE_EQ|INE740V01019,1d,33,33 consecutive flat bars ending 2020-02-10
WARN,FLAT_BAR_RUN,universe_daily,NSE_EQ|INE740X01023,1d,10,10 consecutive flat bars ending 2025-04-07
WARN,FLAT_BAR_RUN,universe_daily,NSE_EQ|INE741L01018,1d,139,139 consecutive flat bars ending 2013-11-07
WARN,FLAT_BAR_RUN,universe_daily,NSE_EQ|INE742B01025,1d,8,8 consecutive flat bars ending 2013-08-07
WARN,FLAT_BAR_RUN,universe_daily,NSE_EQ|INE747B01016,1d,12,12 consecutive flat bars ending 2020-06-22
WARN,FLAT_BAR_RUN,universe_daily,NSE_EQ|INE747K01017,1d,20,20 consecutive flat bars ending 2024-11-26
WARN,FLAT_BAR_RUN,universe_daily,NSE_EQ|INE748Z01013,1d,12,12 consecutive flat bars ending 2024-09-10
WARN,FLAT_BAR_RUN,universe_daily,NSE_EQ|INE749B01020,1d,79,79 consecutive flat bars ending 2013-11-19
WARN,FLAT_BAR_RUN,universe_daily,NSE_EQ|INE750C01026,1d,99,99 consecutive flat bars ending 2003-05-27
WARN,FLAT_BAR_RUN,universe_daily,NSE_EQ|INE750M01017,1d,16,16 consecutive flat bars ending 2019-11-01
WARN,FLAT_BAR_RUN,universe_daily,NSE_EQ|INE751B01018,1d,15,15 consecutive flat bars ending 2018-01-22
WARN,FLAT_BAR_RUN,universe_daily,NSE_EQ|INE752G01015,1d,6,6 consecutive flat bars ending 2023-10-05
WARN,FLAT_BAR_RUN,universe_daily,NSE_EQ|INE754A01055,1d,14,14 consecutive flat bars ending 2020-05-29
WARN,FLAT_BAR_RUN,universe_daily,NSE_EQ|INE754X01016,1d,17,17 consecutive flat bars ending 2020-06-30
WARN,FLAT_BAR_RUN,universe_daily,NSE_EQ|INE756C01015,1d,9,9 consecutive flat bars ending 2016-09-14
WARN,FLAT_BAR_RUN,universe_daily,NSE_EQ|INE759V01019,1d,9,9 consecutive flat bars ending 2020-04-20
WARN,FLAT_BAR_RUN,universe_daily,NSE_EQ|INE761Y01019,1d,13,13 consecutive flat bars ending 2024-02-02
WARN,FLAT_BAR_RUN,universe_daily,NSE_EQ|INE763M01028,1d,8,8 consecutive flat bars ending 2026-06-12
WARN,FLAT_BAR_RUN,universe_daily,NSE_EQ|INE769A01020,1d,5,5 consecutive flat bars ending 2003-03-27
WARN,FLAT_BAR_RUN,universe_daily,NSE_EQ|INE771F01041,1d,5,5 consecutive flat bars ending 2025-11-20
WARN,FLAT_BAR_RUN,universe_daily,NSE_EQ|INE775A01035,1d,12,12 consecutive flat bars ending 2003-03-11
WARN,FLAT_BAR_RUN,universe_daily,NSE_EQ|INE778K01012,1d,8,8 consecutive flat bars ending 2026-05-22
WARN,FLAT_BAR_RUN,universe_daily,NSE_EQ|INE780C01023,1d,921,921 consecutive flat bars ending 2006-10-09
WARN,FLAT_BAR_RUN,universe_daily,NSE_EQ|INE781B01015,1d,60,60 consecutive flat bars ending 2003-12-05
WARN,FLAT_BAR_RUN,universe_daily,NSE_EQ|INE785A01026,1d,5,5 consecutive flat bars ending 2004-03-31
WARN,FLAT_BAR_RUN,universe_daily,NSE_EQ|INE785M01021,1d,22,22 consecutive flat bars ending 2023-02-22
WARN,FLAT_BAR_RUN,universe_daily,NSE_EQ|INE786F01031,1d,10,10 consecutive flat bars ending 2013-08-29
WARN,FLAT_BAR_RUN,universe_daily,NSE_EQ|INE786W01010,1d,7,7 consecutive flat bars ending 2024-08-02
WARN,FLAT_BAR_RUN,universe_daily,NSE_EQ|INE788H01017,1d,11,11 consecutive flat bars ending 2013-09-04
WARN,FLAT_BAR_RUN,universe_daily,NSE_EQ|INE790G01031,1d,6,6 consecutive flat bars ending 2020-04-16
WARN,FLAT_BAR_RUN,universe_daily,NSE_EQ|INE791A01024,1d,18,18 consecutive flat bars ending 2024-03-28
WARN,FLAT_BAR_RUN,universe_daily,NSE_EQ|INE792B01012,1d,5,5 consecutive flat bars ending 2023-10-25
WARN,FLAT_BAR_RUN,universe_daily,NSE_EQ|INE792H01019,1d,80,80 consecutive flat bars ending 2013-08-13
WARN,FLAT_BAR_RUN,universe_daily,NSE_EQ|INE793A01012,1d,5,5 consecutive flat bars ending 2012-11-13
WARN,FLAT_BAR_RUN,universe_daily,NSE_EQ|INE794W01014,1d,32,32 consecutive flat bars ending 2024-04-18
WARN,FLAT_BAR_RUN,universe_daily,NSE_EQ|INE796G01012,1d,8,8 consecutive flat bars ending 2021-04-01
WARN,FLAT_BAR_RUN,universe_daily,NSE_EQ|INE797H01018,1d,19,19 consecutive flat bars ending 2024-01-04
WARN,FLAT_BAR_RUN,universe_daily,NSE_EQ|INE800H01010,1d,13,13 consecutive flat bars ending 2020-07-16
WARN,FLAT_BAR_RUN,universe_daily,NSE_EQ|INE801L01010,1d,7,7 consecutive flat bars ending 2020-08-12
WARN,FLAT_BAR_RUN,universe_daily,NSE_EQ|INE801V01019,1d,11,11 consecutive flat bars ending 2019-11-20
WARN,FLAT_BAR_RUN,universe_daily,NSE_EQ|INE802W01023,1d,11,11 consecutive flat bars ending 2022-11-14
WARN,FLAT_BAR_RUN,universe_daily,NSE_EQ|INE803H01014,1d,11,11 consecutive flat bars ending 2014-01-14
WARN,FLAT_BAR_RUN,universe_daily,NSE_EQ|INE804H01012,1d,77,77 consecutive flat bars ending 2013-10-24
WARN,FLAT_BAR_RUN,universe_daily,NSE_EQ|INE806A01020,1d,20,20 consecutive flat bars ending 2020-05-08
WARN,FLAT_BAR_RUN,universe_daily,NSE_EQ|INE812G01025,1d,6,6 consecutive flat bars ending 2013-11-19
WARN,FLAT_BAR_RUN,universe_daily,NSE_EQ|INE813V01022,1d,20,20 consecutive flat bars ending 2026-02-18
WARN,FLAT_BAR_RUN,universe_daily,NSE_EQ|INE816B01035,1d,62,62 consecutive flat bars ending 2013-08-13
WARN,FLAT_BAR_RUN,universe_daily,NSE_EQ|INE819L01012,1d,9,9 consecutive flat bars ending 2024-08-26
WARN,FLAT_BAR_RUN,universe_daily,NSE_EQ|INE822G01016,1d,13,13 consecutive flat bars ending 2023-09-29
WARN,FLAT_BAR_RUN,universe_daily,NSE_EQ|INE824G01012,1d,6,6 consecutive flat bars ending 2007-05-21
WARN,FLAT_BAR_RUN,universe_daily,NSE_EQ|INE824Q01011,1d,6,6 consecutive flat bars ending 2024-04-16
WARN,FLAT_BAR_RUN,universe_daily,NSE_EQ|INE829A01014,1d,26,26 consecutive flat bars ending 2019-12-30
WARN,FLAT_BAR_RUN,universe_daily,NSE_EQ|INE830Q01018,1d,8,8 consecutive flat bars ending 2015-04-15
WARN,FLAT_BAR_RUN,universe_daily,NSE_EQ|INE831A01028,1d,10,10 consecutive flat bars ending 2023-09-15
WARN,FLAT_BAR_RUN,universe_daily,NSE_EQ|INE832A01018,1d,16,16 consecutive flat bars ending 2021-04-05
WARN,FLAT_BAR_RUN,universe_daily,NSE_EQ|INE834M01019,1d,24,24 consecutive flat bars ending 2020-08-11
WARN,FLAT_BAR_RUN,universe_daily,NSE_EQ|INE835A01029,1d,16,16 consecutive flat bars ending 2019-09-03
WARN,FLAT_BAR_RUN,universe_daily,NSE_EQ|INE835G01018,1d,53,53 consecutive flat bars ending 2013-07-12
WARN,FLAT_BAR_RUN,universe_daily,NSE_EQ|INE836B01017,1d,15,15 consecutive flat bars ending 2015-09-18
WARN,FLAT_BAR_RUN,universe_daily,NSE_EQ|INE836F01026,1d,8,8 consecutive flat bars ending 2020-06-11
WARN,FLAT_BAR_RUN,universe_daily,NSE_EQ|INE838B01021,1d,72,72 consecutive flat bars ending 2013-10-24
WARN,FLAT_BAR_RUN,universe_daily,NSE_EQ|INE838E01017,1d,67,67 consecutive flat bars ending 2003-12-12
WARN,FLAT_BAR_RUN,universe_daily,NSE_EQ|INE839M01018,1d,5,5 consecutive flat bars ending 2024-05-30
WARN,FLAT_BAR_RUN,universe_daily,NSE_EQ|INE840M01016,1d,5,5 consecutive flat bars ending 2012-12-04
WARN,FLAT_BAR_RUN,universe_daily,NSE_EQ|INE840Y01029,1d,7,7 consecutive flat bars ending 2020-03-26
WARN,FLAT_BAR_RUN,universe_daily,NSE_EQ|INE842C01021,1d,201,201 consecutive flat bars ending 2013-01-08
WARN,FLAT_BAR_RUN,universe_daily,NSE_EQ|INE843B01013,1d,12,12 consecutive flat bars ending 2023-08-10
WARN,FLAT_BAR_RUN,universe_daily,NSE_EQ|INE844K01012,1d,12,12 consecutive flat bars ending 2010-11-22
WARN,FLAT_BAR_RUN,universe_daily,NSE_EQ|INE844O01030,1d,8,8 consecutive flat bars ending 2003-05-20
WARN,FLAT_BAR_RUN,universe_daily,NSE_EQ|INE847C01020,1d,14,14 consecutive flat bars ending 2013-08-08
WARN,FLAT_BAR_RUN,universe_daily,NSE_EQ|INE848A01014,1d,20,20 consecutive flat bars ending 2007-03-26
WARN,FLAT_BAR_RUN,universe_daily,NSE_EQ|INE850E01012,1d,7,7 consecutive flat bars ending 2015-06-04
WARN,FLAT_BAR_RUN,universe_daily,NSE_EQ|INE854B01010,1d,12,12 consecutive flat bars ending 2003-04-02
WARN,FLAT_BAR_RUN,universe_daily,NSE_EQ|INE855C01023,1d,5,5 consecutive flat bars ending 2020-04-09
WARN,FLAT_BAR_RUN,universe_daily,NSE_EQ|INE858F01012,1d,36,36 consecutive flat bars ending 2024-02-26
WARN,FLAT_BAR_RUN,universe_daily,NSE_EQ|INE859Q01017,1d,8,8 consecutive flat bars ending 2015-04-15
WARN,FLAT_BAR_RUN,universe_daily,NSE_EQ|INE862Y01015,1d,18,18 consecutive flat bars ending 2020-06-23
WARN,FLAT_BAR_RUN,universe_daily,NSE_EQ|INE863I01016,1d,7,7 consecutive flat bars ending 2015-06-15
WARN,FLAT_BAR_RUN,universe_daily,NSE_EQ|INE863T01013,1d,11,11 consecutive flat bars ending 2023-07-04
WARN,FLAT_BAR_RUN,universe_daily,NSE_EQ|INE864K01010,1d,12,12 consecutive flat bars ending 2025-01-30
WARN,FLAT_BAR_RUN,universe_daily,NSE_EQ|INE865C01022,1d,8,8 consecutive flat bars ending 2024-11-01
WARN,FLAT_BAR_RUN,universe_daily,NSE_EQ|INE865T01018,1d,5,5 consecutive flat bars ending 2025-05-07
WARN,FLAT_BAR_RUN,universe_daily,NSE_EQ|INE866K01023,1d,26,26 consecutive flat bars ending 2025-10-06
WARN,FLAT_BAR_RUN,universe_daily,NSE_EQ|INE869Y01028,1d,17,17 consecutive flat bars ending 2019-07-12
WARN,FLAT_BAR_RUN,universe_daily,NSE_EQ|INE871H01011,1d,10,10 consecutive flat bars ending 2012-01-02
WARN,FLAT_BAR_RUN,universe_daily,NSE_EQ|INE874F01027,1d,32,32 consecutive flat bars ending 2025-01-20
WARN,FLAT_BAR_RUN,universe_daily,NSE_EQ|INE874I01013,1d,5,5 consecutive flat bars ending 2021-02-26
WARN,FLAT_BAR_RUN,universe_daily,NSE_EQ|INE875G01048,1d,11,11 consecutive flat bars ending 2008-02-01
WARN,FLAT_BAR_RUN,universe_daily,NSE_EQ|INE875R01011,1d,13,13 consecutive flat bars ending 2015-08-14
WARN,FLAT_BAR_RUN,universe_daily,NSE_EQ|INE877I01016,1d,9,9 consecutive flat bars ending 2013-08-06
WARN,FLAT_BAR_RUN,universe_daily,NSE_EQ|INE878B01027,1d,14,14 consecutive flat bars ending 2009-06-05
WARN,FLAT_BAR_RUN,universe_daily,NSE_EQ|INE878H01024,1d,10,10 consecutive flat bars ending 2015-10-14
WARN,FLAT_BAR_RUN,universe_daily,NSE_EQ|INE878K01010,1d,10,10 consecutive flat bars ending 2013-08-28
WARN,FLAT_BAR_RUN,universe_daily,NSE_EQ|INE879A01019,1d,17,17 consecutive flat bars ending 2023-11-22
WARN,FLAT_BAR_RUN,universe_daily,NSE_EQ|INE879E01037,1d,28,28 consecutive flat bars ending 2012-07-02
WARN,FLAT_BAR_RUN,universe_daily,NSE_EQ|INE879I01012,1d,6,6 consecutive flat bars ending 2020-05-13
WARN,FLAT_BAR_RUN,universe_daily,NSE_EQ|INE880L01014,1d,46,46 consecutive flat bars ending 2017-06-16
WARN,FLAT_BAR_RUN,universe_daily,NSE_EQ|INE880Y01017,1d,13,13 consecutive flat bars ending 2018-11-30
WARN,FLAT_BAR_RUN,universe_daily,NSE_EQ|INE885F01015,1d,28,28 consecutive flat bars ending 2018-03-21
WARN,FLAT_BAR_RUN,universe_daily,NSE_EQ|INE886A01014,1d,135,135 consecutive flat bars ending 2013-12-19
WARN,FLAT_BAR_RUN,universe_daily,NSE_EQ|INE887E01022,1d,7,7 consecutive flat bars ending 2025-06-02
WARN,FLAT_BAR_RUN,universe_daily,NSE_EQ|INE891B01012,1d,28,28 consecutive flat bars ending 2020-04-29
WARN,FLAT_BAR_RUN,universe_daily,NSE_EQ|INE895B01021,1d,39,39 consecutive flat bars ending 2013-08-02
WARN,FLAT_BAR_RUN,universe_daily,NSE_EQ|INE898S01029,1d,27,27 consecutive flat bars ending 2021-02-01
WARN,FLAT_BAR_RUN,universe_daily,NSE_EQ|INE899L01030,1d,22,22 consecutive flat bars ending 2024-08-19
WARN,FLAT_BAR_RUN,universe_daily,NSE_EQ|INE900B01029,1d,5,5 consecutive flat bars ending 2008-04-10
WARN,FLAT_BAR_RUN,universe_daily,NSE_EQ|INE900C01027,1d,16,16 consecutive flat bars ending 2004-02-24
WARN,FLAT_BAR_RUN,universe_daily,NSE_EQ|INE900L01028,1d,11,11 consecutive flat bars ending 2017-03-23
WARN,FLAT_BAR_RUN,universe_daily,NSE_EQ|INE902B01017,1d,16,16 consecutive flat bars ending 2020-05-22
WARN,FLAT_BAR_RUN,universe_daily,NSE_EQ|INE907A01026,1d,5,5 consecutive flat bars ending 2009-05-25
WARN,FLAT_BAR_RUN,universe_daily,NSE_EQ|INE908V01012,1d,7,7 consecutive flat bars ending 2018-03-07
WARN,FLAT_BAR_RUN,universe_daily,NSE_EQ|INE912H01013,1d,10,10 consecutive flat bars ending 2023-09-08
WARN,FLAT_BAR_RUN,universe_daily,NSE_EQ|INE914E01040,1d,12,12 consecutive flat bars ending 2024-01-31
WARN,FLAT_BAR_RUN,universe_daily,NSE_EQ|INE915B01019,1d,6,6 consecutive flat bars ending 2024-10-29
WARN,FLAT_BAR_RUN,universe_daily,NSE_EQ|INE917H01012,1d,30,30 consecutive flat bars ending 2013-09-06
WARN,FLAT_BAR_RUN,universe_daily,NSE_EQ|INE920A01037,1d,32,32 consecutive flat bars ending 2024-02-27
WARN,FLAT_BAR_RUN,universe_daily,NSE_EQ|INE922A01025,1d,62,62 consecutive flat bars ending 2014-01-13
WARN,FLAT_BAR_RUN,universe_daily,NSE_EQ|INE923A01015,1d,85,85 consecutive flat bars ending 2014-01-10
WARN,FLAT_BAR_RUN,universe_daily,NSE_EQ|INE924H01018,1d,5,5 consecutive flat bars ending 2024-04-22
WARN,FLAT_BAR_RUN,universe_daily,NSE_EQ|INE925C01016,1d,31,31 consecutive flat bars ending 2013-07-18
WARN,FLAT_BAR_RUN,universe_daily,NSE_EQ|INE926K01017,1d,10,10 consecutive flat bars ending 2013-08-28
WARN,FLAT_BAR_RUN,universe_daily,NSE_EQ|INE927C01020,1d,12,12 consecutive flat bars ending 2021-03-22
WARN,FLAT_BAR_RUN,universe_daily,NSE_EQ|INE927D01051,1d,37,37 consecutive flat bars ending 2013-08-01
WARN,FLAT_BAR_RUN,universe_daily,NSE_EQ|INE931S01010,1d,5,5 consecutive flat bars ending 2023-02-27
WARN,FLAT_BAR_RUN,universe_daily,NSE_EQ|INE932C01012,1d,60,60 consecutive flat bars ending 2004-01-06
WARN,FLAT_BAR_RUN,universe_daily,NSE_EQ|INE933B01012,1d,10,10 consecutive flat bars ending 2025-04-23
WARN,FLAT_BAR_RUN,universe_daily,NSE_EQ|INE933X01016,1d,30,30 consecutive flat bars ending 2025-07-10
WARN,FLAT_BAR_RUN,universe_daily,NSE_EQ|INE937A01023,1d,9,9 consecutive flat bars ending 2023-09-12
WARN,FLAT_BAR_RUN,universe_daily,NSE_EQ|INE937C01029,1d,8,8 consecutive flat bars ending 2024-04-19
WARN,FLAT_BAR_RUN,universe_daily,NSE_EQ|INE938A01021,1d,60,60 consecutive flat bars ending 2024-08-30
WARN,FLAT_BAR_RUN,universe_daily,NSE_EQ|INE942G01012,1d,19,19 consecutive flat bars ending 2020-04-30
WARN,FLAT_BAR_RUN,universe_daily,NSE_EQ|INE945H01021,1d,24,24 consecutive flat bars ending 2014-01-01
WARN,FLAT_BAR_RUN,universe_daily,NSE_EQ|INE947T01022,1d,31,31 consecutive flat bars ending 2020-09-17
WARN,FLAT_BAR_RUN,universe_daily,NSE_EQ|INE948A01012,1d,13,13 consecutive flat bars ending 2013-06-19
WARN,FLAT_BAR_RUN,universe_daily,NSE_EQ|INE949P01018,1d,8,8 consecutive flat bars ending 2015-02-27
WARN,FLAT_BAR_RUN,universe_daily,NSE_EQ|INE952H01027,1d,15,15 consecutive flat bars ending 2024-05-31
WARN,FLAT_BAR_RUN,universe_daily,NSE_EQ|INE954E01012,1d,9,9 consecutive flat bars ending 2014-01-13
WARN,FLAT_BAR_RUN,universe_daily,NSE_EQ|INE955I01044,1d,74,74 consecutive flat bars ending 2022-04-04
WARN,FLAT_BAR_RUN,universe_daily,NSE_EQ|INE955V01021,1d,9,9 consecutive flat bars ending 2019-03-22
WARN,FLAT_BAR_RUN,universe_daily,NSE_EQ|INE956G01038,1d,6,6 consecutive flat bars ending 2020-04-20
WARN,FLAT_BAR_RUN,universe_daily,NSE_EQ|INE959A01019,1d,283,283 consecutive flat bars ending 2016-06-24
WARN,FLAT_BAR_RUN,universe_daily,NSE_EQ|INE964H01014,1d,6,6 consecutive flat bars ending 2020-07-03
WARN,FLAT_BAR_RUN,universe_daily,NSE_EQ|INE964W01021,1d,23,23 consecutive flat bars ending 2020-09-08
WARN,FLAT_BAR_RUN,universe_daily,NSE_EQ|INE966H01019,1d,7,7 consecutive flat bars ending 2019-11-11
WARN,FLAT_BAR_RUN,universe_daily,NSE_EQ|INE967C01018,1d,10,10 consecutive flat bars ending 2003-10-10
WARN,FLAT_BAR_RUN,universe_daily,NSE_EQ|INE970D01010,1d,9,9 consecutive flat bars ending 2026-06-18
WARN,FLAT_BAR_RUN,universe_daily,NSE_EQ|INE970N01027,1d,78,78 consecutive flat bars ending 2022-07-29
WARN,FLAT_BAR_RUN,universe_daily,NSE_EQ|INE970X01018,1d,8,8 consecutive flat bars ending 2020-06-11
WARN,FLAT_BAR_RUN,universe_daily,NSE_EQ|INE972X01022,1d,10,10 consecutive flat bars ending 2018-08-30
WARN,FLAT_BAR_RUN,universe_daily,NSE_EQ|INE976T01013,1d,22,22 consecutive flat bars ending 2017-11-27
WARN,FLAT_BAR_RUN,universe_daily,NSE_EQ|INE977Y01011,1d,12,12 consecutive flat bars ending 2023-12-18
WARN,FLAT_BAR_RUN,universe_daily,NSE_EQ|INE978A01027,1d,5,5 consecutive flat bars ending 2007-02-14
WARN,FLAT_BAR_RUN,universe_daily,NSE_EQ|INE978G01016,1d,81,81 consecutive flat bars ending 2013-08-23
WARN,FLAT_BAR_RUN,universe_daily,NSE_EQ|INE985W01018,1d,7,7 consecutive flat bars ending 2018-10-01
WARN,FLAT_BAR_RUN,universe_daily,NSE_EQ|INE992I01013,1d,6,6 consecutive flat bars ending 2024-03-15
WARN,FLAT_BAR_RUN,universe_daily,NSE_EQ|INE997Y01027,1d,39,39 consecutive flat bars ending 2020-08-18
WARN,FLAT_BAR_RUN,universe_daily,NSE_EQ|INE998H01012,1d,28,28 consecutive flat bars ending 2015-06-01
WARN,FLAT_BAR_RUN,universe_daily,NSE_EQ|INE999K01014,1d,10,10 consecutive flat bars ending 2021-11-25
WARN,FLAT_BAR_RUN,universe_daily,NSE_EQ|INF082J01499,1d,6,6 consecutive flat bars ending 2015-07-10
WARN,FLAT_BAR_RUN,universe_daily,NSE_EQ|INF109KC11V0,1d,11,11 consecutive flat bars ending 2017-04-19
WARN,FLAT_BAR_RUN,universe_daily,NSE_EQ|INF109KC16V9,1d,44,44 consecutive flat bars ending 2013-10-30
WARN,FLAT_BAR_RUN,universe_daily,NSE_EQ|INF109KC19U5,1d,10,10 consecutive flat bars ending 2018-01-08
WARN,FLAT_BAR_RUN,universe_daily,NSE_EQ|INF109KC1KT9,1d,5,5 consecutive flat bars ending 2018-10-11
WARN,FLAT_BAR_RUN,universe_daily,NSE_EQ|INF174KA1LV5,1d,5,5 consecutive flat bars ending 2023-03-28
WARN,FLAT_BAR_RUN,universe_daily,NSE_EQ|INF174KA1ZE1,1d,6,6 consecutive flat bars ending 2016-02-08
WARN,FLAT_BAR_RUN,universe_daily,NSE_EQ|INF179KC1HX2,1d,13,13 consecutive flat bars ending 2017-06-08
WARN,FLAT_BAR_RUN,universe_daily,NSE_EQ|INF194KA1U07,1d,8,8 consecutive flat bars ending 2017-05-25
WARN,FLAT_BAR_RUN,universe_daily,NSE_EQ|INF200KA1JT1,1d,11,11 consecutive flat bars ending 2016-09-01
WARN,FLAT_BAR_RUN,universe_daily,NSE_EQ|INF204K014N5,1d,5,5 consecutive flat bars ending 2016-01-05
WARN,FLAT_BAR_RUN,universe_daily,NSE_EQ|INF204KA1LD7,1d,5,5 consecutive flat bars ending 2016-01-07
WARN,FLAT_BAR_RUN,universe_daily,NSE_EQ|INF204KA1MS3,1d,5,5 consecutive flat bars ending 2015-09-28
WARN,FLAT_BAR_RUN,universe_daily,NSE_EQ|INF204KB15I9,1d,8,8 consecutive flat bars ending 2005-11-30
WARN,FLAT_BAR_RUN,universe_daily,NSE_EQ|INF204KB1882,1d,15,15 consecutive flat bars ending 2017-03-27
WARN,FLAT_BAR_RUN,universe_daily,NSE_EQ|INF204KB18I3,1d,11,11 consecutive flat bars ending 2017-09-01
WARN,FLAT_BAR_RUN,universe_daily,NSE_EQ|INF205KA1CC7,1d,20,20 consecutive flat bars ending 2018-05-30
WARN,FLAT_BAR_RUN,universe_daily,NSE_EQ|INF209KB16D7,1d,5,5 consecutive flat bars ending 2019-12-26
WARN,FLAT_BAR_RUN,universe_daily,NSE_EQ|INF209KB17D5,1d,5,5 consecutive flat bars ending 2020-01-03
WARN,FLAT_BAR_RUN,universe_daily,NSE_EQ|INF209KB18T9,1d,7,7 consecutive flat bars ending 2023-05-23
WARN,FLAT_BAR_RUN,universe_daily,NSE_EQ|INF209KB19D1,1d,5,5 consecutive flat bars ending 2015-07-02
WARN,FLAT_BAR_RUN,universe_daily,NSE_EQ|INF209KC1142,1d,5,5 consecutive flat bars ending 2025-02-13
WARN,FLAT_BAR_RUN,universe_daily,NSE_EQ|INF247L01AP3,1d,11,11 consecutive flat bars ending 2018-06-28
WARN,FLAT_BAR_RUN,universe_daily,NSE_EQ|INF247L01AU3,1d,16,16 consecutive flat bars ending 2026-06-05
WARN,FLAT_BAR_RUN,universe_daily,NSE_EQ|INF247L01BL0,1d,6,6 consecutive flat bars ending 2018-03-16
WARN,FLAT_BAR_RUN,universe_daily,NSE_EQ|INF277K015R5,1d,9,9 consecutive flat bars ending 2021-01-05
WARN,FLAT_BAR_RUN,universe_daily,NSE_EQ|INF346A01034,1d,6,6 consecutive flat bars ending 2017-02-10
WARN,FLAT_BAR_RUN,universe_daily,NSE_EQ|INF732E01128,1d,7,7 consecutive flat bars ending 2010-08-25
WARN,FLAT_BAR_RUN,universe_daily,NSE_EQ|INF754K01VW2,1d,5,5 consecutive flat bars ending 2025-11-17
WARN,FLAT_BAR_RUN,universe_daily,NSE_EQ|INF767K01MV5,1d,5,5 consecutive flat bars ending 2015-05-29
WARN,FLAT_BAR_RUN,universe_daily,NSE_EQ|INF767K01OS7,1d,12,12 consecutive flat bars ending 2016-04-08
WARN,FLAT_BAR_RUN,universe_daily,NSE_EQ|INF767K01OT5,1d,8,8 consecutive flat bars ending 2017-01-17
WARN,FLAT_BAR_RUN,universe_daily,NSE_EQ|INF767K01PC8,1d,9,9 consecutive flat bars ending 2016-09-21
WARN,FLAT_BAR_RUN,universe_daily,NSE_EQ|INF769K01HF4,1d,13,13 consecutive flat bars ending 2026-02-23
WARN,FLAT_BAR_RUN,universe_daily,NSE_EQ|INF769K01HP3,1d,7,7 consecutive flat bars ending 2026-06-01
WARN,FLAT_BAR_RUN,universe_daily,NSE_EQ|INF769K01HS7,1d,10,10 consecutive flat bars ending 2025-09-18
WARN,FLAT_BAR_RUN,universe_daily,NSE_EQ|INF769K01JP9,1d,10,10 consecutive flat bars ending 2015-12-30
WARN,FLAT_BAR_RUN,universe_daily,NSE_EQ|INF789F1AUU3,1d,5,5 consecutive flat bars ending 2019-06-21
WARN,FLAT_BAR_RUN,universe_daily,NSE_EQ|INF789FB1X58,1d,5,5 consecutive flat bars ending 2017-10-27
WARN,GAP_DAILY,universe_daily,NSE_EQ|INE002S01010,1d,3,"3 missing trading days (longest run 1): 2016-10-30, 2017-10-19, 2018-11-07"
WARN,GAP_DAILY,universe_daily,NSE_EQ|INE00CA01015,1d,1,1 missing trading days (longest run 1): 2024-03-02
WARN,GAP_DAILY,universe_daily,NSE_EQ|INE00HZ01011,1d,1,1 missing trading days (longest run 1): 2026-09-09
WARN,GAP_DAILY,universe_daily,NSE_EQ|INE00KV01022,1d,1,1 missing trading days (longest run 1): 2021-03-01
WARN,GAP_DAILY,universe_daily,NSE_EQ|INE010J01012,1d,2,"2 missing trading days (longest run 1): 2017-10-19, 2018-11-07"
WARN,GAP_DAILY,universe_daily,NSE_EQ|INE010V01017,1d,3,"3 missing trading days (longest run 1): 2016-10-30, 2017-10-19, 2018-11-07"
WARN,GAP_DAILY,universe_daily,NSE_EQ|INE011D01013,1d,3,"3 missing trading days (longest run 1): 2026-08-31, 2026-09-17, 2026-10-01"
WARN,GAP_DAILY,universe_daily,NSE_EQ|INE013801027,1d,3,"3 missing trading days (longest run 3): 2023-07-19, 2023-07-20, 2023-07-21"
WARN,GAP_DAILY,universe_daily,NSE_EQ|INE022Q01020,1d,1,1 missing trading days (longest run 1): 2018-11-07
WARN,GAP_DAILY,universe_daily,NSE_EQ|INE030C01015,1d,1,1 missing trading days (longest run 1): 2026-08-19
WARN,GAP_DAILY,universe_daily,NSE_EQ|INE031A01017,1d,2,"2 missing trading days (longest run 1): 2017-10-19, 2018-11-07"
WARN,GAP_DAILY,universe_daily,NSE_EQ|INE032E01017,1d,1,1 missing trading days (longest run 1): 2026-10-05
WARN,GAP_DAILY,universe_daily,NSE_EQ|INE034S01021,1d,3,"3 missing trading days (longest run 1): 2016-10-30, 2017-10-19, 2018-11-07"
WARN,GAP_DAILY,universe_daily,NSE_EQ|INE03DD01011,1d,1,1 missing trading days (longest run 1): 2024-12-02
WARN,GAP_DAILY,universe_daily,NSE_EQ|INE045J01034,1d,4,"4 missing trading days (longest run 1): 2015-02-28, 2016-10-30, 2017-10-19, 2018-11-07"
WARN,GAP_DAILY,universe_daily,NSE_EQ|INE052I01032,1d,4,"4 missing trading days (longest run 1): 2015-02-28, 2016-10-30, 2017-10-19, 2018-11-07"
WARN,GAP_DAILY,universe_daily,NSE_EQ|INE066F01020,1d,1,1 missing trading days (longest run 1): 2018-11-07
WARN,GAP_DAILY,universe_daily,NSE_EQ|INE066O01014,1d,4,"4 missing trading days (longest run 1): 2015-02-28, 2016-10-30, 2017-10-19, 2018-11-07"
WARN,GAP_DAILY,universe_daily,NSE_EQ|INE066P01011,1d,3,"3 missing trading days (longest run 1): 2016-10-30, 2017-10-19, 2018-11-07"
WARN,GAP_DAILY,universe_daily,NSE_EQ|INE071F01012,1d,2,"2 missing trading days (longest run 1): 2017-10-19, 2018-11-07"
WARN,GAP_DAILY,universe_daily,NSE_EQ|INE073V01015,1d,1,1 missing trading days (longest run 1): 2025-03-12
WARN,GAP_DAILY,universe_daily,NSE_EQ|INE075I01017,1d,3,"3 missing trading days (longest run 1): 2016-10-30, 2017-10-19, 2018-11-07"
WARN,GAP_DAILY,universe_daily,NSE_EQ|INE092T01019,1d,3,"3 missing trading days (longest run 1): 2016-10-30, 2017-10-19, 2018-11-07"
WARN,GAP_DAILY,universe_daily,NSE_EQ|INE093R01011,1d,3,"3 missing trading days (longest run 1): 2016-10-30, 2017-10-19, 2018-11-07"
WARN,GAP_DAILY,universe_daily,NSE_EQ|INE099Z01011,1d,1,1 missing trading days (longest run 1): 2018-11-07
WARN,GAP_DAILY,universe_daily,NSE_EQ|INE0AK901016,1d,1,1 missing trading days (longest run 1): 2026-08-21
WARN,GAP_DAILY,universe_daily,NSE_EQ|INE0BTM01013,1d,4,"4 missing trading days (longest run 1): 2024-03-02, 2024-03-18, 2024-04-01, 2026-07-20"
WARN,GAP_DAILY,universe_daily,NSE_EQ|INE0KNW01016,1d,4,"4 missing trading days (longest run 1): 2022-12-06, 2023-09-14, 2024-04-09, 2025-08-21"
WARN,GAP_DAILY,universe_daily,NSE_EQ|INE106T01025,1d,1,1 missing trading days (longest run 1): 2018-11-07
WARN,GAP_DAILY,universe_daily,NSE_EQ|INE109C01017,1d,3,"3 missing trading days (longest run 1): 2016-10-30, 2017-10-19, 2018-11-07"
WARN,GAP_DAILY,universe_daily,NSE_EQ|INE112F01022,1d,4,"4 missing trading days (longest run 1): 2015-02-28, 2016-10-30, 2017-10-19, 2018-11-07"
WARN,GAP_DAILY,universe_daily,NSE_EQ|INE115S01010,1d,1,1 missing trading days (longest run 1): 2026-05-21
WARN,GAP_DAILY,universe_daily,NSE_EQ|INE118H01025,1d,2,"2 missing trading days (longest run 1): 2017-10-19, 2018-11-07"
WARN,GAP_DAILY,universe_daily,NSE_EQ|INE123W01016,1d,2,"2 missing trading days (longest run 1): 2017-10-19, 2018-11-07"
WARN,GAP_DAILY,universe_daily,NSE_EQ|INE127D01025,1d,1,1 missing trading days (longest run 1): 2018-11-07
WARN,GAP_DAILY,universe_daily,NSE_EQ|INE127I01024,1d,4,"4 missing trading days (longest run 1): 2015-02-28, 2016-10-30, 2017-10-19, 2018-11-07"
WARN,GAP_DAILY,universe_daily,NSE_EQ|INE133Y01011,1d,1,1 missing trading days (longest run 1): 2018-11-07
WARN,GAP_DAILY,universe_daily,NSE_EQ|INE142A01012,1d,1,1 missing trading days (longest run 1): 2018-11-07
WARN,GAP_DAILY,universe_daily,NSE_EQ|INE142Z01019,1d,1,1 missing trading days (longest run 1): 2018-11-07
WARN,GAP_DAILY,universe_daily,NSE_EQ|INE149A01033,1d,2,"2 missing trading days (longest run 1): 2017-10-19, 2018-11-07"
WARN,GAP_DAILY,universe_daily,NSE_EQ|INE150G01020,1d,3,"3 missing trading days (longest run 1): 2016-10-30, 2017-10-19, 2018-11-07"
WARN,GAP_DAILY,universe_daily,NSE_EQ|INE153T01027,1d,3,"3 missing trading days (longest run 1): 2016-10-30, 2017-10-19, 2018-11-07"
WARN,GAP_DAILY,universe_daily,NSE_EQ|INE155C01010,1d,3,"3 missing trading days (longest run 1): 2016-10-30, 2017-10-19, 2018-11-07"
WARN,GAP_DAILY,universe_daily,NSE_EQ|INE166R01015,1d,1,1 missing trading days (longest run 1): 2026-06-02
WARN,GAP_DAILY,universe_daily,NSE_EQ|INE167H01014,1d,3,"3 missing trading days (longest run 2): 2026-09-01, 2026-09-02, 2026-09-22"
WARN,GAP_DAILY,universe_daily,NSE_EQ|INE170V01027,1d,2,"2 missing trading days (longest run 1): 2017-10-19, 2018-11-07"
WARN,GAP_DAILY,universe_daily,NSE_EQ|INE171Z01026,1d,1,1 missing trading days (longest run 1): 2018-11-07
WARN,GAP_DAILY,universe_daily,NSE_EQ|INE172N01012,1d,3,"3 missing trading days (longest run 1): 2016-10-30, 2017-10-19, 2018-11-07"
WARN,GAP_DAILY,universe_daily,NSE_EQ|INE182D01020,1d,3,"3 missing trading days (longest run 1): 2016-10-30, 2017-10-19, 2018-11-07"
WARN,GAP_DAILY,universe_daily,NSE_EQ|INE192R01011,1d,2,"2 missing trading days (longest run 1): 2017-10-19, 2018-11-07"
WARN,GAP_DAILY,universe_daily,NSE_EQ|INE193B01039,1d,3,"3 missing trading days (longest run 1): 2016-10-30, 2017-10-19, 2018-11-07"
WARN,GAP_DAILY,universe_daily,NSE_EQ|INE195J01029,1d,3,"3 missing trading days (longest run 1): 2016-10-30, 2017-10-19, 2018-11-07"
WARN,GAP_DAILY,universe_daily,NSE_EQ|INE199P01028,1d,1,1 missing trading days (longest run 1): 2026-03-05
WARN,GAP_DAILY,universe_daily,NSE_EQ|INE200M01039,1d,2,"2 missing trading days (longest run 1): 2017-10-19, 2018-11-07"
WARN,GAP_DAILY,universe_daily,NSE_EQ|INE202Z01029,1d,1,1 missing trading days (longest run 1): 2018-11-07
WARN,GAP_DAILY,universe_daily,NSE_EQ|INE205F01016,1d,1,1 missing trading days (longest run 1): 2026-08-27
WARN,GAP_DAILY,universe_daily,NSE_EQ|INE211R01019,1d,3,"3 missing trading days (longest run 1): 2016-10-30, 2017-10-19, 2018-11-07"
WARN,GAP_DAILY,universe_daily,NSE_EQ|INE212I01016,1d,3,"3 missing trading days (longest run 1): 2016-10-30, 2017-10-19, 2018-11-07"
WARN,GAP_DAILY,universe_daily,NSE_EQ|INE214F01026,1d,1,1 missing trading days (longest run 1): 2026-07-01
WARN,GAP_DAILY,universe_daily,NSE_EQ|INE214T01019,1d,3,"3 missing trading days (longest run 1): 2016-10-30, 2017-10-19, 2018-11-07"
WARN,GAP_DAILY,universe_daily,NSE_EQ|INE216P01012,1d,1,1 missing trading days (longest run 1): 2018-11-07
WARN,GAP_DAILY,universe_daily,NSE_EQ|INE221J01015,1d,4,"4 missing trading days (longest run 1): 2015-02-28, 2016-10-30, 2017-10-19, 2018-11-07"
WARN,GAP_DAILY,universe_daily,NSE_EQ|INE251B01027,1d,3,"3 missing trading days (longest run 1): 2016-10-30, 2017-10-19, 2018-11-07"
WARN,GAP_DAILY,universe_daily,NSE_EQ|INE255D01024,1d,4,"4 missing trading days (longest run 1): 2015-02-28, 2016-10-30, 2017-10-19, 2018-11-07"
WARN,GAP_DAILY,universe_daily,NSE_EQ|INE256H01015,1d,2,"2 missing trading days (longest run 1): 2017-10-19, 2018-11-07"
WARN,GAP_DAILY,universe_daily,NSE_EQ|INE264T01014,1d,2,"2 missing trading days (longest run 1): 2017-10-19, 2018-11-07"
WARN,GAP_DAILY,universe_daily,NSE_EQ|INE265D01015,1d,2,"2 missing trading days (longest run 1): 2026-08-25, 2026-09-03"
WARN,GAP_DAILY,universe_daily,NSE_EQ|INE270I01022,1d,4,"4 missing trading days (longest run 1): 2015-03-16, 2016-10-30, 2017-10-19, 2018-11-07"
WARN,GAP_DAILY,universe_daily,NSE_EQ|INE274V01019,1d,2,"2 missing trading days (longest run 1): 2017-10-19, 2018-11-07"
WARN,GAP_DAILY,universe_daily,NSE_EQ|INE278H01035,1d,1,1 missing trading days (longest run 1): 2018-11-07
WARN,GAP_DAILY,universe_daily,NSE_EQ|INE278M01019,1d,3,"3 missing trading days (longest run 1): 2016-10-30, 2017-10-19, 2018-11-07"
WARN,GAP_DAILY,universe_daily,NSE_EQ|INE285J01028,1d,2,"2 missing trading days (longest run 1): 2017-10-19, 2018-11-07"
WARN,GAP_DAILY,universe_daily,NSE_EQ|INE291D01011,1d,4,"4 missing trading days (longest run 1): 2016-03-30, 2016-10-30, 2017-10-19, 2018-11-07"
WARN,GAP_DAILY,universe_daily,NSE_EQ|INE295D01020,1d,2,"2 missing trading days (longest run 1): 2017-10-19, 2018-11-07"
WARN,GAP_DAILY,universe_daily,NSE_EQ|INE295F01017,1d,4,"4 missing trading days (longest run 1): 2015-02-28, 2016-10-30, 2017-10-19, 2018-11-07"
WARN,GAP_DAILY,universe_daily,NSE_EQ|INE296G01013,1d,3,"3 missing trading days (longest run 1): 2016-10-30, 2017-10-19, 2018-11-07"
WARN,GAP_DAILY,universe_daily,NSE_EQ|INE298J01013,1d,1,1 missing trading days (longest run 1): 2018-11-07
WARN,GAP_DAILY,universe_daily,NSE_EQ|INE299U01018,1d,3,"3 missing trading days (longest run 1): 2016-10-30, 2017-10-19, 2018-11-07"
WARN,GAP_DAILY,universe_daily,NSE_EQ|INE304D01012,1d,2,"2 missing trading days (longest run 1): 2026-09-22, 2026-10-06"
WARN,GAP_DAILY,universe_daily,NSE_EQ|INE306R01017,1d,4,"4 missing trading days (longest run 1): 2015-02-28, 2016-10-30, 2017-10-19, 2018-11-07"
WARN,GAP_DAILY,universe_daily,NSE_EQ|INE308E01029,1d,1,1 missing trading days (longest run 1): 2023-05-05
WARN,GAP_DAILY,universe_daily,NSE_EQ|INE316L01019,1d,3,"3 missing trading days (longest run 1): 2016-10-30, 2017-10-19, 2018-11-07"
WARN,GAP_DAILY,universe_daily,NSE_EQ|INE320J01015,1d,1,1 missing trading days (longest run 1): 2018-11-07
WARN,GAP_DAILY,universe_daily,NSE_EQ|INE320X01016,1d,3,"3 missing trading days (longest run 1): 2017-10-19, 2018-11-07, 2026-08-20"
WARN,GAP_DAILY,universe_daily,NSE_EQ|INE325C01035,1d,2,"2 missing trading days (longest run 1): 2017-10-19, 2018-11-07"
WARN,GAP_DAILY,universe_daily,NSE_EQ|INE341R01014,1d,4,"4 missing trading days (longest run 1): 2015-02-28, 2016-10-30, 2017-10-19, 2018-11-07"
WARN,GAP_DAILY,universe_daily,NSE_EQ|INE344D01018,1d,1,1 missing trading days (longest run 1): 2026-09-25
WARN,GAP_DAILY,universe_daily,NSE_EQ|INE346W01013,1d,2,"2 missing trading days (longest run 1): 2017-10-19, 2018-11-07"
WARN,GAP_DAILY,universe_daily,NSE_EQ|INE348L01012,1d,2,"2 missing trading days (longest run 1): 2017-10-19, 2018-11-07"
WARN,GAP_DAILY,universe_daily,NSE_EQ|INE349W01017,1d,2,"2 missing trading days (longest run 1): 2017-10-19, 2018-11-07"
WARN,GAP_DAILY,universe_daily,NSE_EQ|INE350C01017,1d,3,"3 missing trading days (longest run 1): 2017-10-19, 2018-10-16, 2018-11-07"
WARN,GAP_DAILY,universe_daily,NSE_EQ|INE353K01014,1d,2,"2 missing trading days (longest run 1): 2017-10-19, 2018-11-07"
WARN,GAP_DAILY,universe_daily,NSE_EQ|INE362D01010,1d,1,1 missing trading days (longest run 1): 2026-09-25
WARN,GAP_DAILY,universe_daily,NSE_EQ|INE364U01010,1d,1,1 missing trading days (longest run 1): 2018-11-07
WARN,GAP_DAILY,universe_daily,NSE_EQ|INE366I01010,1d,3,"3 missing trading days (longest run 1): 2016-10-30, 2017-10-19, 2018-11-07"
WARN,GAP_DAILY,universe_daily,NSE_EQ|INE371C01013,1d,2,"2 missing trading days (longest run 1): 2017-10-19, 2018-11-07"
WARN,GAP_DAILY,universe_daily,NSE_EQ|INE371P01015,1d,1,1 missing trading days (longest run 1): 2018-11-07
WARN,GAP_DAILY,universe_daily,NSE_EQ|INE382Z01011,1d,1,1 missing trading days (longest run 1): 2018-11-07
WARN,GAP_DAILY,universe_daily,NSE_EQ|INE385W01011,1d,2,"2 missing trading days (longest run 1): 2017-10-19, 2018-11-07"
WARN,GAP_DAILY,universe_daily,NSE_EQ|INE390G01014,1d,3,"3 missing trading days (longest run 1): 2016-10-30, 2017-10-19, 2018-11-07"
WARN,GAP_DAILY,universe_daily,NSE_EQ|INE393P01035,1d,2,"2 missing trading days (longest run 1): 2017-10-19, 2018-11-07"
WARN,GAP_DAILY,universe_daily,NSE_EQ|INE398R01022,1d,3,"3 missing trading days (longest run 1): 2016-10-30, 2017-10-19, 2018-11-07"
WARN,GAP_DAILY,universe_daily,NSE_EQ|INE399L01023,1d,1,1 missing trading days (longest run 1): 2018-11-07
WARN,GAP_DAILY,universe_daily,NSE_EQ|INE405C01035,1d,3,"3 missing trading days (longest run 1): 2016-10-30, 2017-10-19, 2018-11-07"
WARN,GAP_DAILY,universe_daily,NSE_EQ|INE406M01024,1d,2,"2 missing trading days (longest run 1): 2017-10-19, 2018-11-07"
WARN,GAP_DAILY,universe_daily,NSE_EQ|INE410P01011,1d,3,"3 missing trading days (longest run 1): 2016-10-30, 2017-10-19, 2018-11-07"
WARN,GAP_DAILY,universe_daily,NSE_EQ|INE416A01051,1d,1,1 missing trading days (longest run 1): 2024-05-03
WARN,GAP_DAILY,universe_daily,NSE_EQ|INE423A01024,1d,4,"4 missing trading days (longest run 1): 2015-02-28, 2016-10-30, 2017-10-19, 2018-11-07"
WARN,GAP_DAILY,universe_daily,NSE_EQ|INE439E01022,1d,3,"3 missing trading days (longest run 1): 2016-10-30, 2017-10-19, 2018-11-07"
WARN,GAP_DAILY,universe_daily,NSE_EQ|INE457F01013,1d,3,"3 missing trading days (longest run 1): 2016-10-30, 2017-10-19, 2018-11-07"
WARN,GAP_DAILY,universe_daily,NSE_EQ|INE458B01036,1d,2,"2 missing trading days (longest run 1): 2017-10-19, 2018-11-07"
WARN,GAP_DAILY,universe_daily,NSE_EQ|INE460H01021,1d,2,"2 missing trading days (longest run 1): 2017-10-19, 2018-11-07"
WARN,GAP_DAILY,universe_daily,NSE_EQ|INE470Y01017,1d,1,1 missing trading days (longest run 1): 2018-11-07
WARN,GAP_DAILY,universe_daily,NSE_EQ|INE473B01035,1d,4,"4 missing trading days (longest run 1): 2015-02-28, 2016-10-30, 2017-10-19, 2018-11-07"
WARN,GAP_DAILY,universe_daily,NSE_EQ|INE473D01015,1d,2,"2 missing trading days (longest run 1): 2017-10-19, 2018-11-07"
WARN,GAP_DAILY,universe_daily,NSE_EQ|INE474E01029,1d,2,"2 missing trading days (longest run 1): 2017-10-19, 2018-11-07"
WARN,GAP_DAILY,universe_daily,NSE_EQ|INE475E01026,1d,4,"4 missing trading days (longest run 1): 2015-02-28, 2016-10-30, 2017-10-19, 2018-11-07"
WARN,GAP_DAILY,universe_daily,NSE_EQ|INE480C01038,1d,4,"4 missing trading days (longest run 1): 2015-02-28, 2016-10-30, 2017-10-19, 2018-11-07"
WARN,GAP_DAILY,universe_daily,NSE_EQ|INE481Y01014,1d,1,1 missing trading days (longest run 1): 2018-11-07
WARN,GAP_DAILY,universe_daily,NSE_EQ|INE482B01010,1d,2,"2 missing trading days (longest run 1): 2017-10-19, 2018-11-07"
WARN,GAP_DAILY,universe_daily,NSE_EQ|INE483S01020,1d,3,"3 missing trading days (longest run 1): 2016-10-30, 2017-10-19, 2018-11-07"
WARN,GAP_DAILY,universe_daily,NSE_EQ|INE484I01029,1d,3,"3 missing trading days (longest run 1): 2016-10-30, 2017-10-19, 2018-11-07"
WARN,GAP_DAILY,universe_daily,NSE_EQ|INE488B01017,1d,2,"2 missing trading days (longest run 1): 2017-10-19, 2018-11-07"
WARN,GAP_DAILY,universe_daily,NSE_EQ|INE488V01015,1d,2,"2 missing trading days (longest run 1): 2017-10-19, 2018-11-07"
WARN,GAP_DAILY,universe_daily,NSE_EQ|INE493H01014,1d,2,"2 missing trading days (longest run 1): 2026-09-16, 2026-10-06"
WARN,GAP_DAILY,universe_daily,NSE_EQ|INE495S01016,1d,3,"3 missing trading days (longest run 1): 2016-10-30, 2017-10-19, 2018-11-07"
WARN,GAP_DAILY,universe_daily,NSE_EQ|INE500L01026,1d,3,"3 missing trading days (longest run 1): 2016-10-30, 2017-10-19, 2018-11-07"
WARN,GAP_DAILY,universe_daily,NSE_EQ|INE503B01021,1d,2,"2 missing trading days (longest run 1): 2017-10-19, 2018-11-07"
WARN,GAP_DAILY,universe_daily,NSE_EQ|INE505A01010,1d,1,1 missing trading days (longest run 1): 2022-11-01
WARN,GAP_DAILY,universe_daily,NSE_EQ|INE509F01029,1d,4,"4 missing trading days (longest run 1): 2016-10-30, 2017-10-19, 2018-11-07, 2024-10-25"
WARN,GAP_DAILY,universe_daily,NSE_EQ|INE515C01023,1d,2,"2 missing trading days (longest run 1): 2026-07-14, 2026-07-27"
WARN,GAP_DAILY,universe_daily,NSE_EQ|INE527H01019,1d,3,"3 missing trading days (longest run 1): 2016-10-30, 2017-10-19, 2018-11-07"
WARN,GAP_DAILY,universe_daily,NSE_EQ|INE529F01035,1d,1,1 missing trading days (longest run 1): 2018-11-07
WARN,GAP_DAILY,universe_daily,NSE_EQ|INE531X01018,1d,1,1 missing trading days (longest run 1): 2026-08-20
WARN,GAP_DAILY,universe_daily,NSE_EQ|INE540L01014,1d,3,"3 missing trading days (longest run 1): 2016-10-30, 2017-10-19, 2018-11-07"
WARN,GAP_DAILY,universe_daily,NSE_EQ|INE541A01023,1d,1,1 missing trading days (longest run 1): 2018-11-07
WARN,GAP_DAILY,universe_daily,NSE_EQ|INE542W01025,1d,1,1 missing trading days (longest run 1): 2024-10-25
WARN,GAP_DAILY,universe_daily,NSE_EQ|INE544R01021,1d,3,"3 missing trading days (longest run 1): 2016-10-30, 2017-10-19, 2018-11-07"
WARN,GAP_DAILY,universe_daily,NSE_EQ|INE545U01014,1d,1,1 missing trading days (longest run 1): 2018-11-07
WARN,GAP_DAILY,universe_daily,NSE_EQ|INE555P01013,1d,1,1 missing trading days (longest run 1): 2026-04-30
WARN,GAP_DAILY,universe_daily,NSE_EQ|INE558D01021,1d,4,"4 missing trading days (longest run 1): 2017-04-28, 2017-07-14, 2017-10-19, 2018-11-07"
WARN,GAP_DAILY,universe_daily,NSE_EQ|INE559N01010,1d,1,1 missing trading days (longest run 1): 2025-12-18
WARN,GAP_DAILY,universe_daily,NSE_EQ|INE572E01012,1d,2,"2 missing trading days (longest run 1): 2017-10-19, 2018-11-07"
WARN,GAP_DAILY,universe_daily,NSE_EQ|INE586V01016,1d,2,"2 missing trading days (longest run 1): 2017-10-19, 2018-11-07"
WARN,GAP_DAILY,universe_daily,NSE_EQ|INE587G01015,1d,3,"3 missing trading days (longest run 1): 2016-10-30, 2017-10-19, 2018-11-07"
WARN,GAP_DAILY,universe_daily,NSE_EQ|INE594H01019,1d,3,"3 missing trading days (longest run 1): 2016-10-30, 2017-10-19, 2018-11-07"
WARN,GAP_DAILY,universe_daily,NSE_EQ|INE597J01018,1d,1,1 missing trading days (longest run 1): 2018-11-07
WARN,GAP_DAILY,universe_daily,NSE_EQ|INE598C01011,1d,3,"3 missing trading days (longest run 1): 2017-10-19, 2018-06-22, 2018-11-07"
WARN,GAP_DAILY,universe_daily,NSE_EQ|INE600K01018,1d,1,1 missing trading days (longest run 1): 2018-11-07
WARN,GAP_DAILY,universe_daily,NSE_EQ|INE600L01024,1d,3,"3 missing trading days (longest run 1): 2016-10-30, 2017-10-19, 2018-11-07"
WARN,GAP_DAILY,universe_daily,NSE_EQ|INE615P01015,1d,3,"3 missing trading days (longest run 1): 2016-10-30, 2017-10-19, 2018-11-07"
WARN,GAP_DAILY,universe_daily,NSE_EQ|INE618L01018,1d,1,1 missing trading days (longest run 1): 2018-11-07
WARN,GAP_DAILY,universe_daily,NSE_EQ|INE619B01017,1d,1,1 missing trading days (longest run 1): 2018-11-07
WARN,GAP_DAILY,universe_daily,NSE_EQ|INE624Z01016,1d,1,1 missing trading days (longest run 1): 2018-11-07
WARN,GAP_DAILY,universe_daily,NSE_EQ|INE630Y01024,1d,1,1 missing trading days (longest run 1): 2024-10-25
WARN,GAP_DAILY,universe_daily,NSE_EQ|INE632C01026,1d,3,"3 missing trading days (longest run 1): 2016-10-30, 2017-10-19, 2018-11-07"
WARN,GAP_DAILY,universe_daily,NSE_EQ|INE635Q01029,1d,4,"4 missing trading days (longest run 1): 2015-02-28, 2016-10-30, 2017-10-19, 2018-11-07"
WARN,GAP_DAILY,universe_daily,NSE_EQ|INE637C01025,1d,3,"3 missing trading days (longest run 1): 2016-10-30, 2017-10-19, 2018-11-07"
WARN,GAP_DAILY,universe_daily,NSE_EQ|INE643K01018,1d,2,"2 missing trading days (longest run 1): 2017-10-19, 2018-11-07"
WARN,GAP_DAILY,universe_daily,NSE_EQ|INE646L01027,1d,3,"3 missing trading days (longest run 1): 2016-10-30, 2017-10-19, 2018-11-07"
WARN,GAP_DAILY,universe_daily,NSE_EQ|INE652F01027,1d,4,"4 missing trading days (longest run 1): 2015-02-28, 2016-10-30, 2017-10-19, 2018-11-07"
WARN,GAP_DAILY,universe_daily,NSE_EQ|INE660C01027,1d,1,1 missing trading days (longest run 1): 2018-11-07
WARN,GAP_DAILY,universe_daily,NSE_EQ|INE663B01015,1d,3,"3 missing trading days (longest run 1): 2016-10-30, 2017-10-19, 2018-11-07"
WARN,GAP_DAILY,universe_daily,NSE_EQ|INE665L01035,1d,1,1 missing trading days (longest run 1): 2018-11-07
WARN,GAP_DAILY,universe_daily,NSE_EQ|INE666D01022,1d,1,1 missing trading days (longest run 1): 2018-11-07
WARN,GAP_DAILY,universe_daily,NSE_EQ|INE669C01036,1d,1,1 missing trading days (longest run 1): 2018-11-07
WARN,GAP_DAILY,universe_daily,NSE_EQ|INE671C01016,1d,3,"3 missing trading days (longest run 1): 2026-08-19, 2026-08-27, 2026-09-23"
WARN,GAP_DAILY,universe_daily,NSE_EQ|INE674K01013,1d,2,"2 missing trading days (longest run 1): 2017-10-19, 2018-11-07"
WARN,GAP_DAILY,universe_daily,NSE_EQ|INE686Y01026,1d,1,1 missing trading days (longest run 1): 2018-11-07
WARN,GAP_DAILY,universe_daily,NSE_EQ|INE689O01013,1d,1,1 missing trading days (longest run 1): 2026-08-31
WARN,GAP_DAILY,universe_daily,NSE_EQ|INE693D01018,1d,2,"2 missing trading days (longest run 1): 2026-08-18, 2026-08-27"
WARN,GAP_DAILY,universe_daily,NSE_EQ|INE704P01025,1d,2,"2 missing trading days (longest run 1): 2017-10-19, 2018-11-07"
WARN,GAP_DAILY,universe_daily,NSE_EQ|INE705C01020,1d,3,"3 missing trading days (longest run 1): 2018-11-07, 2020-10-16, 2020-10-20"
WARN,GAP_DAILY,universe_daily,NSE_EQ|INE712B01010,1d,4,"4 missing trading days (longest run 1): 2015-02-28, 2016-10-30, 2017-10-19, 2018-11-07"
WARN,GAP_DAILY,universe_daily,NSE_EQ|INE712K01011,1d,3,"3 missing trading days (longest run 1): 2016-10-30, 2017-10-19, 2018-11-07"
WARN,GAP_DAILY,universe_daily,NSE_EQ|INE713C01016,1d,1,1 missing trading days (longest run 1): 2025-01-13
WARN,GAP_DAILY,universe_daily,NSE_EQ|INE713T01028,1d,1,1 missing trading days (longest run 1): 2018-11-07
WARN,GAP_DAILY,universe_daily,NSE_EQ|INE726G01019,1d,3,"3 missing trading days (longest run 1): 2016-10-30, 2017-10-19, 2018-11-07"
WARN,GAP_DAILY,universe_daily,NSE_EQ|INE726V01018,1d,2,"2 missing trading days (longest run 1): 2017-10-19, 2018-11-07"
WARN,GAP_DAILY,universe_daily,NSE_EQ|INE727S01012,1d,2,"2 missing trading days (longest run 1): 2017-10-19, 2018-11-07"
WARN,GAP_DAILY,universe_daily,NSE_EQ|INE730A01022,1d,3,"3 missing trading days (longest run 1): 2016-10-30, 2017-10-19, 2018-11-07"
WARN,GAP_DAILY,universe_daily,NSE_EQ|INE734N01019,1d,4,"4 missing trading days (longest run 1): 2015-02-28, 2016-10-30, 2017-10-19, 2018-11-07"
WARN,GAP_DAILY,universe_daily,NSE_EQ|INE736A01011,1d,2,"2 missing trading days (longest run 1): 2017-10-19, 2018-11-07"
WARN,GAP_DAILY,universe_daily,NSE_EQ|INE740D01017,1d,2,"2 missing trading days (longest run 1): 2017-10-19, 2018-11-07"
WARN,GAP_DAILY,universe_daily,NSE_EQ|INE740X01023,1d,1,1 missing trading days (longest run 1): 2023-09-25
WARN,GAP_DAILY,universe_daily,NSE_EQ|INE741K01010,1d,1,1 missing trading days (longest run 1): 2018-11-07
WARN,GAP_DAILY,universe_daily,NSE_EQ|INE759V01019,1d,2,"2 missing trading days (longest run 1): 2017-10-19, 2018-11-07"
WARN,GAP_DAILY,universe_daily,NSE_EQ|INE765G01017,1d,2,"2 missing trading days (longest run 1): 2017-10-19, 2018-11-07"
WARN,GAP_DAILY,universe_daily,NSE_EQ|INE766P01016,1d,1,1 missing trading days (longest run 1): 2018-11-07
WARN,GAP_DAILY,universe_daily,NSE_EQ|INE781A01025,1d,2,"2 missing trading days (longest run 1): 2017-10-19, 2018-11-07"
WARN,GAP_DAILY,universe_daily,NSE_EQ|INE782D01027,1d,4,"4 missing trading days (longest run 2): 2026-09-08, 2026-09-10, 2026-09-30, 2026-10-01"
WARN,GAP_DAILY,universe_daily,NSE_EQ|INE782E01017,1d,3,"3 missing trading days (longest run 1): 2016-10-30, 2017-10-19, 2018-11-07"
WARN,GAP_DAILY,universe_daily,NSE_EQ|INE783X01023,1d,1,1 missing trading days (longest run 1): 2018-11-07
WARN,GAP_DAILY,universe_daily,NSE_EQ|INE795G01014,1d,1,1 missing trading days (longest run 1): 2018-11-07
WARN,GAP_DAILY,universe_daily,NSE_EQ|INE802B01027,1d,4,"4 missing trading days (longest run 1): 2016-10-30, 2017-10-19, 2018-07-04, 2018-11-07"
WARN,GAP_DAILY,universe_daily,NSE_EQ|INE807F01027,1d,3,"3 missing trading days (longest run 1): 2016-10-30, 2017-10-19, 2018-11-07"
WARN,GAP_DAILY,universe_daily,NSE_EQ|INE807K01035,1d,2,"2 missing trading days (longest run 1): 2017-10-19, 2018-11-07"
WARN,GAP_DAILY,universe_daily,NSE_EQ|INE822C01015,1d,2,"2 missing trading days (longest run 1): 2017-10-19, 2018-11-07"
WARN,GAP_DAILY,universe_daily,NSE_EQ|INE829S01016,1d,2,"2 missing trading days (longest run 1): 2026-09-24, 2026-09-29"
WARN,GAP_DAILY,universe_daily,NSE_EQ|INE836B01017,1d,3,"3 missing trading days (longest run 1): 2016-10-30, 2017-10-19, 2018-11-07"
WARN,GAP_DAILY,universe_daily,NSE_EQ|INE837H01020,1d,3,"3 missing trading days (longest run 1): 2016-10-30, 2017-10-19, 2018-11-07"
WARN,GAP_DAILY,universe_daily,NSE_EQ|INE840Y01029,1d,1,1 missing trading days (longest run 1): 2020-03-23
WARN,GAP_DAILY,universe_daily,NSE_EQ|INE843L01012,1d,2,"2 missing trading days (longest run 1): 2026-09-17, 2026-09-25"
WARN,GAP_DAILY,universe_daily,NSE_EQ|INE845D01014,1d,3,"3 missing trading days (longest run 1): 2016-10-30, 2017-10-19, 2018-11-07"
WARN,GAP_DAILY,universe_daily,NSE_EQ|INE850D01014,1d,2,"2 missing trading days (longest run 1): 2017-10-19, 2018-11-07"
WARN,GAP_DAILY,universe_daily,NSE_EQ|INE855A01019,1d,3,"3 missing trading days (longest run 1): 2026-08-19, 2026-08-28, 2026-09-11"
WARN,GAP_DAILY,universe_daily,NSE_EQ|INE863B01029,1d,3,"3 missing trading days (longest run 1): 2016-10-30, 2017-10-19, 2018-11-07"
WARN,GAP_DAILY,universe_daily,NSE_EQ|INE865T01018,1d,3,"3 missing trading days (longest run 1): 2016-10-30, 2017-10-19, 2018-11-07"
WARN,GAP_DAILY,universe_daily,NSE_EQ|INE866R01028,1d,2,"2 missing trading days (longest run 1): 2017-10-19, 2018-11-07"
WARN,GAP_DAILY,universe_daily,NSE_EQ|INE869I01013,1d,2,"2 missing trading days (longest run 1): 2017-10-19, 2018-11-07"
WARN,GAP_DAILY,universe_daily,NSE_EQ|INE871C01038,1d,3,"3 missing trading days (longest run 1): 2016-10-30, 2017-10-19, 2018-11-07"
WARN,GAP_DAILY,universe_daily,NSE_EQ|INE883N01014,1d,3,"3 missing trading days (longest run 1): 2016-10-30, 2017-10-19, 2018-11-07"
WARN,GAP_DAILY,universe_daily,NSE_EQ|INE893J01029,1d,4,"4 missing trading days (longest run 1): 2015-02-28, 2016-10-30, 2017-10-19, 2018-11-07"
WARN,GAP_DAILY,universe_daily,NSE_EQ|INE896L01010,1d,1,1 missing trading days (longest run 1): 2018-11-07
WARN,GAP_DAILY,universe_daily,NSE_EQ|INE898S01029,1d,3,"3 missing trading days (longest run 1): 2016-10-30, 2017-10-19, 2018-11-07"
WARN,GAP_DAILY,universe_daily,NSE_EQ|INE913H01037,1d,3,"3 missing trading days (longest run 1): 2016-10-30, 2017-10-19, 2018-11-07"
WARN,GAP_DAILY,universe_daily,NSE_EQ|INE914E01040,1d,3,"3 missing trading days (longest run 1): 2016-10-30, 2017-10-19, 2018-11-07"
WARN,GAP_DAILY,universe_daily,NSE_EQ|INE914G01029,1d,1,1 missing trading days (longest run 1): 2026-09-09
WARN,GAP_DAILY,universe_daily,NSE_EQ|INE914M01019,1d,1,1 missing trading days (longest run 1): 2018-11-07
WARN,GAP_DAILY,universe_daily,NSE_EQ|INE916U01025,1d,2,"2 missing trading days (longest run 1): 2017-10-19, 2018-11-07"
WARN,GAP_DAILY,universe_daily,NSE_EQ|INE917M01012,1d,3,"3 missing trading days (longest run 1): 2016-10-30, 2017-10-19, 2018-11-07"
WARN,GAP_DAILY,universe_daily,NSE_EQ|INE920A01037,1d,1,1 missing trading days (longest run 1): 2024-01-25
WARN,GAP_DAILY,universe_daily,NSE_EQ|INE924D01017,1d,2,"2 missing trading days (longest run 1): 2017-10-19, 2018-11-07"
WARN,GAP_DAILY,universe_daily,NSE_EQ|INE926X01010,1d,1,1 missing trading days (longest run 1): 2018-11-07
WARN,GAP_DAILY,universe_daily,NSE_EQ|INE931S01010,1d,3,"3 missing trading days (longest run 1): 2016-10-30, 2017-10-19, 2018-11-07"
WARN,GAP_DAILY,universe_daily,NSE_EQ|INE934S01014,1d,3,"3 missing trading days (longest run 1): 2016-10-30, 2017-10-19, 2018-11-07"
WARN,GAP_DAILY,universe_daily,NSE_EQ|INE935N01020,1d,2,"2 missing trading days (longest run 1): 2017-10-19, 2018-11-07"
WARN,GAP_DAILY,universe_daily,NSE_EQ|INE937C01029,1d,3,"3 missing trading days (longest run 1): 2016-10-30, 2017-10-19, 2018-11-07"
WARN,GAP_DAILY,universe_daily,NSE_EQ|INE938C01019,1d,1,1 missing trading days (longest run 1): 2026-09-10
WARN,GAP_DAILY,universe_daily,NSE_EQ|INE947Q01028,1d,2,"2 missing trading days (longest run 1): 2017-10-19, 2018-11-07"
WARN,GAP_DAILY,universe_daily,NSE_EQ|INE949L01017,1d,2,"2 missing trading days (longest run 1): 2017-10-19, 2018-11-07"
WARN,GAP_DAILY,universe_daily,NSE_EQ|INE949P01018,1d,4,"4 missing trading days (longest run 1): 2015-02-28, 2016-10-30, 2017-10-19, 2018-11-07"
WARN,GAP_DAILY,universe_daily,NSE_EQ|INE950M01013,1d,4,"4 missing trading days (longest run 1): 2015-02-28, 2016-10-30, 2017-10-19, 2018-11-07"
WARN,GAP_DAILY,universe_daily,NSE_EQ|INE959A01019,1d,3,"3 missing trading days (longest run 1): 2016-10-30, 2017-10-19, 2018-11-07"
WARN,GAP_DAILY,universe_daily,NSE_EQ|INE962Y01021,1d,1,1 missing trading days (longest run 1): 2018-11-07
WARN,GAP_DAILY,universe_daily,NSE_EQ|INE967G01019,1d,1,1 missing trading days (longest run 1): 2026-08-06
WARN,GAP_DAILY,universe_daily,NSE_EQ|INE970X01018,1d,1,1 missing trading days (longest run 1): 2018-11-07
WARN,GAP_DAILY,universe_daily,NSE_EQ|INE974X01010,1d,1,1 missing trading days (longest run 1): 2018-11-07
WARN,GAP_DAILY,universe_daily,NSE_EQ|INE976G01028,1d,3,"3 missing trading days (longest run 1): 2016-10-30, 2017-10-19, 2018-11-07"
WARN,GAP_DAILY,universe_daily,NSE_EQ|INE985S01024,1d,3,"3 missing trading days (longest run 1): 2016-10-30, 2017-10-19, 2018-11-07"
WARN,GAP_DAILY,universe_daily,NSE_EQ|INE991I01015,1d,4,"4 missing trading days (longest run 1): 2016-10-30, 2017-10-19, 2020-05-22, 2025-10-31"
WARN,GAP_DAILY,universe_daily,NSE_EQ|INF0QA701854,1d,1,1 missing trading days (longest run 1): 2024-10-30
WARN,GAP_DAILY,universe_daily,NSE_EQ|INF109K012R6,1d,4,"4 missing trading days (longest run 1): 2015-02-28, 2016-10-30, 2017-10-19, 2018-11-07"
WARN,GAP_DAILY,universe_daily,NSE_EQ|INF109K1A021,1d,1,1 missing trading days (longest run 1): 2025-03-28
WARN,GAP_DAILY,universe_daily,NSE_EQ|INF109KB15Y7,1d,1,1 missing trading days (longest run 1): 2018-11-07
WARN,GAP_DAILY,universe_daily,NSE_EQ|INF109KC10W0,1d,4,"4 missing trading days (longest run 1): 2015-02-28, 2017-07-06, 2017-10-19, 2018-11-07"
WARN,GAP_DAILY,universe_daily,NSE_EQ|INF109KC18V5,1d,1,1 missing trading days (longest run 1): 2023-10-06
WARN,GAP_DAILY,universe_daily,NSE_EQ|INF109KC19O8,1d,1,1 missing trading days (longest run 1): 2023-01-09
WARN,GAP_DAILY,universe_daily,NSE_EQ|INF109KC1NS5,1d,4,"4 missing trading days (longest run 1): 2018-09-07, 2018-10-25, 2018-11-07, 2018-11-15"
WARN,GAP_DAILY,universe_daily,NSE_EQ|INF109KC1V59,1d,2,"2 missing trading days (longest run 1): 2018-06-26, 2018-11-07"
WARN,GAP_DAILY,universe_daily,NSE_EQ|INF174KA1ZB7,1d,4,"4 missing trading days (longest run 1): 2015-02-28, 2016-10-30, 2017-10-19, 2018-11-07"
WARN,GAP_DAILY,universe_daily,NSE_EQ|INF174KA1ZD3,1d,2,"2 missing trading days (longest run 1): 2023-02-09, 2023-02-23"
WARN,GAP_DAILY,universe_daily,NSE_EQ|INF179KC1965,1d,4,"4 missing trading days (longest run 1): 2016-02-03, 2016-10-30, 2017-10-19, 2018-11-07"
WARN,GAP_DAILY,universe_daily,NSE_EQ|INF179KC1DL6,1d,1,1 missing trading days (longest run 1): 2023-04-26
WARN,GAP_DAILY,universe_daily,NSE_EQ|INF179KC1HR4,1d,1,1 missing trading days (longest run 1): 2023-02-07
WARN,GAP_DAILY,universe_daily,NSE_EQ|INF179KC1HS2,1d,1,1 missing trading days (longest run 1): 2023-01-11
WARN,GAP_DAILY,universe_daily,NSE_EQ|INF179KC1HV6,1d,2,"2 missing trading days (longest run 1): 2023-03-22, 2023-08-17"
WARN,GAP_DAILY,universe_daily,NSE_EQ|INF179KC1HZ7,1d,2,"2 missing trading days (longest run 1): 2023-02-16, 2023-05-23"
WARN,GAP_DAILY,universe_daily,NSE_EQ|INF179KC1JG3,1d,4,"4 missing trading days (longest run 1): 2024-01-20, 2024-02-16, 2024-03-02, 2024-11-01"
WARN,GAP_DAILY,universe_daily,NSE_EQ|INF200KA13Z8,1d,2,"2 missing trading days (longest run 1): 2023-12-21, 2024-03-02"
WARN,GAP_DAILY,universe_daily,NSE_EQ|INF200KB1969,1d,2,"2 missing trading days (longest run 1): 2025-08-29, 2025-10-21"
WARN,GAP_DAILY,universe_daily,NSE_EQ|INF204KB1V68,1d,3,"3 missing trading days (longest run 1): 2019-02-05, 2019-02-18, 2019-02-20"
WARN,GAP_DAILY,universe_daily,NSE_EQ|INF209KC1662,1d,1,1 missing trading days (longest run 1): 2026-06-15
WARN,GAP_DAILY,universe_daily,NSE_EQ|INF247L01023,1d,4,"4 missing trading days (longest run 1): 2015-02-28, 2016-10-30, 2017-10-19, 2018-11-07"
WARN,GAP_DAILY,universe_daily,NSE_EQ|INF247L01BE5,1d,4,"4 missing trading days (longest run 1): 2023-03-21, 2023-04-06, 2023-07-05, 2023-07-19"
WARN,GAP_DAILY,universe_daily,NSE_EQ|INF247L01FC0,1d,1,1 missing trading days (longest run 1): 2025-06-27
WARN,GAP_DAILY,universe_daily,NSE_EQ|INF247L01FK3,1d,2,"2 missing trading days (longest run 1): 2025-07-03, 2025-08-14"
WARN,GAP_DAILY,universe_daily,NSE_EQ|INF247L01FO5,1d,3,"3 missing trading days (longest run 1): 2025-07-03, 2025-07-10, 2025-07-16"
WARN,GAP_DAILY,universe_daily,NSE_EQ|INF247L01FZ1,1d,1,1 missing trading days (longest run 1): 2025-08-22
WARN,GAP_DAILY,universe_daily,NSE_EQ|INF247L01GI5,1d,1,1 missing trading days (longest run 1): 2026-03-20
WARN,GAP_DAILY,universe_daily,NSE_EQ|INF247L01GK1,1d,1,1 missing trading days (longest run 1): 2025-12-30
WARN,GAP_DAILY,universe_daily,NSE_EQ|INF251K01SU9,1d,2,"2 missing trading days (longest run 1): 2024-07-11, 2024-08-30"
WARN,GAP_DAILY,universe_daily,NSE_EQ|INF457M01133,1d,4,"4 missing trading days (longest run 1): 2015-02-28, 2016-10-30, 2017-10-19, 2018-11-07"
WARN,GAP_DAILY,universe_daily,NSE_EQ|INF579M01BP5,1d,1,1 missing trading days (longest run 1): 2026-07-10
WARN,GAP_DAILY,universe_daily,NSE_EQ|INF740KA1CL0,1d,1,1 missing trading days (longest run 1): 2022-02-23
WARN,GAP_DAILY,universe_daily,NSE_EQ|INF740KA1EU7,1d,2,"2 missing trading days (longest run 1): 2018-07-13, 2018-11-07"
WARN,GAP_DAILY,universe_daily,NSE_EQ|INF740KA1RE3,1d,1,1 missing trading days (longest run 1): 2023-03-03
WARN,GAP_DAILY,universe_daily,NSE_EQ|INF740KA1SZ6,1d,3,"3 missing trading days (longest run 1): 2023-10-06, 2023-10-17, 2023-12-29"
WARN,GAP_DAILY,universe_daily,NSE_EQ|INF740KA1WV7,1d,3,"3 missing trading days (longest run 1): 2026-05-21, 2026-07-10, 2026-10-05"
WARN,GAP_DAILY,universe_daily,NSE_EQ|INF740KA1ZG1,1d,1,1 missing trading days (longest run 1): 2025-10-21
WARN,GAP_DAILY,universe_daily,NSE_EQ|INF754K01VY8,1d,1,1 missing trading days (longest run 1): 2026-02-23
WARN,GAP_DAILY,universe_daily,NSE_EQ|INF769K01OO2,1d,3,"3 missing trading days (longest run 1): 2025-06-20, 2025-07-09, 2025-09-05"
WARN,GAP_DAILY,universe_daily,NSE_EQ|INF789F1AUW9,1d,4,"4 missing trading days (longest run 1): 2017-10-19, 2018-11-07, 2019-02-06, 2020-01-23"
WARN,GAP_DAILY,universe_daily,NSE_EQ|INF789F1AYX9,1d,1,1 missing trading days (longest run 1): 2023-10-16
WARN,GAP_DAILY,universe_daily,NSE_EQ|INF789F1AZD8,1d,1,1 missing trading days (longest run 1): 2025-02-01
WARN,GAP_DAILY,universe_daily,NSE_EQ|INF789F1AZF3,1d,3,"3 missing trading days (longest run 2): 2024-02-08, 2024-02-09, 2025-01-30"
WARN,GAP_DAILY,universe_daily,NSE_EQ|INF846K01X63,1d,1,1 missing trading days (longest run 1): 2026-07-31
WARN,GAP_DAILY,indices_daily,NSE_INDEX|NIFTY MIDCAP 100,1d,1,1 missing trading days (longest run 1): 2015-11-09
WARN,GAP_DAILY,indices_daily,NSE_INDEX|NIFTY MIDCAP 150,1d,1,1 missing trading days (longest run 1): 2008-12-31
WARN,GAP_DAILY,indices_daily,NSE_INDEX|NIFTY SMLCAP 50,1d,2,"2 missing trading days (longest run 2): 2020-01-07, 2020-01-08"
WARN,GAP_DAILY,indices_daily,NSE_INDEX|Nifty 500,1d,1,1 missing trading days (longest run 1): 2020-01-07
WARN,GAP_DAILY,indices_daily,NSE_INDEX|Nifty Energy,1d,1,1 missing trading days (longest run 1): 2015-11-09
WARN,GAP_DAILY,indices_daily,NSE_INDEX|Nifty FMCG,1d,1,1 missing trading days (longest run 1): 2015-11-09
WARN,GAP_DAILY,indices_daily,NSE_INDEX|Nifty Fin Service,1d,1,1 missing trading days (longest run 1): 2015-11-09
WARN,GAP_DAILY,indices_daily,NSE_INDEX|Nifty GS 11 15Yr,1d,1,1 missing trading days (longest run 1): 2023-11-06
WARN,GAP_DAILY,indices_daily,NSE_INDEX|Nifty Media,1d,1,1 missing trading days (longest run 1): 2015-11-09
WARN,GAP_DAILY,indices_daily,NSE_INDEX|Nifty Metal,1d,1,1 missing trading days (longest run 1): 2015-11-09
WARN,GAP_DAILY,indices_daily,NSE_INDEX|Nifty Pharma,1d,1,1 missing trading days (longest run 1): 2015-11-09
WARN,GAP_DAILY,indices_daily,NSE_INDEX|Nifty Realty,1d,1,1 missing trading days (longest run 1): 2015-11-09
WARN,INTRADAY_DAILY_MISMATCH,stocks_intraday,NSE_EQ|INE002A01018,5m,2,"2/269 full days differ from daily bar: 2025-12-04, 2026-03-19"
WARN,INTRADAY_DAILY_MISMATCH,stocks_intraday,NSE_EQ|INE002A01018,15m,2,"2/269 full days differ from daily bar: 2025-12-04, 2026-03-19"
WARN,INTRADAY_DAILY_MISMATCH,stocks_intraday,NSE_EQ|INE002A01018,60m,2,"2/269 full days differ from daily bar: 2025-12-04, 2026-03-19"
WARN,INTRADAY_DAILY_MISMATCH,stocks_intraday,NSE_EQ|INE009A01021,5m,6,"6/269 full days differ from daily bar: 2025-09-29, 2026-01-14, 2026-02-01 (+3 more)"
WARN,INTRADAY_DAILY_MISMATCH,stocks_intraday,NSE_EQ|INE009A01021,15m,6,"6/269 full days differ from daily bar: 2025-09-29, 2026-01-14, 2026-02-01 (+3 more)"
WARN,INTRADAY_DAILY_MISMATCH,stocks_intraday,NSE_EQ|INE009A01021,60m,6,"6/269 full days differ from daily bar: 2025-09-29, 2026-01-14, 2026-02-01 (+3 more)"
WARN,INTRADAY_DAILY_MISMATCH,stocks_intraday,NSE_EQ|INE010B01027,5m,3,"3/269 full days differ from daily bar: 2026-03-18, 2026-03-30, 2026-04-27"
WARN,INTRADAY_DAILY_MISMATCH,stocks_intraday,NSE_EQ|INE010B01027,15m,3,"3/269 full days differ from daily bar: 2026-03-18, 2026-03-30, 2026-04-27"
WARN,INTRADAY_DAILY_MISMATCH,stocks_intraday,NSE_EQ|INE010B01027,60m,3,"3/269 full days differ from daily bar: 2026-03-18, 2026-03-30, 2026-04-27"
WARN,INTRADAY_DAILY_MISMATCH,stocks_intraday,NSE_EQ|INE016A01026,5m,7,"7/269 full days differ from daily bar: 2025-09-29, 2025-12-10, 2026-01-02 (+4 more)"
WARN,INTRADAY_DAILY_MISMATCH,stocks_intraday,NSE_EQ|INE016A01026,15m,7,"7/269 full days differ from daily bar: 2025-09-29, 2025-12-10, 2026-01-02 (+4 more)"
WARN,INTRADAY_DAILY_MISMATCH,stocks_intraday,NSE_EQ|INE016A01026,60m,7,"7/269 full days differ from daily bar: 2025-09-29, 2025-12-10, 2026-01-02 (+4 more)"
WARN,INTRADAY_DAILY_MISMATCH,stocks_intraday,NSE_EQ|INE018A01030,5m,1,1/269 full days differ from daily bar: 2026-05-05
WARN,INTRADAY_DAILY_MISMATCH,stocks_intraday,NSE_EQ|INE018A01030,15m,1,1/269 full days differ from daily bar: 2026-05-05
WARN,INTRADAY_DAILY_MISMATCH,stocks_intraday,NSE_EQ|INE018A01030,60m,1,1/269 full days differ from daily bar: 2026-05-05
WARN,INTRADAY_DAILY_MISMATCH,stocks_intraday,NSE_EQ|INE020B01018,5m,4,"4/269 full days differ from daily bar: 2025-10-29, 2026-01-27, 2026-03-19 (+1 more)"
WARN,INTRADAY_DAILY_MISMATCH,stocks_intraday,NSE_EQ|INE020B01018,15m,4,"4/269 full days differ from daily bar: 2025-10-29, 2026-01-27, 2026-03-19 (+1 more)"
WARN,INTRADAY_DAILY_MISMATCH,stocks_intraday,NSE_EQ|INE020B01018,60m,4,"4/269 full days differ from daily bar: 2025-10-29, 2026-01-27, 2026-03-19 (+1 more)"
WARN,INTRADAY_DAILY_MISMATCH,stocks_intraday,NSE_EQ|INE021A01026,5m,6,"6/269 full days differ from daily bar: 2025-09-19, 2025-11-12, 2026-01-19 (+3 more)"
WARN,INTRADAY_DAILY_MISMATCH,stocks_intraday,NSE_EQ|INE021A01026,15m,6,"6/269 full days differ from daily bar: 2025-09-19, 2025-11-12, 2026-01-19 (+3 more)"
WARN,INTRADAY_DAILY_MISMATCH,stocks_intraday,NSE_EQ|INE021A01026,60m,6,"6/269 full days differ from daily bar: 2025-09-19, 2025-11-12, 2026-01-19 (+3 more)"
WARN,INTRADAY_DAILY_MISMATCH,stocks_intraday,NSE_EQ|INE022Q01020,5m,8,"8/269 full days differ from daily bar: 2025-09-12, 2025-10-20, 2026-01-06 (+5 more)"
WARN,INTRADAY_DAILY_MISMATCH,stocks_intraday,NSE_EQ|INE022Q01020,15m,8,"8/269 full days differ from daily bar: 2025-09-12, 2025-10-20, 2026-01-06 (+5 more)"
WARN,INTRADAY_DAILY_MISMATCH,stocks_intraday,NSE_EQ|INE022Q01020,60m,8,"8/269 full days differ from daily bar: 2025-09-12, 2025-10-20, 2026-01-06 (+5 more)"
WARN,INTRADAY_DAILY_MISMATCH,stocks_intraday,NSE_EQ|INE028A01039,5m,3,"3/269 full days differ from daily bar: 2025-10-27, 2026-03-19, 2026-05-22"
WARN,INTRADAY_DAILY_MISMATCH,stocks_intraday,NSE_EQ|INE028A01039,15m,3,"3/269 full days differ from daily bar: 2025-10-27, 2026-03-19, 2026-05-22"
WARN,INTRADAY_DAILY_MISMATCH,stocks_intraday,NSE_EQ|INE028A01039,60m,3,"3/269 full days differ from daily bar: 2025-10-27, 2026-03-19, 2026-05-22"
WARN,INTRADAY_DAILY_MISMATCH,stocks_intraday,NSE_EQ|INE029A01011,5m,3,"3/269 full days differ from daily bar: 2025-11-24, 2026-02-09, 2026-07-22"
WARN,INTRADAY_DAILY_MISMATCH,stocks_intraday,NSE_EQ|INE029A01011,15m,3,"3/269 full days differ from daily bar: 2025-11-24, 2026-02-09, 2026-07-22"
WARN,INTRADAY_DAILY_MISMATCH,stocks_intraday,NSE_EQ|INE029A01011,60m,3,"3/269 full days differ from daily bar: 2025-11-24, 2026-02-09, 2026-07-22"
WARN,INTRADAY_DAILY_MISMATCH,stocks_intraday,NSE_EQ|INE030A01027,5m,5,"5/268 full days differ from daily bar: 2025-10-07, 2026-02-01, 2026-03-20 (+2 more)"
WARN,INTRADAY_DAILY_MISMATCH,stocks_intraday,NSE_EQ|INE030A01027,15m,5,"5/268 full days differ from daily bar: 2025-10-07, 2026-02-01, 2026-03-20 (+2 more)"
WARN,INTRADAY_DAILY_MISMATCH,stocks_intraday,NSE_EQ|INE030A01027,60m,5,"5/269 full days differ from daily bar: 2025-10-07, 2026-02-01, 2026-03-20 (+2 more)"
WARN,INTRADAY_DAILY_MISMATCH,stocks_intraday,NSE_EQ|INE038A01020,5m,5,"5/269 full days differ from daily bar: 2026-02-02, 2026-02-04, 2026-02-06 (+2 more)"
WARN,INTRADAY_DAILY_MISMATCH,stocks_intraday,NSE_EQ|INE038A01020,15m,5,"5/269 full days differ from daily bar: 2026-02-02, 2026-02-04, 2026-02-06 (+2 more)"
WARN,INTRADAY_DAILY_MISMATCH,stocks_intraday,NSE_EQ|INE038A01020,60m,5,"5/269 full days differ from daily bar: 2026-02-02, 2026-02-04, 2026-02-06 (+2 more)"
WARN,INTRADAY_DAILY_MISMATCH,stocks_intraday,NSE_EQ|INE040A01034,5m,1,1/269 full days differ from daily bar: 2026-05-12
WARN,INTRADAY_DAILY_MISMATCH,stocks_intraday,NSE_EQ|INE040A01034,15m,1,1/269 full days differ from daily bar: 2026-05-12
WARN,INTRADAY_DAILY_MISMATCH,stocks_intraday,NSE_EQ|INE040A01034,60m,1,1/269 full days differ from daily bar: 2026-05-12
WARN,INTRADAY_DAILY_MISMATCH,stocks_intraday,NSE_EQ|INE040H01021,5m,6,"6/269 full days differ from daily bar: 2026-01-27, 2026-03-13, 2026-04-10 (+3 more)"
WARN,INTRADAY_DAILY_MISMATCH,stocks_intraday,NSE_EQ|INE040H01021,15m,6,"6/269 full days differ from daily bar: 2026-01-27, 2026-03-13, 2026-04-10 (+3 more)"
WARN,INTRADAY_DAILY_MISMATCH,stocks_intraday,NSE_EQ|INE040H01021,60m,6,"6/269 full days differ from daily bar: 2026-01-27, 2026-03-13, 2026-04-10 (+3 more)"
WARN,INTRADAY_DAILY_MISMATCH,stocks_intraday,NSE_EQ|INE044A01036,5m,4,"4/269 full days differ from daily bar: 2025-09-29, 2025-11-04, 2025-11-25 (+1 more)"
WARN,INTRADAY_DAILY_MISMATCH,stocks_intraday,NSE_EQ|INE044A01036,15m,4,"4/269 full days differ from daily bar: 2025-09-29, 2025-11-04, 2025-11-25 (+1 more)"
WARN,INTRADAY_DAILY_MISMATCH,stocks_intraday,NSE_EQ|INE044A01036,60m,4,"4/269 full days differ from daily bar: 2025-09-29, 2025-11-04, 2025-11-25 (+1 more)"
WARN,INTRADAY_DAILY_MISMATCH,stocks_intraday,NSE_EQ|INE053A01029,5m,7,"7/269 full days differ from daily bar: 2026-01-20, 2026-02-01, 2026-02-11 (+4 more)"
WARN,INTRADAY_DAILY_MISMATCH,stocks_intraday,NSE_EQ|INE053A01029,15m,7,"7/269 full days differ from daily bar: 2026-01-20, 2026-02-01, 2026-02-11 (+4 more)"
WARN,INTRADAY_DAILY_MISMATCH,stocks_intraday,NSE_EQ|INE053A01029,60m,7,"7/269 full days differ from daily bar: 2026-01-20, 2026-02-01, 2026-02-11 (+4 more)"
WARN,INTRADAY_DAILY_MISMATCH,stocks_intraday,NSE_EQ|INE053F01010,5m,4,"4/269 full days differ from daily bar: 2026-01-22, 2026-01-28, 2026-05-04 (+1 more)"
WARN,INTRADAY_DAILY_MISMATCH,stocks_intraday,NSE_EQ|INE053F01010,15m,4,"4/269 full days differ from daily bar: 2026-01-22, 2026-01-28, 2026-05-04 (+1 more)"
WARN,INTRADAY_DAILY_MISMATCH,stocks_intraday,NSE_EQ|INE053F01010,60m,4,"4/269 full days differ from daily bar: 2026-01-22, 2026-01-28, 2026-05-04 (+1 more)"
WARN,INTRADAY_DAILY_MISMATCH,stocks_intraday,NSE_EQ|INE059A01026,5m,2,"2/269 full days differ from daily bar: 2026-01-23, 2026-02-01"
WARN,INTRADAY_DAILY_MISMATCH,stocks_intraday,NSE_EQ|INE059A01026,15m,2,"2/269 full days differ from daily bar: 2026-01-23, 2026-02-01"
WARN,INTRADAY_DAILY_MISMATCH,stocks_intraday,NSE_EQ|INE059A01026,60m,2,"2/269 full days differ from daily bar: 2026-01-23, 2026-02-01"
WARN,INTRADAY_DAILY_MISMATCH,stocks_intraday,NSE_EQ|INE062A01020,5m,2,"2/269 full days differ from daily bar: 2026-01-02, 2026-03-24"
WARN,INTRADAY_DAILY_MISMATCH,stocks_intraday,NSE_EQ|INE062A01020,15m,2,"2/269 full days differ from daily bar: 2026-01-02, 2026-03-24"
WARN,INTRADAY_DAILY_MISMATCH,stocks_intraday,NSE_EQ|INE062A01020,60m,2,"2/269 full days differ from daily bar: 2026-01-02, 2026-03-24"
WARN,INTRADAY_DAILY_MISMATCH,stocks_intraday,NSE_EQ|INE066A01021,5m,7,"7/269 full days differ from daily bar: 2025-11-13, 2025-12-30, 2026-02-01 (+4 more)"
WARN,INTRADAY_DAILY_MISMATCH,stocks_intraday,NSE_EQ|INE066A01021,15m,7,"7/269 full days differ from daily bar: 2025-11-13, 2025-12-30, 2026-02-01 (+4 more)"
WARN,INTRADAY_DAILY_MISMATCH,stocks_intraday,NSE_EQ|INE066A01021,60m,7,"7/269 full days differ from daily bar: 2025-11-13, 2025-12-30, 2026-02-01 (+4 more)"
WARN,INTRADAY_DAILY_MISMATCH,stocks_intraday,NSE_EQ|INE066F01020,5m,3,"3/269 full days differ from daily bar: 2025-12-04, 2026-06-17, 2026-07-08"
WARN,INTRADAY_DAILY_MISMATCH,stocks_intraday,NSE_EQ|INE066F01020,15m,3,"3/269 full days differ from daily bar: 2025-12-04, 2026-06-17, 2026-07-08"
WARN,INTRADAY_DAILY_MISMATCH,stocks_intraday,NSE_EQ|INE066F01020,60m,3,"3/269 full days differ from daily bar: 2025-12-04, 2026-06-17, 2026-07-08"
WARN,INTRADAY_DAILY_MISMATCH,stocks_intraday,NSE_EQ|INE067A01029,5m,6,"6/269 full days differ from daily bar: 2025-10-29, 2026-01-27, 2026-02-01 (+3 more)"
WARN,INTRADAY_DAILY_MISMATCH,stocks_intraday,NSE_EQ|INE067A01029,15m,6,"6/269 full days differ from daily bar: 2025-10-29, 2026-01-27, 2026-02-01 (+3 more)"
WARN,INTRADAY_DAILY_MISMATCH,stocks_intraday,NSE_EQ|INE067A01029,60m,6,"6/269 full days differ from daily bar: 2025-10-29, 2026-01-27, 2026-02-01 (+3 more)"
WARN,INTRADAY_DAILY_MISMATCH,stocks_intraday,NSE_EQ|INE075A01022,5m,1,1/269 full days differ from daily bar: 2026-03-16
WARN,INTRADAY_DAILY_MISMATCH,stocks_intraday,NSE_EQ|INE075A01022,15m,1,1/269 full days differ from daily bar: 2026-03-16
WARN,INTRADAY_DAILY_MISMATCH,stocks_intraday,NSE_EQ|INE075A01022,60m,1,1/269 full days differ from daily bar: 2026-03-16
WARN,INTRADAY_DAILY_MISMATCH,stocks_intraday,NSE_EQ|INE079A01024,5m,7,"7/269 full days differ from daily bar: 2025-11-24, 2026-02-19, 2026-03-23 (+4 more)"
WARN,INTRADAY_DAILY_MISMATCH,stocks_intraday,NSE_EQ|INE079A01024,15m,7,"7/269 full days differ from daily bar: 2025-11-24, 2026-02-19, 2026-03-23 (+4 more)"
WARN,INTRADAY_DAILY_MISMATCH,stocks_intraday,NSE_EQ|INE079A01024,60m,7,"7/269 full days differ from daily bar: 2025-11-24, 2026-02-19, 2026-03-23 (+4 more)"
WARN,INTRADAY_DAILY_MISMATCH,stocks_intraday,NSE_EQ|INE081A01020,5m,3,"3/269 full days differ from daily bar: 2025-10-14, 2026-05-29, 2026-06-08"
WARN,INTRADAY_DAILY_MISMATCH,stocks_intraday,NSE_EQ|INE081A01020,15m,3,"3/269 full days differ from daily bar: 2025-10-14, 2026-05-29, 2026-06-08"
WARN,INTRADAY_DAILY_MISMATCH,stocks_intraday,NSE_EQ|INE081A01020,60m,3,"3/269 full days differ from daily bar: 2025-10-14, 2026-05-29, 2026-06-08"
WARN,INTRADAY_DAILY_MISMATCH,stocks_intraday,NSE_EQ|INE084A01016,5m,2,"2/269 full days differ from daily bar: 2025-10-27, 2026-03-16"
WARN,INTRADAY_DAILY_MISMATCH,stocks_intraday,NSE_EQ|INE084A01016,15m,2,"2/269 full days differ from daily bar: 2025-10-27, 2026-03-16"
WARN,INTRADAY_DAILY_MISMATCH,stocks_intraday,NSE_EQ|INE084A01016,60m,2,"2/269 full days differ from daily bar: 2025-10-27, 2026-03-16"
WARN,INTRADAY_DAILY_MISMATCH,stocks_intraday,NSE_EQ|INE089A01031,5m,8,"8/269 full days differ from daily bar: 2025-10-29, 2026-01-20, 2026-02-01 (+5 more)"
WARN,INTRADAY_DAILY_MISMATCH,stocks_intraday,NSE_EQ|INE089A01031,15m,8,"8/269 full days differ from daily bar: 2025-10-29, 2026-01-20, 2026-02-01 (+5 more)"
WARN,INTRADAY_DAILY_MISMATCH,stocks_intraday,NSE_EQ|INE089A01031,60m,8,"8/269 full days differ from daily bar: 2025-10-29, 2026-01-20, 2026-02-01 (+5 more)"
WARN,INTRADAY_DAILY_MISMATCH,stocks_intraday,NSE_EQ|INE090A01021,5m,3,"3/269 full days differ from daily bar: 2026-03-19, 2026-07-17, 2026-07-28"
WARN,INTRADAY_DAILY_MISMATCH,stocks_intraday,NSE_EQ|INE090A01021,15m,3,"3/269 full days differ from daily bar: 2026-03-19, 2026-07-17, 2026-07-28"
WARN,INTRADAY_DAILY_MISMATCH,stocks_intraday,NSE_EQ|INE090A01021,60m,3,"3/269 full days differ from daily bar: 2026-03-19, 2026-07-17, 2026-07-28"
WARN,INTRADAY_DAILY_MISMATCH,stocks_intraday,NSE_EQ|INE092T01019,5m,5,"5/269 full days differ from daily bar: 2026-01-23, 2026-02-18, 2026-05-07 (+2 more)"
WARN,INTRADAY_DAILY_MISMATCH,stocks_intraday,NSE_EQ|INE092T01019,15m,5,"5/269 full days differ from daily bar: 2026-01-23, 2026-02-18, 2026-05-07 (+2 more)"
WARN,INTRADAY_DAILY_MISMATCH,stocks_intraday,NSE_EQ|INE092T01019,60m,5,"5/269 full days differ from daily bar: 2026-01-23, 2026-02-18, 2026-05-07 (+2 more)"
WARN,INTRADAY_DAILY_MISMATCH,stocks_intraday,NSE_EQ|INE095A01012,5m,4,"4/269 full days differ from daily bar: 2025-09-29, 2026-01-23, 2026-05-15 (+1 more)"
WARN,INTRADAY_DAILY_MISMATCH,stocks_intraday,NSE_EQ|INE095A01012,15m,4,"4/269 full days differ from daily bar: 2025-09-29, 2026-01-23, 2026-05-15 (+1 more)"
WARN,INTRADAY_DAILY_MISMATCH,stocks_intraday,NSE_EQ|INE095A01012,60m,4,"4/269 full days differ from daily bar: 2025-09-29, 2026-01-23, 2026-05-15 (+1 more)"
WARN,INTRADAY_DAILY_MISMATCH,stocks_intraday,NSE_EQ|INE0J1Y01017,5m,3,"3/269 full days differ from daily bar: 2025-10-01, 2026-04-13, 2026-07-14"
WARN,INTRADAY_DAILY_MISMATCH,stocks_intraday,NSE_EQ|INE0J1Y01017,15m,3,"3/269 full days differ from daily bar: 2025-10-01, 2026-04-13, 2026-07-14"
WARN,INTRADAY_DAILY_MISMATCH,stocks_intraday,NSE_EQ|INE0J1Y01017,60m,3,"3/269 full days differ from daily bar: 2025-10-01, 2026-04-13, 2026-07-14"
WARN,INTRADAY_DAILY_MISMATCH,stocks_intraday,NSE_EQ|INE101A01026,5m,2,"2/269 full days differ from daily bar: 2026-05-29, 2026-06-18"
WARN,INTRADAY_DAILY_MISMATCH,stocks_intraday,NSE_EQ|INE101A01026,15m,2,"2/269 full days differ from daily bar: 2026-05-29, 2026-06-18"
WARN,INTRADAY_DAILY_MISMATCH,stocks_intraday,NSE_EQ|INE101A01026,60m,2,"2/269 full days differ from daily bar: 2026-05-29, 2026-06-18"
WARN,INTRADAY_DAILY_MISMATCH,stocks_intraday,NSE_EQ|INE115A01026,5m,4,"4/269 full days differ from daily bar: 2026-01-27, 2026-02-19, 2026-02-27 (+1 more)"
WARN,INTRADAY_DAILY_MISMATCH,stocks_intraday,NSE_EQ|INE115A01026,15m,4,"4/269 full days differ from daily bar: 2026-01-27, 2026-02-19, 2026-02-27 (+1 more)"
WARN,INTRADAY_DAILY_MISMATCH,stocks_intraday,NSE_EQ|INE115A01026,60m,4,"4/269 full days differ from daily bar: 2026-01-27, 2026-02-19, 2026-02-27 (+1 more)"
WARN,INTRADAY_DAILY_MISMATCH,stocks_intraday,NSE_EQ|INE117A01022,5m,8,"8/269 full days differ from daily bar: 2026-01-27, 2026-03-30, 2026-05-11 (+5 more)"
WARN,INTRADAY_DAILY_MISMATCH,stocks_intraday,NSE_EQ|INE117A01022,15m,8,"8/269 full days differ from daily bar: 2026-01-27, 2026-03-30, 2026-05-11 (+5 more)"
WARN,INTRADAY_DAILY_MISMATCH,stocks_intraday,NSE_EQ|INE117A01022,60m,8,"8/269 full days differ from daily bar: 2026-01-27, 2026-03-30, 2026-05-11 (+5 more)"
WARN,INTRADAY_DAILY_MISMATCH,stocks_intraday,NSE_EQ|INE118H01025,5m,7,"7/269 full days differ from daily bar: 2025-10-08, 2025-12-09, 2025-12-30 (+4 more)"
WARN,INTRADAY_DAILY_MISMATCH,stocks_intraday,NSE_EQ|INE118H01025,15m,7,"7/269 full days differ from daily bar: 2025-10-08, 2025-12-09, 2025-12-30 (+4 more)"
WARN,INTRADAY_DAILY_MISMATCH,stocks_intraday,NSE_EQ|INE118H01025,60m,7,"7/269 full days differ from daily bar: 2025-10-08, 2025-12-09, 2025-12-30 (+4 more)"
WARN,INTRADAY_DAILY_MISMATCH,stocks_intraday,NSE_EQ|INE127D01025,5m,4,"4/269 full days differ from daily bar: 2025-12-30, 2026-03-20, 2026-04-01 (+1 more)"
WARN,INTRADAY_DAILY_MISMATCH,stocks_intraday,NSE_EQ|INE127D01025,15m,4,"4/269 full days differ from daily bar: 2025-12-30, 2026-03-20, 2026-04-01 (+1 more)"
WARN,INTRADAY_DAILY_MISMATCH,stocks_intraday,NSE_EQ|INE127D01025,60m,4,"4/269 full days differ from daily bar: 2025-12-30, 2026-03-20, 2026-04-01 (+1 more)"
WARN,INTRADAY_DAILY_MISMATCH,stocks_intraday,NSE_EQ|INE129A01019,5m,5,"5/269 full days differ from daily bar: 2026-01-27, 2026-03-05, 2026-05-22 (+2 more)"
WARN,INTRADAY_DAILY_MISMATCH,stocks_intraday,NSE_EQ|INE129A01019,15m,5,"5/269 full days differ from daily bar: 2026-01-27, 2026-03-05, 2026-05-22 (+2 more)"
WARN,INTRADAY_DAILY_MISMATCH,stocks_intraday,NSE_EQ|INE129A01019,60m,5,"5/269 full days differ from daily bar: 2026-01-27, 2026-03-05, 2026-05-22 (+2 more)"
WARN,INTRADAY_DAILY_MISMATCH,stocks_intraday,NSE_EQ|INE134E01011,5m,6,"6/269 full days differ from daily bar: 2025-11-07, 2026-03-04, 2026-04-28 (+3 more)"
WARN,INTRADAY_DAILY_MISMATCH,stocks_intraday,NSE_EQ|INE134E01011,15m,6,"6/269 full days differ from daily bar: 2025-11-07, 2026-03-04, 2026-04-28 (+3 more)"
WARN,INTRADAY_DAILY_MISMATCH,stocks_intraday,NSE_EQ|INE134E01011,60m,6,"6/269 full days differ from daily bar: 2025-11-07, 2026-03-04, 2026-04-28 (+3 more)"
WARN,INTRADAY_DAILY_MISMATCH,stocks_intraday,NSE_EQ|INE154A01025,5m,1,1/269 full days differ from daily bar: 2025-09-29
WARN,INTRADAY_DAILY_MISMATCH,stocks_intraday,NSE_EQ|INE154A01025,15m,1,1/269 full days differ from daily bar: 2025-09-29
WARN,INTRADAY_DAILY_MISMATCH,stocks_intraday,NSE_EQ|INE154A01025,60m,1,1/269 full days differ from daily bar: 2025-09-29
WARN,INTRADAY_DAILY_MISMATCH,stocks_intraday,NSE_EQ|INE155A01022,5m,4,"4/268 full days differ from daily bar: 2026-02-13, 2026-04-15, 2026-05-21 (+1 more)"
WARN,INTRADAY_DAILY_MISMATCH,stocks_intraday,NSE_EQ|INE155A01022,15m,4,"4/268 full days differ from daily bar: 2026-02-13, 2026-04-15, 2026-05-21 (+1 more)"
WARN,INTRADAY_DAILY_MISMATCH,stocks_intraday,NSE_EQ|INE155A01022,60m,4,"4/269 full days differ from daily bar: 2026-02-13, 2026-04-15, 2026-05-21 (+1 more)"
WARN,INTRADAY_DAILY_MISMATCH,stocks_intraday,NSE_EQ|INE158A01026,5m,7,"7/269 full days differ from daily bar: 2025-09-29, 2026-01-13, 2026-02-01 (+4 more)"
WARN,INTRADAY_DAILY_MISMATCH,stocks_intraday,NSE_EQ|INE158A01026,15m,7,"7/269 full days differ from daily bar: 2025-09-29, 2026-01-13, 2026-02-01 (+4 more)"
WARN,INTRADAY_DAILY_MISMATCH,stocks_intraday,NSE_EQ|INE158A01026,60m,7,"7/269 full days differ from daily bar: 2025-09-29, 2026-01-13, 2026-02-01 (+4 more)"
WARN,INTRADAY_DAILY_MISMATCH,stocks_intraday,NSE_EQ|INE160A01022,5m,1,1/269 full days differ from daily bar: 2026-03-19
WARN,INTRADAY_DAILY_MISMATCH,stocks_intraday,NSE_EQ|INE160A01022,15m,1,1/269 full days differ from daily bar: 2026-03-19
WARN,INTRADAY_DAILY_MISMATCH,stocks_intraday,NSE_EQ|INE160A01022,60m,1,1/269 full days differ from daily bar: 2026-03-19
WARN,INTRADAY_DAILY_MISMATCH,stocks_intraday,NSE_EQ|INE171A01029,5m,6,"6/269 full days differ from daily bar: 2025-09-29, 2025-12-30, 2026-03-17 (+3 more)"
WARN,INTRADAY_DAILY_MISMATCH,stocks_intraday,NSE_EQ|INE171A01029,15m,6,"6/269 full days differ from daily bar: 2025-09-29, 2025-12-30, 2026-03-17 (+3 more)"
WARN,INTRADAY_DAILY_MISMATCH,stocks_intraday,NSE_EQ|INE171A01029,60m,6,"6/269 full days differ from daily bar: 2025-09-29, 2025-12-30, 2026-03-17 (+3 more)"
WARN,INTRADAY_DAILY_MISMATCH,stocks_intraday,NSE_EQ|INE192A01025,5m,5,"5/269 full days differ from daily bar: 2025-10-14, 2025-11-06, 2026-03-16 (+2 more)"
WARN,INTRADAY_DAILY_MISMATCH,stocks_intraday,NSE_EQ|INE192A01025,15m,5,"5/269 full days differ from daily bar: 2025-10-14, 2025-11-06, 2026-03-16 (+2 more)"
WARN,INTRADAY_DAILY_MISMATCH,stocks_intraday,NSE_EQ|INE192A01025,60m,5,"5/269 full days differ from daily bar: 2025-10-14, 2025-11-06, 2026-03-16 (+2 more)"
WARN,INTRADAY_DAILY_MISMATCH,stocks_intraday,NSE_EQ|INE192R01011,5m,7,"7/269 full days differ from daily bar: 2025-12-11, 2026-03-19, 2026-03-30 (+4 more)"
WARN,INTRADAY_DAILY_MISMATCH,stocks_intraday,NSE_EQ|INE192R01011,15m,7,"7/269 full days differ from daily bar: 2025-12-11, 2026-03-19, 2026-03-30 (+4 more)"
WARN,INTRADAY_DAILY_MISMATCH,stocks_intraday,NSE_EQ|INE192R01011,60m,7,"7/269 full days differ from daily bar: 2025-12-11, 2026-03-19, 2026-03-30 (+4 more)"
WARN,INTRADAY_DAILY_MISMATCH,stocks_intraday,NSE_EQ|INE196A01026,5m,8,"8/269 full days differ from daily bar: 2025-11-19, 2025-11-21, 2025-12-19 (+5 more)"
WARN,INTRADAY_DAILY_MISMATCH,stocks_intraday,NSE_EQ|INE196A01026,15m,8,"8/269 full days differ from daily bar: 2025-11-19, 2025-11-21, 2025-12-19 (+5 more)"
WARN,INTRADAY_DAILY_MISMATCH,stocks_intraday,NSE_EQ|INE196A01026,60m,8,"8/269 full days differ from daily bar: 2025-11-19, 2025-11-21, 2025-12-19 (+5 more)"
WARN,INTRADAY_DAILY_MISMATCH,stocks_intraday,NSE_EQ|INE205A01025,5m,6,"6/268 full days differ from daily bar: 2025-10-29, 2025-12-16, 2026-02-06 (+3 more)"
WARN,INTRADAY_DAILY_MISMATCH,stocks_intraday,NSE_EQ|INE205A01025,15m,6,"6/268 full days differ from daily bar: 2025-10-29, 2025-12-16, 2026-02-06 (+3 more)"
WARN,INTRADAY_DAILY_MISMATCH,stocks_intraday,NSE_EQ|INE205A01025,60m,7,"7/269 full days differ from daily bar: 2025-10-29, 2025-12-16, 2026-02-06 (+4 more)"
WARN,INTRADAY_DAILY_MISMATCH,stocks_intraday,NSE_EQ|INE213A01029,5m,1,1/269 full days differ from daily bar: 2025-10-29
WARN,INTRADAY_DAILY_MISMATCH,stocks_intraday,NSE_EQ|INE213A01029,15m,1,1/269 full days differ from daily bar: 2025-10-29
WARN,INTRADAY_DAILY_MISMATCH,stocks_intraday,NSE_EQ|INE213A01029,60m,1,1/269 full days differ from daily bar: 2025-10-29
WARN,INTRADAY_DAILY_MISMATCH,stocks_intraday,NSE_EQ|INE216A01030,5m,5,"5/269 full days differ from daily bar: 2025-09-29, 2026-01-05, 2026-02-01 (+2 more)"
WARN,INTRADAY_DAILY_MISMATCH,stocks_intraday,NSE_EQ|INE216A01030,15m,5,"5/269 full days differ from daily bar: 2025-09-29, 2026-01-05, 2026-02-01 (+2 more)"
WARN,INTRADAY_DAILY_MISMATCH,stocks_intraday,NSE_EQ|INE216A01030,60m,5,"5/269 full days differ from daily bar: 2025-09-29, 2026-01-05, 2026-02-01 (+2 more)"
WARN,INTRADAY_DAILY_MISMATCH,stocks_intraday,NSE_EQ|INE237A01036,5m,5,"5/269 full days differ from daily bar: 2026-01-27, 2026-02-05, 2026-03-11 (+2 more)"
WARN,INTRADAY_DAILY_MISMATCH,stocks_intraday,NSE_EQ|INE237A01036,15m,5,"5/269 full days differ from daily bar: 2026-01-27, 2026-02-05, 2026-03-11 (+2 more)"
WARN,INTRADAY_DAILY_MISMATCH,stocks_intraday,NSE_EQ|INE237A01036,60m,5,"5/269 full days differ from daily bar: 2026-01-27, 2026-02-05, 2026-03-11 (+2 more)"
WARN,INTRADAY_DAILY_MISMATCH,stocks_intraday,NSE_EQ|INE238A01034,5m,6,"6/269 full days differ from daily bar: 2026-01-21, 2026-03-30, 2026-04-01 (+3 more)"
WARN,INTRADAY_DAILY_MISMATCH,stocks_intraday,NSE_EQ|INE238A01034,15m,6,"6/269 full days differ from daily bar: 2026-01-21, 2026-03-30, 2026-04-01 (+3 more)"
WARN,INTRADAY_DAILY_MISMATCH,stocks_intraday,NSE_EQ|INE238A01034,60m,6,"6/269 full days differ from daily bar: 2026-01-21, 2026-03-30, 2026-04-01 (+3 more)"
WARN,INTRADAY_DAILY_MISMATCH,stocks_intraday,NSE_EQ|INE242A01010,5m,2,"2/269 full days differ from daily bar: 2026-03-19, 2026-03-30"
WARN,INTRADAY_DAILY_MISMATCH,stocks_intraday,NSE_EQ|INE242A01010,15m,2,"2/269 full days differ from daily bar: 2026-03-19, 2026-03-30"
WARN,INTRADAY_DAILY_MISMATCH,stocks_intraday,NSE_EQ|INE242A01010,60m,2,"2/269 full days differ from daily bar: 2026-03-19, 2026-03-30"
WARN,INTRADAY_DAILY_MISMATCH,stocks_intraday,NSE_EQ|INE245A01021,5m,4,"4/269 full days differ from daily bar: 2026-01-27, 2026-03-23, 2026-04-02 (+1 more)"
WARN,INTRADAY_DAILY_MISMATCH,stocks_intraday,NSE_EQ|INE245A01021,15m,4,"4/269 full days differ from daily bar: 2026-01-27, 2026-03-23, 2026-04-02 (+1 more)"
WARN,INTRADAY_DAILY_MISMATCH,stocks_intraday,NSE_EQ|INE245A01021,60m,4,"4/269 full days differ from daily bar: 2026-01-27, 2026-03-23, 2026-04-02 (+1 more)"
WARN,INTRADAY_DAILY_MISMATCH,stocks_intraday,NSE_EQ|INE249Z01020,5m,6,"6/269 full days differ from daily bar: 2025-09-05, 2025-12-04, 2026-01-27 (+3 more)"
WARN,INTRADAY_DAILY_MISMATCH,stocks_intraday,NSE_EQ|INE249Z01020,15m,6,"6/269 full days differ from daily bar: 2025-09-05, 2025-12-04, 2026-01-27 (+3 more)"
WARN,INTRADAY_DAILY_MISMATCH,stocks_intraday,NSE_EQ|INE249Z01020,60m,6,"6/269 full days differ from daily bar: 2025-09-05, 2025-12-04, 2026-01-27 (+3 more)"
WARN,INTRADAY_DAILY_MISMATCH,stocks_intraday,NSE_EQ|INE257A01026,5m,8,"8/269 full days differ from daily bar: 2026-01-08, 2026-01-09, 2026-02-19 (+5 more)"
WARN,INTRADAY_DAILY_MISMATCH,stocks_intraday,NSE_EQ|INE257A01026,15m,8,"8/269 full days differ from daily bar: 2026-01-08, 2026-01-09, 2026-02-19 (+5 more)"
WARN,INTRADAY_DAILY_MISMATCH,stocks_intraday,NSE_EQ|INE257A01026,60m,8,"8/269 full days differ from daily bar: 2026-01-08, 2026-01-09, 2026-02-19 (+5 more)"
WARN,INTRADAY_DAILY_MISMATCH,stocks_intraday,NSE_EQ|INE259A01022,5m,7,"7/269 full days differ from daily bar: 2025-10-23, 2025-12-09, 2026-02-01 (+4 more)"
WARN,INTRADAY_DAILY_MISMATCH,stocks_intraday,NSE_EQ|INE259A01022,15m,7,"7/269 full days differ from daily bar: 2025-10-23, 2025-12-09, 2026-02-01 (+4 more)"
WARN,INTRADAY_DAILY_MISMATCH,stocks_intraday,NSE_EQ|INE259A01022,60m,7,"7/269 full days differ from daily bar: 2025-10-23, 2025-12-09, 2026-02-01 (+4 more)"
WARN,INTRADAY_DAILY_MISMATCH,stocks_intraday,NSE_EQ|INE263A01024,5m,5,"5/269 full days differ from daily bar: 2025-12-30, 2026-02-01, 2026-02-27 (+2 more)"
WARN,INTRADAY_DAILY_MISMATCH,stocks_intraday,NSE_EQ|INE263A01024,15m,5,"5/269 full days differ from daily bar: 2025-12-30, 2026-02-01, 2026-02-27 (+2 more)"
WARN,INTRADAY_DAILY_MISMATCH,stocks_intraday,NSE_EQ|INE263A01024,60m,5,"5/269 full days differ from daily bar: 2025-12-30, 2026-02-01, 2026-02-27 (+2 more)"
WARN,INTRADAY_DAILY_MISMATCH,stocks_intraday,NSE_EQ|INE267A01025,5m,6,"6/269 full days differ from daily bar: 2026-01-22, 2026-01-28, 2026-02-02 (+3 more)"
WARN,INTRADAY_DAILY_MISMATCH,stocks_intraday,NSE_EQ|INE267A01025,15m,6,"6/269 full days differ from daily bar: 2026-01-22, 2026-01-28, 2026-02-02 (+3 more)"
WARN,INTRADAY_DAILY_MISMATCH,stocks_intraday,NSE_EQ|INE267A01025,60m,6,"6/269 full days differ from daily bar: 2026-01-22, 2026-01-28, 2026-02-02 (+3 more)"
WARN,INTRADAY_DAILY_MISMATCH,stocks_intraday,NSE_EQ|INE271C01023,5m,7,"7/269 full days differ from daily bar: 2025-09-10, 2025-10-29, 2026-01-19 (+4 more)"
WARN,INTRADAY_DAILY_MISMATCH,stocks_intraday,NSE_EQ|INE271C01023,15m,7,"7/269 full days differ from daily bar: 2025-09-10, 2025-10-29, 2026-01-19 (+4 more)"
WARN,INTRADAY_DAILY_MISMATCH,stocks_intraday,NSE_EQ|INE271C01023,60m,7,"7/269 full days differ from daily bar: 2025-09-10, 2025-10-29, 2026-01-19 (+4 more)"
WARN,INTRADAY_DAILY_MISMATCH,stocks_intraday,NSE_EQ|INE280A01028,5m,8,"8/269 full days differ from daily bar: 2025-10-28, 2026-02-01, 2026-02-10 (+5 more)"
WARN,INTRADAY_DAILY_MISMATCH,stocks_intraday,NSE_EQ|INE280A01028,15m,8,"8/269 full days differ from daily bar: 2025-10-28, 2026-02-01, 2026-02-10 (+5 more)"
WARN,INTRADAY_DAILY_MISMATCH,stocks_intraday,NSE_EQ|INE280A01028,60m,8,"8/269 full days differ from daily bar: 2025-10-28, 2026-02-01, 2026-02-10 (+5 more)"
WARN,INTRADAY_DAILY_MISMATCH,stocks_intraday,NSE_EQ|INE296A01032,5m,6,"6/269 full days differ from daily bar: 2026-02-13, 2026-02-19, 2026-02-20 (+3 more)"
WARN,INTRADAY_DAILY_MISMATCH,stocks_intraday,NSE_EQ|INE296A01032,15m,6,"6/269 full days differ from daily bar: 2026-02-13, 2026-02-19, 2026-02-20 (+3 more)"
WARN,INTRADAY_DAILY_MISMATCH,stocks_intraday,NSE_EQ|INE296A01032,60m,6,"6/269 full days differ from daily bar: 2026-02-13, 2026-02-19, 2026-02-20 (+3 more)"
WARN,INTRADAY_DAILY_MISMATCH,stocks_intraday,NSE_EQ|INE397D01024,5m,6,"6/269 full days differ from daily bar: 2026-02-01, 2026-02-06, 2026-02-13 (+3 more)"
WARN,INTRADAY_DAILY_MISMATCH,stocks_intraday,NSE_EQ|INE397D01024,15m,6,"6/269 full days differ from daily bar: 2026-02-01, 2026-02-06, 2026-02-13 (+3 more)"
WARN,INTRADAY_DAILY_MISMATCH,stocks_intraday,NSE_EQ|INE397D01024,60m,6,"6/269 full days differ from daily bar: 2026-02-01, 2026-02-06, 2026-02-13 (+3 more)"
WARN,INTRADAY_DAILY_MISMATCH,stocks_intraday,NSE_EQ|INE423A01024,5m,5,"5/269 full days differ from daily bar: 2025-10-07, 2025-10-29, 2025-11-04 (+2 more)"
WARN,INTRADAY_DAILY_MISMATCH,stocks_intraday,NSE_EQ|INE423A01024,15m,5,"5/269 full days differ from daily bar: 2025-10-07, 2025-10-29, 2025-11-04 (+2 more)"
WARN,INTRADAY_DAILY_MISMATCH,stocks_intraday,NSE_EQ|INE423A01024,60m,5,"5/269 full days differ from daily bar: 2025-10-07, 2025-10-29, 2025-11-04 (+2 more)"
WARN,INTRADAY_DAILY_MISMATCH,stocks_intraday,NSE_EQ|INE437A01024,5m,6,"6/269 full days differ from daily bar: 2026-02-01, 2026-02-19, 2026-03-04 (+3 more)"
WARN,INTRADAY_DAILY_MISMATCH,stocks_intraday,NSE_EQ|INE437A01024,15m,6,"6/269 full days differ from daily bar: 2026-02-01, 2026-02-19, 2026-03-04 (+3 more)"
WARN,INTRADAY_DAILY_MISMATCH,stocks_intraday,NSE_EQ|INE437A01024,60m,6,"6/269 full days differ from daily bar: 2026-02-01, 2026-02-19, 2026-03-04 (+3 more)"
WARN,INTRADAY_DAILY_MISMATCH,stocks_intraday,NSE_EQ|INE455K01017,5m,5,"5/269 full days differ from daily bar: 2025-12-04, 2025-12-16, 2026-01-16 (+2 more)"
WARN,INTRADAY_DAILY_MISMATCH,stocks_intraday,NSE_EQ|INE455K01017,15m,5,"5/269 full days differ from daily bar: 2025-12-04, 2025-12-16, 2026-01-16 (+2 more)"
WARN,INTRADAY_DAILY_MISMATCH,stocks_intraday,NSE_EQ|INE455K01017,60m,5,"5/269 full days differ from daily bar: 2025-12-04, 2025-12-16, 2026-01-16 (+2 more)"
WARN,INTRADAY_DAILY_MISMATCH,stocks_intraday,NSE_EQ|INE467B01029,5m,1,1/269 full days differ from daily bar: 2026-06-19
WARN,INTRADAY_DAILY_MISMATCH,stocks_intraday,NSE_EQ|INE467B01029,15m,1,1/269 full days differ from daily bar: 2026-06-19
WARN,INTRADAY_DAILY_MISMATCH,stocks_intraday,NSE_EQ|INE467B01029,60m,1,1/269 full days differ from daily bar: 2026-06-19
WARN,INTRADAY_DAILY_MISMATCH,stocks_intraday,NSE_EQ|INE476A01022,5m,6,"6/269 full days differ from daily bar: 2025-10-27, 2025-12-10, 2026-02-01 (+3 more)"
WARN,INTRADAY_DAILY_MISMATCH,stocks_intraday,NSE_EQ|INE476A01022,15m,6,"6/269 full days differ from daily bar: 2025-10-27, 2025-12-10, 2026-02-01 (+3 more)"
WARN,INTRADAY_DAILY_MISMATCH,stocks_intraday,NSE_EQ|INE476A01022,60m,6,"6/269 full days differ from daily bar: 2025-10-27, 2025-12-10, 2026-02-01 (+3 more)"
WARN,INTRADAY_DAILY_MISMATCH,stocks_intraday,NSE_EQ|INE481G01011,5m,6,"6/269 full days differ from daily bar: 2025-09-23, 2025-10-21, 2025-12-01 (+3 more)"
WARN,INTRADAY_DAILY_MISMATCH,stocks_intraday,NSE_EQ|INE481G01011,15m,6,"6/269 full days differ from daily bar: 2025-09-23, 2025-10-21, 2025-12-01 (+3 more)"
WARN,INTRADAY_DAILY_MISMATCH,stocks_intraday,NSE_EQ|INE481G01011,60m,6,"6/269 full days differ from daily bar: 2025-09-23, 2025-10-21, 2025-12-01 (+3 more)"
WARN,INTRADAY_DAILY_MISMATCH,stocks_intraday,NSE_EQ|INE494B01023,5m,7,"7/269 full days differ from daily bar: 2026-01-02, 2026-01-22, 2026-03-16 (+4 more)"
WARN,INTRADAY_DAILY_MISMATCH,stocks_intraday,NSE_EQ|INE494B01023,15m,7,"7/269 full days differ from daily bar: 2026-01-02, 2026-01-22, 2026-03-16 (+4 more)"
WARN,INTRADAY_DAILY_MISMATCH,stocks_intraday,NSE_EQ|INE494B01023,60m,7,"7/269 full days differ from daily bar: 2026-01-02, 2026-01-22, 2026-03-16 (+4 more)"
WARN,INTRADAY_DAILY_MISMATCH,stocks_intraday,NSE_EQ|INE522F01014,5m,4,"4/269 full days differ from daily bar: 2026-02-02, 2026-05-14, 2026-05-21 (+1 more)"
WARN,INTRADAY_DAILY_MISMATCH,stocks_intraday,NSE_EQ|INE522F01014,15m,4,"4/269 full days differ from daily bar: 2026-02-02, 2026-05-14, 2026-05-21 (+1 more)"
WARN,INTRADAY_DAILY_MISMATCH,stocks_intraday,NSE_EQ|INE522F01014,60m,4,"4/269 full days differ from daily bar: 2026-02-02, 2026-05-14, 2026-05-21 (+1 more)"
WARN,INTRADAY_DAILY_MISMATCH,stocks_intraday,NSE_EQ|INE528G01035,5m,2,"2/269 full days differ from daily bar: 2026-01-27, 2026-04-17"
WARN,INTRADAY_DAILY_MISMATCH,stocks_intraday,NSE_EQ|INE528G01035,15m,2,"2/269 full days differ from daily bar: 2026-01-27, 2026-04-17"
WARN,INTRADAY_DAILY_MISMATCH,stocks_intraday,NSE_EQ|INE528G01035,60m,2,"2/269 full days differ from daily bar: 2026-01-27, 2026-04-17"
WARN,INTRADAY_DAILY_MISMATCH,stocks_intraday,NSE_EQ|INE584A01023,5m,4,"4/269 full days differ from daily bar: 2026-01-20, 2026-01-27, 2026-02-02 (+1 more)"
WARN,INTRADAY_DAILY_MISMATCH,stocks_intraday,NSE_EQ|INE584A01023,15m,4,"4/269 full days differ from daily bar: 2026-01-20, 2026-01-27, 2026-02-02 (+1 more)"
WARN,INTRADAY_DAILY_MISMATCH,stocks_intraday,NSE_EQ|INE584A01023,60m,4,"4/269 full days differ from daily bar: 2026-01-20, 2026-01-27, 2026-02-02 (+1 more)"
WARN,INTRADAY_DAILY_MISMATCH,stocks_intraday,NSE_EQ|INE585B01010,5m,1,1/269 full days differ from daily bar: 2026-05-29
WARN,INTRADAY_DAILY_MISMATCH,stocks_intraday,NSE_EQ|INE585B01010,15m,1,1/269 full days differ from daily bar: 2026-05-29
WARN,INTRADAY_DAILY_MISMATCH,stocks_intraday,NSE_EQ|INE585B01010,60m,1,1/269 full days differ from daily bar: 2026-05-29
WARN,INTRADAY_DAILY_MISMATCH,stocks_intraday,NSE_EQ|INE591G01025,5m,8,"8/269 full days differ from daily bar: 2025-10-21, 2025-11-18, 2025-12-30 (+5 more)"
WARN,INTRADAY_DAILY_MISMATCH,stocks_intraday,NSE_EQ|INE591G01025,15m,8,"8/269 full days differ from daily bar: 2025-10-21, 2025-11-18, 2025-12-30 (+5 more)"
WARN,INTRADAY_DAILY_MISMATCH,stocks_intraday,NSE_EQ|INE591G01025,60m,8,"8/269 full days differ from daily bar: 2025-10-21, 2025-11-18, 2025-12-30 (+5 more)"
WARN,INTRADAY_DAILY_MISMATCH,stocks_intraday,NSE_EQ|INE646L01027,5m,8,"8/269 full days differ from daily bar: 2025-09-29, 2025-12-19, 2026-04-02 (+5 more)"
WARN,INTRADAY_DAILY_MISMATCH,stocks_intraday,NSE_EQ|INE646L01027,15m,8,"8/269 full days differ from daily bar: 2025-09-29, 2025-12-19, 2026-04-02 (+5 more)"
WARN,INTRADAY_DAILY_MISMATCH,stocks_intraday,NSE_EQ|INE646L01027,60m,8,"8/269 full days differ from daily bar: 2025-09-29, 2025-12-19, 2026-04-02 (+5 more)"
WARN,INTRADAY_DAILY_MISMATCH,stocks_intraday,NSE_EQ|INE669C01036,5m,4,"4/269 full days differ from daily bar: 2026-02-11, 2026-03-19, 2026-03-30 (+1 more)"
WARN,INTRADAY_DAILY_MISMATCH,stocks_intraday,NSE_EQ|INE669C01036,15m,4,"4/269 full days differ from daily bar: 2026-02-11, 2026-03-19, 2026-03-30 (+1 more)"
WARN,INTRADAY_DAILY_MISMATCH,stocks_intraday,NSE_EQ|INE669C01036,60m,4,"4/269 full days differ from daily bar: 2026-02-11, 2026-03-19, 2026-03-30 (+1 more)"
WARN,INTRADAY_DAILY_MISMATCH,stocks_intraday,NSE_EQ|INE670A01012,5m,6,"6/269 full days differ from daily bar: 2025-11-24, 2025-12-18, 2025-12-31 (+3 more)"
WARN,INTRADAY_DAILY_MISMATCH,stocks_intraday,NSE_EQ|INE670A01012,15m,6,"6/269 full days differ from daily bar: 2025-11-24, 2025-12-18, 2025-12-31 (+3 more)"
WARN,INTRADAY_DAILY_MISMATCH,stocks_intraday,NSE_EQ|INE670A01012,60m,6,"6/269 full days differ from daily bar: 2025-11-24, 2025-12-18, 2025-12-31 (+3 more)"
WARN,INTRADAY_DAILY_MISMATCH,stocks_intraday,NSE_EQ|INE692A01016,5m,3,"3/269 full days differ from daily bar: 2025-12-10, 2026-02-05, 2026-03-27"
WARN,INTRADAY_DAILY_MISMATCH,stocks_intraday,NSE_EQ|INE692A01016,15m,3,"3/269 full days differ from daily bar: 2025-12-10, 2026-02-05, 2026-03-27"
WARN,INTRADAY_DAILY_MISMATCH,stocks_intraday,NSE_EQ|INE692A01016,60m,3,"3/269 full days differ from daily bar: 2025-12-10, 2026-02-05, 2026-03-27"
WARN,INTRADAY_DAILY_MISMATCH,stocks_intraday,NSE_EQ|INE721A01047,5m,8,"8/269 full days differ from daily bar: 2025-09-05, 2025-11-28, 2025-12-15 (+5 more)"
WARN,INTRADAY_DAILY_MISMATCH,stocks_intraday,NSE_EQ|INE721A01047,15m,8,"8/269 full days differ from daily bar: 2025-09-05, 2025-11-28, 2025-12-15 (+5 more)"
WARN,INTRADAY_DAILY_MISMATCH,stocks_intraday,NSE_EQ|INE721A01047,60m,8,"8/269 full days differ from daily bar: 2025-09-05, 2025-11-28, 2025-12-15 (+5 more)"
WARN,INTRADAY_DAILY_MISMATCH,stocks_intraday,NSE_EQ|INE733E01010,5m,7,"7/269 full days differ from daily bar: 2025-09-29, 2026-01-08, 2026-01-30 (+4 more)"
WARN,INTRADAY_DAILY_MISMATCH,stocks_intraday,NSE_EQ|INE733E01010,15m,7,"7/269 full days differ from daily bar: 2025-09-29, 2026-01-08, 2026-01-30 (+4 more)"
WARN,INTRADAY_DAILY_MISMATCH,stocks_intraday,NSE_EQ|INE733E01010,60m,7,"7/269 full days differ from daily bar: 2025-09-29, 2026-01-08, 2026-01-30 (+4 more)"
WARN,INTRADAY_DAILY_MISMATCH,stocks_intraday,NSE_EQ|INE736A01011,5m,1,1/269 full days differ from daily bar: 2026-01-27
WARN,INTRADAY_DAILY_MISMATCH,stocks_intraday,NSE_EQ|INE736A01011,15m,1,1/269 full days differ from daily bar: 2026-01-27
WARN,INTRADAY_DAILY_MISMATCH,stocks_intraday,NSE_EQ|INE736A01011,60m,1,1/269 full days differ from daily bar: 2026-01-27
WARN,INTRADAY_DAILY_MISMATCH,stocks_intraday,NSE_EQ|INE742F01042,5m,7,"7/269 full days differ from daily bar: 2025-09-29, 2026-01-20, 2026-02-13 (+4 more)"
WARN,INTRADAY_DAILY_MISMATCH,stocks_intraday,NSE_EQ|INE742F01042,15m,7,"7/269 full days differ from daily bar: 2025-09-29, 2026-01-20, 2026-02-13 (+4 more)"
WARN,INTRADAY_DAILY_MISMATCH,stocks_intraday,NSE_EQ|INE742F01042,60m,7,"7/269 full days differ from daily bar: 2025-09-29, 2026-01-20, 2026-02-13 (+4 more)"
WARN,INTRADAY_DAILY_MISMATCH,stocks_intraday,NSE_EQ|INE752E01010,5m,3,"3/269 full days differ from daily bar: 2026-03-02, 2026-03-23, 2026-05-29"
WARN,INTRADAY_DAILY_MISMATCH,stocks_intraday,NSE_EQ|INE752E01010,15m,3,"3/269 full days differ from daily bar: 2026-03-02, 2026-03-23, 2026-05-29"
WARN,INTRADAY_DAILY_MISMATCH,stocks_intraday,NSE_EQ|INE752E01010,60m,3,"3/269 full days differ from daily bar: 2026-03-02, 2026-03-23, 2026-05-29"
WARN,INTRADAY_DAILY_MISMATCH,stocks_intraday,NSE_EQ|INE758E01017,5m,1,1/269 full days differ from daily bar: 2026-06-04
WARN,INTRADAY_DAILY_MISMATCH,stocks_intraday,NSE_EQ|INE758E01017,15m,1,1/269 full days differ from daily bar: 2026-06-04
WARN,INTRADAY_DAILY_MISMATCH,stocks_intraday,NSE_EQ|INE758E01017,60m,1,1/269 full days differ from daily bar: 2026-06-04
WARN,INTRADAY_DAILY_MISMATCH,stocks_intraday,NSE_EQ|INE795G01014,5m,3,"3/269 full days differ from daily bar: 2026-01-27, 2026-02-24, 2026-06-23"
WARN,INTRADAY_DAILY_MISMATCH,stocks_intraday,NSE_EQ|INE795G01014,15m,3,"3/269 full days differ from daily bar: 2026-01-27, 2026-02-24, 2026-06-23"
WARN,INTRADAY_DAILY_MISMATCH,stocks_intraday,NSE_EQ|INE795G01014,60m,3,"3/269 full days differ from daily bar: 2026-01-27, 2026-02-24, 2026-06-23"
WARN,INTRADAY_DAILY_MISMATCH,stocks_intraday,NSE_EQ|INE848E01016,5m,5,"5/269 full days differ from daily bar: 2026-01-27, 2026-02-01, 2026-03-30 (+2 more)"
WARN,INTRADAY_DAILY_MISMATCH,stocks_intraday,NSE_EQ|INE848E01016,15m,5,"5/269 full days differ from daily bar: 2026-01-27, 2026-02-01, 2026-03-30 (+2 more)"
WARN,INTRADAY_DAILY_MISMATCH,stocks_intraday,NSE_EQ|INE848E01016,60m,5,"5/269 full days differ from daily bar: 2026-01-27, 2026-02-01, 2026-03-30 (+2 more)"
WARN,INTRADAY_DAILY_MISMATCH,stocks_intraday,NSE_EQ|INE849A01020,5m,4,"4/269 full days differ from daily bar: 2025-10-06, 2026-01-27, 2026-01-30 (+1 more)"
WARN,INTRADAY_DAILY_MISMATCH,stocks_intraday,NSE_EQ|INE849A01020,15m,4,"4/269 full days differ from daily bar: 2025-10-06, 2026-01-27, 2026-01-30 (+1 more)"
WARN,INTRADAY_DAILY_MISMATCH,stocks_intraday,NSE_EQ|INE849A01020,60m,4,"4/269 full days differ from daily bar: 2025-10-06, 2026-01-27, 2026-01-30 (+1 more)"
WARN,INTRADAY_DAILY_MISMATCH,stocks_intraday,NSE_EQ|INE854D01024,5m,7,"7/269 full days differ from daily bar: 2025-09-30, 2025-11-18, 2025-12-17 (+4 more)"
WARN,INTRADAY_DAILY_MISMATCH,stocks_intraday,NSE_EQ|INE854D01024,15m,7,"7/269 full days differ from daily bar: 2025-09-30, 2025-11-18, 2025-12-17 (+4 more)"
WARN,INTRADAY_DAILY_MISMATCH,stocks_intraday,NSE_EQ|INE854D01024,60m,7,"7/269 full days differ from daily bar: 2025-09-30, 2025-11-18, 2025-12-17 (+4 more)"
WARN,INTRADAY_DAILY_MISMATCH,stocks_intraday,NSE_EQ|INE860A01027,5m,2,"2/269 full days differ from daily bar: 2026-02-27, 2026-04-02"
WARN,INTRADAY_DAILY_MISMATCH,stocks_intraday,NSE_EQ|INE860A01027,15m,2,"2/269 full days differ from daily bar: 2026-02-27, 2026-04-02"
WARN,INTRADAY_DAILY_MISMATCH,stocks_intraday,NSE_EQ|INE860A01027,60m,2,"2/269 full days differ from daily bar: 2026-02-27, 2026-04-02"
WARN,INTRADAY_DAILY_MISMATCH,stocks_intraday,NSE_EQ|INE881D01027,5m,7,"7/269 full days differ from daily bar: 2026-01-27, 2026-02-27, 2026-04-21 (+4 more)"
WARN,INTRADAY_DAILY_MISMATCH,stocks_intraday,NSE_EQ|INE881D01027,15m,7,"7/269 full days differ from daily bar: 2026-01-27, 2026-02-27, 2026-04-21 (+4 more)"
WARN,INTRADAY_DAILY_MISMATCH,stocks_intraday,NSE_EQ|INE881D01027,60m,7,"7/269 full days differ from daily bar: 2026-01-27, 2026-02-27, 2026-04-21 (+4 more)"
WARN,INTRADAY_DAILY_MISMATCH,stocks_intraday,NSE_EQ|INE917I01010,5m,3,"3/269 full days differ from daily bar: 2026-04-20, 2026-05-06, 2026-06-23"
WARN,INTRADAY_DAILY_MISMATCH,stocks_intraday,NSE_EQ|INE917I01010,15m,3,"3/269 full days differ from daily bar: 2026-04-20, 2026-05-06, 2026-06-23"
WARN,INTRADAY_DAILY_MISMATCH,stocks_intraday,NSE_EQ|INE917I01010,60m,3,"3/269 full days differ from daily bar: 2026-04-20, 2026-05-06, 2026-06-23"
WARN,INTRADAY_DAILY_MISMATCH,index_intraday,NSE_INDEX|Nifty 50,5m,4,"4/1085 full days differ from daily bar: 2022-03-07, 2022-09-07, 2022-11-28 (+1 more)"
WARN,INTRADAY_DAILY_MISMATCH,index_intraday,NSE_INDEX|Nifty 50,15m,4,"4/1085 full days differ from daily bar: 2022-03-07, 2022-09-07, 2022-11-28 (+1 more)"
WARN,INTRADAY_DAILY_MISMATCH,index_intraday,NSE_INDEX|Nifty 50,60m,5,"5/1174 full days differ from daily bar: 2022-03-07, 2022-04-19, 2022-09-07 (+2 more)"
WARN,LEDGER_FAILED,universe_daily,NSE_EQ|INE0K9O01026,,1,fetch returned no candles; R2 left untouched
WARN,LEDGER_FAILED,universe_daily,NSE_EQ|INE685T01010,,1,fetch returned no candles; R2 left untouched
WARN,LEDGER_FAILED,indices_daily,NSE_INDEX|BHARATBOND-APR30,,1,fetch returned no candles; R2 left untouched
WARN,LEDGER_FAILED,indices_daily,NSE_INDEX|BHARATBOND-APR31,,1,fetch returned no candles; R2 left untouched
WARN,LEDGER_FAILED,indices_daily,NSE_INDEX|BHARATBOND-APR32,,1,fetch returned no candles; R2 left untouched
WARN,LEDGER_FAILED,indices_daily,NSE_INDEX|BHARATBOND-APR33,,1,fetch returned no candles; R2 left untouched
WARN,LEDGER_STALE,universe_daily,NSE_EQ|INE0LZF01013,,1,last_success_at 2026-08-24T14:46:22
WARN,LEDGER_STALE,universe_daily,NSE_EQ|INE0NLT01010,,1,last_success_at 2026-09-16T15:14:34
WARN,LEDGER_STALE,universe_daily,NSE_EQ|INE105I01020,,1,last_success_at 2026-09-14T13:18:16
WARN,LEDGER_STALE,universe_daily,NSE_EQ|INE24OJ01011,,1,last_success_at 2026-09-16T15:21:24
WARN,LEDGER_STALE,universe_daily,NSE_EQ|INE252A01019,,1,last_success_at 2026-09-14T13:20:06
WARN,LEDGER_STALE,universe_daily,NSE_EQ|INE524T01011,,1,last_success_at 2026-09-16T15:16:10
WARN,LEDGER_STALE,universe_daily,NSE_EQ|INE657B01025,,1,last_success_at 2026-09-14T13:10:26
WARN,LEDGER_STALE,universe_daily,NSE_EQ|INE670X01014,,1,last_success_at 2026-09-14T13:17:18
WARN,LEDGER_STALE,universe_daily,NSE_EQ|INE887D01016,,1,last_success_at 2026-08-24T14:47:17
WARN,LEDGER_STALE,universe_daily,NSE_EQ|INF740KA1RE3,,1,last_success_at 2026-08-24T14:31:16
WARN,LEDGER_STALE,universe_daily,NSE_EQ|INF740KA1SW3,,1,last_success_at 2026-08-24T14:32:31
WARN,OFF_SESSION_BAR,stocks_intraday,NSE_EQ|INE002A01018,60m,1,1 off-session/off-grid bars on 2025-10-21
WARN,OFF_SESSION_BAR,stocks_intraday,NSE_EQ|INE003A01024,60m,1,1 off-session/off-grid bars on 2025-10-21
WARN,OFF_SESSION_BAR,stocks_intraday,NSE_EQ|INE006I01046,60m,1,1 off-session/off-grid bars on 2025-10-21
WARN,OFF_SESSION_BAR,stocks_intraday,NSE_EQ|INE009A01021,60m,1,1 off-session/off-grid bars on 2025-10-21
WARN,OFF_SESSION_BAR,stocks_intraday,NSE_EQ|INE00H001014,60m,1,1 off-session/off-grid bars on 2025-10-21
WARN,OFF_SESSION_BAR,stocks_intraday,NSE_EQ|INE00R701025,60m,1,1 off-session/off-grid bars on 2025-10-21
WARN,OFF_SESSION_BAR,stocks_intraday,NSE_EQ|INE010B01027,60m,1,1 off-session/off-grid bars on 2025-10-21
WARN,OFF_SESSION_BAR,stocks_intraday,NSE_EQ|INE016A01026,60m,1,1 off-session/off-grid bars on 2025-10-21
WARN,OFF_SESSION_BAR,stocks_intraday,NSE_EQ|INE018A01030,60m,1,1 off-session/off-grid bars on 2025-10-21
WARN,OFF_SESSION_BAR,stocks_intraday,NSE_EQ|INE018E01016,60m,1,1 off-session/off-grid bars on 2025-10-21
WARN,OFF_SESSION_BAR,stocks_intraday,NSE_EQ|INE019A01038,60m,1,1 off-session/off-grid bars on 2025-10-21
WARN,OFF_SESSION_BAR,stocks_intraday,NSE_EQ|INE01EA01019,60m,1,1 off-session/off-grid bars on 2025-10-21
WARN,OFF_SESSION_BAR,stocks_intraday,NSE_EQ|INE020B01018,60m,1,1 off-session/off-grid bars on 2025-10-21
WARN,OFF_SESSION_BAR,stocks_intraday,NSE_EQ|INE021A01026,60m,1,1 off-session/off-grid bars on 2025-10-21
WARN,OFF_SESSION_BAR,stocks_intraday,NSE_EQ|INE022Q01020,60m,1,1 off-session/off-grid bars on 2025-10-21
WARN,OFF_SESSION_BAR,stocks_intraday,NSE_EQ|INE027H01010,60m,1,1 off-session/off-grid bars on 2025-10-21
WARN,OFF_SESSION_BAR,stocks_intraday,NSE_EQ|INE028A01039,60m,1,1 off-session/off-grid bars on 2025-10-21
WARN,OFF_SESSION_BAR,stocks_intraday,NSE_EQ|INE029A01011,60m,1,1 off-session/off-grid bars on 2025-10-21
WARN,OFF_SESSION_BAR,stocks_intraday,NSE_EQ|INE030A01027,60m,1,1 off-session/off-grid bars on 2025-10-21
WARN,OFF_SESSION_BAR,stocks_intraday,NSE_EQ|INE038A01020,60m,1,1 off-session/off-grid bars on 2025-10-21
WARN,OFF_SESSION_BAR,stocks_intraday,NSE_EQ|INE040A01034,60m,1,1 off-session/off-grid bars on 2025-10-21
WARN,OFF_SESSION_BAR,stocks_intraday,NSE_EQ|INE040H01021,60m,1,1 off-session/off-grid bars on 2025-10-21
WARN,OFF_SESSION_BAR,stocks_intraday,NSE_EQ|INE044A01036,60m,1,1 off-session/off-grid bars on 2025-10-21
WARN,OFF_SESSION_BAR,stocks_intraday,NSE_EQ|INE047A01021,60m,1,1 off-session/off-grid bars on 2025-10-21
WARN,OFF_SESSION_BAR,stocks_intraday,NSE_EQ|INE04I401011,60m,1,1 off-session/off-grid bars on 2025-10-21
WARN,OFF_SESSION_BAR,stocks_intraday,NSE_EQ|INE053A01029,60m,1,1 off-session/off-grid bars on 2025-10-21
WARN,OFF_SESSION_BAR,stocks_intraday,NSE_EQ|INE053F01010,60m,1,1 off-session/off-grid bars on 2025-10-21
WARN,OFF_SESSION_BAR,stocks_intraday,NSE_EQ|INE059A01026,60m,1,1 off-session/off-grid bars on 2025-10-21
WARN,OFF_SESSION_BAR,stocks_intraday,NSE_EQ|INE061F01013,60m,1,1 off-session/off-grid bars on 2025-10-21
WARN,OFF_SESSION_BAR,stocks_intraday,NSE_EQ|INE062A01020,60m,1,1 off-session/off-grid bars on 2025-10-21
WARN,OFF_SESSION_BAR,stocks_intraday,NSE_EQ|INE066A01021,60m,1,1 off-session/off-grid bars on 2025-10-21
WARN,OFF_SESSION_BAR,stocks_intraday,NSE_EQ|INE066F01020,60m,1,1 off-session/off-grid bars on 2025-10-21
WARN,OFF_SESSION_BAR,stocks_intraday,NSE_EQ|INE066P01011,60m,1,1 off-session/off-grid bars on 2025-10-21
WARN,OFF_SESSION_BAR,stocks_intraday,NSE_EQ|INE067A01029,60m,1,1 off-session/off-grid bars on 2025-10-21
WARN,OFF_SESSION_BAR,stocks_intraday,NSE_EQ|INE070A01015,60m,1,1 off-session/off-grid bars on 2025-10-21
WARN,OFF_SESSION_BAR,stocks_intraday,NSE_EQ|INE073K01018,60m,1,1 off-session/off-grid bars on 2025-10-21
WARN,OFF_SESSION_BAR,stocks_intraday,NSE_EQ|INE075A01022,60m,1,1 off-session/off-grid bars on 2025-10-21
WARN,OFF_SESSION_BAR,stocks_intraday,NSE_EQ|INE079A01024,60m,1,1 off-session/off-grid bars on 2025-10-21
WARN,OFF_SESSION_BAR,stocks_intraday,NSE_EQ|INE07Y701011,60m,1,1 off-session/off-grid bars on 2025-10-21
WARN,OFF_SESSION_BAR,stocks_intraday,NSE_EQ|INE081A01020,60m,1,1 off-session/off-grid bars on 2025-10-21
WARN,OFF_SESSION_BAR,stocks_intraday,NSE_EQ|INE084A01016,60m,1,1 off-session/off-grid bars on 2025-10-21
WARN,OFF_SESSION_BAR,stocks_intraday,NSE_EQ|INE089A01031,60m,1,1 off-session/off-grid bars on 2025-10-21
WARN,OFF_SESSION_BAR,stocks_intraday,NSE_EQ|INE090A01021,60m,1,1 off-session/off-grid bars on 2025-10-21
WARN,OFF_SESSION_BAR,stocks_intraday,NSE_EQ|INE092T01019,60m,1,1 off-session/off-grid bars on 2025-10-21
WARN,OFF_SESSION_BAR,stocks_intraday,NSE_EQ|INE093I01010,60m,1,1 off-session/off-grid bars on 2025-10-21
WARN,OFF_SESSION_BAR,stocks_intraday,NSE_EQ|INE094A01015,60m,1,1 off-session/off-grid bars on 2025-10-21
WARN,OFF_SESSION_BAR,stocks_intraday,NSE_EQ|INE095A01012,60m,1,1 off-session/off-grid bars on 2025-10-21
WARN,OFF_SESSION_BAR,stocks_intraday,NSE_EQ|INE095N01031,60m,1,1 off-session/off-grid bars on 2025-10-21
WARN,OFF_SESSION_BAR,stocks_intraday,NSE_EQ|INE0BS701011,60m,1,1 off-session/off-grid bars on 2025-10-21
WARN,OFF_SESSION_BAR,stocks_intraday,NSE_EQ|INE0J1Y01017,60m,1,1 off-session/off-grid bars on 2025-10-21
WARN,OFF_SESSION_BAR,stocks_intraday,NSE_EQ|INE0V6F01027,60m,1,1 off-session/off-grid bars on 2025-10-21
WARN,OFF_SESSION_BAR,stocks_intraday,NSE_EQ|INE101A01026,60m,1,1 off-session/off-grid bars on 2025-10-21
WARN,OFF_SESSION_BAR,stocks_intraday,NSE_EQ|INE102D01028,60m,1,1 off-session/off-grid bars on 2025-10-21
WARN,OFF_SESSION_BAR,stocks_intraday,NSE_EQ|INE111A01025,60m,1,1 off-session/off-grid bars on 2025-10-21
WARN,OFF_SESSION_BAR,stocks_intraday,NSE_EQ|INE114A01011,60m,1,1 off-session/off-grid bars on 2025-10-21
WARN,OFF_SESSION_BAR,stocks_intraday,NSE_EQ|INE115A01026,60m,1,1 off-session/off-grid bars on 2025-10-21
WARN,OFF_SESSION_BAR,stocks_intraday,NSE_EQ|INE117A01022,60m,1,1 off-session/off-grid bars on 2025-10-21
WARN,OFF_SESSION_BAR,stocks_intraday,NSE_EQ|INE118A01012,60m,1,1 off-session/off-grid bars on 2025-10-21
WARN,OFF_SESSION_BAR,stocks_intraday,NSE_EQ|INE118H01025,60m,1,1 off-session/off-grid bars on 2025-10-21
WARN,OFF_SESSION_BAR,stocks_intraday,NSE_EQ|INE121A01024,60m,1,1 off-session/off-grid bars on 2025-10-21
WARN,OFF_SESSION_BAR,stocks_intraday,NSE_EQ|INE121E01018,60m,1,1 off-session/off-grid bars on 2025-10-21
WARN,OFF_SESSION_BAR,stocks_intraday,NSE_EQ|INE121J01017,60m,1,1 off-session/off-grid bars on 2025-10-21
WARN,OFF_SESSION_BAR,stocks_intraday,NSE_EQ|INE123W01016,60m,1,1 off-session/off-grid bars on 2025-10-21
WARN,OFF_SESSION_BAR,stocks_intraday,NSE_EQ|INE127D01025,60m,1,1 off-session/off-grid bars on 2025-10-21
WARN,OFF_SESSION_BAR,stocks_intraday,NSE_EQ|INE129A01019,60m,1,1 off-session/off-grid bars on 2025-10-21
WARN,OFF_SESSION_BAR,stocks_intraday,NSE_EQ|INE134E01011,60m,1,1 off-session/off-grid bars on 2025-10-21
WARN,OFF_SESSION_BAR,stocks_intraday,NSE_EQ|INE138Y01010,60m,1,1 off-session/off-grid bars on 2025-10-21
WARN,OFF_SESSION_BAR,stocks_intraday,NSE_EQ|INE139A01034,60m,1,1 off-session/off-grid bars on 2025-10-21
WARN,OFF_SESSION_BAR,stocks_intraday,NSE_EQ|INE148O01028,60m,1,1 off-session/off-grid bars on 2025-10-21
WARN,OFF_SESSION_BAR,stocks_intraday,NSE_EQ|INE154A01025,60m,1,1 off-session/off-grid bars on 2025-10-21
WARN,OFF_SESSION_BAR,stocks_intraday,NSE_EQ|INE155A01022,60m,1,1 off-session/off-grid bars on 2025-10-21
WARN,OFF_SESSION_BAR,stocks_intraday,NSE_EQ|INE158A01026,60m,1,1 off-session/off-grid bars on 2025-10-21
WARN,OFF_SESSION_BAR,stocks_intraday,NSE_EQ|INE160A01022,60m,1,1 off-session/off-grid bars on 2025-10-21
WARN,OFF_SESSION_BAR,stocks_intraday,NSE_EQ|INE171A01029,60m,1,1 off-session/off-grid bars on 2025-10-21
WARN,OFF_SESSION_BAR,stocks_intraday,NSE_EQ|INE171Z01026,60m,1,1 off-session/off-grid bars on 2025-10-21
WARN,OFF_SESSION_BAR,stocks_intraday,NSE_EQ|INE176B01034,60m,1,1 off-session/off-grid bars on 2025-10-21
WARN,OFF_SESSION_BAR,stocks_intraday,NSE_EQ|INE180A01020,60m,1,1 off-session/off-grid bars on 2025-10-21
WARN,OFF_SESSION_BAR,stocks_intraday,NSE_EQ|INE192A01025,60m,1,1 off-session/off-grid bars on 2025-10-21
WARN,OFF_SESSION_BAR,stocks_intraday,NSE_EQ|INE192R01011,60m,1,1 off-session/off-grid bars on 2025-10-21
WARN,OFF_SESSION_BAR,stocks_intraday,NSE_EQ|INE195A01028,60m,1,1 off-session/off-grid bars on 2025-10-21
WARN,OFF_SESSION_BAR,stocks_intraday,NSE_EQ|INE196A01026,60m,1,1 off-session/off-grid bars on 2025-10-21
WARN,OFF_SESSION_BAR,stocks_intraday,NSE_EQ|INE200A01026,60m,1,1 off-session/off-grid bars on 2025-10-21
WARN,OFF_SESSION_BAR,stocks_intraday,NSE_EQ|INE200M01039,60m,1,1 off-session/off-grid bars on 2025-10-21
WARN,OFF_SESSION_BAR,stocks_intraday,NSE_EQ|INE202E01016,60m,1,1 off-session/off-grid bars on 2025-10-21
WARN,OFF_SESSION_BAR,stocks_intraday,NSE_EQ|INE205A01025,60m,1,1 off-session/off-grid bars on 2025-10-21
WARN,OFF_SESSION_BAR,stocks_intraday,NSE_EQ|INE208A01029,60m,1,1 off-session/off-grid bars on 2025-10-21
WARN,OFF_SESSION_BAR,stocks_intraday,NSE_EQ|INE211B01039,60m,1,1 off-session/off-grid bars on 2025-10-21
WARN,OFF_SESSION_BAR,stocks_intraday,NSE_EQ|INE213A01029,60m,1,1 off-session/off-grid bars on 2025-10-21
WARN,OFF_SESSION_BAR,stocks_intraday,NSE_EQ|INE214T01019,60m,1,1 off-session/off-grid bars on 2025-10-21
WARN,OFF_SESSION_BAR,stocks_intraday,NSE_EQ|INE216A01030,60m,1,1 off-session/off-grid bars on 2025-10-21
WARN,OFF_SESSION_BAR,stocks_intraday,NSE_EQ|INE226A01021,60m,1,1 off-session/off-grid bars on 2025-10-21
WARN,OFF_SESSION_BAR,stocks_intraday,NSE_EQ|INE237A01036,60m,1,1 off-session/off-grid bars on 2025-10-21
WARN,OFF_SESSION_BAR,stocks_intraday,NSE_EQ|INE238A01034,60m,1,1 off-session/off-grid bars on 2025-10-21
WARN,OFF_SESSION_BAR,stocks_intraday,NSE_EQ|INE239A01024,60m,1,1 off-session/off-grid bars on 2025-10-21
WARN,OFF_SESSION_BAR,stocks_intraday,NSE_EQ|INE242A01010,60m,1,1 off-session/off-grid bars on 2025-10-21
WARN,OFF_SESSION_BAR,stocks_intraday,NSE_EQ|INE245A01021,60m,1,1 off-session/off-grid bars on 2025-10-21
WARN,OFF_SESSION_BAR,stocks_intraday,NSE_EQ|INE249Z01020,60m,1,1 off-session/off-grid bars on 2025-10-21
WARN,OFF_SESSION_BAR,stocks_intraday,NSE_EQ|INE257A01026,60m,1,1 off-session/off-grid bars on 2025-10-21
WARN,OFF_SESSION_BAR,stocks_intraday,NSE_EQ|INE259A01022,60m,1,1 off-session/off-grid bars on 2025-10-21
WARN,OFF_SESSION_BAR,stocks_intraday,NSE_EQ|INE260B01028,60m,1,1 off-session/off-grid bars on 2025-10-21
WARN,OFF_SESSION_BAR,stocks_intraday,NSE_EQ|INE262H01021,60m,1,1 off-session/off-grid bars on 2025-10-21
WARN,OFF_SESSION_BAR,stocks_intraday,NSE_EQ|INE263A01024,60m,1,1 off-session/off-grid bars on 2025-10-21
WARN,OFF_SESSION_BAR,stocks_intraday,NSE_EQ|INE267A01025,60m,1,1 off-session/off-grid bars on 2025-10-21
WARN,OFF_SESSION_BAR,stocks_intraday,NSE_EQ|INE271C01023,60m,1,1 off-session/off-grid bars on 2025-10-21
WARN,OFF_SESSION_BAR,stocks_intraday,NSE_EQ|INE274J01014,60m,1,1 off-session/off-grid bars on 2025-10-21
WARN,OFF_SESSION_BAR,stocks_intraday,NSE_EQ|INE280A01028,60m,1,1 off-session/off-grid bars on 2025-10-21
WARN,OFF_SESSION_BAR,stocks_intraday,NSE_EQ|INE296A01032,60m,1,1 off-session/off-grid bars on 2025-10-21
WARN,OFF_SESSION_BAR,stocks_intraday,NSE_EQ|INE298A01020,60m,1,1 off-session/off-grid bars on 2025-10-21
WARN,OFF_SESSION_BAR,stocks_intraday,NSE_EQ|INE298J01013,60m,1,1 off-session/off-grid bars on 2025-10-21
WARN,OFF_SESSION_BAR,stocks_intraday,NSE_EQ|INE299U01018,60m,1,1 off-session/off-grid bars on 2025-10-21
WARN,OFF_SESSION_BAR,stocks_intraday,NSE_EQ|INE303R01014,60m,1,1 off-session/off-grid bars on 2025-10-21
WARN,OFF_SESSION_BAR,stocks_intraday,NSE_EQ|INE318A01026,60m,1,1 off-session/off-grid bars on 2025-10-21
WARN,OFF_SESSION_BAR,stocks_intraday,NSE_EQ|INE323A01026,60m,1,1 off-session/off-grid bars on 2025-10-21
WARN,OFF_SESSION_BAR,stocks_intraday,NSE_EQ|INE326A01037,60m,1,1 off-session/off-grid bars on 2025-10-21
WARN,OFF_SESSION_BAR,stocks_intraday,NSE_EQ|INE338I01027,60m,1,1 off-session/off-grid bars on 2025-10-21
WARN,OFF_SESSION_BAR,stocks_intraday,NSE_EQ|INE343H01029,60m,1,1 off-session/off-grid bars on 2025-10-21
WARN,OFF_SESSION_BAR,stocks_intraday,NSE_EQ|INE347G01014,60m,1,1 off-session/off-grid bars on 2025-10-21
WARN,OFF_SESSION_BAR,stocks_intraday,NSE_EQ|INE356A01018,60m,1,1 off-session/off-grid bars on 2025-10-21
WARN,OFF_SESSION_BAR,stocks_intraday,NSE_EQ|INE361B01024,60m,1,1 off-session/off-grid bars on 2025-10-21
WARN,OFF_SESSION_BAR,stocks_intraday,NSE_EQ|INE364U01010,60m,1,1 off-session/off-grid bars on 2025-10-21
WARN,OFF_SESSION_BAR,stocks_intraday,NSE_EQ|INE371P01015,60m,1,1 off-session/off-grid bars on 2025-10-21
WARN,OFF_SESSION_BAR,stocks_intraday,NSE_EQ|INE376G01013,60m,1,1 off-session/off-grid bars on 2025-10-21
WARN,OFF_SESSION_BAR,stocks_intraday,NSE_EQ|INE377N01017,60m,1,1 off-session/off-grid bars on 2025-10-21
WARN,OFF_SESSION_BAR,stocks_intraday,NSE_EQ|INE388Y01029,60m,1,1 off-session/off-grid bars on 2025-10-21
WARN,OFF_SESSION_BAR,stocks_intraday,NSE_EQ|INE397D01024,60m,1,1 off-session/off-grid bars on 2025-10-21
WARN,OFF_SESSION_BAR,stocks_intraday,NSE_EQ|INE405E01023,60m,1,1 off-session/off-grid bars on 2025-10-21
WARN,OFF_SESSION_BAR,stocks_intraday,NSE_EQ|INE406A01037,60m,1,1 off-session/off-grid bars on 2025-10-21
WARN,OFF_SESSION_BAR,stocks_intraday,NSE_EQ|INE414G01012,60m,1,1 off-session/off-grid bars on 2025-10-21
WARN,OFF_SESSION_BAR,stocks_intraday,NSE_EQ|INE415G01027,60m,1,1 off-session/off-grid bars on 2025-10-21
WARN,OFF_SESSION_BAR,stocks_intraday,NSE_EQ|INE417T01026,60m,1,1 off-session/off-grid bars on 2025-10-21
WARN,OFF_SESSION_BAR,stocks_intraday,NSE_EQ|INE423A01024,60m,1,1 off-session/off-grid bars on 2025-10-21
WARN,OFF_SESSION_BAR,stocks_intraday,NSE_EQ|INE437A01024,60m,1,1 off-session/off-grid bars on 2025-10-21
WARN,OFF_SESSION_BAR,stocks_intraday,NSE_EQ|INE451A01017,60m,1,1 off-session/off-grid bars on 2025-10-21
WARN,OFF_SESSION_BAR,stocks_intraday,NSE_EQ|INE455K01017,60m,1,1 off-session/off-grid bars on 2025-10-21
WARN,OFF_SESSION_BAR,stocks_intraday,NSE_EQ|INE457L01029,60m,1,1 off-session/off-grid bars on 2025-10-21
WARN,OFF_SESSION_BAR,stocks_intraday,NSE_EQ|INE465A01025,60m,1,1 off-session/off-grid bars on 2025-10-21
WARN,OFF_SESSION_BAR,stocks_intraday,NSE_EQ|INE466L01038,60m,1,1 off-session/off-grid bars on 2025-10-21
WARN,OFF_SESSION_BAR,stocks_intraday,NSE_EQ|INE467B01029,60m,1,1 off-session/off-grid bars on 2025-10-21
WARN,OFF_SESSION_BAR,stocks_intraday,NSE_EQ|INE472A01039,60m,1,1 off-session/off-grid bars on 2025-10-21
WARN,OFF_SESSION_BAR,stocks_intraday,NSE_EQ|INE476A01022,60m,1,1 off-session/off-grid bars on 2025-10-21
WARN,OFF_SESSION_BAR,stocks_intraday,NSE_EQ|INE481G01011,60m,1,1 off-session/off-grid bars on 2025-10-21
WARN,OFF_SESSION_BAR,stocks_intraday,NSE_EQ|INE484J01027,60m,1,1 off-session/off-grid bars on 2025-10-21
WARN,OFF_SESSION_BAR,stocks_intraday,NSE_EQ|INE494B01023,60m,1,1 off-session/off-grid bars on 2025-10-21
WARN,OFF_SESSION_BAR,stocks_intraday,NSE_EQ|INE498L01015,60m,1,1 off-session/off-grid bars on 2025-10-21
WARN,OFF_SESSION_BAR,stocks_intraday,NSE_EQ|INE522D01027,60m,1,1 off-session/off-grid bars on 2025-10-21
WARN,OFF_SESSION_BAR,stocks_intraday,NSE_EQ|INE522F01014,60m,1,1 off-session/off-grid bars on 2025-10-21
WARN,OFF_SESSION_BAR,stocks_intraday,NSE_EQ|INE528G01035,60m,1,1 off-session/off-grid bars on 2025-10-21
WARN,OFF_SESSION_BAR,stocks_intraday,NSE_EQ|INE540L01014,60m,1,1 off-session/off-grid bars on 2025-10-21
WARN,OFF_SESSION_BAR,stocks_intraday,NSE_EQ|INE545U01014,60m,1,1 off-session/off-grid bars on 2025-10-21
WARN,OFF_SESSION_BAR,stocks_intraday,NSE_EQ|INE562A01011,60m,1,1 off-session/off-grid bars on 2025-10-21
WARN,OFF_SESSION_BAR,stocks_intraday,NSE_EQ|INE572E01012,60m,1,1 off-session/off-grid bars on 2025-10-21
WARN,OFF_SESSION_BAR,stocks_intraday,NSE_EQ|INE584A01023,60m,1,1 off-session/off-grid bars on 2025-10-21
WARN,OFF_SESSION_BAR,stocks_intraday,NSE_EQ|INE585B01010,60m,1,1 off-session/off-grid bars on 2025-10-21
WARN,OFF_SESSION_BAR,stocks_intraday,NSE_EQ|INE591G01025,60m,1,1 off-session/off-grid bars on 2025-10-21
WARN,OFF_SESSION_BAR,stocks_intraday,NSE_EQ|INE596I01020,60m,1,1 off-session/off-grid bars on 2025-10-21
WARN,OFF_SESSION_BAR,stocks_intraday,NSE_EQ|INE603J01030,60m,1,1 off-session/off-grid bars on 2025-10-21
WARN,OFF_SESSION_BAR,stocks_intraday,NSE_EQ|INE619A01035,60m,1,1 off-session/off-grid bars on 2025-10-21
WARN,OFF_SESSION_BAR,stocks_intraday,NSE_EQ|INE628A01036,60m,1,1 off-session/off-grid bars on 2025-10-21
WARN,OFF_SESSION_BAR,stocks_intraday,NSE_EQ|INE634S01028,60m,1,1 off-session/off-grid bars on 2025-10-21
WARN,OFF_SESSION_BAR,stocks_intraday,NSE_EQ|INE646L01027,60m,1,1 off-session/off-grid bars on 2025-10-21
WARN,OFF_SESSION_BAR,stocks_intraday,NSE_EQ|INE647A01010,60m,1,1 off-session/off-grid bars on 2025-10-21
WARN,OFF_SESSION_BAR,stocks_intraday,NSE_EQ|INE663F01032,60m,1,1 off-session/off-grid bars on 2025-10-21
WARN,OFF_SESSION_BAR,stocks_intraday,NSE_EQ|INE669C01036,60m,1,1 off-session/off-grid bars on 2025-10-21
WARN,OFF_SESSION_BAR,stocks_intraday,NSE_EQ|INE669E01016,60m,1,1 off-session/off-grid bars on 2025-10-21
WARN,OFF_SESSION_BAR,stocks_intraday,NSE_EQ|INE670A01012,60m,1,1 off-session/off-grid bars on 2025-10-21
WARN,OFF_SESSION_BAR,stocks_intraday,NSE_EQ|INE670K01029,60m,1,1 off-session/off-grid bars on 2025-10-21
WARN,OFF_SESSION_BAR,stocks_intraday,NSE_EQ|INE674K01013,60m,1,1 off-session/off-grid bars on 2025-10-21
WARN,OFF_SESSION_BAR,stocks_intraday,NSE_EQ|INE685A01028,60m,1,1 off-session/off-grid bars on 2025-10-21
WARN,OFF_SESSION_BAR,stocks_intraday,NSE_EQ|INE692A01016,60m,1,1 off-session/off-grid bars on 2025-10-21
WARN,OFF_SESSION_BAR,stocks_intraday,NSE_EQ|INE702C01027,60m,1,1 off-session/off-grid bars on 2025-10-21
WARN,OFF_SESSION_BAR,stocks_intraday,NSE_EQ|INE704P01025,60m,1,1 off-session/off-grid bars on 2025-10-21
WARN,OFF_SESSION_BAR,stocks_intraday,NSE_EQ|INE721A01047,60m,1,1 off-session/off-grid bars on 2025-10-21
WARN,OFF_SESSION_BAR,stocks_intraday,NSE_EQ|INE726G01019,60m,1,1 off-session/off-grid bars on 2025-10-21
WARN,OFF_SESSION_BAR,stocks_intraday,NSE_EQ|INE732I01021,60m,1,1 off-session/off-grid bars on 2025-10-21
WARN,OFF_SESSION_BAR,stocks_intraday,NSE_EQ|INE733E01010,60m,1,1 off-session/off-grid bars on 2025-10-21
WARN,OFF_SESSION_BAR,stocks_intraday,NSE_EQ|INE736A01011,60m,1,1 off-session/off-grid bars on 2025-10-21
WARN,OFF_SESSION_BAR,stocks_intraday,NSE_EQ|INE742F01042,60m,1,1 off-session/off-grid bars on 2025-10-21
WARN,OFF_SESSION_BAR,stocks_intraday,NSE_EQ|INE745G01043,60m,1,1 off-session/off-grid bars on 2025-10-21
WARN,OFF_SESSION_BAR,stocks_intraday,NSE_EQ|INE749A01030,60m,1,1 off-session/off-grid bars on 2025-10-21
WARN,OFF_SESSION_BAR,stocks_intraday,NSE_EQ|INE752E01010,60m,1,1 off-session/off-grid bars on 2025-10-21
WARN,OFF_SESSION_BAR,stocks_intraday,NSE_EQ|INE758E01017,60m,1,1 off-session/off-grid bars on 2025-10-21
WARN,OFF_SESSION_BAR,stocks_intraday,NSE_EQ|INE758T01015,60m,1,1 off-session/off-grid bars on 2025-10-21
WARN,OFF_SESSION_BAR,stocks_intraday,NSE_EQ|INE761H01022,60m,1,1 off-session/off-grid bars on 2025-10-21
WARN,OFF_SESSION_BAR,stocks_intraday,NSE_EQ|INE765G01017,60m,1,1 off-session/off-grid bars on 2025-10-21
WARN,OFF_SESSION_BAR,stocks_intraday,NSE_EQ|INE775A01035,60m,1,1 off-session/off-grid bars on 2025-10-21
WARN,OFF_SESSION_BAR,stocks_intraday,NSE_EQ|INE776C01039,60m,1,1 off-session/off-grid bars on 2025-10-21
WARN,OFF_SESSION_BAR,stocks_intraday,NSE_EQ|INE795G01014,60m,1,1 off-session/off-grid bars on 2025-10-21
WARN,OFF_SESSION_BAR,stocks_intraday,NSE_EQ|INE797F01020,60m,1,1 off-session/off-grid bars on 2025-10-21
WARN,OFF_SESSION_BAR,stocks_intraday,NSE_EQ|INE811K01011,60m,1,1 off-session/off-grid bars on 2025-10-21
WARN,OFF_SESSION_BAR,stocks_intraday,NSE_EQ|INE814H01029,60m,1,1 off-session/off-grid bars on 2025-10-21
WARN,OFF_SESSION_BAR,stocks_intraday,NSE_EQ|INE848E01016,60m,1,1 off-session/off-grid bars on 2025-10-21
WARN,OFF_SESSION_BAR,stocks_intraday,NSE_EQ|INE849A01020,60m,1,1 off-session/off-grid bars on 2025-10-21
WARN,OFF_SESSION_BAR,stocks_intraday,NSE_EQ|INE854D01024,60m,1,1 off-session/off-grid bars on 2025-10-21
WARN,OFF_SESSION_BAR,stocks_intraday,NSE_EQ|INE860A01027,60m,1,1 off-session/off-grid bars on 2025-10-21
WARN,OFF_SESSION_BAR,stocks_intraday,NSE_EQ|INE878B01027,60m,1,1 off-session/off-grid bars on 2025-10-21
WARN,OFF_SESSION_BAR,stocks_intraday,NSE_EQ|INE881D01027,60m,1,1 off-session/off-grid bars on 2025-10-21
WARN,OFF_SESSION_BAR,stocks_intraday,NSE_EQ|INE917I01010,60m,1,1 off-session/off-grid bars on 2025-10-21
WARN,OFF_SESSION_BAR,stocks_intraday,NSE_EQ|INE918I01026,60m,1,1 off-session/off-grid bars on 2025-10-21
WARN,OFF_SESSION_BAR,stocks_intraday,NSE_EQ|INE918Z01012,60m,1,1 off-session/off-grid bars on 2025-10-21
WARN,OFF_SESSION_BAR,stocks_intraday,NSE_EQ|INE931S01010,60m,1,1 off-session/off-grid bars on 2025-10-21
WARN,OFF_SESSION_BAR,stocks_intraday,NSE_EQ|INE935A01035,60m,1,1 off-session/off-grid bars on 2025-10-21
WARN,OFF_SESSION_BAR,stocks_intraday,NSE_EQ|INE935N01020,60m,1,1 off-session/off-grid bars on 2025-10-21
WARN,OFF_SESSION_BAR,stocks_intraday,NSE_EQ|INE944F01028,60m,1,1 off-session/off-grid bars on 2025-10-21
WARN,OFF_SESSION_BAR,stocks_intraday,NSE_EQ|INE947Q01028,60m,1,1 off-session/off-grid bars on 2025-10-21
WARN,OFF_SESSION_BAR,stocks_intraday,NSE_EQ|INE949L01017,60m,1,1 off-session/off-grid bars on 2025-10-21
WARN,OFF_SESSION_BAR,stocks_intraday,NSE_EQ|INE974X01010,60m,1,1 off-session/off-grid bars on 2025-10-21
WARN,OFF_SESSION_BAR,stocks_intraday,NSE_EQ|INE976G01028,60m,1,1 off-session/off-grid bars on 2025-10-21
WARN,OFF_SESSION_BAR,stocks_intraday,NSE_EQ|INE982J01020,60m,1,1 off-session/off-grid bars on 2025-10-21
WARN,OFF_SESSION_BAR,index_intraday,NSE_INDEX|Nifty 50,5m,214,"214 off-session/off-grid bars on 2022-03-24, 2022-03-25, 2022-03-28, 2022-03-29, 2022-03-30 (+87 more)"
WARN,OFF_SESSION_BAR,index_intraday,NSE_INDEX|Nifty 50,15m,106,"106 off-session/off-grid bars on 2022-03-24, 2022-03-25, 2022-03-28, 2022-03-29, 2022-03-30 (+87 more)"
WARN,OFF_SESSION_BAR,index_intraday,NSE_INDEX|Nifty 50,60m,4,"4 off-session/off-grid bars on 2022-10-24, 2023-11-12, 2024-11-01, 2025-10-21"
WARN,PARTIAL_DAYS,index_intraday,NSE_INDEX|Nifty 50,5m,95,"95 days not at 75 bars: 2022-03-24=77, 2022-03-25=77, 2022-03-28=77, 2022-03-29=77"
WARN,PARTIAL_DAYS,index_intraday,NSE_INDEX|Nifty 50,15m,95,"95 days not at 25 bars: 2022-03-24=26, 2022-03-25=26, 2022-03-28=26, 2022-03-29=26"
WARN,PARTIAL_DAYS,index_intraday,NSE_INDEX|Nifty 50,60m,6,"6 days not at 7 bars: 2022-10-24=1, 2023-11-12=1, 2024-03-02=3, 2024-05-18=3"
WARN,PRICE_JUMP,universe_daily,NSE_EQ|INE001B01026,1d,3,"3 daily moves >20%: 2004-11-02 +20.1%, 2006-05-23 +20.1%, 2007-12-27 +20.1%"
WARN,PRICE_JUMP,universe_daily,NSE_EQ|INE002A01018,1d,1,1 daily moves >20%: 2009-05-18 +21.4%
WARN,PRICE_JUMP,universe_daily,NSE_EQ|INE003A01024,1d,1,1 daily moves >20%: 2025-04-07 -42.9%
WARN,PRICE_JUMP,universe_daily,NSE_EQ|INE005I01014,1d,6,"6 daily moves >20%: 2007-05-15 +20.0%, 2007-10-04 +20.0%, 2007-12-05 +20.0%"
WARN,PRICE_JUMP,universe_daily,NSE_EQ|INE006Z01016,1d,1,1 daily moves >20%: 2019-03-26 +24.8%
WARN,PRICE_JUMP,universe_daily,NSE_EQ|INE007A01025,1d,1,1 daily moves >20%: 2005-02-15 +20.0%
WARN,PRICE_JUMP,universe_daily,NSE_EQ|INE007B01023,1d,2,"2 daily moves >20%: 2008-03-11 +20.1%, 2009-04-06 +20.0%"
WARN,PRICE_JUMP,universe_daily,NSE_EQ|INE008A01015,1d,3,"3 daily moves >20%: 2004-06-23 -23.3%, 2004-07-09 +20.1%, 2008-01-21 -20.5%"
WARN,PRICE_JUMP,universe_daily,NSE_EQ|INE009A01021,1d,2,"2 daily moves >20%: 2003-04-10 -26.6%, 2013-04-12 -21.3%"
WARN,PRICE_JUMP,universe_daily,NSE_EQ|INE00FF01025,1d,1,1 daily moves >20%: 2025-01-29 +20.0%
WARN,PRICE_JUMP,universe_daily,NSE_EQ|INE00KV01022,1d,1,1 daily moves >20%: 2021-02-17 +21.2%
WARN,PRICE_JUMP,universe_daily,NSE_EQ|INE00LM01029,1d,2,"2 daily moves >20%: 2018-06-14 -96.3%, 2022-07-14 -49.1%"
WARN,PRICE_JUMP,universe_daily,NSE_EQ|INE00PV01013,1d,3,"3 daily moves >20%: 2018-09-27 -85.8%, 2019-02-21 -20.3%, 2024-05-27 +20.0%"
WARN,PRICE_JUMP,universe_daily,NSE_EQ|INE00U401027,1d,2,"2 daily moves >20%: 2024-08-19 +20.0%, 2026-02-17 +20.0%"
WARN,PRICE_JUMP,universe_daily,NSE_EQ|INE00Y801016,1d,4,"4 daily moves >20%: 2018-10-10 -36.0%, 2022-04-28 +20.1%, 2022-05-10 +20.0%"
WARN,PRICE_JUMP,universe_daily,NSE_EQ|INE00Z501029,1d,1,1 daily moves >20%: 2023-04-05 +20.7%
WARN,PRICE_JUMP,universe_daily,NSE_EQ|INE010A01011,1d,3,"3 daily moves >20%: 2004-06-23 -25.7%, 2004-12-24 +20.1%, 2009-05-18 +20.0%"
WARN,PRICE_JUMP,universe_daily,NSE_EQ|INE010B01027,1d,1,1 daily moves >20%: 2004-06-23 -22.4%
WARN,PRICE_JUMP,universe_daily,NSE_EQ|INE010J01012,1d,1,1 daily moves >20%: 2019-02-20 +20.0%
WARN,PRICE_JUMP,universe_daily,NSE_EQ|INE013801027,1d,1,1 daily moves >20%: 2022-08-25 -79.0%
WARN,PRICE_JUMP,universe_daily,NSE_EQ|INE015D01022,1d,2,"2 daily moves >20%: 2009-12-04 +20.0%, 2009-12-07 +20.1%"
WARN,PRICE_JUMP,universe_daily,NSE_EQ|INE016A01026,1d,1,1 daily moves >20%: 2008-10-31 +20.2%
WARN,PRICE_JUMP,universe_daily,NSE_EQ|INE016M01021,1d,1,1 daily moves >20%: 2019-02-21 -54.2%
WARN,PRICE_JUMP,universe_daily,NSE_EQ|INE017W01010,1d,1,1 daily moves >20%: 2025-03-28 +20.0%
WARN,PRICE_JUMP,universe_daily,NSE_EQ|INE018A01030,1d,1,1 daily moves >20%: 2009-05-18 +24.5%
WARN,PRICE_JUMP,universe_daily,NSE_EQ|INE018E01016,1d,1,1 daily moves >20%: 2020-03-16 +117.7%
WARN,PRICE_JUMP,universe_daily,NSE_EQ|INE019A01038,1d,2,"2 daily moves >20%: 2008-10-31 +33.7%, 2009-04-02 +21.5%"
WARN,PRICE_JUMP,universe_daily,NSE_EQ|INE019C01026,1d,1,1 daily moves >20%: 2009-05-19 +20.0%
WARN,PRICE_JUMP,universe_daily,NSE_EQ|INE01EE01011,1d,12,"12 daily moves >20%: 2016-03-15 +30.2%, 2016-07-27 +20.3%, 2016-09-27 +23.8%"
WARN,PRICE_JUMP,universe_daily,NSE_EQ|INE01GN01025,1d,5,"5 daily moves >20%: 2018-11-16 -73.5%, 2019-02-21 +49.2%, 2021-02-23 +20.1%"
WARN,PRICE_JUMP,universe_daily,NSE_EQ|INE01II01013,1d,2,"2 daily moves >20%: 2018-10-29 -22.1%, 2023-07-14 +20.2%"
WARN,PRICE_JUMP,universe_daily,NSE_EQ|INE01JE01028,1d,2,"2 daily moves >20%: 2016-07-29 +22.5%, 2020-12-02 -98.1%"
WARN,PRICE_JUMP,universe_daily,NSE_EQ|INE01KI01027,1d,2,"2 daily moves >20%: 2023-01-12 -95.4%, 2024-08-16 +20.0%"
WARN,PRICE_JUMP,universe_daily,NSE_EQ|INE020B01018,1d,1,1 daily moves >20%: 2024-06-04 -25.2%
WARN,PRICE_JUMP,universe_daily,NSE_EQ|INE020J01029,1d,2,"2 daily moves >20%: 2019-02-21 -23.0%, 2021-06-02 +20.0%"
WARN,PRICE_JUMP,universe_daily,NSE_EQ|INE022I01019,1d,4,"4 daily moves >20%: 2008-10-27 -20.1%, 2009-03-23 +20.3%, 2009-10-20 +27.8%"
WARN,PRICE_JUMP,universe_daily,NSE_EQ|INE022Q01020,1d,1,1 daily moves >20%: 2025-07-24 -29.6%
WARN,PRICE_JUMP,universe_daily,NSE_EQ|INE023A01030,1d,12,"12 daily moves >20%: 2003-11-17 -84.2%, 2003-11-18 +20.0%, 2003-11-19 +20.0%"
WARN,PRICE_JUMP,universe_daily,NSE_EQ|INE023H01027,1d,7,"7 daily moves >20%: 2009-04-01 +20.2%, 2009-04-02 +20.1%, 2009-05-18 +20.1%"
WARN,PRICE_JUMP,universe_daily,NSE_EQ|INE025B01025,1d,5,"5 daily moves >20%: 2009-04-06 +20.5%, 2011-03-31 +20.8%, 2015-05-26 +21.1%"
WARN,PRICE_JUMP,universe_daily,NSE_EQ|INE027A01015,1d,6,"6 daily moves >20%: 2003-04-21 +20.1%, 2003-09-24 +20.0%, 2004-01-05 +20.1%"
WARN,PRICE_JUMP,universe_daily,NSE_EQ|INE028A01039,1d,4,"4 daily moves >20%: 2004-05-17 -21.4%, 2004-06-23 -24.5%, 2016-02-15 +22.6%"
WARN,PRICE_JUMP,universe_daily,NSE_EQ|INE029A01011,1d,5,"5 daily moves >20%: 2003-12-18 +20.6%, 2007-11-15 +28.0%, 2008-06-30 -20.2%"
WARN,PRICE_JUMP,universe_daily,NSE_EQ|INE029L01018,1d,1,1 daily moves >20%: 2011-02-03 +20.0%
WARN,PRICE_JUMP,universe_daily,NSE_EQ|INE02A801020,1d,1,1 daily moves >20%: 2020-07-23 +2592.0%
WARN,PRICE_JUMP,universe_daily,NSE_EQ|INE02EZ01022,1d,1,1 daily moves >20%: 2023-05-02 -20.0%
WARN,PRICE_JUMP,universe_daily,NSE_EQ|INE02PY01013,1d,2,"2 daily moves >20%: 2021-12-16 +20.0%, 2023-12-05 +57.6%"
WARN,PRICE_JUMP,universe_daily,NSE_EQ|INE02WG01024,1d,4,"4 daily moves >20%: 2019-08-22 -35.9%, 2022-10-18 +20.1%, 2023-08-28 +20.1%"
WARN,PRICE_JUMP,universe_daily,NSE_EQ|INE02YR01019,1d,1,1 daily moves >20%: 2022-10-17 +136.4%
WARN,PRICE_JUMP,universe_daily,NSE_EQ|INE030C01015,1d,1,1 daily moves >20%: 2026-09-22 +20.0%
WARN,PRICE_JUMP,universe_daily,NSE_EQ|INE031B01049,1d,1,1 daily moves >20%: 2003-09-01 +20.8%
WARN,PRICE_JUMP,universe_daily,NSE_EQ|INE032A01023,1d,2,"2 daily moves >20%: 2005-02-25 +20.0%, 2006-03-07 +20.0%"
WARN,PRICE_JUMP,universe_daily,NSE_EQ|INE032B01021,1d,8,"8 daily moves >20%: 2003-05-15 +21.6%, 2003-06-23 +20.7%, 2004-11-18 +20.2%"
WARN,PRICE_JUMP,universe_daily,NSE_EQ|INE032Z01020,1d,7,"7 daily moves >20%: 2021-01-14 +20.1%, 2021-02-02 +931.4%, 2021-04-27 -89.6%"
WARN,PRICE_JUMP,universe_daily,NSE_EQ|INE034A01011,1d,3,"3 daily moves >20%: 2008-01-21 -25.3%, 2009-05-27 +20.3%, 2018-11-28 -56.4%"
WARN,PRICE_JUMP,universe_daily,NSE_EQ|INE034D01049,1d,4,"4 daily moves >20%: 2007-11-14 +20.5%, 2013-11-05 +45.1%, 2015-01-01 +154.4%"
WARN,PRICE_JUMP,universe_daily,NSE_EQ|INE035D01020,1d,1,1 daily moves >20%: 2017-05-29 +20.0%
WARN,PRICE_JUMP,universe_daily,NSE_EQ|INE036B01030,1d,6,"6 daily moves >20%: 2003-01-14 +25.0%, 2005-09-13 +20.5%, 2006-04-05 +20.9%"
WARN,PRICE_JUMP,universe_daily,NSE_EQ|INE037A01022,1d,8,"8 daily moves >20%: 2004-06-23 -20.8%, 2004-09-08 +20.1%, 2004-09-09 +20.3%"
WARN,PRICE_JUMP,universe_daily,NSE_EQ|INE038F01029,1d,6,"6 daily moves >20%: 2005-07-04 +20.0%, 2007-07-31 +20.0%, 2008-10-13 +20.1%"
WARN,PRICE_JUMP,universe_daily,NSE_EQ|INE039A01010,1d,11,"11 daily moves >20%: 2003-05-21 +20.2%, 2003-05-29 +20.2%, 2003-06-24 +20.4%"
WARN,PRICE_JUMP,universe_daily,NSE_EQ|INE039B01026,1d,7,"7 daily moves >20%: 2007-05-03 +20.0%, 2007-05-04 +20.1%, 2007-05-07 +20.1%"
WARN,PRICE_JUMP,universe_daily,NSE_EQ|INE039O01029,1d,2,"2 daily moves >20%: 2017-10-11 -49.5%, 2019-02-21 -24.8%"
WARN,PRICE_JUMP,universe_daily,NSE_EQ|INE03Q201024,1d,1,1 daily moves >20%: 2021-08-06 +40.4%
WARN,PRICE_JUMP,universe_daily,NSE_EQ|INE03QK01018,1d,2,"2 daily moves >20%: 2020-03-09 +112250.0%, 2020-03-24 -52.7%"
WARN,PRICE_JUMP,universe_daily,NSE_EQ|INE03RS01027,1d,8,"8 daily moves >20%: 2004-01-12 +726.1%, 2006-05-17 +20.0%, 2013-08-14 +20.3%"
WARN,PRICE_JUMP,universe_daily,NSE_EQ|INE040A01034,1d,2,"2 daily moves >20%: 2004-05-17 -20.5%, 2004-05-18 +25.7%"
WARN,PRICE_JUMP,universe_daily,NSE_EQ|INE040H01021,1d,11,"11 daily moves >20%: 2008-10-24 -39.6%, 2008-11-04 +20.9%, 2009-01-07 -22.9%"
WARN,PRICE_JUMP,universe_daily,NSE_EQ|INE041A01016,1d,5,"5 daily moves >20%: 2003-05-09 +20.0%, 2003-07-07 +20.2%, 2003-08-26 +20.2%"
WARN,PRICE_JUMP,universe_daily,NSE_EQ|INE042A01014,1d,2,"2 daily moves >20%: 2003-11-06 +20.1%, 2008-01-21 -20.7%"
WARN,PRICE_JUMP,universe_daily,NSE_EQ|INE043A01012,1d,4,"4 daily moves >20%: 2003-11-05 +22.2%, 2011-06-20 -62.2%, 2011-09-09 +32.9%"
WARN,PRICE_JUMP,universe_daily,NSE_EQ|INE044A01036,1d,1,1 daily moves >20%: 2009-05-18 +22.1%
WARN,PRICE_JUMP,universe_daily,NSE_EQ|INE045601023,1d,2,"2 daily moves >20%: 2021-10-18 +20.0%, 2024-06-18 +20.0%"
WARN,PRICE_JUMP,universe_daily,NSE_EQ|INE045A01017,1d,4,"4 daily moves >20%: 2003-08-07 +20.1%, 2004-09-28 +20.1%, 2009-10-14 +20.0%"
WARN,PRICE_JUMP,universe_daily,NSE_EQ|INE045B01015,1d,2,"2 daily moves >20%: 2008-01-04 +20.0%, 2010-03-23 +20.0%"
WARN,PRICE_JUMP,universe_daily,NSE_EQ|INE046A01015,1d,11,"11 daily moves >20%: 2003-06-19 +20.1%, 2003-11-07 +20.0%, 2005-02-24 +20.1%"
WARN,PRICE_JUMP,universe_daily,NSE_EQ|INE048B01035,1d,11,"11 daily moves >20%: 2004-05-10 +20.2%, 2004-07-20 +700.0%, 2004-07-21 -84.0%"
WARN,PRICE_JUMP,universe_daily,NSE_EQ|INE048G01026,1d,2,"2 daily moves >20%: 2009-07-21 +20.0%, 2012-06-07 -20.4%"
WARN,PRICE_JUMP,universe_daily,NSE_EQ|INE049A01027,1d,3,"3 daily moves >20%: 2003-11-24 +20.0%, 2008-10-22 +20.0%, 2009-05-20 +20.1%"
WARN,PRICE_JUMP,universe_daily,NSE_EQ|INE049B01025,1d,4,"4 daily moves >20%: 2004-06-23 -22.5%, 2010-08-19 +20.0%, 2013-05-23 -20.0%"
WARN,PRICE_JUMP,universe_daily,NSE_EQ|INE049I01012,1d,3,"3 daily moves >20%: 2008-03-13 -20.0%, 2009-05-15 +20.1%, 2009-11-10 +20.1%"
WARN,PRICE_JUMP,universe_daily,NSE_EQ|INE04LG01015,1d,1,1 daily moves >20%: 2019-05-30 -50.2%
WARN,PRICE_JUMP,universe_daily,NSE_EQ|INE050401020,1d,1,1 daily moves >20%: 2022-12-30 +966.3%
WARN,PRICE_JUMP,universe_daily,NSE_EQ|INE050A01025,1d,6,"6 daily moves >20%: 2005-02-08 +20.0%, 2005-03-08 +20.0%, 2005-03-09 +20.0%"
WARN,PRICE_JUMP,universe_daily,NSE_EQ|INE050B01023,1d,3,"3 daily moves >20%: 2003-08-21 +20.1%, 2004-11-17 +20.2%, 2007-09-24 +20.1%"
WARN,PRICE_JUMP,universe_daily,NSE_EQ|INE050E01027,1d,4,"4 daily moves >20%: 2008-01-02 +20.0%, 2008-07-25 +20.0%, 2008-10-21 +20.0%"
WARN,PRICE_JUMP,universe_daily,NSE_EQ|INE050M01012,1d,2,"2 daily moves >20%: 2015-01-01 +39.8%, 2017-04-07 -32.3%"
WARN,PRICE_JUMP,universe_daily,NSE_EQ|INE051B01021,1d,2,"2 daily moves >20%: 2008-03-25 +20.1%, 2015-08-24 -20.0%"
WARN,PRICE_JUMP,universe_daily,NSE_EQ|INE052A01021,1d,15,"15 daily moves >20%: 2003-06-24 +20.7%, 2003-11-12 -27.3%, 2003-12-01 +20.5%"
WARN,PRICE_JUMP,universe_daily,NSE_EQ|INE052T01021,1d,5,"5 daily moves >20%: 2021-03-22 +20.0%, 2021-10-07 +20.0%, 2024-04-10 -42.0%"
WARN,PRICE_JUMP,universe_daily,NSE_EQ|INE054A01027,1d,5,"5 daily moves >20%: 2004-12-17 +20.0%, 2005-05-23 +20.0%, 2006-03-06 +20.0%"
WARN,PRICE_JUMP,universe_daily,NSE_EQ|INE055A01016,1d,3,"3 daily moves >20%: 2004-06-23 -20.8%, 2008-01-21 -20.5%, 2019-10-11 -55.4%"
WARN,PRICE_JUMP,universe_daily,NSE_EQ|INE056I01025,1d,10,"10 daily moves >20%: 2010-05-27 +20.7%, 2015-01-14 +22.2%, 2016-06-01 +21.2%"
WARN,PRICE_JUMP,universe_daily,NSE_EQ|INE058A01010,1d,1,1 daily moves >20%: 2024-06-13 -35.3%
WARN,PRICE_JUMP,universe_daily,NSE_EQ|INE058B01018,1d,6,"6 daily moves >20%: 2004-11-17 +20.0%, 2004-11-18 +20.0%, 2006-06-19 -22.7%"
WARN,PRICE_JUMP,universe_daily,NSE_EQ|INE059A01026,1d,1,1 daily moves >20%: 2004-06-23 -20.3%
WARN,PRICE_JUMP,universe_daily,NSE_EQ|INE059B01024,1d,4,"4 daily moves >20%: 2004-03-09 +300.9%, 2004-06-23 -20.2%, 2009-05-19 +20.0%"
WARN,PRICE_JUMP,universe_daily,NSE_EQ|INE059D01020,1d,3,"3 daily moves >20%: 2007-09-12 +20.1%, 2010-01-13 +20.1%, 2011-09-06 +20.1%"
WARN,PRICE_JUMP,universe_daily,NSE_EQ|INE05ST01028,1d,2,"2 daily moves >20%: 2025-02-17 -20.0%, 2025-02-18 -20.0%"
WARN,PRICE_JUMP,universe_daily,NSE_EQ|INE060901027,1d,1,1 daily moves >20%: 2020-10-29 -50.3%
WARN,PRICE_JUMP,universe_daily,NSE_EQ|INE060B01014,1d,2,"2 daily moves >20%: 2005-01-28 +20.1%, 2005-05-31 +20.1%"
WARN,PRICE_JUMP,universe_daily,NSE_EQ|INE060X01034,1d,2,"2 daily moves >20%: 2022-05-06 +90.1%, 2022-06-21 -47.9%"
WARN,PRICE_JUMP,universe_daily,NSE_EQ|INE061A01014,1d,3,"3 daily moves >20%: 2003-11-17 +26.4%, 2005-08-30 +20.0%, 2007-12-12 +20.0%"
WARN,PRICE_JUMP,universe_daily,NSE_EQ|INE062A01020,1d,3,"3 daily moves >20%: 2004-06-23 -20.8%, 2009-05-18 +20.0%, 2017-10-25 +27.7%"
WARN,PRICE_JUMP,universe_daily,NSE_EQ|INE062D01024,1d,5,"5 daily moves >20%: 2008-11-05 +20.1%, 2009-03-19 +20.3%, 2010-04-26 +20.0%"
WARN,PRICE_JUMP,universe_daily,NSE_EQ|INE063E01061,1d,4,"4 daily moves >20%: 2018-01-04 -32.3%, 2018-10-25 -56.2%, 2023-03-06 +5558.3%"
WARN,PRICE_JUMP,universe_daily,NSE_EQ|INE064C01022,1d,1,1 daily moves >20%: 2013-08-12 +23.1%
WARN,PRICE_JUMP,universe_daily,NSE_EQ|INE066A01021,1d,1,1 daily moves >20%: 2006-09-27 +20.0%
WARN,PRICE_JUMP,universe_daily,NSE_EQ|INE066F01020,1d,1,1 daily moves >20%: 2018-11-09 +20.0%
WARN,PRICE_JUMP,universe_daily,NSE_EQ|INE067A01029,1d,5,"5 daily moves >20%: 2015-01-01 +190.7%, 2016-02-03 -21.7%, 2016-03-15 -71.7%"
WARN,PRICE_JUMP,universe_daily,NSE_EQ|INE068L01024,1d,5,"5 daily moves >20%: 2014-08-18 +20.2%, 2014-11-17 +20.2%, 2015-04-17 +20.0%"
WARN,PRICE_JUMP,universe_daily,NSE_EQ|INE069I01010,1d,7,"7 daily moves >20%: 2008-10-13 +23.4%, 2008-10-21 +28.7%, 2009-01-07 -20.8%"
WARN,PRICE_JUMP,universe_daily,NSE_EQ|INE06WU01026,1d,1,1 daily moves >20%: 2025-08-07 +20.0%
WARN,PRICE_JUMP,universe_daily,NSE_EQ|INE070D01027,1d,6,"6 daily moves >20%: 2003-08-19 +183.0%, 2004-06-23 -22.9%, 2004-10-11 +21.2%"
WARN,PRICE_JUMP,universe_daily,NSE_EQ|INE070I01018,1d,2,"2 daily moves >20%: 2007-10-29 +20.0%, 2008-03-28 +20.2%"
WARN,PRICE_JUMP,universe_daily,NSE_EQ|INE073G01016,1d,1,1 daily moves >20%: 2020-02-12 -88.6%
WARN,PRICE_JUMP,universe_daily,NSE_EQ|INE074A01025,1d,1,1 daily moves >20%: 2005-11-28 +21.0%
WARN,PRICE_JUMP,universe_daily,NSE_EQ|INE074B01023,1d,5,"5 daily moves >20%: 2007-01-25 -79.0%, 2008-01-02 +20.0%, 2008-12-16 +20.2%"
WARN,PRICE_JUMP,universe_daily,NSE_EQ|INE075A01022,1d,1,1 daily moves >20%: 2004-05-18 +23.8%
WARN,PRICE_JUMP,universe_daily,NSE_EQ|INE075D01018,1d,11,"11 daily moves >20%: 2003-10-14 -22.9%, 2004-04-19 -24.7%, 2004-04-20 +21.3%"
WARN,PRICE_JUMP,universe_daily,NSE_EQ|INE076B01028,1d,3,"3 daily moves >20%: 2007-01-29 +702.2%, 2007-12-11 +20.0%, 2009-11-11 +20.0%"
WARN,PRICE_JUMP,universe_daily,NSE_EQ|INE076C01018,1d,6,"6 daily moves >20%: 2003-03-20 +20.8%, 2005-02-01 +20.1%, 2005-04-25 +20.2%"
WARN,PRICE_JUMP,universe_daily,NSE_EQ|INE077F01035,1d,2,"2 daily moves >20%: 2014-06-26 +257.4%, 2014-09-03 +20.0%"
WARN,PRICE_JUMP,universe_daily,NSE_EQ|INE07K301024,1d,1,1 daily moves >20%: 2026-05-14 -20.0%
WARN,PRICE_JUMP,universe_daily,NSE_EQ|INE07O001026,1d,1,1 daily moves >20%: 2021-05-18 +20.1%
WARN,PRICE_JUMP,universe_daily,NSE_EQ|INE07OG01012,1d,3,"3 daily moves >20%: 2020-08-13 +20.1%, 2021-07-01 +20.0%, 2024-02-23 +20.0%"
WARN,PRICE_JUMP,universe_daily,NSE_EQ|INE07S101038,1d,2,"2 daily moves >20%: 2024-01-08 +20.0%, 2024-10-11 +20.0%"
WARN,PRICE_JUMP,universe_daily,NSE_EQ|INE080A01014,1d,9,"9 daily moves >20%: 2003-03-24 +21.0%, 2003-03-26 +20.2%, 2003-10-03 -32.4%"
WARN,PRICE_JUMP,universe_daily,NSE_EQ|INE080B01012,1d,2,"2 daily moves >20%: 2007-12-28 +20.0%, 2013-07-15 +20.0%"
WARN,PRICE_JUMP,universe_daily,NSE_EQ|INE082W01014,1d,161,"161 daily moves >20%: 2004-06-23 -22.8%, 2017-08-09 -75.4%, 2017-08-23 +305.1%"
WARN,PRICE_JUMP,universe_daily,NSE_EQ|INE083A01026,1d,10,"10 daily moves >20%: 2003-06-02 +20.1%, 2004-12-20 +20.2%, 2005-01-03 +20.4%"
WARN,PRICE_JUMP,universe_daily,NSE_EQ|INE083B01024,1d,3,"3 daily moves >20%: 2013-11-11 +20.2%, 2019-07-17 +20.0%, 2021-06-02 +20.0%"
WARN,PRICE_JUMP,universe_daily,NSE_EQ|INE083D01012,1d,4,"4 daily moves >20%: 2008-04-10 +20.1%, 2009-08-14 +20.1%, 2010-03-23 +20.1%"
WARN,PRICE_JUMP,universe_daily,NSE_EQ|INE084A01016,1d,4,"4 daily moves >20%: 2004-06-23 -26.5%, 2007-10-23 +22.4%, 2013-10-31 +21.5%"
WARN,PRICE_JUMP,universe_daily,NSE_EQ|INE084Q01012,1d,1,1 daily moves >20%: 2026-04-01 +20.0%
WARN,PRICE_JUMP,universe_daily,NSE_EQ|INE085A01013,1d,8,"8 daily moves >20%: 2007-08-20 +20.1%, 2007-11-16 +28.1%, 2008-01-21 -27.3%"
WARN,PRICE_JUMP,universe_daily,NSE_EQ|INE085J01014,1d,1,1 daily moves >20%: 2021-05-21 +20.0%
WARN,PRICE_JUMP,universe_daily,NSE_EQ|INE086A01029,1d,2,"2 daily moves >20%: 2008-03-28 +20.1%, 2009-07-15 +20.1%"
WARN,PRICE_JUMP,universe_daily,NSE_EQ|INE087B01017,1d,3,"3 daily moves >20%: 2009-08-14 +20.0%, 2010-04-19 +20.1%, 2015-01-01 -46.0%"
WARN,PRICE_JUMP,universe_daily,NSE_EQ|INE087H01022,1d,4,"4 daily moves >20%: 2007-09-19 +24.1%, 2008-03-11 +24.3%, 2008-07-02 +21.4%"
WARN,PRICE_JUMP,universe_daily,NSE_EQ|INE087Z01024,1d,1,1 daily moves >20%: 2025-06-19 +20.0%
WARN,PRICE_JUMP,universe_daily,NSE_EQ|INE090A01021,1d,1,1 daily moves >20%: 2009-05-18 +23.0%
WARN,PRICE_JUMP,universe_daily,NSE_EQ|INE090B01011,1d,4,"4 daily moves >20%: 2004-03-30 +20.0%, 2004-06-23 -23.2%, 2009-05-20 +20.1%"
WARN,PRICE_JUMP,universe_daily,NSE_EQ|INE091G01026,1d,6,"6 daily moves >20%: 2003-12-10 +21.2%, 2003-12-17 +20.2%, 2004-09-14 +20.7%"
WARN,PRICE_JUMP,universe_daily,NSE_EQ|INE092A01019,1d,1,1 daily moves >20%: 2020-03-04 -56.2%
WARN,PRICE_JUMP,universe_daily,NSE_EQ|INE093R01011,1d,2,"2 daily moves >20%: 2017-11-13 +20.7%, 2020-12-07 +21.4%"
WARN,PRICE_JUMP,universe_daily,NSE_EQ|INE094A01015,1d,4,"4 daily moves >20%: 2007-11-15 +20.5%, 2008-02-14 +20.8%, 2009-05-18 +23.8%"
WARN,PRICE_JUMP,universe_daily,NSE_EQ|INE094I01018,1d,4,"4 daily moves >20%: 2008-07-24 +20.0%, 2009-05-19 +20.1%, 2010-04-05 +20.0%"
WARN,PRICE_JUMP,universe_daily,NSE_EQ|INE095A01012,1d,5,"5 daily moves >20%: 2020-03-18 -23.7%, 2020-03-23 -23.6%, 2020-03-26 +44.7%"
WARN,PRICE_JUMP,universe_daily,NSE_EQ|INE095N01031,1d,1,1 daily moves >20%: 2014-04-28 +20.1%
WARN,PRICE_JUMP,universe_daily,NSE_EQ|INE096B01018,1d,1,1 daily moves >20%: 2016-03-01 +20.0%
WARN,PRICE_JUMP,universe_daily,NSE_EQ|INE097E01028,1d,1,1 daily moves >20%: 2026-08-21 +20.0%
WARN,PRICE_JUMP,universe_daily,NSE_EQ|INE098F01031,1d,2,"2 daily moves >20%: 2014-09-05 +20.0%, 2014-11-20 +20.0%"
WARN,PRICE_JUMP,universe_daily,NSE_EQ|INE09VQ01012,1d,1,1 daily moves >20%: 2021-02-02 +228.1%
WARN,PRICE_JUMP,universe_daily,NSE_EQ|INE0A0S01028,1d,1,1 daily moves >20%: 2025-04-23 +20.1%
WARN,PRICE_JUMP,universe_daily,NSE_EQ|INE0A1101019,1d,1,1 daily moves >20%: 2022-01-10 -54.6%
WARN,PRICE_JUMP,universe_daily,NSE_EQ|INE0ALR01029,1d,1,1 daily moves >20%: 2026-09-08 -20.0%
WARN,PRICE_JUMP,universe_daily,NSE_EQ|INE0B1K01014,1d,1,1 daily moves >20%: 2026-08-25 -32.6%
WARN,PRICE_JUMP,universe_daily,NSE_EQ|INE0BTI01037,1d,57,"57 daily moves >20%: 2016-03-23 -20.0%, 2016-05-12 +25.0%, 2016-06-03 -20.0%"
WARN,PRICE_JUMP,universe_daily,NSE_EQ|INE0CHO01012,1d,3,"3 daily moves >20%: 2017-03-07 +28.6%, 2018-11-13 -63.4%, 2020-10-01 +814.0%"
WARN,PRICE_JUMP,universe_daily,NSE_EQ|INE0CU601026,1d,1,1 daily moves >20%: 2022-03-23 +776.9%
WARN,PRICE_JUMP,universe_daily,NSE_EQ|INE0D6I01023,1d,3,"3 daily moves >20%: 2020-07-20 -75.2%, 2020-08-17 +20.2%, 2021-09-06 -48.5%"
WARN,PRICE_JUMP,universe_daily,NSE_EQ|INE0EEJ01023,1d,1,1 daily moves >20%: 2021-09-17 +22.6%
WARN,PRICE_JUMP,universe_daily,NSE_EQ|INE0EK901012,1d,1,1 daily moves >20%: 2020-12-18 +44000.0%
WARN,PRICE_JUMP,universe_daily,NSE_EQ|INE0FFK01017,1d,1,1 daily moves >20%: 2022-12-28 +20.0%
WARN,PRICE_JUMP,universe_daily,NSE_EQ|INE0FRK01020,1d,1,1 daily moves >20%: 2024-08-07 +20.1%
WARN,PRICE_JUMP,universe_daily,NSE_EQ|INE0I3401014,1d,1,1 daily moves >20%: 2026-01-23 +20.0%
WARN,PRICE_JUMP,universe_daily,NSE_EQ|INE0I7C01011,1d,1,1 daily moves >20%: 2021-11-23 +651.2%
WARN,PRICE_JUMP,universe_daily,NSE_EQ|INE0IQ001011,1d,2,"2 daily moves >20%: 2023-11-15 +20.0%, 2026-10-06 -86.0%"
WARN,PRICE_JUMP,universe_daily,NSE_EQ|INE0J5801029,1d,1,1 daily moves >20%: 2023-05-30 +20.0%
WARN,PRICE_JUMP,universe_daily,NSE_EQ|INE0LCL01028,1d,1,1 daily moves >20%: 2023-04-18 +198900.0%
WARN,PRICE_JUMP,universe_daily,NSE_EQ|INE0LQS01015,1d,1,1 daily moves >20%: 2024-09-25 +20.0%
WARN,PRICE_JUMP,universe_daily,NSE_EQ|INE0LRU01027,1d,1,1 daily moves >20%: 2023-01-30 +2768.2%
WARN,PRICE_JUMP,universe_daily,NSE_EQ|INE0NG701011,1d,1,1 daily moves >20%: 2026-09-04 +20.0%
WARN,PRICE_JUMP,universe_daily,NSE_EQ|INE0OC301013,1d,1,1 daily moves >20%: 2026-09-24 -20.0%
WARN,PRICE_JUMP,universe_daily,NSE_EQ|INE100A01010,1d,1,1 daily moves >20%: 2006-11-14 +20.0%
WARN,PRICE_JUMP,universe_daily,NSE_EQ|INE100D01014,1d,2,"2 daily moves >20%: 2007-08-01 +548.5%, 2019-02-22 -32.9%"
WARN,PRICE_JUMP,universe_daily,NSE_EQ|INE101A01026,1d,2,"2 daily moves >20%: 2008-10-31 +24.0%, 2009-05-18 +23.9%"
WARN,PRICE_JUMP,universe_daily,NSE_EQ|INE102A01024,1d,2,"2 daily moves >20%: 2003-12-09 +20.1%, 2009-06-01 +20.4%"
WARN,PRICE_JUMP,universe_daily,NSE_EQ|INE102D01028,1d,1,1 daily moves >20%: 2021-05-12 +21.9%
WARN,PRICE_JUMP,universe_daily,NSE_EQ|INE102I01027,1d,3,"3 daily moves >20%: 2008-12-16 +20.0%, 2009-08-26 +20.0%, 2015-01-01 -88.0%"
WARN,PRICE_JUMP,universe_daily,NSE_EQ|INE103A01014,1d,10,"10 daily moves >20%: 2003-05-15 +20.1%, 2003-05-16 +20.3%, 2004-06-23 -29.6%"
WARN,PRICE_JUMP,universe_daily,NSE_EQ|INE105A01035,1d,4,"4 daily moves >20%: 2008-06-20 -57.2%, 2009-05-25 +20.0%, 2012-10-23 +31.2%"
WARN,PRICE_JUMP,universe_daily,NSE_EQ|INE105C01023,1d,9,"9 daily moves >20%: 2003-02-06 +20.7%, 2003-12-16 +25.0%, 2007-04-03 +34.9%"
WARN,PRICE_JUMP,universe_daily,NSE_EQ|INE105J01010,1d,3,"3 daily moves >20%: 2008-08-04 +20.2%, 2008-12-22 +20.2%, 2009-05-25 +20.1%"
WARN,PRICE_JUMP,universe_daily,NSE_EQ|INE107F01022,1d,4,"4 daily moves >20%: 2009-08-03 +20.0%, 2009-08-13 +20.0%, 2015-01-01 -42.7%"
WARN,PRICE_JUMP,universe_daily,NSE_EQ|INE108E01023,1d,2,"2 daily moves >20%: 2014-02-21 -20.0%, 2015-12-23 +20.1%"
WARN,PRICE_JUMP,universe_daily,NSE_EQ|INE109A01011,1d,3,"3 daily moves >20%: 2003-10-03 +27.2%, 2021-03-02 +20.0%, 2023-03-31 +30.0%"
WARN,PRICE_JUMP,universe_daily,NSE_EQ|INE110A01019,1d,10,"10 daily moves >20%: 2003-06-04 +20.1%, 2003-07-14 +20.0%, 2003-07-21 +20.1%"
WARN,PRICE_JUMP,universe_daily,NSE_EQ|INE110B01017,1d,1,1 daily moves >20%: 2018-04-13 +20.0%
WARN,PRICE_JUMP,universe_daily,NSE_EQ|INE111A01025,1d,1,1 daily moves >20%: 2015-01-01 +25.4%
WARN,PRICE_JUMP,universe_daily,NSE_EQ|INE111B01023,1d,6,"6 daily moves >20%: 2008-11-03 +22.4%, 2013-08-01 -64.5%, 2013-08-02 -23.0%"
WARN,PRICE_JUMP,universe_daily,NSE_EQ|INE112F01022,1d,1,1 daily moves >20%: 2026-08-25 +20.3%
WARN,PRICE_JUMP,universe_daily,NSE_EQ|INE113A01013,1d,47,"47 daily moves >20%: 2003-01-28 +inf%, 2003-01-29 -100.0%, 2003-02-04 +inf%"
WARN,PRICE_JUMP,universe_daily,NSE_EQ|INE114A01011,1d,4,"4 daily moves >20%: 2003-08-18 +30.1%, 2004-06-23 -25.8%, 2009-05-18 +21.2%"
WARN,PRICE_JUMP,universe_daily,NSE_EQ|INE115A01026,1d,7,"7 daily moves >20%: 2003-05-30 +30.5%, 2003-06-19 +28.4%, 2007-10-23 +23.2%"
WARN,PRICE_JUMP,universe_daily,NSE_EQ|INE116A01032,1d,5,"5 daily moves >20%: 2007-10-31 +20.3%, 2010-01-18 +20.1%, 2010-09-15 +20.1%"
WARN,PRICE_JUMP,universe_daily,NSE_EQ|INE116D01028,1d,7,"7 daily moves >20%: 2003-11-28 +20.1%, 2004-12-30 +20.3%, 2005-08-11 +20.3%"
WARN,PRICE_JUMP,universe_daily,NSE_EQ|INE117A01022,1d,2,"2 daily moves >20%: 2010-05-17 +23.1%, 2013-05-17 +20.9%"
WARN,PRICE_JUMP,universe_daily,NSE_EQ|INE117Z01029,1d,3,"3 daily moves >20%: 2018-04-19 -36.1%, 2018-05-04 -44.5%, 2024-09-13 -20.4%"
WARN,PRICE_JUMP,universe_daily,NSE_EQ|INE119A01028,1d,2,"2 daily moves >20%: 2007-09-19 +23.6%, 2008-01-25 +24.6%"
WARN,PRICE_JUMP,universe_daily,NSE_EQ|INE120A01034,1d,3,"3 daily moves >20%: 2004-08-16 +400.1%, 2004-08-17 -80.3%, 2007-05-25 +20.0%"
WARN,PRICE_JUMP,universe_daily,NSE_EQ|INE121A01024,1d,3,"3 daily moves >20%: 2007-10-25 +20.1%, 2008-12-15 +20.4%, 2020-03-23 -29.6%"
WARN,PRICE_JUMP,universe_daily,NSE_EQ|INE121J01017,1d,1,1 daily moves >20%: 2020-03-18 -22.9%
WARN,PRICE_JUMP,universe_daily,NSE_EQ|INE123B01028,1d,10,"10 daily moves >20%: 2005-12-22 +998.5%, 2007-06-18 -43.0%, 2007-09-13 +20.1%"
WARN,PRICE_JUMP,universe_daily,NSE_EQ|INE123C01018,1d,16,"16 daily moves >20%: 2003-04-07 +20.8%, 2003-04-21 +30.4%, 2003-06-17 +20.0%"
WARN,PRICE_JUMP,universe_daily,NSE_EQ|INE123F01029,1d,2,"2 daily moves >20%: 2010-06-15 +21.1%, 2010-07-29 +21.9%"
WARN,PRICE_JUMP,universe_daily,NSE_EQ|INE124G01033,1d,2,"2 daily moves >20%: 2010-09-17 +20.0%, 2023-07-12 -23.2%"
WARN,PRICE_JUMP,universe_daily,NSE_EQ|INE124Y01028,1d,3,"3 daily moves >20%: 2019-03-19 +20.2%, 2021-10-20 -20.0%, 2024-05-07 +20.1%"
WARN,PRICE_JUMP,universe_daily,NSE_EQ|INE126A01031,1d,1,1 daily moves >20%: 2009-05-19 +20.0%
WARN,PRICE_JUMP,universe_daily,NSE_EQ|INE126M01010,1d,1,1 daily moves >20%: 2026-04-16 +20.0%
WARN,PRICE_JUMP,universe_daily,NSE_EQ|INE127I01024,1d,2,"2 daily moves >20%: 2021-01-06 +20.2%, 2021-07-13 +20.0%"
WARN,PRICE_JUMP,universe_daily,NSE_EQ|INE128A01029,1d,2,"2 daily moves >20%: 2003-05-23 +20.1%, 2003-11-10 +20.1%"
WARN,PRICE_JUMP,universe_daily,NSE_EQ|INE128X01021,1d,1,1 daily moves >20%: 2022-11-21 +18989.6%
WARN,PRICE_JUMP,universe_daily,NSE_EQ|INE129A01019,1d,3,"3 daily moves >20%: 2004-05-14 -23.9%, 2004-05-17 -30.4%, 2004-05-18 +48.8%"
WARN,PRICE_JUMP,universe_daily,NSE_EQ|INE129Z01016,1d,1,1 daily moves >20%: 2018-02-15 +609.1%
WARN,PRICE_JUMP,universe_daily,NSE_EQ|INE130B01031,1d,4,"4 daily moves >20%: 2004-06-23 -22.3%, 2006-05-05 +20.1%, 2009-06-09 +20.1%"
WARN,PRICE_JUMP,universe_daily,NSE_EQ|INE131A01031,1d,3,"3 daily moves >20%: 2008-12-15 +20.1%, 2008-12-16 +20.0%, 2009-04-13 +20.0%"
WARN,PRICE_JUMP,universe_daily,NSE_EQ|INE132H01018,1d,2,"2 daily moves >20%: 2015-08-19 +20.0%, 2021-03-09 +20.0%"
WARN,PRICE_JUMP,universe_daily,NSE_EQ|INE133Y01011,1d,1,1 daily moves >20%: 2020-12-30 +20.0%
WARN,PRICE_JUMP,universe_daily,NSE_EQ|INE134B01017,1d,2,"2 daily moves >20%: 2010-09-06 +20.0%, 2014-03-24 +27.1%"
WARN,PRICE_JUMP,universe_daily,NSE_EQ|INE134E01011,1d,2,"2 daily moves >20%: 2008-02-14 +22.3%, 2024-06-04 -23.1%"
WARN,PRICE_JUMP,universe_daily,NSE_EQ|INE136B01020,1d,1,1 daily moves >20%: 2025-01-24 -23.4%
WARN,PRICE_JUMP,universe_daily,NSE_EQ|INE137I01015,1d,1,1 daily moves >20%: 2022-01-05 +20.0%
WARN,PRICE_JUMP,universe_daily,NSE_EQ|INE138Y01010,1d,1,1 daily moves >20%: 2022-12-29 +2944.8%
WARN,PRICE_JUMP,universe_daily,NSE_EQ|INE139A01034,1d,1,1 daily moves >20%: 2008-10-24 -22.1%
WARN,PRICE_JUMP,universe_daily,NSE_EQ|INE139I01011,1d,3,"3 daily moves >20%: 2007-12-31 +20.0%, 2010-04-08 +20.1%, 2015-01-01 -51.6%"
WARN,PRICE_JUMP,universe_daily,NSE_EQ|INE139R01012,1d,2,"2 daily moves >20%: 2022-11-15 +9595.5%, 2024-08-07 -20.0%"
WARN,PRICE_JUMP,universe_daily,NSE_EQ|INE141D01018,1d,3,"3 daily moves >20%: 2010-06-29 +20.1%, 2015-01-01 -46.4%, 2019-02-21 -46.0%"
WARN,PRICE_JUMP,universe_daily,NSE_EQ|INE141K01013,1d,1,1 daily moves >20%: 2015-01-01 -66.7%
WARN,PRICE_JUMP,universe_daily,NSE_EQ|INE142I01023,1d,4,"4 daily moves >20%: 2009-05-13 +20.1%, 2009-05-14 +20.2%, 2009-11-17 +20.0%"
WARN,PRICE_JUMP,universe_daily,NSE_EQ|INE143A01010,1d,6,"6 daily moves >20%: 2008-01-21 -31.1%, 2008-01-22 -30.5%, 2008-01-23 +36.6%"
WARN,PRICE_JUMP,universe_daily,NSE_EQ|INE144D01012,1d,2,"2 daily moves >20%: 2015-01-02 -38.9%, 2019-01-09 -25.7%"
WARN,PRICE_JUMP,universe_daily,NSE_EQ|INE144J01027,1d,6,"6 daily moves >20%: 2008-10-28 +20.3%, 2009-04-21 +20.1%, 2010-01-29 +20.1%"
WARN,PRICE_JUMP,universe_daily,NSE_EQ|INE146L01010,1d,2,"2 daily moves >20%: 2018-08-28 +20.0%, 2026-06-22 +20.0%"
WARN,PRICE_JUMP,universe_daily,NSE_EQ|INE147A01011,1d,5,"5 daily moves >20%: 2003-05-15 +20.7%, 2003-05-16 +20.1%, 2003-08-18 +20.1%"
WARN,PRICE_JUMP,universe_daily,NSE_EQ|INE148A01019,1d,1,1 daily moves >20%: 2008-05-20 +20.1%
WARN,PRICE_JUMP,universe_daily,NSE_EQ|INE148I01020,1d,5,"5 daily moves >20%: 2019-09-30 -34.4%, 2019-11-28 +24.8%, 2020-03-19 -33.7%"
WARN,PRICE_JUMP,universe_daily,NSE_EQ|INE148O01028,1d,2,"2 daily moves >20%: 2016-03-08 -34.3%, 2022-05-24 +9227.8%"
WARN,PRICE_JUMP,universe_daily,NSE_EQ|INE149K01016,1d,1,1 daily moves >20%: 2025-02-17 +20.0%
WARN,PRICE_JUMP,universe_daily,NSE_EQ|INE150B01039,1d,2,"2 daily moves >20%: 2012-09-10 +21.0%, 2013-01-14 +20.0%"
WARN,PRICE_JUMP,universe_daily,NSE_EQ|INE151A01013,1d,1,1 daily moves >20%: 2019-09-17 -34.8%
WARN,PRICE_JUMP,universe_daily,NSE_EQ|INE153T01027,1d,1,1 daily moves >20%: 2020-06-25 +20.2%
WARN,PRICE_JUMP,universe_daily,NSE_EQ|INE155A01022,1d,2,"2 daily moves >20%: 2021-10-13 +20.4%, 2025-10-14 -40.2%"
WARN,PRICE_JUMP,universe_daily,NSE_EQ|INE155G01029,1d,2,"2 daily moves >20%: 2004-12-31 +20.0%, 2008-12-04 +26.5%"
WARN,PRICE_JUMP,universe_daily,NSE_EQ|INE156A01020,1d,4,"4 daily moves >20%: 2003-06-20 +22.3%, 2005-09-06 +20.0%, 2008-01-01 +20.0%"
WARN,PRICE_JUMP,universe_daily,NSE_EQ|INE156C01018,1d,3,"3 daily moves >20%: 2006-11-29 +20.0%, 2006-11-30 +20.0%, 2007-12-31 +20.0%"
WARN,PRICE_JUMP,universe_daily,NSE_EQ|INE157H01023,1d,4,"4 daily moves >20%: 2007-09-19 +20.0%, 2010-08-30 +54.2%, 2015-10-07 +20.1%"
WARN,PRICE_JUMP,universe_daily,NSE_EQ|INE158A01026,1d,1,1 daily moves >20%: 2009-05-18 +23.7%
WARN,PRICE_JUMP,universe_daily,NSE_EQ|INE158B01016,1d,1,1 daily moves >20%: 2025-04-15 +20.0%
WARN,PRICE_JUMP,universe_daily,NSE_EQ|INE160A01022,1d,1,1 daily moves >20%: 2017-10-25 +46.2%
WARN,PRICE_JUMP,universe_daily,NSE_EQ|INE161A01038,1d,5,"5 daily moves >20%: 2004-05-17 -21.0%, 2005-06-13 +20.0%, 2009-05-22 +23.0%"
WARN,PRICE_JUMP,universe_daily,NSE_EQ|INE161L01027,1d,1,1 daily moves >20%: 2019-06-25 -21.3%
WARN,PRICE_JUMP,universe_daily,NSE_EQ|INE162B01018,1d,7,"7 daily moves >20%: 2003-11-17 +26.5%, 2003-11-24 +20.0%, 2004-06-23 -21.6%"
WARN,PRICE_JUMP,universe_daily,NSE_EQ|INE162C01024,1d,103,"103 daily moves >20%: 2015-03-23 +25.0%, 2015-04-06 +25.0%, 2015-04-30 +25.0%"
WARN,PRICE_JUMP,universe_daily,NSE_EQ|INE163A01018,1d,7,"7 daily moves >20%: 2003-05-15 +20.5%, 2003-06-27 +20.3%, 2003-07-01 +20.1%"
WARN,PRICE_JUMP,universe_daily,NSE_EQ|INE164B01030,1d,3,"3 daily moves >20%: 2016-10-19 +20.1%, 2017-11-14 +97.0%, 2018-02-07 -47.5%"
WARN,PRICE_JUMP,universe_daily,NSE_EQ|INE165B01029,1d,14,"14 daily moves >20%: 2003-02-17 +20.0%, 2003-05-16 +20.1%, 2003-08-20 +20.2%"
WARN,PRICE_JUMP,universe_daily,NSE_EQ|INE168A01041,1d,1,1 daily moves >20%: 2004-06-23 -27.7%
WARN,PRICE_JUMP,universe_daily,NSE_EQ|INE170I01016,1d,5,"5 daily moves >20%: 2008-01-21 -25.0%, 2008-01-23 +26.8%, 2013-10-08 +20.0%"
WARN,PRICE_JUMP,universe_daily,NSE_EQ|INE170V01027,1d,1,1 daily moves >20%: 2019-06-27 +20.7%
WARN,PRICE_JUMP,universe_daily,NSE_EQ|INE171A01029,1d,2,"2 daily moves >20%: 2004-11-29 -65.1%, 2020-03-23 -24.2%"
WARN,PRICE_JUMP,universe_daily,NSE_EQ|INE173A01025,1d,3,"3 daily moves >20%: 2008-12-15 +20.2%, 2009-05-19 +20.1%, 2015-01-01 -40.5%"
WARN,PRICE_JUMP,universe_daily,NSE_EQ|INE175A01038,1d,3,"3 daily moves >20%: 2019-06-18 -21.0%, 2019-06-19 -28.1%, 2019-06-20 +21.6%"
WARN,PRICE_JUMP,universe_daily,NSE_EQ|INE176A01028,1d,2,"2 daily moves >20%: 2003-11-17 +26.6%, 2008-01-22 -23.0%"
WARN,PRICE_JUMP,universe_daily,NSE_EQ|INE176B01034,1d,3,"3 daily moves >20%: 2003-12-30 +104.6%, 2003-12-31 -49.8%, 2009-05-06 +36.0%"
WARN,PRICE_JUMP,universe_daily,NSE_EQ|INE177A01018,1d,4,"4 daily moves >20%: 2005-03-07 +20.0%, 2005-08-10 +20.0%, 2009-03-16 +20.0%"
WARN,PRICE_JUMP,universe_daily,NSE_EQ|INE178A01016,1d,4,"4 daily moves >20%: 2003-05-02 +20.1%, 2004-05-19 +20.0%, 2004-06-23 -20.7%"
WARN,PRICE_JUMP,universe_daily,NSE_EQ|INE179A01014,1d,1,1 daily moves >20%: 2004-07-09 +62.5%
WARN,PRICE_JUMP,universe_daily,NSE_EQ|INE180A01020,1d,7,"7 daily moves >20%: 2003-12-03 +20.0%, 2003-12-17 +20.0%, 2004-06-23 +29.1%"
WARN,PRICE_JUMP,universe_daily,NSE_EQ|INE180C01042,1d,4,"4 daily moves >20%: 2010-11-24 -20.1%, 2010-11-25 -20.0%, 2011-11-28 +21.0%"
WARN,PRICE_JUMP,universe_daily,NSE_EQ|INE184H01027,1d,1,1 daily moves >20%: 2005-12-16 +20.0%
WARN,PRICE_JUMP,universe_daily,NSE_EQ|INE185H01016,1d,7,"7 daily moves >20%: 2010-07-08 +20.1%, 2010-11-09 +20.1%, 2010-11-10 +20.1%"
WARN,PRICE_JUMP,universe_daily,NSE_EQ|INE186A01019,1d,4,"4 daily moves >20%: 2003-04-28 +20.2%, 2004-01-07 +56.7%, 2004-01-08 -34.8%"
WARN,PRICE_JUMP,universe_daily,NSE_EQ|INE187D01029,1d,4,"4 daily moves >20%: 2014-05-28 +20.2%, 2015-01-12 +20.1%, 2015-03-02 +24.6%"
WARN,PRICE_JUMP,universe_daily,NSE_EQ|INE188A01015,1d,14,"14 daily moves >20%: 2003-02-04 +20.0%, 2003-05-20 +20.2%, 2003-10-15 +20.1%"
WARN,PRICE_JUMP,universe_daily,NSE_EQ|INE188B01013,1d,9,"9 daily moves >20%: 2003-08-05 +20.1%, 2003-12-17 +20.1%, 2003-12-18 +20.0%"
WARN,PRICE_JUMP,universe_daily,NSE_EQ|INE189B01011,1d,2,"2 daily moves >20%: 2010-03-02 +20.0%, 2020-07-24 -20.0%"
WARN,PRICE_JUMP,universe_daily,NSE_EQ|INE189I01024,1d,4,"4 daily moves >20%: 2009-07-31 +20.1%, 2010-09-29 +20.0%, 2011-01-03 +20.0%"
WARN,PRICE_JUMP,universe_daily,NSE_EQ|INE190H01024,1d,7,"7 daily moves >20%: 2009-08-04 +21.1%, 2013-09-25 +21.4%, 2015-05-19 +20.4%"
WARN,PRICE_JUMP,universe_daily,NSE_EQ|INE191B01025,1d,5,"5 daily moves >20%: 2005-05-24 +63.3%, 2008-10-10 -22.1%, 2008-12-15 +21.1%"
WARN,PRICE_JUMP,universe_daily,NSE_EQ|INE192B01031,1d,4,"4 daily moves >20%: 2003-12-04 +84.2%, 2007-11-20 +20.0%, 2007-11-23 +20.1%"
WARN,PRICE_JUMP,universe_daily,NSE_EQ|INE193B01039,1d,1,1 daily moves >20%: 2020-06-08 +20.0%
WARN,PRICE_JUMP,universe_daily,NSE_EQ|INE193E01025,1d,2,"2 daily moves >20%: 2009-04-06 +20.2%, 2023-09-14 +38.8%"
WARN,PRICE_JUMP,universe_daily,NSE_EQ|INE195A01028,1d,1,1 daily moves >20%: 2005-08-16 +20.0%
WARN,PRICE_JUMP,universe_daily,NSE_EQ|INE195J01029,1d,1,1 daily moves >20%: 2026-09-15 -20.0%
WARN,PRICE_JUMP,universe_daily,NSE_EQ|INE197A01024,1d,9,"9 daily moves >20%: 2003-06-03 +21.1%, 2003-07-01 +20.5%, 2004-06-23 -24.6%"
WARN,PRICE_JUMP,universe_daily,NSE_EQ|INE197D01010,1d,2,"2 daily moves >20%: 2007-07-31 +20.0%, 2010-08-23 +20.0%"
WARN,PRICE_JUMP,universe_daily,NSE_EQ|INE197J01017,1d,3,"3 daily moves >20%: 2009-12-03 +20.2%, 2010-07-14 +20.7%, 2017-11-07 +20.0%"
WARN,PRICE_JUMP,universe_daily,NSE_EQ|INE199C01026,1d,2,"2 daily moves >20%: 2015-06-10 +20.2%, 2022-02-09 -20.0%"
WARN,PRICE_JUMP,universe_daily,NSE_EQ|INE1SJO01012,1d,1,1 daily moves >20%: 2026-08-25 +20.2%
WARN,PRICE_JUMP,universe_daily,NSE_EQ|INE200A01026,1d,1,1 daily moves >20%: 2009-05-18 +23.3%
WARN,PRICE_JUMP,universe_daily,NSE_EQ|INE201A01024,1d,12,"12 daily moves >20%: 2003-05-15 +21.0%, 2003-05-16 +21.1%, 2003-07-30 +21.1%"
WARN,PRICE_JUMP,universe_daily,NSE_EQ|INE201K01015,1d,1,1 daily moves >20%: 2010-12-29 +20.0%
WARN,PRICE_JUMP,universe_daily,NSE_EQ|INE202H01019,1d,6,"6 daily moves >20%: 2008-11-21 +20.0%, 2009-02-06 +20.0%, 2009-02-09 +20.0%"
WARN,PRICE_JUMP,universe_daily,NSE_EQ|INE203G01027,1d,3,"3 daily moves >20%: 2004-06-23 -21.5%, 2012-04-10 -33.9%, 2012-06-01 +28.7%"
WARN,PRICE_JUMP,universe_daily,NSE_EQ|INE203Y01012,1d,1,1 daily moves >20%: 2018-01-18 +178.5%
WARN,PRICE_JUMP,universe_daily,NSE_EQ|INE204A01010,1d,4,"4 daily moves >20%: 2008-08-13 +20.0%, 2009-08-03 +20.0%, 2010-11-10 +20.1%"
WARN,PRICE_JUMP,universe_daily,NSE_EQ|INE205A01025,1d,31,"31 daily moves >20%: 2004-12-14 +inf%, 2004-12-15 -100.0%, 2004-12-16 +inf%"
WARN,PRICE_JUMP,universe_daily,NSE_EQ|INE205F01016,1d,1,1 daily moves >20%: 2026-09-15 +20.0%
WARN,PRICE_JUMP,universe_daily,NSE_EQ|INE206B01013,1d,1,1 daily moves >20%: 2004-04-22 +20.0%
WARN,PRICE_JUMP,universe_daily,NSE_EQ|INE208A01029,1d,67,"67 daily moves >20%: 2003-02-06 +inf%, 2003-02-07 +400.0%, 2003-02-11 +25.0%"
WARN,PRICE_JUMP,universe_daily,NSE_EQ|INE208C01025,1d,2,"2 daily moves >20%: 2004-09-27 +20.4%, 2010-04-05 +20.0%"
WARN,PRICE_JUMP,universe_daily,NSE_EQ|INE209A01019,1d,6,"6 daily moves >20%: 2003-10-07 +20.1%, 2004-12-07 +20.0%, 2005-09-15 +20.0%"
WARN,PRICE_JUMP,universe_daily,NSE_EQ|INE209B01025,1d,3,"3 daily moves >20%: 2007-12-26 +20.0%, 2009-05-20 +20.1%, 2013-08-22 +20.0%"
WARN,PRICE_JUMP,universe_daily,NSE_EQ|INE209L01016,1d,1,1 daily moves >20%: 2011-10-11 +20.1%
WARN,PRICE_JUMP,universe_daily,NSE_EQ|INE210A01017,1d,11,"11 daily moves >20%: 2003-04-08 +20.3%, 2003-09-30 -31.8%, 2006-02-06 +20.0%"
WARN,PRICE_JUMP,universe_daily,NSE_EQ|INE210C01013,1d,1,1 daily moves >20%: 2009-05-29 +20.0%
WARN,PRICE_JUMP,universe_daily,NSE_EQ|INE211R01019,1d,1,1 daily moves >20%: 2021-07-01 +20.0%
WARN,PRICE_JUMP,universe_daily,NSE_EQ|INE212H01026,1d,1,1 daily moves >20%: 2006-11-01 +20.0%
WARN,PRICE_JUMP,universe_daily,NSE_EQ|INE213A01029,1d,1,1 daily moves >20%: 2020-03-20 +20.4%
WARN,PRICE_JUMP,universe_daily,NSE_EQ|INE213C01025,1d,2,"2 daily moves >20%: 2013-11-20 +20.1%, 2020-03-18 -29.4%"
WARN,PRICE_JUMP,universe_daily,NSE_EQ|INE215D01010,1d,1,1 daily moves >20%: 2020-02-14 +949.6%
WARN,PRICE_JUMP,universe_daily,NSE_EQ|INE215F01023,1d,1,1 daily moves >20%: 2019-02-21 +42.9%
WARN,PRICE_JUMP,universe_daily,NSE_EQ|INE215I01027,1d,19,"19 daily moves >20%: 2007-12-05 +20.8%, 2008-07-14 +20.4%, 2009-04-08 +21.4%"
WARN,PRICE_JUMP,universe_daily,NSE_EQ|INE217A01012,1d,2,"2 daily moves >20%: 2008-08-08 +20.0%, 2017-10-23 +23.8%"
WARN,PRICE_JUMP,universe_daily,NSE_EQ|INE217B01036,1d,3,"3 daily moves >20%: 2007-06-25 +20.1%, 2007-12-05 +20.1%, 2009-05-22 +20.1%"
WARN,PRICE_JUMP,universe_daily,NSE_EQ|INE218C01016,1d,13,"13 daily moves >20%: 2003-06-23 +21.1%, 2003-06-25 +20.8%, 2003-07-02 +20.9%"
WARN,PRICE_JUMP,universe_daily,NSE_EQ|INE220B01022,1d,1,1 daily moves >20%: 2003-11-24 +20.1%
WARN,PRICE_JUMP,universe_daily,NSE_EQ|INE220G01021,1d,4,"4 daily moves >20%: 2004-06-23 -22.5%, 2006-06-09 +21.4%, 2015-01-01 +140.2%"
WARN,PRICE_JUMP,universe_daily,NSE_EQ|INE220Q01020,1d,1,1 daily moves >20%: 2025-08-01 -20.0%
WARN,PRICE_JUMP,universe_daily,NSE_EQ|INE221H01019,1d,9,"9 daily moves >20%: 2007-07-20 +20.0%, 2011-06-20 -42.7%, 2012-12-14 -20.0%"
WARN,PRICE_JUMP,universe_daily,NSE_EQ|INE226A01021,1d,2,"2 daily moves >20%: 2009-06-01 +20.1%, 2012-02-15 +24.4%"
WARN,PRICE_JUMP,universe_daily,NSE_EQ|INE227C01017,1d,4,"4 daily moves >20%: 2006-12-20 +545.7%, 2013-09-12 +20.1%, 2014-06-30 +20.1%"
WARN,PRICE_JUMP,universe_daily,NSE_EQ|INE227G01018,1d,3,"3 daily moves >20%: 2008-03-28 +20.1%, 2009-06-01 +20.2%, 2020-01-09 +21.5%"
WARN,PRICE_JUMP,universe_daily,NSE_EQ|INE228A01035,1d,1,1 daily moves >20%: 2003-08-18 +20.1%
WARN,PRICE_JUMP,universe_daily,NSE_EQ|INE229A01017,1d,8,"8 daily moves >20%: 2007-12-07 +20.1%, 2007-12-10 +20.0%, 2008-12-15 +20.1%"
WARN,PRICE_JUMP,universe_daily,NSE_EQ|INE229C01021,1d,4,"4 daily moves >20%: 2007-01-29 +1455.0%, 2007-12-27 +20.0%, 2020-07-20 +20.0%"
WARN,PRICE_JUMP,universe_daily,NSE_EQ|INE229H01012,1d,7,"7 daily moves >20%: 2006-09-04 +20.2%, 2006-12-18 +20.3%, 2007-01-12 +20.1%"
WARN,PRICE_JUMP,universe_daily,NSE_EQ|INE230B01021,1d,7,"7 daily moves >20%: 2004-06-23 -24.8%, 2004-10-08 +20.3%, 2008-11-03 +20.7%"
WARN,PRICE_JUMP,universe_daily,NSE_EQ|INE231C01019,1d,5,"5 daily moves >20%: 2006-06-23 +237.2%, 2008-03-17 -29.6%, 2008-08-20 +20.0%"
WARN,PRICE_JUMP,universe_daily,NSE_EQ|INE231F01020,1d,3,"3 daily moves >20%: 2008-01-21 -28.8%, 2008-01-22 -25.0%, 2008-04-21 +32.3%"
WARN,PRICE_JUMP,universe_daily,NSE_EQ|INE232I01014,1d,3,"3 daily moves >20%: 2007-07-19 +20.0%, 2007-10-12 +20.0%, 2011-04-13 +20.0%"
WARN,PRICE_JUMP,universe_daily,NSE_EQ|INE233A01035,1d,5,"5 daily moves >20%: 2003-03-24 -26.4%, 2003-05-28 +20.1%, 2004-09-29 +20.1%"
WARN,PRICE_JUMP,universe_daily,NSE_EQ|INE233B01017,1d,2,"2 daily moves >20%: 2010-04-15 +20.0%, 2011-04-07 +20.0%"
WARN,PRICE_JUMP,universe_daily,NSE_EQ|INE235C01036,1d,1,1 daily moves >20%: 2025-06-20 -79.0%
WARN,PRICE_JUMP,universe_daily,NSE_EQ|INE236A01020,1d,4,"4 daily moves >20%: 2003-09-09 +20.8%, 2003-09-23 +20.3%, 2006-02-20 -30.1%"
WARN,PRICE_JUMP,universe_daily,NSE_EQ|INE236G01019,1d,10,"10 daily moves >20%: 2004-08-05 +20.1%, 2005-12-07 +20.1%, 2005-12-08 +20.1%"
WARN,PRICE_JUMP,universe_daily,NSE_EQ|INE237A01036,1d,1,1 daily moves >20%: 2008-10-24 -21.3%
WARN,PRICE_JUMP,universe_daily,NSE_EQ|INE238A01034,1d,3,"3 daily moves >20%: 2003-07-03 +20.0%, 2003-12-03 +20.0%, 2020-03-23 -27.9%"
WARN,PRICE_JUMP,universe_daily,NSE_EQ|INE239D01028,1d,2,"2 daily moves >20%: 2011-10-11 +20.1%, 2013-09-06 -20.0%"
WARN,PRICE_JUMP,universe_daily,NSE_EQ|INE240C01028,1d,18,"18 daily moves >20%: 2003-04-04 +20.5%, 2003-05-16 +21.6%, 2003-05-19 +21.0%"
WARN,PRICE_JUMP,universe_daily,NSE_EQ|INE242A01010,1d,4,"4 daily moves >20%: 2004-05-14 -20.3%, 2006-06-15 +22.4%, 2008-01-21 -22.0%"
WARN,PRICE_JUMP,universe_daily,NSE_EQ|INE242C01024,1d,3,"3 daily moves >20%: 2008-12-11 +20.1%, 2020-08-07 +20.1%, 2020-08-24 +20.0%"
WARN,PRICE_JUMP,universe_daily,NSE_EQ|INE243D01012,1d,2,"2 daily moves >20%: 2009-11-16 +20.0%, 2011-02-03 +20.0%"
WARN,PRICE_JUMP,universe_daily,NSE_EQ|INE244A01016,1d,7,"7 daily moves >20%: 2003-01-13 +20.0%, 2003-08-01 +20.2%, 2003-08-04 +20.2%"
WARN,PRICE_JUMP,universe_daily,NSE_EQ|INE244B01030,1d,4,"4 daily moves >20%: 2009-05-19 +24.6%, 2016-09-02 +20.0%, 2019-09-17 -20.3%"
WARN,PRICE_JUMP,universe_daily,NSE_EQ|INE245A01021,1d,3,"3 daily moves >20%: 2004-05-17 -20.4%, 2004-06-23 -25.2%, 2007-10-16 +23.2%"
WARN,PRICE_JUMP,universe_daily,NSE_EQ|INE245I01016,1d,4,"4 daily moves >20%: 2007-09-27 +20.0%, 2007-10-11 +20.0%, 2007-12-04 +20.0%"
WARN,PRICE_JUMP,universe_daily,NSE_EQ|INE246B01019,1d,7,"7 daily moves >20%: 2003-10-09 +20.0%, 2003-11-28 +20.0%, 2006-03-31 +20.0%"
WARN,PRICE_JUMP,universe_daily,NSE_EQ|INE247D01039,1d,9,"9 daily moves >20%: 2010-12-24 +20.2%, 2012-02-10 +20.4%, 2017-02-21 +20.5%"
WARN,PRICE_JUMP,universe_daily,NSE_EQ|INE248A01017,1d,6,"6 daily moves >20%: 2004-07-08 +20.3%, 2005-07-18 +29.8%, 2005-11-07 +20.1%"
WARN,PRICE_JUMP,universe_daily,NSE_EQ|INE249Z01020,1d,1,1 daily moves >20%: 2020-10-12 +inf%
WARN,PRICE_JUMP,universe_daily,NSE_EQ|INE250B01029,1d,13,"13 daily moves >20%: 2004-08-30 +20.2%, 2004-12-09 +20.2%, 2007-12-05 +20.0%"
WARN,PRICE_JUMP,universe_daily,NSE_EQ|INE250K01012,1d,1,1 daily moves >20%: 2022-07-25 +20.0%
WARN,PRICE_JUMP,universe_daily,NSE_EQ|INE251B01027,1d,1,1 daily moves >20%: 2020-06-08 +20.0%
WARN,PRICE_JUMP,universe_daily,NSE_EQ|INE255X01014,1d,1,1 daily moves >20%: 2020-07-09 +20.0%
WARN,PRICE_JUMP,universe_daily,NSE_EQ|INE256A01028,1d,5,"5 daily moves >20%: 2019-01-25 -26.6%, 2020-03-18 +23.3%, 2021-09-14 +40.0%"
WARN,PRICE_JUMP,universe_daily,NSE_EQ|INE256C01024,1d,6,"6 daily moves >20%: 2005-12-13 +4456.1%, 2006-06-09 +20.1%, 2007-09-19 +23.2%"
WARN,PRICE_JUMP,universe_daily,NSE_EQ|INE256Z01025,1d,1,1 daily moves >20%: 2024-08-23 -27.3%
WARN,PRICE_JUMP,universe_daily,NSE_EQ|INE257A01026,1d,4,"4 daily moves >20%: 2004-05-17 -20.9%, 2019-10-18 +21.9%, 2020-05-13 +23.7%"
WARN,PRICE_JUMP,universe_daily,NSE_EQ|INE258A01024,1d,1,1 daily moves >20%: 2005-04-04 +20.1%
WARN,PRICE_JUMP,universe_daily,NSE_EQ|INE258B01022,1d,3,"3 daily moves >20%: 2004-06-23 -28.1%, 2007-12-05 +20.1%, 2008-07-28 +20.1%"
WARN,PRICE_JUMP,universe_daily,NSE_EQ|INE258Y01016,1d,1,1 daily moves >20%: 2021-01-27 +20.2%
WARN,PRICE_JUMP,universe_daily,NSE_EQ|INE259A01022,1d,1,1 daily moves >20%: 2006-01-25 +20.2%
WARN,PRICE_JUMP,universe_daily,NSE_EQ|INE260B01028,1d,3,"3 daily moves >20%: 2015-10-16 +20.3%, 2019-08-13 +20.3%, 2025-02-14 +20.0%"
WARN,PRICE_JUMP,universe_daily,NSE_EQ|INE260D01016,1d,4,"4 daily moves >20%: 2009-09-16 +20.1%, 2010-01-07 +20.0%, 2010-04-19 +20.1%"
WARN,PRICE_JUMP,universe_daily,NSE_EQ|INE262Z01023,1d,1,1 daily moves >20%: 2018-06-20 -78.8%
WARN,PRICE_JUMP,universe_daily,NSE_EQ|INE265F01028,1d,3,"3 daily moves >20%: 2006-04-25 +20.0%, 2007-06-26 +20.0%, 2009-04-08 +20.0%"
WARN,PRICE_JUMP,universe_daily,NSE_EQ|INE267A01025,1d,1,1 daily moves >20%: 2006-11-21 +5906.9%
WARN,PRICE_JUMP,universe_daily,NSE_EQ|INE269A01021,1d,2,"2 daily moves >20%: 2005-04-04 +20.2%, 2014-05-27 +20.1%"
WARN,PRICE_JUMP,universe_daily,NSE_EQ|INE269B01029,1d,1,1 daily moves >20%: 2009-06-04 +28.1%
WARN,PRICE_JUMP,universe_daily,NSE_EQ|INE270I01022,1d,2,"2 daily moves >20%: 2017-07-06 +20.0%, 2020-04-07 +20.0%"
WARN,PRICE_JUMP,universe_daily,NSE_EQ|INE271B01025,1d,1,1 daily moves >20%: 2008-01-21 -23.6%
WARN,PRICE_JUMP,universe_daily,NSE_EQ|INE271C01023,1d,3,"3 daily moves >20%: 2008-10-24 -23.7%, 2009-05-18 +25.0%, 2014-10-14 -28.6%"
WARN,PRICE_JUMP,universe_daily,NSE_EQ|INE273D01027,1d,4,"4 daily moves >20%: 2006-12-14 +20.1%, 2008-08-04 +20.1%, 2015-07-30 +20.0%"
WARN,PRICE_JUMP,universe_daily,NSE_EQ|INE274C01019,1d,2,"2 daily moves >20%: 2006-08-07 +625.9%, 2011-07-27 +20.0%"
WARN,PRICE_JUMP,universe_daily,NSE_EQ|INE274V01019,1d,1,1 daily moves >20%: 2025-09-24 -75.5%
WARN,PRICE_JUMP,universe_daily,NSE_EQ|INE276C01014,1d,4,"4 daily moves >20%: 2010-08-31 +20.0%, 2011-07-29 +20.0%, 2011-08-01 +20.0%"
WARN,PRICE_JUMP,universe_daily,NSE_EQ|INE276G01015,1d,1,1 daily moves >20%: 2021-12-09 +1688.1%
WARN,PRICE_JUMP,universe_daily,NSE_EQ|INE277A01016,1d,1,1 daily moves >20%: 2007-12-24 +20.0%
WARN,PRICE_JUMP,universe_daily,NSE_EQ|INE277B01014,1d,1,1 daily moves >20%: 2007-11-06 +1049.3%
WARN,PRICE_JUMP,universe_daily,NSE_EQ|INE277C01012,1d,4,"4 daily moves >20%: 2007-12-31 +20.1%, 2008-01-01 +20.0%, 2008-09-24 +20.2%"
WARN,PRICE_JUMP,universe_daily,NSE_EQ|INE278B01020,1d,20,"20 daily moves >20%: 2003-05-15 +21.1%, 2003-06-05 +20.3%, 2004-05-06 +20.4%"
WARN,PRICE_JUMP,universe_daily,NSE_EQ|INE278G01037,1d,8,"8 daily moves >20%: 2007-10-15 +20.0%, 2009-05-07 +20.1%, 2009-05-29 +20.1%"
WARN,PRICE_JUMP,universe_daily,NSE_EQ|INE279A01012,1d,8,"8 daily moves >20%: 2003-04-17 +20.5%, 2003-06-30 +20.4%, 2004-09-21 +20.2%"
WARN,PRICE_JUMP,universe_daily,NSE_EQ|INE280A01028,1d,2,"2 daily moves >20%: 2005-02-09 +20.0%, 2005-10-31 +25.7%"
WARN,PRICE_JUMP,universe_daily,NSE_EQ|INE281A01026,1d,7,"7 daily moves >20%: 2007-01-08 +21.2%, 2007-07-09 +21.0%, 2007-11-12 +20.5%"
WARN,PRICE_JUMP,universe_daily,NSE_EQ|INE283A01014,1d,2,"2 daily moves >20%: 2015-01-01 -67.5%, 2019-07-25 +20.0%"
WARN,PRICE_JUMP,universe_daily,NSE_EQ|INE285H01022,1d,6,"6 daily moves >20%: 2007-02-26 +350.0%, 2007-12-06 +20.0%, 2008-01-01 +20.0%"
WARN,PRICE_JUMP,universe_daily,NSE_EQ|INE286H01012,1d,2,"2 daily moves >20%: 2007-09-25 +20.1%, 2009-03-24 +20.2%"
WARN,PRICE_JUMP,universe_daily,NSE_EQ|INE287B01021,1d,2,"2 daily moves >20%: 2005-07-13 +978.5%, 2008-01-07 +20.1%"
WARN,PRICE_JUMP,universe_daily,NSE_EQ|INE287Z01012,1d,11,"11 daily moves >20%: 2019-10-07 +25.0%, 2019-11-08 +25.0%, 2020-03-13 +25.0%"
WARN,PRICE_JUMP,universe_daily,NSE_EQ|INE289A01011,1d,3,"3 daily moves >20%: 2005-12-15 +2186.3%, 2007-12-12 +20.0%, 2010-01-04 +20.0%"
WARN,PRICE_JUMP,universe_daily,NSE_EQ|INE289B01019,1d,6,"6 daily moves >20%: 2003-05-30 +20.2%, 2003-12-09 +20.1%, 2007-12-31 +20.0%"
WARN,PRICE_JUMP,universe_daily,NSE_EQ|INE289C01025,1d,1,1 daily moves >20%: 2015-01-01 -54.2%
WARN,PRICE_JUMP,universe_daily,NSE_EQ|INE290A01027,1d,2,"2 daily moves >20%: 2007-03-23 -45.4%, 2009-05-20 +20.1%"
WARN,PRICE_JUMP,universe_daily,NSE_EQ|INE291D01011,1d,1,1 daily moves >20%: 2017-11-22 +20.0%
WARN,PRICE_JUMP,universe_daily,NSE_EQ|INE291W01037,1d,2,"2 daily moves >20%: 2022-06-21 +109.2%, 2022-09-13 -47.5%"
WARN,PRICE_JUMP,universe_daily,NSE_EQ|INE292B01021,1d,1,1 daily moves >20%: 2009-05-06 +20.1%
WARN,PRICE_JUMP,universe_daily,NSE_EQ|INE293B01029,1d,1,1 daily moves >20%: 2019-02-21 -33.3%
WARN,PRICE_JUMP,universe_daily,NSE_EQ|INE294B01019,1d,2,"2 daily moves >20%: 2005-01-05 +20.0%, 2009-06-04 +20.0%"
WARN,PRICE_JUMP,universe_daily,NSE_EQ|INE294G01026,1d,1,1 daily moves >20%: 2021-09-13 +20.0%
WARN,PRICE_JUMP,universe_daily,NSE_EQ|INE296A01032,1d,43,"43 daily moves >20%: 2003-12-02 +100.0%, 2004-01-21 -50.0%, 2004-01-27 +100.0%"
WARN,PRICE_JUMP,universe_daily,NSE_EQ|INE296C01020,1d,2,"2 daily moves >20%: 2024-06-26 +20.0%, 2024-07-31 +20.0%"
WARN,PRICE_JUMP,universe_daily,NSE_EQ|INE296H01011,1d,4,"4 daily moves >20%: 2007-07-06 +20.0%, 2008-11-26 +20.1%, 2009-05-19 +20.0%"
WARN,PRICE_JUMP,universe_daily,NSE_EQ|INE296Q01012,1d,1,1 daily moves >20%: 2025-10-16 -45.9%
WARN,PRICE_JUMP,universe_daily,NSE_EQ|INE297H01019,1d,10,"10 daily moves >20%: 2006-04-05 +20.2%, 2006-04-24 +20.1%, 2007-04-20 +20.2%"
WARN,PRICE_JUMP,universe_daily,NSE_EQ|INE298G01035,1d,6,"6 daily moves >20%: 2006-09-26 +6863.6%, 2009-10-20 +21.7%, 2009-10-21 +20.0%"
WARN,PRICE_JUMP,universe_daily,NSE_EQ|INE298I01015,1d,5,"5 daily moves >20%: 2008-09-01 +20.0%, 2009-04-08 +20.1%, 2009-05-25 +20.0%"
WARN,PRICE_JUMP,universe_daily,NSE_EQ|INE2FMX01012,1d,2,"2 daily moves >20%: 2026-07-22 -20.0%, 2026-09-16 -51.3%"
WARN,PRICE_JUMP,universe_daily,NSE_EQ|INE301A01014,1d,5,"5 daily moves >20%: 2007-09-18 +21.0%, 2009-05-20 +20.0%, 2010-08-11 +20.0%"
WARN,PRICE_JUMP,universe_daily,NSE_EQ|INE302A01020,1d,1,1 daily moves >20%: 2004-06-23 -25.2%
WARN,PRICE_JUMP,universe_daily,NSE_EQ|INE303A01010,1d,2,"2 daily moves >20%: 2004-11-30 +20.0%, 2013-11-25 +20.0%"
WARN,PRICE_JUMP,universe_daily,NSE_EQ|INE304A01026,1d,7,"7 daily moves >20%: 2003-05-14 +20.1%, 2003-07-16 +20.0%, 2003-08-13 +20.0%"
WARN,PRICE_JUMP,universe_daily,NSE_EQ|INE305A01023,1d,3,"3 daily moves >20%: 2006-11-06 +20.5%, 2008-12-16 +20.3%, 2024-01-15 +20.0%"
WARN,PRICE_JUMP,universe_daily,NSE_EQ|INE306A01021,1d,10,"10 daily moves >20%: 2003-12-29 +20.0%, 2004-04-28 +948.2%, 2004-04-29 -89.7%"
WARN,PRICE_JUMP,universe_daily,NSE_EQ|INE306C01019,1d,4,"4 daily moves >20%: 2010-04-12 +20.1%, 2010-09-08 +20.1%, 2010-09-09 +20.1%"
WARN,PRICE_JUMP,universe_daily,NSE_EQ|INE308A01027,1d,9,"9 daily moves >20%: 2005-01-27 +20.0%, 2006-12-27 +20.0%, 2007-03-23 -39.9%"
WARN,PRICE_JUMP,universe_daily,NSE_EQ|INE309M01020,1d,4,"4 daily moves >20%: 2012-08-16 +6300.0%, 2017-09-27 +20.5%, 2020-01-09 +20.2%"
WARN,PRICE_JUMP,universe_daily,NSE_EQ|INE310A01015,1d,2,"2 daily moves >20%: 2007-01-22 +20.0%, 2007-10-15 +20.0%"
WARN,PRICE_JUMP,universe_daily,NSE_EQ|INE310C01029,1d,3,"3 daily moves >20%: 2004-12-02 +20.1%, 2008-11-06 -42.5%, 2015-10-21 +20.0%"
WARN,PRICE_JUMP,universe_daily,NSE_EQ|INE314C01013,1d,6,"6 daily moves >20%: 2007-02-21 +20.0%, 2007-02-22 +20.1%, 2007-12-05 +20.1%"
WARN,PRICE_JUMP,universe_daily,NSE_EQ|INE314G01014,1d,2,"2 daily moves >20%: 2010-08-03 +20.0%, 2015-01-01 +41.0%"
WARN,PRICE_JUMP,universe_daily,NSE_EQ|INE314T01033,1d,4,"4 daily moves >20%: 2016-10-03 +20.3%, 2016-10-27 +20.0%, 2016-11-30 +20.4%"
WARN,PRICE_JUMP,universe_daily,NSE_EQ|INE317F01035,1d,1,1 daily moves >20%: 2009-06-26 +20.0%
WARN,PRICE_JUMP,universe_daily,NSE_EQ|INE318D01020,1d,8,"8 daily moves >20%: 2007-07-09 +20.0%, 2007-11-02 +20.0%, 2009-04-08 +20.2%"
WARN,PRICE_JUMP,universe_daily,NSE_EQ|INE320L01011,1d,1,1 daily moves >20%: 2021-06-16 +20.0%
WARN,PRICE_JUMP,universe_daily,NSE_EQ|INE320X01016,1d,2,"2 daily moves >20%: 2019-01-02 +20.0%, 2024-01-04 +20.0%"
WARN,PRICE_JUMP,universe_daily,NSE_EQ|INE322A01010,1d,2,"2 daily moves >20%: 2003-07-30 +20.0%, 2007-12-14 +20.0%"
WARN,PRICE_JUMP,universe_daily,NSE_EQ|INE323A01026,1d,2,"2 daily moves >20%: 2004-07-08 +861.3%, 2004-07-09 -89.6%"
WARN,PRICE_JUMP,universe_daily,NSE_EQ|INE323C01030,1d,2,"2 daily moves >20%: 2005-09-01 +20.0%, 2009-05-20 +20.0%"
WARN,PRICE_JUMP,universe_daily,NSE_EQ|INE323I01011,1d,5,"5 daily moves >20%: 2008-03-26 +22.2%, 2008-10-24 -45.5%, 2009-04-09 +20.1%"
WARN,PRICE_JUMP,universe_daily,NSE_EQ|INE323J01019,1d,2,"2 daily moves >20%: 2017-10-23 +38.1%, 2018-06-29 +20.0%"
WARN,PRICE_JUMP,universe_daily,NSE_EQ|INE324A01032,1d,2,"2 daily moves >20%: 2007-10-29 +20.0%, 2014-01-01 +20.8%"
WARN,PRICE_JUMP,universe_daily,NSE_EQ|INE324L01013,1d,3,"3 daily moves >20%: 2011-11-08 +20.1%, 2014-01-06 +20.0%, 2014-09-25 +20.0%"
WARN,PRICE_JUMP,universe_daily,NSE_EQ|INE324X01026,1d,2,"2 daily moves >20%: 2018-07-24 +20.8%, 2019-08-26 +23.1%"
WARN,PRICE_JUMP,universe_daily,NSE_EQ|INE325A01013,1d,2,"2 daily moves >20%: 2007-02-06 +497.1%, 2009-04-27 +20.0%"
WARN,PRICE_JUMP,universe_daily,NSE_EQ|INE326A01037,1d,1,1 daily moves >20%: 2004-06-23 -24.4%
WARN,PRICE_JUMP,universe_daily,NSE_EQ|INE326B01035,1d,7,"7 daily moves >20%: 2008-10-24 -20.3%, 2008-12-04 +20.6%, 2009-07-20 -23.5%"
WARN,PRICE_JUMP,universe_daily,NSE_EQ|INE331A01037,1d,2,"2 daily moves >20%: 2003-11-06 +912.0%, 2003-11-07 -89.9%"
WARN,PRICE_JUMP,universe_daily,NSE_EQ|INE332A01027,1d,5,"5 daily moves >20%: 2007-12-14 +20.0%, 2008-08-20 +20.1%, 2009-04-13 +20.2%"
WARN,PRICE_JUMP,universe_daily,NSE_EQ|INE332H01014,1d,2,"2 daily moves >20%: 2006-04-24 +20.0%, 2009-08-20 +20.0%"
WARN,PRICE_JUMP,universe_daily,NSE_EQ|INE335A01020,1d,6,"6 daily moves >20%: 2003-08-04 +20.2%, 2005-09-05 +20.1%, 2008-04-22 +20.2%"
WARN,PRICE_JUMP,universe_daily,NSE_EQ|INE336X01012,1d,2,"2 daily moves >20%: 2022-08-24 +20.0%, 2026-08-04 +20.0%"
WARN,PRICE_JUMP,universe_daily,NSE_EQ|INE337A01034,1d,8,"8 daily moves >20%: 2003-12-09 +2000.0%, 2003-12-10 -94.7%, 2004-06-23 -28.7%"
WARN,PRICE_JUMP,universe_daily,NSE_EQ|INE337M01021,1d,9,"9 daily moves >20%: 2013-01-08 +23.1%, 2015-07-13 +22.2%, 2016-02-08 +20.8%"
WARN,PRICE_JUMP,universe_daily,NSE_EQ|INE338A01024,1d,3,"3 daily moves >20%: 2003-11-17 +20.4%, 2013-07-19 +20.0%, 2015-08-03 +20.0%"
WARN,PRICE_JUMP,universe_daily,NSE_EQ|INE340A01012,1d,2,"2 daily moves >20%: 2004-06-23 -30.9%, 2008-01-23 +25.8%"
WARN,PRICE_JUMP,universe_daily,NSE_EQ|INE341R01014,1d,3,"3 daily moves >20%: 2015-02-09 +20.0%, 2019-04-24 +20.0%, 2021-06-17 +20.0%"
WARN,PRICE_JUMP,universe_daily,NSE_EQ|INE342J01019,1d,1,1 daily moves >20%: 2024-05-27 +20.0%
WARN,PRICE_JUMP,universe_daily,NSE_EQ|INE343H01029,1d,1,1 daily moves >20%: 2007-05-15 +20.0%
WARN,PRICE_JUMP,universe_daily,NSE_EQ|INE345A01011,1d,6,"6 daily moves >20%: 2004-08-02 +20.0%, 2005-04-05 +20.0%, 2008-01-21 -22.1%"
WARN,PRICE_JUMP,universe_daily,NSE_EQ|INE347A01017,1d,2,"2 daily moves >20%: 2003-12-29 +20.2%, 2004-04-22 +20.1%"
WARN,PRICE_JUMP,universe_daily,NSE_EQ|INE347G01014,1d,18,"18 daily moves >20%: 2004-04-01 +85.7%, 2004-04-02 +130.8%, 2004-04-05 +70.0%"
WARN,PRICE_JUMP,universe_daily,NSE_EQ|INE347W01011,1d,3,"3 daily moves >20%: 2017-11-22 -29.3%, 2018-10-16 +46.0%, 2019-01-09 -30.2%"
WARN,PRICE_JUMP,universe_daily,NSE_EQ|INE348A01023,1d,1,1 daily moves >20%: 2008-10-23 -20.0%
WARN,PRICE_JUMP,universe_daily,NSE_EQ|INE349W01017,1d,2,"2 daily moves >20%: 2017-11-22 -49.3%, 2019-05-24 +20.0%"
WARN,PRICE_JUMP,universe_daily,NSE_EQ|INE350H01032,1d,5,"5 daily moves >20%: 2007-10-24 +20.0%, 2009-03-19 +20.1%, 2009-05-08 +20.0%"
WARN,PRICE_JUMP,universe_daily,NSE_EQ|INE351A01035,1d,3,"3 daily moves >20%: 2004-01-27 +20.0%, 2004-09-30 +20.0%, 2026-07-08 +20.0%"
WARN,PRICE_JUMP,universe_daily,NSE_EQ|INE351F01018,1d,7,"7 daily moves >20%: 2007-09-25 +26.9%, 2008-01-21 -22.7%, 2008-01-22 -20.6%"
WARN,PRICE_JUMP,universe_daily,NSE_EQ|INE351Y01019,1d,1,1 daily moves >20%: 2020-07-22 +20.0%
WARN,PRICE_JUMP,universe_daily,NSE_EQ|INE353A01023,1d,9,"9 daily moves >20%: 2004-05-17 -23.7%, 2006-06-15 +28.0%, 2007-11-16 +28.0%"
WARN,PRICE_JUMP,universe_daily,NSE_EQ|INE353H01010,1d,9,"9 daily moves >20%: 2006-05-02 +21.0%, 2007-01-17 +20.0%, 2007-12-14 +20.1%"
WARN,PRICE_JUMP,universe_daily,NSE_EQ|INE355A01028,1d,3,"3 daily moves >20%: 2003-12-15 +20.0%, 2004-11-24 +20.0%, 2012-10-22 +20.0%"
WARN,PRICE_JUMP,universe_daily,NSE_EQ|INE356A01018,1d,2,"2 daily moves >20%: 2008-10-13 +22.6%, 2011-02-25 -28.1%"
WARN,PRICE_JUMP,universe_daily,NSE_EQ|INE358A01014,1d,1,1 daily moves >20%: 2010-01-08 +199.3%
WARN,PRICE_JUMP,universe_daily,NSE_EQ|INE358U01012,1d,3,"3 daily moves >20%: 2009-05-26 +20.0%, 2017-05-10 -59.4%, 2019-07-25 -27.6%"
WARN,PRICE_JUMP,universe_daily,NSE_EQ|INE360L01017,1d,1,1 daily moves >20%: 2015-05-19 +20.0%
WARN,PRICE_JUMP,universe_daily,NSE_EQ|INE361B01024,1d,1,1 daily moves >20%: 2016-12-23 -22.3%
WARN,PRICE_JUMP,universe_daily,NSE_EQ|INE362A01016,1d,4,"4 daily moves >20%: 2009-03-03 +20.0%, 2015-01-01 -31.7%, 2019-01-09 -27.8%"
WARN,PRICE_JUMP,universe_daily,NSE_EQ|INE363A01022,1d,1,1 daily moves >20%: 2009-06-10 +20.0%
WARN,PRICE_JUMP,universe_daily,NSE_EQ|INE364A01020,1d,5,"5 daily moves >20%: 2004-05-19 +20.0%, 2004-06-23 -20.2%, 2006-02-06 +20.0%"
WARN,PRICE_JUMP,universe_daily,NSE_EQ|INE364U01010,1d,1,1 daily moves >20%: 2024-11-29 +21.8%
WARN,PRICE_JUMP,universe_daily,NSE_EQ|INE365B01017,1d,5,"5 daily moves >20%: 2004-06-23 -21.9%, 2004-08-05 +20.0%, 2007-01-08 +20.1%"
WARN,PRICE_JUMP,universe_daily,NSE_EQ|INE365I01020,1d,1,1 daily moves >20%: 2017-05-30 -51.5%
WARN,PRICE_JUMP,universe_daily,NSE_EQ|INE366A01041,1d,2,"2 daily moves >20%: 2010-09-02 +20.1%, 2016-06-27 +20.0%"
WARN,PRICE_JUMP,universe_daily,NSE_EQ|INE366I01010,1d,1,1 daily moves >20%: 2025-08-14 -49.7%
WARN,PRICE_JUMP,universe_daily,NSE_EQ|INE367G01038,1d,2,"2 daily moves >20%: 2007-04-16 +20.0%, 2009-04-08 +20.1%"
WARN,PRICE_JUMP,universe_daily,NSE_EQ|INE368U01029,1d,2,"2 daily moves >20%: 2019-02-22 -52.9%, 2022-10-11 +20.0%"
WARN,PRICE_JUMP,universe_daily,NSE_EQ|INE369A01029,1d,5,"5 daily moves >20%: 2004-06-23 -59.7%, 2005-09-13 +20.0%, 2006-11-01 +20.1%"
WARN,PRICE_JUMP,universe_daily,NSE_EQ|INE369C01017,1d,19,"19 daily moves >20%: 2003-02-26 +20.5%, 2003-04-01 +21.6%, 2003-05-08 +22.0%"
WARN,PRICE_JUMP,universe_daily,NSE_EQ|INE370E01029,1d,43,"43 daily moves >20%: 2014-06-02 +20.1%, 2015-02-24 +20.0%, 2019-08-27 +25.0%"
WARN,PRICE_JUMP,universe_daily,NSE_EQ|INE372C01037,1d,4,"4 daily moves >20%: 2005-06-06 +25.6%, 2009-03-02 -21.2%, 2013-10-28 +20.5%"
WARN,PRICE_JUMP,universe_daily,NSE_EQ|INE377E01024,1d,1,1 daily moves >20%: 2022-07-11 +20.0%
WARN,PRICE_JUMP,universe_daily,NSE_EQ|INE382T01030,1d,2,"2 daily moves >20%: 2022-09-22 +448.1%, 2022-12-06 -79.7%"
WARN,PRICE_JUMP,universe_daily,NSE_EQ|INE383A01012,1d,1,1 daily moves >20%: 2004-06-23 -24.6%
WARN,PRICE_JUMP,universe_daily,NSE_EQ|INE383H01017,1d,5,"5 daily moves >20%: 2006-11-21 +20.2%, 2006-12-05 +20.0%, 2009-12-01 +20.3%"
WARN,PRICE_JUMP,universe_daily,NSE_EQ|INE384A01010,1d,3,"3 daily moves >20%: 2005-05-04 +20.0%, 2005-05-11 -34.9%, 2005-05-12 +20.0%"
WARN,PRICE_JUMP,universe_daily,NSE_EQ|INE385C01021,1d,1,1 daily moves >20%: 2014-09-25 -20.1%
WARN,PRICE_JUMP,universe_daily,NSE_EQ|INE385I01010,1d,3,"3 daily moves >20%: 2008-08-11 +20.0%, 2009-04-15 +20.2%, 2009-08-13 +20.2%"
WARN,PRICE_JUMP,universe_daily,NSE_EQ|INE386A01023,1d,1,1 daily moves >20%: 2023-05-16 +20.1%
WARN,PRICE_JUMP,universe_daily,NSE_EQ|INE386C01029,1d,2,"2 daily moves >20%: 2008-07-04 +20.0%, 2009-05-22 +20.0%"
WARN,PRICE_JUMP,universe_daily,NSE_EQ|INE387A01021,1d,3,"3 daily moves >20%: 2004-01-23 -89.2%, 2004-01-27 +914.9%, 2009-04-02 +20.1%"
WARN,PRICE_JUMP,universe_daily,NSE_EQ|INE387I01016,1d,3,"3 daily moves >20%: 2007-09-26 -20.0%, 2012-01-03 +21.1%, 2016-10-18 +20.8%"
WARN,PRICE_JUMP,universe_daily,NSE_EQ|INE389C01015,1d,1,1 daily moves >20%: 2022-02-02 +49262.2%
WARN,PRICE_JUMP,universe_daily,NSE_EQ|INE389H01022,1d,2,"2 daily moves >20%: 2007-01-15 +20.0%, 2008-10-23 -20.0%"
WARN,PRICE_JUMP,universe_daily,NSE_EQ|INE390G01014,1d,4,"4 daily moves >20%: 2020-04-13 +20.0%, 2020-12-28 +20.1%, 2021-06-22 +20.1%"
WARN,PRICE_JUMP,universe_daily,NSE_EQ|INE391D01019,1d,2,"2 daily moves >20%: 2010-02-01 +20.0%, 2015-08-17 -20.0%"
WARN,PRICE_JUMP,universe_daily,NSE_EQ|INE392A01021,1d,2,"2 daily moves >20%: 2004-06-23 -20.9%, 2009-05-22 +20.1%"
WARN,PRICE_JUMP,universe_daily,NSE_EQ|INE392B01011,1d,6,"6 daily moves >20%: 2003-11-28 +20.1%, 2009-08-05 +20.0%, 2009-09-08 +20.0%"
WARN,PRICE_JUMP,universe_daily,NSE_EQ|INE393A01011,1d,17,"17 daily moves >20%: 2003-03-06 +20.3%, 2003-04-01 -20.0%, 2003-04-11 +20.2%"
WARN,PRICE_JUMP,universe_daily,NSE_EQ|INE395H01011,1d,1,1 daily moves >20%: 2017-02-17 -27.1%
WARN,PRICE_JUMP,universe_daily,NSE_EQ|INE397D01024,1d,1,1 daily moves >20%: 2009-05-18 +25.4%
WARN,PRICE_JUMP,universe_daily,NSE_EQ|INE398A01010,1d,1,1 daily moves >20%: 2005-05-11 +20.0%
WARN,PRICE_JUMP,universe_daily,NSE_EQ|INE398B01018,1d,4,"4 daily moves >20%: 2003-06-20 +20.2%, 2006-12-26 +20.1%, 2008-12-15 +20.1%"
WARN,PRICE_JUMP,universe_daily,NSE_EQ|INE399C01030,1d,3,"3 daily moves >20%: 2005-07-06 +20.0%, 2007-12-13 +20.0%, 2008-10-29 +20.1%"
WARN,PRICE_JUMP,universe_daily,NSE_EQ|INE399G01023,1d,3,"3 daily moves >20%: 2004-06-23 -32.6%, 2006-08-02 +20.1%, 2020-09-14 +20.0%"
WARN,PRICE_JUMP,universe_daily,NSE_EQ|INE401H01017,1d,2,"2 daily moves >20%: 2006-10-06 +20.1%, 2008-10-29 +20.1%"
WARN,PRICE_JUMP,universe_daily,NSE_EQ|INE403Y01018,1d,3,"3 daily moves >20%: 2017-12-12 +203.6%, 2017-12-26 +20.1%, 2024-05-03 +20.0%"
WARN,PRICE_JUMP,universe_daily,NSE_EQ|INE405C01035,1d,1,1 daily moves >20%: 2024-12-03 +20.0%
WARN,PRICE_JUMP,universe_daily,NSE_EQ|INE405E01023,1d,4,"4 daily moves >20%: 2011-04-07 +20.1%, 2013-11-28 +20.7%, 2014-06-30 +20.3%"
WARN,PRICE_JUMP,universe_daily,NSE_EQ|INE406A01037,1d,4,"4 daily moves >20%: 2003-10-23 +88.0%, 2003-10-27 -49.3%, 2008-10-08 -22.0%"
WARN,PRICE_JUMP,universe_daily,NSE_EQ|INE409B01013,1d,1,1 daily moves >20%: 2012-02-10 +20.0%
WARN,PRICE_JUMP,universe_daily,NSE_EQ|INE411D01023,1d,6,"6 daily moves >20%: 2008-01-01 +20.2%, 2009-05-27 +20.5%, 2010-09-02 +20.4%"
WARN,PRICE_JUMP,universe_daily,NSE_EQ|INE411H01032,1d,1,1 daily moves >20%: 2013-08-07 +20.0%
WARN,PRICE_JUMP,universe_daily,NSE_EQ|INE411U01027,1d,1,1 daily moves >20%: 2021-11-25 +3736.7%
WARN,PRICE_JUMP,universe_daily,NSE_EQ|INE412C01023,1d,2,"2 daily moves >20%: 2015-07-17 +20.0%, 2017-04-25 +20.0%"
WARN,PRICE_JUMP,universe_daily,NSE_EQ|INE413B01023,1d,3,"3 daily moves >20%: 2010-03-29 +20.1%, 2015-01-01 -55.8%, 2019-02-21 -36.0%"
WARN,PRICE_JUMP,universe_daily,NSE_EQ|INE413G01022,1d,6,"6 daily moves >20%: 2016-01-01 +20.1%, 2016-04-07 +20.1%, 2016-04-12 +20.0%"
WARN,PRICE_JUMP,universe_daily,NSE_EQ|INE414A01015,1d,2,"2 daily moves >20%: 2010-01-15 +20.3%, 2010-01-19 +20.2%"
WARN,PRICE_JUMP,universe_daily,NSE_EQ|INE414B01021,1d,95,"95 daily moves >20%: 2007-01-05 +28.6%, 2007-01-08 +22.2%, 2009-05-08 +28.6%"
WARN,PRICE_JUMP,universe_daily,NSE_EQ|INE415A01038,1d,5,"5 daily moves >20%: 2004-02-09 -49.5%, 2004-02-10 +103.0%, 2004-06-23 -26.3%"
WARN,PRICE_JUMP,universe_daily,NSE_EQ|INE415I01015,1d,6,"6 daily moves >20%: 2008-12-16 +20.0%, 2009-12-01 +20.0%, 2010-11-29 +20.0%"
WARN,PRICE_JUMP,universe_daily,NSE_EQ|INE417B01040,1d,26,"26 daily moves >20%: 2003-02-21 +33.3%, 2003-04-04 +33.3%, 2003-07-15 +25.0%"
WARN,PRICE_JUMP,universe_daily,NSE_EQ|INE417T01026,1d,1,1 daily moves >20%: 2026-09-24 -36.0%
WARN,PRICE_JUMP,universe_daily,NSE_EQ|INE418H01029,1d,4,"4 daily moves >20%: 2008-10-27 -20.2%, 2020-08-25 +20.0%, 2023-04-18 -21.0%"
WARN,PRICE_JUMP,universe_daily,NSE_EQ|INE418N01035,1d,42,"42 daily moves >20%: 2019-07-24 -25.0%, 2019-07-29 -33.3%, 2019-08-13 +50.0%"
WARN,PRICE_JUMP,universe_daily,NSE_EQ|INE419A01022,1d,21,"21 daily moves >20%: 2003-03-13 +20.5%, 2003-03-25 +20.0%, 2003-05-16 +21.3%"
WARN,PRICE_JUMP,universe_daily,NSE_EQ|INE419M01035,1d,1,1 daily moves >20%: 2020-02-07 +20.8%
WARN,PRICE_JUMP,universe_daily,NSE_EQ|INE420B01036,1d,1,1 daily moves >20%: 2022-01-03 +20.1%
WARN,PRICE_JUMP,universe_daily,NSE_EQ|INE420C01059,1d,5,"5 daily moves >20%: 2014-06-18 +20.1%, 2014-11-25 -20.1%, 2017-09-13 +20.1%"
WARN,PRICE_JUMP,universe_daily,NSE_EQ|INE421C01016,1d,1,1 daily moves >20%: 2007-02-13 +169.8%
WARN,PRICE_JUMP,universe_daily,NSE_EQ|INE421D01022,1d,1,1 daily moves >20%: 2010-09-20 +20.0%
WARN,PRICE_JUMP,universe_daily,NSE_EQ|INE423A01024,1d,16,"16 daily moves >20%: 2003-05-15 +20.0%, 2003-12-17 +20.0%, 2004-07-29 -89.8%"
WARN,PRICE_JUMP,universe_daily,NSE_EQ|INE424H01027,1d,5,"5 daily moves >20%: 2008-01-23 +24.3%, 2008-12-03 +21.3%, 2011-06-02 -27.8%"
WARN,PRICE_JUMP,universe_daily,NSE_EQ|INE425B01027,1d,4,"4 daily moves >20%: 2018-11-26 +20.8%, 2018-11-27 +20.7%, 2019-01-10 +23.1%"
WARN,PRICE_JUMP,universe_daily,NSE_EQ|INE426A01027,1d,5,"5 daily moves >20%: 2004-06-23 -22.2%, 2008-03-28 +20.1%, 2011-04-11 -23.1%"
WARN,PRICE_JUMP,universe_daily,NSE_EQ|INE426D01013,1d,2,"2 daily moves >20%: 2007-11-19 +20.0%, 2009-11-30 +20.0%"
WARN,PRICE_JUMP,universe_daily,NSE_EQ|INE428Q01011,1d,6,"6 daily moves >20%: 2005-07-19 +20.0%, 2006-01-04 +20.0%, 2007-07-12 +20.0%"
WARN,PRICE_JUMP,universe_daily,NSE_EQ|INE429I01024,1d,14,"14 daily moves >20%: 2009-04-15 +20.0%, 2020-03-13 -25.0%, 2020-03-16 +33.3%"
WARN,PRICE_JUMP,universe_daily,NSE_EQ|INE431F01018,1d,1,1 daily moves >20%: 2017-12-27 +20.0%
WARN,PRICE_JUMP,universe_daily,NSE_EQ|INE435A01051,1d,1,1 daily moves >20%: 2012-03-05 +22.1%
WARN,PRICE_JUMP,universe_daily,NSE_EQ|INE437A01024,1d,1,1 daily moves >20%: 2005-09-20 +20.0%
WARN,PRICE_JUMP,universe_daily,NSE_EQ|INE437B01014,1d,4,"4 daily moves >20%: 2003-08-01 +20.0%, 2004-06-23 -21.1%, 2004-10-11 +21.8%"
WARN,PRICE_JUMP,universe_daily,NSE_EQ|INE438A01022,1d,2,"2 daily moves >20%: 2009-03-02 +22.6%, 2013-06-13 -25.4%"
WARN,PRICE_JUMP,universe_daily,NSE_EQ|INE439A01020,1d,1,1 daily moves >20%: 2004-06-23 -23.1%
WARN,PRICE_JUMP,universe_daily,NSE_EQ|INE439E01022,1d,1,1 daily moves >20%: 2022-12-02 +20.0%
WARN,PRICE_JUMP,universe_daily,NSE_EQ|INE439T01012,1d,1,1 daily moves >20%: 2017-03-09 +652.5%
WARN,PRICE_JUMP,universe_daily,NSE_EQ|INE440A01010,1d,9,"9 daily moves >20%: 2007-07-06 +20.4%, 2009-11-13 +21.6%, 2009-12-07 +20.3%"
WARN,PRICE_JUMP,universe_daily,NSE_EQ|INE440L01017,1d,1,1 daily moves >20%: 2016-01-11 +30.7%
WARN,PRICE_JUMP,universe_daily,NSE_EQ|INE445C01015,1d,5,"5 daily moves >20%: 2005-02-24 +20.1%, 2007-01-05 +20.0%, 2009-10-20 +21.8%"
WARN,PRICE_JUMP,universe_daily,NSE_EQ|INE449A01011,1d,1,1 daily moves >20%: 2008-07-31 +20.0%
WARN,PRICE_JUMP,universe_daily,NSE_EQ|INE449G01018,1d,1,1 daily moves >20%: 2016-07-11 +54.7%
WARN,PRICE_JUMP,universe_daily,NSE_EQ|INE450D01021,1d,1,1 daily moves >20%: 2009-08-26 +20.1%
WARN,PRICE_JUMP,universe_daily,NSE_EQ|INE450E01029,1d,1,1 daily moves >20%: 2024-10-25 -52.6%
WARN,PRICE_JUMP,universe_daily,NSE_EQ|INE450G01024,1d,4,"4 daily moves >20%: 2007-11-16 +20.1%, 2009-04-13 +20.1%, 2009-04-15 +20.3%"
WARN,PRICE_JUMP,universe_daily,NSE_EQ|INE450U01017,1d,1,1 daily moves >20%: 2020-09-21 -34.9%
WARN,PRICE_JUMP,universe_daily,NSE_EQ|INE451A01017,1d,1,1 daily moves >20%: 2024-02-14 +31.9%
WARN,PRICE_JUMP,universe_daily,NSE_EQ|INE451D01029,1d,1,1 daily moves >20%: 2020-05-22 -98.1%
WARN,PRICE_JUMP,universe_daily,NSE_EQ|INE451F01024,1d,4,"4 daily moves >20%: 2015-12-31 +109.9%, 2016-02-22 -51.0%, 2016-12-06 +109.8%"
WARN,PRICE_JUMP,universe_daily,NSE_EQ|INE453B01029,1d,4,"4 daily moves >20%: 2015-11-24 +20.0%, 2016-10-27 +20.0%, 2020-03-04 -20.0%"
WARN,PRICE_JUMP,universe_daily,NSE_EQ|INE455K01017,1d,1,1 daily moves >20%: 2024-01-11 -21.0%
WARN,PRICE_JUMP,universe_daily,NSE_EQ|INE457A01014,1d,1,1 daily moves >20%: 2004-06-23 -23.1%
WARN,PRICE_JUMP,universe_daily,NSE_EQ|INE457L01029,1d,16,"16 daily moves >20%: 2013-02-26 -20.1%, 2013-07-15 +20.2%, 2014-05-23 +20.2%"
WARN,PRICE_JUMP,universe_daily,NSE_EQ|INE458B01036,1d,1,1 daily moves >20%: 2018-02-27 +20.0%
WARN,PRICE_JUMP,universe_daily,NSE_EQ|INE459A01010,1d,1,1 daily moves >20%: 2007-09-19 +20.0%
WARN,PRICE_JUMP,universe_daily,NSE_EQ|INE460D01038,1d,1,1 daily moves >20%: 2026-08-25 +31.9%
WARN,PRICE_JUMP,universe_daily,NSE_EQ|INE461B01014,1d,4,"4 daily moves >20%: 2006-01-23 +20.0%, 2007-11-05 +20.0%, 2007-12-03 +20.0%"
WARN,PRICE_JUMP,universe_daily,NSE_EQ|INE461C01038,1d,7,"7 daily moves >20%: 2003-03-17 -20.0%, 2003-07-30 +95.2%, 2004-03-16 +20.3%"
WARN,PRICE_JUMP,universe_daily,NSE_EQ|INE463A01038,1d,4,"4 daily moves >20%: 2004-08-24 +401.1%, 2004-08-25 -78.8%, 2004-08-27 +20.4%"
WARN,PRICE_JUMP,universe_daily,NSE_EQ|INE466L01038,1d,1,1 daily moves >20%: 2019-09-19 +464.1%
WARN,PRICE_JUMP,universe_daily,NSE_EQ|INE471W01019,1d,2,"2 daily moves >20%: 2023-06-16 +20.0%, 2024-10-01 +20.0%"
WARN,PRICE_JUMP,universe_daily,NSE_EQ|INE472A01039,1d,2,"2 daily moves >20%: 2007-10-24 +20.0%, 2009-05-18 +20.0%"
WARN,PRICE_JUMP,universe_daily,NSE_EQ|INE473A01011,1d,1,1 daily moves >20%: 2018-11-09 +28.5%
WARN,PRICE_JUMP,universe_daily,NSE_EQ|INE474C01023,1d,11,"11 daily moves >20%: 2003-08-18 -67.5%, 2003-08-26 +20.9%, 2004-12-15 +20.3%"
WARN,PRICE_JUMP,universe_daily,NSE_EQ|INE474E01029,1d,2,"2 daily moves >20%: 2017-10-10 +20.4%, 2017-11-02 +20.3%"
WARN,PRICE_JUMP,universe_daily,NSE_EQ|INE474Q01031,1d,2,"2 daily moves >20%: 2017-01-06 +24.5%, 2022-11-16 +589.9%"
WARN,PRICE_JUMP,universe_daily,NSE_EQ|INE476A01022,1d,2,"2 daily moves >20%: 2017-10-25 +38.8%, 2020-03-23 -21.0%"
WARN,PRICE_JUMP,universe_daily,NSE_EQ|INE477A01020,1d,1,1 daily moves >20%: 2003-07-07 +20.5%
WARN,PRICE_JUMP,universe_daily,NSE_EQ|INE477B01010,1d,1,1 daily moves >20%: 2008-04-09 -38.4%
WARN,PRICE_JUMP,universe_daily,NSE_EQ|INE479D01038,1d,1,1 daily moves >20%: 2021-12-27 +20.0%
WARN,PRICE_JUMP,universe_daily,NSE_EQ|INE480C01038,1d,1,1 daily moves >20%: 2017-03-23 +20.1%
WARN,PRICE_JUMP,universe_daily,NSE_EQ|INE480M01011,1d,1,1 daily moves >20%: 2019-02-21 -29.3%
WARN,PRICE_JUMP,universe_daily,NSE_EQ|INE481N01025,1d,3,"3 daily moves >20%: 2018-03-22 +20.0%, 2018-04-13 +20.0%, 2021-02-03 +57.2%"
WARN,PRICE_JUMP,universe_daily,NSE_EQ|INE481Z01011,1d,1,1 daily moves >20%: 2019-02-21 +30.3%
WARN,PRICE_JUMP,universe_daily,NSE_EQ|INE482A01020,1d,2,"2 daily moves >20%: 2005-02-28 +20.1%, 2006-05-03 +20.0%"
WARN,PRICE_JUMP,universe_daily,NSE_EQ|INE482J01021,1d,7,"7 daily moves >20%: 2011-10-03 +21.7%, 2016-05-02 +20.3%, 2016-05-25 +20.3%"
WARN,PRICE_JUMP,universe_daily,NSE_EQ|INE483B01026,1d,1,1 daily moves >20%: 2007-12-10 +20.2%
WARN,PRICE_JUMP,universe_daily,NSE_EQ|INE483C01032,1d,3,"3 daily moves >20%: 2009-04-08 +20.1%, 2010-09-28 +20.1%, 2011-02-16 +20.2%"
WARN,PRICE_JUMP,universe_daily,NSE_EQ|INE483S01020,1d,4,"4 daily moves >20%: 2018-09-21 -22.4%, 2018-09-28 -70.8%, 2018-10-22 -26.1%"
WARN,PRICE_JUMP,universe_daily,NSE_EQ|INE484C01030,1d,3,"3 daily moves >20%: 2010-08-05 +20.0%, 2021-05-27 +20.0%, 2021-05-28 +20.0%"
WARN,PRICE_JUMP,universe_daily,NSE_EQ|INE485C01029,1d,5,"5 daily moves >20%: 2017-03-28 -20.1%, 2017-10-23 +25.4%, 2019-01-28 -20.0%"
WARN,PRICE_JUMP,universe_daily,NSE_EQ|INE486Y01013,1d,1,1 daily moves >20%: 2019-08-26 -58.2%
WARN,PRICE_JUMP,universe_daily,NSE_EQ|INE488D01021,1d,3,"3 daily moves >20%: 2010-01-19 +20.2%, 2010-10-22 +20.2%, 2011-06-13 +20.0%"
WARN,PRICE_JUMP,universe_daily,NSE_EQ|INE491A01021,1d,3,"3 daily moves >20%: 2007-12-13 +20.3%, 2009-05-20 +20.2%, 2020-03-23 -20.0%"
WARN,PRICE_JUMP,universe_daily,NSE_EQ|INE491V01019,1d,1,1 daily moves >20%: 2019-03-15 -20.7%
WARN,PRICE_JUMP,universe_daily,NSE_EQ|INE492A01029,1d,2,"2 daily moves >20%: 2015-01-01 +28.2%, 2020-07-16 -24.8%"
WARN,PRICE_JUMP,universe_daily,NSE_EQ|INE494B01023,1d,3,"3 daily moves >20%: 2008-01-21 -20.4%, 2009-04-23 +28.2%, 2009-05-08 +22.7%"
WARN,PRICE_JUMP,universe_daily,NSE_EQ|INE495A01022,1d,1,1 daily moves >20%: 2009-08-28 +20.0%
WARN,PRICE_JUMP,universe_daily,NSE_EQ|INE495B01038,1d,6,"6 daily moves >20%: 2004-06-23 -27.6%, 2005-02-10 +20.0%, 2009-05-27 +20.2%"
WARN,PRICE_JUMP,universe_daily,NSE_EQ|INE495C01010,1d,4,"4 daily moves >20%: 2005-08-31 +20.0%, 2008-04-11 +20.1%, 2009-04-08 +20.1%"
WARN,PRICE_JUMP,universe_daily,NSE_EQ|INE495P01020,1d,1,1 daily moves >20%: 2020-12-24 -99.4%
WARN,PRICE_JUMP,universe_daily,NSE_EQ|INE497B01018,1d,4,"4 daily moves >20%: 2004-05-12 +20.1%, 2004-08-26 +20.1%, 2006-02-15 +20.0%"
WARN,PRICE_JUMP,universe_daily,NSE_EQ|INE498B01024,1d,1,1 daily moves >20%: 2009-04-22 +20.0%
WARN,PRICE_JUMP,universe_daily,NSE_EQ|INE500A01029,1d,3,"3 daily moves >20%: 2006-06-09 +20.3%, 2008-12-12 +20.1%, 2009-05-25 +20.3%"
WARN,PRICE_JUMP,universe_daily,NSE_EQ|INE500X01013,1d,1,1 daily moves >20%: 2019-02-21 -22.2%
WARN,PRICE_JUMP,universe_daily,NSE_EQ|INE501A01019,1d,1,1 daily moves >20%: 2008-03-11 +20.0%
WARN,PRICE_JUMP,universe_daily,NSE_EQ|INE501G01024,1d,2,"2 daily moves >20%: 2009-03-27 +20.0%, 2009-05-21 +20.0%"
WARN,PRICE_JUMP,universe_daily,NSE_EQ|INE503A01015,1d,2,"2 daily moves >20%: 2008-10-13 +23.1%, 2009-05-18 +20.5%"
WARN,PRICE_JUMP,universe_daily,NSE_EQ|INE503B01021,1d,3,"3 daily moves >20%: 2017-11-29 -20.3%, 2019-11-14 +21.7%, 2019-11-15 +21.4%"
WARN,PRICE_JUMP,universe_daily,NSE_EQ|INE505C01016,1d,2,"2 daily moves >20%: 2012-11-08 +20.0%, 2016-09-20 +20.0%"
WARN,PRICE_JUMP,universe_daily,NSE_EQ|INE505Y01010,1d,18,"18 daily moves >20%: 2007-09-18 +20.0%, 2009-05-22 +20.0%, 2009-09-10 +20.0%"
WARN,PRICE_JUMP,universe_daily,NSE_EQ|INE506A01018,1d,3,"3 daily moves >20%: 2004-03-05 +20.0%, 2009-04-15 +20.0%, 2009-05-18 +20.0%"
WARN,PRICE_JUMP,universe_daily,NSE_EQ|INE506W01020,1d,2,"2 daily moves >20%: 2019-02-21 +23.4%, 2022-03-03 +20.1%"
WARN,PRICE_JUMP,universe_daily,NSE_EQ|INE506Z01015,1d,1,1 daily moves >20%: 2021-11-25 +692.0%
WARN,PRICE_JUMP,universe_daily,NSE_EQ|INE508K01013,1d,1,1 daily moves >20%: 2023-04-25 -99.1%
WARN,PRICE_JUMP,universe_daily,NSE_EQ|INE509F01029,1d,1,1 daily moves >20%: 2018-08-01 +21.2%
WARN,PRICE_JUMP,universe_daily,NSE_EQ|INE510A01028,1d,3,"3 daily moves >20%: 2006-01-12 +20.0%, 2006-06-09 +20.0%, 2010-05-06 +20.0%"
WARN,PRICE_JUMP,universe_daily,NSE_EQ|INE511C01022,1d,2,"2 daily moves >20%: 2007-09-24 +20.0%, 2008-01-23 +20.0%"
WARN,PRICE_JUMP,universe_daily,NSE_EQ|INE511Y01018,1d,1,1 daily moves >20%: 2018-04-26 -35.6%
WARN,PRICE_JUMP,universe_daily,NSE_EQ|INE512B01022,1d,137,"137 daily moves >20%: 2007-12-26 +20.2%, 2009-12-10 +20.2%, 2010-02-26 +21.1%"
WARN,PRICE_JUMP,universe_daily,NSE_EQ|INE516A01017,1d,5,"5 daily moves >20%: 2006-05-02 +24.1%, 2006-12-01 +20.1%, 2006-12-04 +20.0%"
WARN,PRICE_JUMP,universe_daily,NSE_EQ|INE517B01013,1d,1,1 daily moves >20%: 2008-01-21 -21.0%
WARN,PRICE_JUMP,universe_daily,NSE_EQ|INE518E01015,1d,1,1 daily moves >20%: 2025-08-04 -20.0%
WARN,PRICE_JUMP,universe_daily,NSE_EQ|INE519A01011,1d,1,1 daily moves >20%: 2017-12-27 +20.0%
WARN,PRICE_JUMP,universe_daily,NSE_EQ|INE519C01017,1d,10,"10 daily moves >20%: 2003-06-04 +20.2%, 2003-11-06 +20.1%, 2006-02-07 -83.5%"
WARN,PRICE_JUMP,universe_daily,NSE_EQ|INE520H01022,1d,10,"10 daily moves >20%: 2010-01-11 +20.1%, 2010-01-12 +20.0%, 2015-12-31 +529.5%"
WARN,PRICE_JUMP,universe_daily,NSE_EQ|INE521J01018,1d,1,1 daily moves >20%: 2025-05-09 -37.5%
WARN,PRICE_JUMP,universe_daily,NSE_EQ|INE522D01027,1d,2,"2 daily moves >20%: 2010-08-02 +20.0%, 2020-03-25 +20.9%"
WARN,PRICE_JUMP,universe_daily,NSE_EQ|INE524A01029,1d,7,"7 daily moves >20%: 2006-01-19 +20.1%, 2006-04-18 +20.1%, 2006-05-29 +20.0%"
WARN,PRICE_JUMP,universe_daily,NSE_EQ|INE524B01027,1d,1,1 daily moves >20%: 2008-10-31 +20.0%
WARN,PRICE_JUMP,universe_daily,NSE_EQ|INE526B01014,1d,8,"8 daily moves >20%: 2003-03-25 -41.9%, 2005-01-11 +20.0%, 2006-03-13 +20.0%"
WARN,PRICE_JUMP,universe_daily,NSE_EQ|INE528A01020,1d,26,"26 daily moves >20%: 2003-03-28 +21.9%, 2003-05-15 +20.8%, 2003-06-06 +20.7%"
WARN,PRICE_JUMP,universe_daily,NSE_EQ|INE528G01035,1d,17,"17 daily moves >20%: 2008-03-25 +20.4%, 2008-10-10 -20.2%, 2009-05-18 +25.2%"
WARN,PRICE_JUMP,universe_daily,NSE_EQ|INE529A01010,1d,3,"3 daily moves >20%: 2003-08-13 +20.0%, 2006-05-09 +20.0%, 2008-04-25 +20.0%"
WARN,PRICE_JUMP,universe_daily,NSE_EQ|INE530B01024,1d,10,"10 daily moves >20%: 2005-09-15 +20.0%, 2007-05-28 +27.8%, 2008-10-10 -24.9%"
WARN,PRICE_JUMP,universe_daily,NSE_EQ|INE532F01054,1d,5,"5 daily moves >20%: 2008-01-21 -21.3%, 2008-01-22 -22.6%, 2008-01-23 +28.0%"
WARN,PRICE_JUMP,universe_daily,NSE_EQ|INE535D01037,1d,2,"2 daily moves >20%: 2022-04-21 -54.9%, 2024-07-01 +20.0%"
WARN,PRICE_JUMP,universe_daily,NSE_EQ|INE536A01023,1d,1,1 daily moves >20%: 2009-11-24 +20.0%
WARN,PRICE_JUMP,universe_daily,NSE_EQ|INE536H01010,1d,4,"4 daily moves >20%: 2008-01-07 +20.0%, 2008-01-23 +20.0%, 2008-06-12 +20.0%"
WARN,PRICE_JUMP,universe_daily,NSE_EQ|INE538A01037,1d,2,"2 daily moves >20%: 2019-08-06 -89.1%, 2021-03-26 +172.8%"
WARN,PRICE_JUMP,universe_daily,NSE_EQ|INE539A01019,1d,3,"3 daily moves >20%: 2006-06-08 -21.3%, 2008-06-11 +20.0%, 2008-08-04 +20.0%"
WARN,PRICE_JUMP,universe_daily,NSE_EQ|INE540A01017,1d,6,"6 daily moves >20%: 2010-01-05 +20.7%, 2010-01-06 +20.2%, 2010-05-21 +20.5%"
WARN,PRICE_JUMP,universe_daily,NSE_EQ|INE540G01014,1d,1,1 daily moves >20%: 2009-09-04 +20.0%
WARN,PRICE_JUMP,universe_daily,NSE_EQ|INE540H01012,1d,1,1 daily moves >20%: 2007-07-31 +20.0%
WARN,PRICE_JUMP,universe_daily,NSE_EQ|INE541A01023,1d,1,1 daily moves >20%: 2020-03-20 +20.0%
WARN,PRICE_JUMP,universe_daily,NSE_EQ|INE542C01019,1d,2,"2 daily moves >20%: 2016-03-31 +335.5%, 2019-06-04 +20.0%"
WARN,PRICE_JUMP,universe_daily,NSE_EQ|INE542Z01028,1d,27,"27 daily moves >20%: 2016-01-29 +37.5%, 2016-02-02 -20.7%, 2016-02-05 -20.4%"
WARN,PRICE_JUMP,universe_daily,NSE_EQ|INE543V01017,1d,2,"2 daily moves >20%: 2017-07-13 -31.2%, 2019-03-19 +20.1%"
WARN,PRICE_JUMP,universe_daily,NSE_EQ|INE544A01019,1d,9,"9 daily moves >20%: 2003-05-14 +20.2%, 2003-06-25 +20.3%, 2003-08-04 +20.4%"
WARN,PRICE_JUMP,universe_daily,NSE_EQ|INE544H01014,1d,2,"2 daily moves >20%: 2007-10-16 +20.1%, 2015-12-10 -87.5%"
WARN,PRICE_JUMP,universe_daily,NSE_EQ|INE545A01024,1d,1,1 daily moves >20%: 2026-09-07 -62.6%
WARN,PRICE_JUMP,universe_daily,NSE_EQ|INE545H01011,1d,5,"5 daily moves >20%: 2007-11-30 +20.0%, 2008-02-06 +20.0%, 2008-04-01 +20.0%"
WARN,PRICE_JUMP,universe_daily,NSE_EQ|INE545U01014,1d,3,"3 daily moves >20%: 2018-10-01 -20.0%, 2020-03-23 -25.0%, 2020-03-26 +39.3%"
WARN,PRICE_JUMP,universe_daily,NSE_EQ|INE547E01014,1d,1,1 daily moves >20%: 2010-04-30 +20.0%
WARN,PRICE_JUMP,universe_daily,NSE_EQ|INE548A01028,1d,10,"10 daily moves >20%: 2003-04-04 +20.2%, 2003-04-07 +20.1%, 2003-05-02 +20.1%"
WARN,PRICE_JUMP,universe_daily,NSE_EQ|INE548Z01017,1d,1,1 daily moves >20%: 2018-09-18 -61.0%
WARN,PRICE_JUMP,universe_daily,NSE_EQ|INE549A01026,1d,6,"6 daily moves >20%: 2008-11-03 +20.7%, 2009-05-18 +23.8%, 2009-05-20 +24.2%"
WARN,PRICE_JUMP,universe_daily,NSE_EQ|INE555B01013,1d,10,"10 daily moves >20%: 2003-05-16 +20.3%, 2003-08-29 +20.2%, 2003-12-19 +20.3%"
WARN,PRICE_JUMP,universe_daily,NSE_EQ|INE555Z01020,1d,1,1 daily moves >20%: 2023-08-18 +20.1%
WARN,PRICE_JUMP,universe_daily,NSE_EQ|INE557A01011,1d,5,"5 daily moves >20%: 2004-07-26 +20.1%, 2004-07-28 +20.1%, 2007-04-09 +20.0%"
WARN,PRICE_JUMP,universe_daily,NSE_EQ|INE557B01019,1d,3,"3 daily moves >20%: 2003-12-09 +20.0%, 2008-04-17 +20.0%, 2009-09-18 +20.0%"
WARN,PRICE_JUMP,universe_daily,NSE_EQ|INE557Z01018,1d,2,"2 daily moves >20%: 2018-08-20 +20.0%, 2018-10-01 -20.0%"
WARN,PRICE_JUMP,universe_daily,NSE_EQ|INE558D01021,1d,1,1 daily moves >20%: 2017-06-29 -79.5%
WARN,PRICE_JUMP,universe_daily,NSE_EQ|INE559A01017,1d,16,"16 daily moves >20%: 2003-02-17 +20.8%, 2003-04-22 +20.9%, 2003-05-12 +20.4%"
WARN,PRICE_JUMP,universe_daily,NSE_EQ|INE559D01011,1d,4,"4 daily moves >20%: 2007-10-15 +20.0%, 2015-01-01 -37.6%, 2016-09-08 +20.0%"
WARN,PRICE_JUMP,universe_daily,NSE_EQ|INE560A01023,1d,2,"2 daily moves >20%: 2020-01-16 +20.0%, 2026-09-02 -78.8%"
WARN,PRICE_JUMP,universe_daily,NSE_EQ|INE562A01011,1d,1,1 daily moves >20%: 2017-10-25 +21.1%
WARN,PRICE_JUMP,universe_daily,NSE_EQ|INE562B01019,1d,2,"2 daily moves >20%: 2003-06-06 +20.1%, 2009-03-13 +20.0%"
WARN,PRICE_JUMP,universe_daily,NSE_EQ|INE563J01010,1d,2,"2 daily moves >20%: 2010-02-02 +20.0%, 2023-03-29 +20.0%"
WARN,PRICE_JUMP,universe_daily,NSE_EQ|INE565A01014,1d,2,"2 daily moves >20%: 2004-06-23 -22.5%, 2009-05-18 +20.2%"
WARN,PRICE_JUMP,universe_daily,NSE_EQ|INE566K01011,1d,1,1 daily moves >20%: 2023-04-06 +20.0%
WARN,PRICE_JUMP,universe_daily,NSE_EQ|INE567A01028,1d,1,1 daily moves >20%: 2007-09-24 +20.0%
WARN,PRICE_JUMP,universe_daily,NSE_EQ|INE569C01020,1d,2,"2 daily moves >20%: 2008-01-23 +20.2%, 2008-04-22 +20.1%"
WARN,PRICE_JUMP,universe_daily,NSE_EQ|INE571B01036,1d,5,"5 daily moves >20%: 2003-09-01 +20.0%, 2008-03-26 +20.5%, 2018-04-02 +20.0%"
WARN,PRICE_JUMP,universe_daily,NSE_EQ|INE573A01042,1d,1,1 daily moves >20%: 2004-06-23 +66.8%
WARN,PRICE_JUMP,universe_daily,NSE_EQ|INE573K01025,1d,13,"13 daily moves >20%: 2011-07-11 +20.1%, 2011-07-18 +20.2%, 2011-07-27 -20.0%"
WARN,PRICE_JUMP,universe_daily,NSE_EQ|INE575C01027,1d,1,1 daily moves >20%: 2021-09-16 +632.5%
WARN,PRICE_JUMP,universe_daily,NSE_EQ|INE576I01022,1d,1,1 daily moves >20%: 2008-07-23 +20.0%
WARN,PRICE_JUMP,universe_daily,NSE_EQ|INE577A01027,1d,1,1 daily moves >20%: 2009-06-01 +20.0%
WARN,PRICE_JUMP,universe_daily,NSE_EQ|INE578A01017,1d,1,1 daily moves >20%: 2004-06-23 -30.3%
WARN,PRICE_JUMP,universe_daily,NSE_EQ|INE579C01029,1d,6,"6 daily moves >20%: 2007-12-31 +20.0%, 2011-06-01 +20.0%, 2019-11-20 +20.0%"
WARN,PRICE_JUMP,universe_daily,NSE_EQ|INE581X01021,1d,3,"3 daily moves >20%: 2021-02-02 -67.2%, 2022-05-30 +20.6%, 2023-04-03 +20.5%"
WARN,PRICE_JUMP,universe_daily,NSE_EQ|INE583B01015,1d,2,"2 daily moves >20%: 2005-08-16 +20.0%, 2007-10-10 +20.0%"
WARN,PRICE_JUMP,universe_daily,NSE_EQ|INE584A01023,1d,4,"4 daily moves >20%: 2009-04-13 +22.1%, 2009-05-18 +21.5%, 2009-11-10 +20.9%"
WARN,PRICE_JUMP,universe_daily,NSE_EQ|INE585B01010,1d,1,1 daily moves >20%: 2004-06-23 -21.2%
WARN,PRICE_JUMP,universe_daily,NSE_EQ|INE586B01026,1d,1,1 daily moves >20%: 2009-07-30 +20.0%
WARN,PRICE_JUMP,universe_daily,NSE_EQ|INE589A01014,1d,3,"3 daily moves >20%: 2008-01-21 -22.9%, 2008-01-22 -30.6%, 2008-01-23 +21.9%"
WARN,PRICE_JUMP,universe_daily,NSE_EQ|INE590L01019,1d,2,"2 daily moves >20%: 2015-05-14 +20.1%, 2016-01-11 +30.8%"
WARN,PRICE_JUMP,universe_daily,NSE_EQ|INE591G01025,1d,6,"6 daily moves >20%: 2005-06-08 +21.6%, 2008-01-21 -21.3%, 2008-01-22 -20.3%"
WARN,PRICE_JUMP,universe_daily,NSE_EQ|INE592A01026,1d,12,"12 daily moves >20%: 2003-03-12 -25.0%, 2003-03-28 +33.3%, 2003-03-31 -25.0%"
WARN,PRICE_JUMP,universe_daily,NSE_EQ|INE592B01024,1d,2,"2 daily moves >20%: 2009-07-16 +21.6%, 2017-12-07 +20.1%"
WARN,PRICE_JUMP,universe_daily,NSE_EQ|INE594B01012,1d,7,"7 daily moves >20%: 2004-10-14 +20.0%, 2004-12-22 +20.1%, 2005-02-04 +20.1%"
WARN,PRICE_JUMP,universe_daily,NSE_EQ|INE594H01019,1d,1,1 daily moves >20%: 2020-10-07 +20.0%
WARN,PRICE_JUMP,universe_daily,NSE_EQ|INE596F01018,1d,1,1 daily moves >20%: 2024-06-05 +20.0%
WARN,PRICE_JUMP,universe_daily,NSE_EQ|INE596H01014,1d,2,"2 daily moves >20%: 2008-06-06 +20.0%, 2008-06-09 +20.0%"
WARN,PRICE_JUMP,universe_daily,NSE_EQ|INE597I01028,1d,3,"3 daily moves >20%: 2020-11-13 +20.0%, 2021-07-01 +20.0%, 2025-03-24 +20.0%"
WARN,PRICE_JUMP,universe_daily,NSE_EQ|INE600A01035,1d,1,1 daily moves >20%: 2019-02-21 -32.8%
WARN,PRICE_JUMP,universe_daily,NSE_EQ|INE600Y01019,1d,1,1 daily moves >20%: 2024-05-13 +20.0%
WARN,PRICE_JUMP,universe_daily,NSE_EQ|INE602A01031,1d,4,"4 daily moves >20%: 2003-03-03 +40.0%, 2003-06-26 +21.5%, 2007-05-14 +20.1%"
WARN,PRICE_JUMP,universe_daily,NSE_EQ|INE603A01013,1d,4,"4 daily moves >20%: 2004-08-09 +20.4%, 2004-09-14 +20.3%, 2006-05-17 +20.0%"
WARN,PRICE_JUMP,universe_daily,NSE_EQ|INE606A01024,1d,9,"9 daily moves >20%: 2004-06-23 -20.1%, 2005-08-29 +20.0%, 2006-04-27 +20.0%"
WARN,PRICE_JUMP,universe_daily,NSE_EQ|INE607D01018,1d,2,"2 daily moves >20%: 2008-04-10 +20.0%, 2010-02-08 +21.2%"
WARN,PRICE_JUMP,universe_daily,NSE_EQ|INE608A01012,1d,1,1 daily moves >20%: 2025-04-01 -20.0%
WARN,PRICE_JUMP,universe_daily,NSE_EQ|INE610B01024,1d,1,1 daily moves >20%: 2025-10-15 +20.0%
WARN,PRICE_JUMP,universe_daily,NSE_EQ|INE610C01014,1d,1,1 daily moves >20%: 2021-12-07 +20.0%
WARN,PRICE_JUMP,universe_daily,NSE_EQ|INE611L01021,1d,2,"2 daily moves >20%: 2011-06-02 +20.0%, 2011-06-03 +20.0%"
WARN,PRICE_JUMP,universe_daily,NSE_EQ|INE612J01015,1d,2,"2 daily moves >20%: 2019-03-05 +21.5%, 2021-02-18 +20.0%"
WARN,PRICE_JUMP,universe_daily,NSE_EQ|INE613A01020,1d,1,1 daily moves >20%: 2007-09-20 +20.0%
WARN,PRICE_JUMP,universe_daily,NSE_EQ|INE613C01026,1d,2,"2 daily moves >20%: 2025-11-20 -20.0%, 2025-11-26 -20.0%"
WARN,PRICE_JUMP,universe_daily,NSE_EQ|INE614A01028,1d,1,1 daily moves >20%: 2009-07-14 +20.0%
WARN,PRICE_JUMP,universe_daily,NSE_EQ|INE614B01018,1d,6,"6 daily moves >20%: 2003-01-30 +25.2%, 2003-01-31 -20.1%, 2005-01-13 +20.1%"
WARN,PRICE_JUMP,universe_daily,NSE_EQ|INE614G01033,1d,6,"6 daily moves >20%: 2018-01-01 +20.7%, 2019-02-04 -34.8%, 2019-02-05 -30.2%"
WARN,PRICE_JUMP,universe_daily,NSE_EQ|INE615H01020,1d,4,"4 daily moves >20%: 2008-04-30 +20.0%, 2008-12-15 +20.0%, 2015-02-20 +20.0%"
WARN,PRICE_JUMP,universe_daily,NSE_EQ|INE615I01010,1d,1,1 daily moves >20%: 2010-06-22 +20.0%
WARN,PRICE_JUMP,universe_daily,NSE_EQ|INE615P01015,1d,1,1 daily moves >20%: 2025-04-15 -50.7%
WARN,PRICE_JUMP,universe_daily,NSE_EQ|INE615R01029,1d,1,1 daily moves >20%: 2022-06-28 +20.0%
WARN,PRICE_JUMP,universe_daily,NSE_EQ|INE617A01013,1d,3,"3 daily moves >20%: 2007-11-23 +20.0%, 2021-06-15 +20.0%, 2024-05-03 -35.3%"
WARN,PRICE_JUMP,universe_daily,NSE_EQ|INE618L01018,1d,1,1 daily moves >20%: 2019-04-18 +20.0%
WARN,PRICE_JUMP,universe_daily,NSE_EQ|INE618N01022,1d,2,"2 daily moves >20%: 2015-12-16 +20.9%, 2017-07-10 +105.9%"
WARN,PRICE_JUMP,universe_daily,NSE_EQ|INE619I01012,1d,2,"2 daily moves >20%: 2011-06-13 +20.0%, 2014-05-19 +20.0%"
WARN,PRICE_JUMP,universe_daily,NSE_EQ|INE621H01010,1d,2,"2 daily moves >20%: 2008-01-22 -20.0%, 2008-01-23 +20.0%"
WARN,PRICE_JUMP,universe_daily,NSE_EQ|INE623A01011,1d,4,"4 daily moves >20%: 2003-07-07 +20.1%, 2003-08-04 +20.1%, 2003-08-20 +20.1%"
WARN,PRICE_JUMP,universe_daily,NSE_EQ|INE624Z01016,1d,1,1 daily moves >20%: 2019-08-07 +20.0%
WARN,PRICE_JUMP,universe_daily,NSE_EQ|INE625B01014,1d,3,"3 daily moves >20%: 2005-02-24 +613.2%, 2007-01-12 +20.1%, 2007-09-19 +20.3%"
WARN,PRICE_JUMP,universe_daily,NSE_EQ|INE625G01013,1d,1,1 daily moves >20%: 2010-12-14 +20.0%
WARN,PRICE_JUMP,universe_daily,NSE_EQ|INE626Z01029,1d,3,"3 daily moves >20%: 2022-05-06 +1165.2%, 2022-06-21 -92.6%, 2026-07-15 -20.0%"
WARN,PRICE_JUMP,universe_daily,NSE_EQ|INE627H01017,1d,6,"6 daily moves >20%: 2007-07-19 +20.0%, 2007-11-05 +20.0%, 2007-11-06 +20.1%"
WARN,PRICE_JUMP,universe_daily,NSE_EQ|INE628A01036,1d,2,"2 daily moves >20%: 2008-10-31 +25.6%, 2014-04-28 +20.1%"
WARN,PRICE_JUMP,universe_daily,NSE_EQ|INE629D01020,1d,1,1 daily moves >20%: 2009-05-05 +20.1%
WARN,PRICE_JUMP,universe_daily,NSE_EQ|INE630A01024,1d,2,"2 daily moves >20%: 2008-10-20 -20.1%, 2016-07-25 +20.0%"
WARN,PRICE_JUMP,universe_daily,NSE_EQ|INE630Y01024,1d,1,1 daily moves >20%: 2025-02-27 -20.0%
WARN,PRICE_JUMP,universe_daily,NSE_EQ|INE631A01022,1d,2,"2 daily moves >20%: 2004-07-27 +20.2%, 2026-08-25 +20.2%"
WARN,PRICE_JUMP,universe_daily,NSE_EQ|INE633B01018,1d,1,1 daily moves >20%: 2007-11-02 +20.0%
WARN,PRICE_JUMP,universe_daily,NSE_EQ|INE634A01018,1d,1,1 daily moves >20%: 2005-02-02 +20.0%
WARN,PRICE_JUMP,universe_daily,NSE_EQ|INE634I01029,1d,2,"2 daily moves >20%: 2013-09-13 -20.2%, 2014-06-06 +20.1%"
WARN,PRICE_JUMP,universe_daily,NSE_EQ|INE635A01023,1d,12,"12 daily moves >20%: 2006-05-05 +20.0%, 2006-11-06 +127.7%, 2007-09-26 +20.0%"
WARN,PRICE_JUMP,universe_daily,NSE_EQ|INE636A01039,1d,2,"2 daily moves >20%: 2007-09-19 +20.1%, 2009-03-20 -44.3%"
WARN,PRICE_JUMP,universe_daily,NSE_EQ|INE640A01023,1d,3,"3 daily moves >20%: 2003-07-18 +92.6%, 2003-07-21 -49.6%, 2025-10-15 -54.8%"
WARN,PRICE_JUMP,universe_daily,NSE_EQ|INE640C01011,1d,6,"6 daily moves >20%: 2007-11-13 +20.0%, 2007-11-14 +20.0%, 2009-12-30 +20.1%"
WARN,PRICE_JUMP,universe_daily,NSE_EQ|INE642Y01029,1d,4,"4 daily moves >20%: 2020-06-22 +20.9%, 2020-07-08 +20.0%, 2021-12-28 +20.1%"
WARN,PRICE_JUMP,universe_daily,NSE_EQ|INE643A01035,1d,1,1 daily moves >20%: 2004-01-12 +603.4%
WARN,PRICE_JUMP,universe_daily,NSE_EQ|INE645W01026,1d,2,"2 daily moves >20%: 2018-08-14 -79.7%, 2019-04-22 -49.0%"
WARN,PRICE_JUMP,universe_daily,NSE_EQ|INE646C01018,1d,1,1 daily moves >20%: 2019-11-25 +20.0%
WARN,PRICE_JUMP,universe_daily,NSE_EQ|INE647A01010,1d,4,"4 daily moves >20%: 2004-11-24 +20.4%, 2005-06-07 +21.0%, 2008-01-21 -22.6%"
WARN,PRICE_JUMP,universe_daily,NSE_EQ|INE647O01011,1d,1,1 daily moves >20%: 2025-05-22 -66.6%
WARN,PRICE_JUMP,universe_daily,NSE_EQ|INE650K01021,1d,2,"2 daily moves >20%: 2018-07-02 -20.0%, 2024-10-09 +20.0%"
WARN,PRICE_JUMP,universe_daily,NSE_EQ|INE652Z01025,1d,2,"2 daily moves >20%: 2019-02-21 -20.8%, 2019-05-22 -20.6%"
WARN,PRICE_JUMP,universe_daily,NSE_EQ|INE655A01013,1d,6,"6 daily moves >20%: 2003-10-06 +20.0%, 2004-06-23 -21.8%, 2007-09-18 +20.0%"
WARN,PRICE_JUMP,universe_daily,NSE_EQ|INE655B01011,1d,1,1 daily moves >20%: 2022-03-10 +20.0%
WARN,PRICE_JUMP,universe_daily,NSE_EQ|INE657B01025,1d,71,"71 daily moves >20%: 2015-02-25 +25.0%, 2015-03-17 +25.0%, 2015-03-30 -25.0%"
WARN,PRICE_JUMP,universe_daily,NSE_EQ|INE658G01014,1d,7,"7 daily moves >20%: 2007-11-13 +20.2%, 2007-11-14 +20.1%, 2009-05-07 +20.3%"
WARN,PRICE_JUMP,universe_daily,NSE_EQ|INE658T01017,1d,2,"2 daily moves >20%: 2016-03-30 -92.3%, 2020-10-26 -40.9%"
WARN,PRICE_JUMP,universe_daily,NSE_EQ|INE659A01023,1d,1,1 daily moves >20%: 2006-05-16 +353.5%
WARN,PRICE_JUMP,universe_daily,NSE_EQ|INE663A01033,1d,1,1 daily moves >20%: 2022-06-07 -49.1%
WARN,PRICE_JUMP,universe_daily,NSE_EQ|INE665A01038,1d,1,1 daily moves >20%: 2016-10-04 +20.0%
WARN,PRICE_JUMP,universe_daily,NSE_EQ|INE665J01013,1d,1,1 daily moves >20%: 2021-02-11 +20.0%
WARN,PRICE_JUMP,universe_daily,NSE_EQ|INE666D01022,1d,1,1 daily moves >20%: 2020-03-06 -22.4%
WARN,PRICE_JUMP,universe_daily,NSE_EQ|INE667G01023,1d,4,"4 daily moves >20%: 2010-12-22 +20.6%, 2015-01-01 +20.0%, 2016-07-04 +20.4%"
WARN,PRICE_JUMP,universe_daily,NSE_EQ|INE668D01028,1d,4,"4 daily moves >20%: 2008-03-28 +20.1%, 2009-05-21 +20.1%, 2010-10-22 +20.1%"
WARN,PRICE_JUMP,universe_daily,NSE_EQ|INE669A01022,1d,4,"4 daily moves >20%: 2007-04-13 +20.0%, 2009-06-04 +20.0%, 2009-12-18 -32.3%"
WARN,PRICE_JUMP,universe_daily,NSE_EQ|INE669C01036,1d,1,1 daily moves >20%: 2009-06-09 +25.6%
WARN,PRICE_JUMP,universe_daily,NSE_EQ|INE669E01016,1d,21,"21 daily moves >20%: 2017-01-30 +25.3%, 2019-07-29 -27.0%, 2019-10-24 -23.0%"
WARN,PRICE_JUMP,universe_daily,NSE_EQ|INE670A01012,1d,1,1 daily moves >20%: 2009-12-02 +20.0%
WARN,PRICE_JUMP,universe_daily,NSE_EQ|INE670X01014,1d,1,1 daily moves >20%: 2019-02-21 -35.9%
WARN,PRICE_JUMP,universe_daily,NSE_EQ|INE672A01026,1d,1,1 daily moves >20%: 2022-09-14 +20.2%
WARN,PRICE_JUMP,universe_daily,NSE_EQ|INE672B01032,1d,3,"3 daily moves >20%: 2005-08-10 +20.0%, 2006-07-20 -47.6%, 2007-11-29 +20.0%"
WARN,PRICE_JUMP,universe_daily,NSE_EQ|INE676A01027,1d,9,"9 daily moves >20%: 2007-02-19 +20.1%, 2010-08-26 +20.1%, 2013-05-17 +20.1%"
WARN,PRICE_JUMP,universe_daily,NSE_EQ|INE680A01011,1d,6,"6 daily moves >20%: 2004-11-18 +20.1%, 2005-07-13 +20.1%, 2005-07-14 +20.1%"
WARN,PRICE_JUMP,universe_daily,NSE_EQ|INE681B01017,1d,2,"2 daily moves >20%: 2004-11-16 +20.0%, 2005-02-14 +20.1%"
WARN,PRICE_JUMP,universe_daily,NSE_EQ|INE681C01015,1d,21,"21 daily moves >20%: 2003-02-21 -44.2%, 2003-03-24 -21.0%, 2003-07-07 +20.3%"
WARN,PRICE_JUMP,universe_daily,NSE_EQ|INE683A01023,1d,5,"5 daily moves >20%: 2004-06-23 -23.8%, 2017-01-19 +24.4%, 2017-01-20 -20.4%"
WARN,PRICE_JUMP,universe_daily,NSE_EQ|INE683C01011,1d,1,1 daily moves >20%: 2013-06-14 -20.0%
WARN,PRICE_JUMP,universe_daily,NSE_EQ|INE684F01012,1d,2,"2 daily moves >20%: 2008-08-26 +22.9%, 2009-05-20 +22.8%"
WARN,PRICE_JUMP,universe_daily,NSE_EQ|INE685A01028,1d,1,1 daily moves >20%: 2008-06-17 +20.1%
WARN,PRICE_JUMP,universe_daily,NSE_EQ|INE686A01026,1d,1,1 daily moves >20%: 2007-10-15 +20.0%
WARN,PRICE_JUMP,universe_daily,NSE_EQ|INE686F01025,1d,3,"3 daily moves >20%: 2008-08-05 +20.0%, 2009-05-25 +20.0%, 2010-07-22 +20.0%"
WARN,PRICE_JUMP,universe_daily,NSE_EQ|INE688A01022,1d,8,"8 daily moves >20%: 2003-12-01 +20.1%, 2004-12-13 +20.1%, 2005-02-18 +20.1%"
WARN,PRICE_JUMP,universe_daily,NSE_EQ|INE688J01023,1d,48,"48 daily moves >20%: 2011-06-29 +21.2%, 2013-12-23 +20.8%, 2016-01-25 +21.6%"
WARN,PRICE_JUMP,universe_daily,NSE_EQ|INE688Y01022,1d,2,"2 daily moves >20%: 2020-11-14 +20.4%, 2024-12-23 +20.0%"
WARN,PRICE_JUMP,universe_daily,NSE_EQ|INE690A01028,1d,5,"5 daily moves >20%: 2003-08-11 +23.5%, 2004-08-10 +20.8%, 2004-09-16 +21.1%"
WARN,PRICE_JUMP,universe_daily,NSE_EQ|INE692A01016,1d,2,"2 daily moves >20%: 2008-01-23 +22.3%, 2017-10-25 +34.2%"
WARN,PRICE_JUMP,universe_daily,NSE_EQ|INE692B01014,1d,4,"4 daily moves >20%: 2007-07-12 +20.0%, 2007-07-13 +20.0%, 2009-11-05 +20.1%"
WARN,PRICE_JUMP,universe_daily,NSE_EQ|INE692G01013,1d,6,"6 daily moves >20%: 2008-06-18 +20.1%, 2009-10-15 +20.0%, 2011-06-01 +20.0%"
WARN,PRICE_JUMP,universe_daily,NSE_EQ|INE694A01020,1d,7,"7 daily moves >20%: 2008-10-24 -49.7%, 2008-10-27 +37.6%, 2009-01-07 -20.9%"
WARN,PRICE_JUMP,universe_daily,NSE_EQ|INE694E01014,1d,1,1 daily moves >20%: 2021-05-26 +20.0%
WARN,PRICE_JUMP,universe_daily,NSE_EQ|INE696K01024,1d,55,"55 daily moves >20%: 2016-03-03 +20.2%, 2017-10-09 -25.0%, 2017-10-16 +33.3%"
WARN,PRICE_JUMP,universe_daily,NSE_EQ|INE696V01013,1d,1,1 daily moves >20%: 2019-04-30 -58.1%
WARN,PRICE_JUMP,universe_daily,NSE_EQ|INE697V01011,1d,15,"15 daily moves >20%: 2016-10-18 +138.1%, 2017-03-27 -52.9%, 2017-03-28 +107.3%"
WARN,PRICE_JUMP,universe_daily,NSE_EQ|INE699B01027,1d,8,"8 daily moves >20%: 2008-07-09 +21.4%, 2008-10-28 +23.1%, 2009-09-07 +20.5%"
WARN,PRICE_JUMP,universe_daily,NSE_EQ|INE700A01033,1d,1,1 daily moves >20%: 2009-11-11 +20.0%
WARN,PRICE_JUMP,universe_daily,NSE_EQ|INE701A01023,1d,1,1 daily moves >20%: 2005-06-30 +35.0%
WARN,PRICE_JUMP,universe_daily,NSE_EQ|INE703H01016,1d,3,"3 daily moves >20%: 2009-03-18 +27.5%, 2009-03-20 -27.1%, 2009-03-26 -45.3%"
WARN,PRICE_JUMP,universe_daily,NSE_EQ|INE704H01022,1d,3,"3 daily moves >20%: 2007-02-15 +20.0%, 2012-06-13 -54.5%, 2021-08-03 +20.0%"
WARN,PRICE_JUMP,universe_daily,NSE_EQ|INE705X01026,1d,2,"2 daily moves >20%: 2022-11-04 +9436.7%, 2023-03-10 -89.9%"
WARN,PRICE_JUMP,universe_daily,NSE_EQ|INE707A01012,1d,10,"10 daily moves >20%: 2003-06-04 +20.0%, 2003-06-16 +20.2%, 2003-07-25 +20.1%"
WARN,PRICE_JUMP,universe_daily,NSE_EQ|INE709A01018,1d,16,"16 daily moves >20%: 2004-03-04 -35.3%, 2004-12-10 +20.5%, 2004-12-13 +20.1%"
WARN,PRICE_JUMP,universe_daily,NSE_EQ|INE711A01022,1d,1,1 daily moves >20%: 2009-04-13 +20.0%
WARN,PRICE_JUMP,universe_daily,NSE_EQ|INE713B01026,1d,2,"2 daily moves >20%: 2005-06-15 +82.2%, 2007-11-19 +20.1%"
WARN,PRICE_JUMP,universe_daily,NSE_EQ|INE713T01028,1d,2,"2 daily moves >20%: 2019-11-04 +20.1%, 2021-04-29 +20.1%"
WARN,PRICE_JUMP,universe_daily,NSE_EQ|INE715A01015,1d,7,"7 daily moves >20%: 2004-01-27 +20.0%, 2007-11-01 +20.0%, 2010-01-04 +20.0%"
WARN,PRICE_JUMP,universe_daily,NSE_EQ|INE715Y01031,1d,8,"8 daily moves >20%: 2020-10-22 +245.5%, 2021-02-02 +97.3%, 2021-04-27 -49.8%"
WARN,PRICE_JUMP,universe_daily,NSE_EQ|INE716A01013,1d,1,1 daily moves >20%: 2010-05-17 +20.0%
WARN,PRICE_JUMP,universe_daily,NSE_EQ|INE716B01029,1d,8,"8 daily moves >20%: 2003-11-28 +20.8%, 2006-08-16 +21.1%, 2007-02-22 +20.6%"
WARN,PRICE_JUMP,universe_daily,NSE_EQ|INE716D01033,1d,1,1 daily moves >20%: 2026-08-19 +20.0%
WARN,PRICE_JUMP,universe_daily,NSE_EQ|INE718H01014,1d,3,"3 daily moves >20%: 2007-02-02 +20.0%, 2008-01-23 +20.0%, 2023-12-06 +20.0%"
WARN,PRICE_JUMP,universe_daily,NSE_EQ|INE719F01016,1d,2,"2 daily moves >20%: 2010-01-18 +20.1%, 2019-10-01 -83.2%"
WARN,PRICE_JUMP,universe_daily,NSE_EQ|INE720A01015,1d,17,"17 daily moves >20%: 2003-03-04 +20.8%, 2003-03-05 +20.7%, 2003-03-26 +20.0%"
WARN,PRICE_JUMP,universe_daily,NSE_EQ|INE721A01047,1d,2,"2 daily moves >20%: 2003-06-25 +20.3%, 2020-03-23 -22.2%"
WARN,PRICE_JUMP,universe_daily,NSE_EQ|INE721Z01010,1d,3,"3 daily moves >20%: 2018-09-18 -55.0%, 2020-11-19 +20.2%, 2021-05-14 +20.1%"
WARN,PRICE_JUMP,universe_daily,NSE_EQ|INE722H01024,1d,8,"8 daily moves >20%: 2009-06-23 +20.1%, 2009-12-31 +20.1%, 2015-01-29 +20.3%"
WARN,PRICE_JUMP,universe_daily,NSE_EQ|INE722J01012,1d,1,1 daily moves >20%: 2013-05-28 +20.0%
WARN,PRICE_JUMP,universe_daily,NSE_EQ|INE725A01030,1d,4,"4 daily moves >20%: 2007-10-04 +20.1%, 2009-05-19 +30.6%, 2014-05-21 +20.0%"
WARN,PRICE_JUMP,universe_daily,NSE_EQ|INE725E01024,1d,1,1 daily moves >20%: 2011-05-31 +20.0%
WARN,PRICE_JUMP,universe_daily,NSE_EQ|INE725L01011,1d,1,1 daily moves >20%: 2017-10-23 +24.6%
WARN,PRICE_JUMP,universe_daily,NSE_EQ|INE726G01019,1d,2,"2 daily moves >20%: 2020-03-23 -21.5%, 2020-03-25 +25.9%"
WARN,PRICE_JUMP,universe_daily,NSE_EQ|INE727B01026,1d,9,"9 daily moves >20%: 2003-07-10 +20.0%, 2003-08-12 +20.1%, 2004-09-02 +20.2%"
WARN,PRICE_JUMP,universe_daily,NSE_EQ|INE728Z01015,1d,2,"2 daily moves >20%: 2018-05-11 -47.2%, 2019-02-21 +22.1%"
WARN,PRICE_JUMP,universe_daily,NSE_EQ|INE731A01020,1d,7,"7 daily moves >20%: 2003-11-07 +20.0%, 2005-05-20 +20.0%, 2006-10-06 +20.0%"
WARN,PRICE_JUMP,universe_daily,NSE_EQ|INE731C01018,1d,4,"4 daily moves >20%: 2015-01-06 -68.7%, 2017-04-10 +36.5%, 2018-01-08 +149.1%"
WARN,PRICE_JUMP,universe_daily,NSE_EQ|INE731H01025,1d,6,"6 daily moves >20%: 2006-11-29 +20.0%, 2009-04-08 +20.2%, 2009-05-18 +20.1%"
WARN,PRICE_JUMP,universe_daily,NSE_EQ|INE732A01036,1d,1,1 daily moves >20%: 2009-05-19 +20.0%
WARN,PRICE_JUMP,universe_daily,NSE_EQ|INE732C01016,1d,2,"2 daily moves >20%: 2007-12-03 +20.0%, 2015-03-02 +20.5%"
WARN,PRICE_JUMP,universe_daily,NSE_EQ|INE732I01021,1d,1,1 daily moves >20%: 2020-10-05 -71.5%
WARN,PRICE_JUMP,universe_daily,NSE_EQ|INE733A01018,1d,4,"4 daily moves >20%: 2003-06-16 +20.1%, 2009-05-19 +20.1%, 2011-03-30 +20.1%"
WARN,PRICE_JUMP,universe_daily,NSE_EQ|INE734N01019,1d,1,1 daily moves >20%: 2020-03-12 -20.0%
WARN,PRICE_JUMP,universe_daily,NSE_EQ|INE735M01018,1d,1,1 daily moves >20%: 2023-06-07 +20.0%
WARN,PRICE_JUMP,universe_daily,NSE_EQ|INE737B01033,1d,9,"9 daily moves >20%: 2003-06-26 +20.6%, 2003-09-04 +20.1%, 2004-06-23 -22.9%"
WARN,PRICE_JUMP,universe_daily,NSE_EQ|INE737H01014,1d,3,"3 daily moves >20%: 2009-05-27 +20.2%, 2009-10-08 +20.1%, 2010-06-14 +20.0%"
WARN,PRICE_JUMP,universe_daily,NSE_EQ|INE737W01013,1d,3,"3 daily moves >20%: 2017-03-15 +893.8%, 2018-05-31 +20.1%, 2019-02-21 -30.0%"
WARN,PRICE_JUMP,universe_daily,NSE_EQ|INE739E01017,1d,1,1 daily moves >20%: 2008-01-25 +20.0%
WARN,PRICE_JUMP,universe_daily,NSE_EQ|INE740V01019,1d,2,"2 daily moves >20%: 2017-01-03 +20.0%, 2021-12-13 +20.0%"
WARN,PRICE_JUMP,universe_daily,NSE_EQ|INE741L01018,1d,5,"5 daily moves >20%: 2016-09-02 +20.4%, 2018-07-04 +20.3%, 2019-03-22 +20.2%"
WARN,PRICE_JUMP,universe_daily,NSE_EQ|INE742B01025,1d,5,"5 daily moves >20%: 2004-11-01 +20.1%, 2005-07-21 +20.0%, 2009-12-09 +20.2%"
WARN,PRICE_JUMP,universe_daily,NSE_EQ|INE742C01031,1d,5,"5 daily moves >20%: 2004-09-23 +75.6%, 2006-05-03 +20.0%, 2006-12-22 +82.7%"
WARN,PRICE_JUMP,universe_daily,NSE_EQ|INE742F01042,1d,2,"2 daily moves >20%: 2008-07-09 +20.0%, 2024-06-04 -21.1%"
WARN,PRICE_JUMP,universe_daily,NSE_EQ|INE745G01043,1d,1,1 daily moves >20%: 2013-08-01 -20.3%
WARN,PRICE_JUMP,universe_daily,NSE_EQ|INE747B01016,1d,1,1 daily moves >20%: 2024-11-21 +20.0%
WARN,PRICE_JUMP,universe_daily,NSE_EQ|INE748Z01013,1d,1,1 daily moves >20%: 2019-07-17 -55.2%
WARN,PRICE_JUMP,universe_daily,NSE_EQ|INE749A01030,1d,8,"8 daily moves >20%: 2003-12-19 -47.5%, 2003-12-22 +93.8%, 2007-10-31 +25.5%"
WARN,PRICE_JUMP,universe_daily,NSE_EQ|INE749B01020,1d,7,"7 daily moves >20%: 2007-04-09 +20.1%, 2009-03-23 +20.8%, 2009-03-24 +20.5%"
WARN,PRICE_JUMP,universe_daily,NSE_EQ|INE750C01026,1d,7,"7 daily moves >20%: 2003-05-28 -55.8%, 2004-07-23 +20.2%, 2004-10-08 +21.0%"
WARN,PRICE_JUMP,universe_daily,NSE_EQ|INE750M01017,1d,1,1 daily moves >20%: 2019-02-21 -26.7%
WARN,PRICE_JUMP,universe_daily,NSE_EQ|INE752G01015,1d,2,"2 daily moves >20%: 2005-09-13 +20.1%, 2009-11-11 +20.1%"
WARN,PRICE_JUMP,universe_daily,NSE_EQ|INE754A01055,1d,3,"3 daily moves >20%: 2008-08-13 +20.8%, 2012-01-09 +23.9%, 2020-08-18 +37.3%"
WARN,PRICE_JUMP,universe_daily,NSE_EQ|INE754X01016,1d,1,1 daily moves >20%: 2017-10-05 +20.0%
WARN,PRICE_JUMP,universe_daily,NSE_EQ|INE757A01017,1d,1,1 daily moves >20%: 2025-05-22 +20.0%
WARN,PRICE_JUMP,universe_daily,NSE_EQ|INE759A01021,1d,5,"5 daily moves >20%: 2003-04-10 -48.5%, 2003-07-15 -34.9%, 2006-06-09 +21.5%"
WARN,PRICE_JUMP,universe_daily,NSE_EQ|INE760A01029,1d,4,"4 daily moves >20%: 2008-08-22 -89.7%, 2009-05-11 +20.2%, 2009-05-12 +20.1%"
WARN,PRICE_JUMP,universe_daily,NSE_EQ|INE760L01018,1d,1,1 daily moves >20%: 2024-09-13 +20.0%
WARN,PRICE_JUMP,universe_daily,NSE_EQ|INE761H01022,1d,3,"3 daily moves >20%: 2007-03-23 +20.0%, 2007-04-09 +20.0%, 2011-08-10 +20.0%"
WARN,PRICE_JUMP,universe_daily,NSE_EQ|INE763I01026,1d,2,"2 daily moves >20%: 2007-12-31 +20.1%, 2020-06-10 +20.3%"
WARN,PRICE_JUMP,universe_daily,NSE_EQ|INE768C01028,1d,1,1 daily moves >20%: 2009-12-01 +20.1%
WARN,PRICE_JUMP,universe_daily,NSE_EQ|INE769A01020,1d,2,"2 daily moves >20%: 2007-12-12 +20.4%, 2008-01-23 +20.6%"
WARN,PRICE_JUMP,universe_daily,NSE_EQ|INE771A01026,1d,3,"3 daily moves >20%: 2003-12-09 +20.7%, 2009-09-18 +20.4%, 2023-03-29 -76.6%"
WARN,PRICE_JUMP,universe_daily,NSE_EQ|INE771F01041,1d,1,1 daily moves >20%: 2025-07-11 -89.1%
WARN,PRICE_JUMP,universe_daily,NSE_EQ|INE774D01024,1d,1,1 daily moves >20%: 2020-03-23 -28.7%
WARN,PRICE_JUMP,universe_daily,NSE_EQ|INE775A01035,1d,3,"3 daily moves >20%: 2004-06-23 -20.6%, 2007-05-22 +20.7%, 2020-03-12 -24.4%"
WARN,PRICE_JUMP,universe_daily,NSE_EQ|INE776C01039,1d,1,1 daily moves >20%: 2009-05-18 +21.1%
WARN,PRICE_JUMP,universe_daily,NSE_EQ|INE778K01012,1d,3,"3 daily moves >20%: 2010-12-31 +20.0%, 2015-01-01 -27.9%, 2023-11-21 +20.0%"
WARN,PRICE_JUMP,universe_daily,NSE_EQ|INE780C01023,1d,3,"3 daily moves >20%: 2006-10-10 +22035.7%, 2008-09-08 +20.1%, 2009-05-12 +20.1%"
WARN,PRICE_JUMP,universe_daily,NSE_EQ|INE781A01025,1d,1,1 daily moves >20%: 2024-06-10 +20.0%
WARN,PRICE_JUMP,universe_daily,NSE_EQ|INE781B01015,1d,4,"4 daily moves >20%: 2004-01-12 +20.1%, 2004-01-13 +20.2%, 2004-12-10 +20.1%"
WARN,PRICE_JUMP,universe_daily,NSE_EQ|INE782A01015,1d,5,"5 daily moves >20%: 2004-04-22 +20.1%, 2005-08-29 +20.0%, 2007-07-31 +20.0%"
WARN,PRICE_JUMP,universe_daily,NSE_EQ|INE785A01026,1d,4,"4 daily moves >20%: 2004-11-18 +20.0%, 2006-10-06 +20.0%, 2007-06-21 +20.0%"
WARN,PRICE_JUMP,universe_daily,NSE_EQ|INE785M01021,1d,7,"7 daily moves >20%: 2018-02-02 -24.8%, 2018-04-27 -24.9%, 2018-05-02 -23.4%"
WARN,PRICE_JUMP,universe_daily,NSE_EQ|INE786A01032,1d,1,1 daily moves >20%: 2006-06-19 +828.3%
WARN,PRICE_JUMP,universe_daily,NSE_EQ|INE786F01031,1d,2,"2 daily moves >20%: 2007-09-19 +20.0%, 2018-09-17 +20.0%"
WARN,PRICE_JUMP,universe_daily,NSE_EQ|INE788H01017,1d,6,"6 daily moves >20%: 2008-01-14 +20.0%, 2008-05-20 +20.2%, 2009-11-25 +20.1%"
WARN,PRICE_JUMP,universe_daily,NSE_EQ|INE789E01012,1d,1,1 daily moves >20%: 2011-03-30 +20.0%
WARN,PRICE_JUMP,universe_daily,NSE_EQ|INE791A01024,1d,6,"6 daily moves >20%: 2007-06-07 +20.1%, 2010-10-12 +20.3%, 2015-01-01 -61.9%"
WARN,PRICE_JUMP,universe_daily,NSE_EQ|INE791I01019,1d,6,"6 daily moves >20%: 2008-01-25 +33.6%, 2008-11-03 +25.6%, 2009-05-18 +20.2%"
WARN,PRICE_JUMP,universe_daily,NSE_EQ|INE792B01012,1d,5,"5 daily moves >20%: 2007-09-03 +20.1%, 2008-09-04 +20.1%, 2009-05-25 +20.1%"
WARN,PRICE_JUMP,universe_daily,NSE_EQ|INE792H01019,1d,3,"3 daily moves >20%: 2008-04-02 +20.1%, 2008-04-10 +20.0%, 2008-08-13 +20.0%"
WARN,PRICE_JUMP,universe_daily,NSE_EQ|INE792Z01011,1d,2,"2 daily moves >20%: 2019-07-09 -27.0%, 2019-11-14 +20.0%"
WARN,PRICE_JUMP,universe_daily,NSE_EQ|INE793A01012,1d,5,"5 daily moves >20%: 2003-05-16 +20.1%, 2004-12-14 +20.0%, 2007-12-07 +20.1%"
WARN,PRICE_JUMP,universe_daily,NSE_EQ|INE794A01010,1d,2,"2 daily moves >20%: 2008-10-13 +137.6%, 2023-05-11 +20.0%"
WARN,PRICE_JUMP,universe_daily,NSE_EQ|INE794B01026,1d,2,"2 daily moves >20%: 2009-03-16 +26.1%, 2010-04-12 +20.1%"
WARN,PRICE_JUMP,universe_daily,NSE_EQ|INE796G01012,1d,5,"5 daily moves >20%: 2008-12-12 +20.0%, 2009-08-25 +20.0%, 2016-05-12 -47.1%"
WARN,PRICE_JUMP,universe_daily,NSE_EQ|INE797H01018,1d,4,"4 daily moves >20%: 2010-01-05 +20.1%, 2010-05-24 +20.0%, 2012-01-09 +23.5%"
WARN,PRICE_JUMP,universe_daily,NSE_EQ|INE800H01010,1d,3,"3 daily moves >20%: 2008-01-21 -24.0%, 2008-01-22 -29.6%, 2008-01-23 +40.0%"
WARN,PRICE_JUMP,universe_daily,NSE_EQ|INE801L01010,1d,1,1 daily moves >20%: 2019-02-22 -21.0%
WARN,PRICE_JUMP,universe_daily,NSE_EQ|INE801V01019,1d,1,1 daily moves >20%: 2020-12-21 -20.0%
WARN,PRICE_JUMP,universe_daily,NSE_EQ|INE802B01027,1d,2,"2 daily moves >20%: 2020-03-23 -20.0%, 2022-08-10 +20.0%"
WARN,PRICE_JUMP,universe_daily,NSE_EQ|INE802C01033,1d,2,"2 daily moves >20%: 2008-10-29 +20.2%, 2014-06-26 +20.2%"
WARN,PRICE_JUMP,universe_daily,NSE_EQ|INE803H01014,1d,3,"3 daily moves >20%: 2007-08-08 +20.1%, 2009-05-20 +20.6%, 2009-12-03 +20.3%"
WARN,PRICE_JUMP,universe_daily,NSE_EQ|INE804H01012,1d,8,"8 daily moves >20%: 2007-03-01 +20.1%, 2007-03-22 +20.1%, 2007-11-06 +20.3%"
WARN,PRICE_JUMP,universe_daily,NSE_EQ|INE804L01022,1d,2,"2 daily moves >20%: 2007-12-28 +20.0%, 2021-12-23 -49.8%"
WARN,PRICE_JUMP,universe_daily,NSE_EQ|INE805C01028,1d,2,"2 daily moves >20%: 2004-08-09 +20.1%, 2006-01-24 +20.0%"
WARN,PRICE_JUMP,universe_daily,NSE_EQ|INE805D01034,1d,1,1 daily moves >20%: 2010-12-09 -20.0%
WARN,PRICE_JUMP,universe_daily,NSE_EQ|INE806A01020,1d,7,"7 daily moves >20%: 2013-01-07 +20.5%, 2013-02-26 -21.3%, 2014-09-02 +20.4%"
WARN,PRICE_JUMP,universe_daily,NSE_EQ|INE809A01032,1d,1,1 daily moves >20%: 2022-08-05 +335.6%
WARN,PRICE_JUMP,universe_daily,NSE_EQ|INE813A01018,1d,9,"9 daily moves >20%: 2003-08-12 +20.2%, 2004-05-04 +20.4%, 2005-02-10 +20.2%"
WARN,PRICE_JUMP,universe_daily,NSE_EQ|INE813H01021,1d,2,"2 daily moves >20%: 2008-01-03 +20.0%, 2009-04-09 +24.9%"
WARN,PRICE_JUMP,universe_daily,NSE_EQ|INE813V01022,1d,4,"4 daily moves >20%: 2018-09-05 -65.0%, 2019-02-21 +104.0%, 2019-05-02 -47.6%"
WARN,PRICE_JUMP,universe_daily,NSE_EQ|INE814H01029,1d,3,"3 daily moves >20%: 2018-10-10 +25.0%, 2020-03-12 -26.7%, 2021-06-07 +20.1%"
WARN,PRICE_JUMP,universe_daily,NSE_EQ|INE816B01035,1d,2,"2 daily moves >20%: 2017-03-07 +20.1%, 2020-03-12 -20.1%"
WARN,PRICE_JUMP,universe_daily,NSE_EQ|INE818A01017,1d,3,"3 daily moves >20%: 2007-02-06 +20.1%, 2008-07-14 +20.0%, 2009-08-24 +20.0%"
WARN,PRICE_JUMP,universe_daily,NSE_EQ|INE818H01020,1d,3,"3 daily moves >20%: 2009-06-01 +20.4%, 2010-09-08 +20.1%, 2013-08-20 +20.0%"
WARN,PRICE_JUMP,universe_daily,NSE_EQ|INE819L01012,1d,7,"7 daily moves >20%: 2007-09-25 +20.1%, 2008-10-28 +20.6%, 2009-05-25 +20.5%"
WARN,PRICE_JUMP,universe_daily,NSE_EQ|INE820Y01021,1d,4,"4 daily moves >20%: 2016-08-19 +25.2%, 2021-05-07 -98.9%, 2021-05-20 +416.7%"
WARN,PRICE_JUMP,universe_daily,NSE_EQ|INE821I01022,1d,2,"2 daily moves >20%: 2013-08-01 -24.9%, 2021-10-22 +20.1%"
WARN,PRICE_JUMP,universe_daily,NSE_EQ|INE822G01016,1d,2,"2 daily moves >20%: 2008-12-30 +20.0%, 2009-04-13 +20.0%"
WARN,PRICE_JUMP,universe_daily,NSE_EQ|INE823A01017,1d,6,"6 daily moves >20%: 2007-07-10 +20.0%, 2011-07-19 +20.0%, 2019-05-30 +20.0%"
WARN,PRICE_JUMP,universe_daily,NSE_EQ|INE824G01012,1d,3,"3 daily moves >20%: 2007-12-03 +20.0%, 2008-12-15 +20.0%, 2009-08-13 +20.0%"
WARN,PRICE_JUMP,universe_daily,NSE_EQ|INE826C01016,1d,3,"3 daily moves >20%: 2009-05-19 +20.0%, 2009-05-20 +20.0%, 2020-05-07 +20.0%"
WARN,PRICE_JUMP,universe_daily,NSE_EQ|INE828A01016,1d,5,"5 daily moves >20%: 2007-01-02 +20.0%, 2007-09-19 +20.0%, 2009-08-25 +20.1%"
WARN,PRICE_JUMP,universe_daily,NSE_EQ|INE831A01028,1d,6,"6 daily moves >20%: 2004-05-18 +20.2%, 2004-06-23 -23.8%, 2004-12-27 +20.1%"
WARN,PRICE_JUMP,universe_daily,NSE_EQ|INE835A01029,1d,11,"11 daily moves >20%: 2005-06-14 +20.1%, 2011-10-17 -20.1%, 2014-07-04 +20.2%"
WARN,PRICE_JUMP,universe_daily,NSE_EQ|INE835D01023,1d,9,"9 daily moves >20%: 2008-01-02 +20.1%, 2008-06-13 +20.3%, 2008-10-24 -20.1%"
WARN,PRICE_JUMP,universe_daily,NSE_EQ|INE835G01018,1d,1,1 daily moves >20%: 2008-08-08 +20.1%
WARN,PRICE_JUMP,universe_daily,NSE_EQ|INE836A01035,1d,4,"4 daily moves >20%: 2007-11-28 +20.1%, 2008-03-26 +22.4%, 2009-04-08 +20.3%"
WARN,PRICE_JUMP,universe_daily,NSE_EQ|INE836F01026,1d,3,"3 daily moves >20%: 2009-02-04 +20.4%, 2019-01-25 -33.2%, 2019-11-01 +29.6%"
WARN,PRICE_JUMP,universe_daily,NSE_EQ|INE838B01021,1d,8,"8 daily moves >20%: 2004-09-08 +25.0%, 2004-09-15 +25.0%, 2005-08-16 +25.0%"
WARN,PRICE_JUMP,universe_daily,NSE_EQ|INE838E01017,1d,4,"4 daily moves >20%: 2003-05-14 +20.7%, 2004-06-23 -23.8%, 2006-01-13 +20.0%"
WARN,PRICE_JUMP,universe_daily,NSE_EQ|INE840M01016,1d,2,"2 daily moves >20%: 2014-11-05 +20.0%, 2017-10-23 +22.5%"
WARN,PRICE_JUMP,universe_daily,NSE_EQ|INE841B01017,1d,2,"2 daily moves >20%: 2009-04-15 +20.2%, 2010-10-28 +20.1%"
WARN,PRICE_JUMP,universe_daily,NSE_EQ|INE842C01021,1d,2,"2 daily moves >20%: 2015-01-01 -79.0%, 2015-01-05 -47.5%"
WARN,PRICE_JUMP,universe_daily,NSE_EQ|INE843B01013,1d,1,1 daily moves >20%: 2026-03-20 -55.5%
WARN,PRICE_JUMP,universe_daily,NSE_EQ|INE843D01027,1d,1,1 daily moves >20%: 2025-12-26 -68.3%
WARN,PRICE_JUMP,universe_daily,NSE_EQ|INE844A01013,1d,5,"5 daily moves >20%: 2007-09-24 +20.2%, 2010-04-05 +20.2%, 2010-08-26 +20.1%"
WARN,PRICE_JUMP,universe_daily,NSE_EQ|INE844K01012,1d,4,"4 daily moves >20%: 2010-10-15 +20.0%, 2010-10-19 +20.0%, 2011-03-11 +20.0%"
WARN,PRICE_JUMP,universe_daily,NSE_EQ|INE844O01030,1d,1,1 daily moves >20%: 2014-04-11 +20.1%
WARN,PRICE_JUMP,universe_daily,NSE_EQ|INE847C01020,1d,2,"2 daily moves >20%: 2023-02-15 +20.0%, 2024-09-20 -72.5%"
WARN,PRICE_JUMP,universe_daily,NSE_EQ|INE848A01014,1d,1,1 daily moves >20%: 2015-03-02 +20.9%
WARN,PRICE_JUMP,universe_daily,NSE_EQ|INE848E01016,1d,1,1 daily moves >20%: 2013-03-04 -24.1%
WARN,PRICE_JUMP,universe_daily,NSE_EQ|INE849A01020,1d,2,"2 daily moves >20%: 2004-11-16 +20.2%, 2020-03-23 -20.0%"
WARN,PRICE_JUMP,universe_daily,NSE_EQ|INE850E01012,1d,1,1 daily moves >20%: 2024-09-30 +20.0%
WARN,PRICE_JUMP,universe_daily,NSE_EQ|INE854B01010,1d,7,"7 daily moves >20%: 2003-03-31 +51.8%, 2003-05-16 +20.9%, 2004-06-23 -40.0%"
WARN,PRICE_JUMP,universe_daily,NSE_EQ|INE854D01024,1d,4,"4 daily moves >20%: 2004-11-22 +20.0%, 2008-10-10 -21.2%, 2009-01-22 -22.8%"
WARN,PRICE_JUMP,universe_daily,NSE_EQ|INE855B01025,1d,1,1 daily moves >20%: 2009-05-19 +20.0%
WARN,PRICE_JUMP,universe_daily,NSE_EQ|INE855C01023,1d,9,"9 daily moves >20%: 2009-04-02 +21.6%, 2015-01-01 -80.8%, 2015-01-02 +21.1%"
WARN,PRICE_JUMP,universe_daily,NSE_EQ|INE858F01012,1d,1,1 daily moves >20%: 2006-06-16 +20.0%
WARN,PRICE_JUMP,universe_daily,NSE_EQ|INE859A01011,1d,5,"5 daily moves >20%: 2005-08-22 +20.2%, 2006-11-23 +20.3%, 2008-07-28 +20.2%"
WARN,PRICE_JUMP,universe_daily,NSE_EQ|INE862Y01015,1d,4,"4 daily moves >20%: 2018-05-22 -20.0%, 2019-02-26 -46.5%, 2020-09-03 +162.5%"
WARN,PRICE_JUMP,universe_daily,NSE_EQ|INE863B01029,1d,2,"2 daily moves >20%: 2018-11-19 +20.0%, 2023-07-12 +20.0%"
WARN,PRICE_JUMP,universe_daily,NSE_EQ|INE863I01016,1d,2,"2 daily moves >20%: 2015-01-01 -74.5%, 2026-08-25 +21.0%"
WARN,PRICE_JUMP,universe_daily,NSE_EQ|INE865C01022,1d,3,"3 daily moves >20%: 2009-12-31 +20.1%, 2010-01-04 +20.0%, 2019-02-21 -27.3%"
WARN,PRICE_JUMP,universe_daily,NSE_EQ|INE868B01028,1d,5,"5 daily moves >20%: 2003-10-14 +144.5%, 2008-10-10 -24.2%, 2009-01-07 -21.6%"
WARN,PRICE_JUMP,universe_daily,NSE_EQ|INE869Y01028,1d,3,"3 daily moves >20%: 2018-08-13 +4533.3%, 2018-08-29 -49.6%, 2019-02-21 +32.9%"
WARN,PRICE_JUMP,universe_daily,NSE_EQ|INE870D01012,1d,5,"5 daily moves >20%: 2007-11-01 +20.1%, 2007-11-02 +20.1%, 2008-05-28 +20.0%"
WARN,PRICE_JUMP,universe_daily,NSE_EQ|INE872H01027,1d,2,"2 daily moves >20%: 2007-04-25 +20.0%, 2008-12-30 +20.1%"
WARN,PRICE_JUMP,universe_daily,NSE_EQ|INE874F01027,1d,20,"20 daily moves >20%: 2003-04-07 +20.0%, 2003-11-12 +20.1%, 2003-12-11 +20.0%"
WARN,PRICE_JUMP,universe_daily,NSE_EQ|INE875G01048,1d,6,"6 daily moves >20%: 2007-09-07 +20.2%, 2007-09-10 +20.8%, 2007-12-05 +21.2%"
WARN,PRICE_JUMP,universe_daily,NSE_EQ|INE875R01011,1d,6,"6 daily moves >20%: 2016-10-10 +20.0%, 2017-07-27 +20.1%, 2017-12-19 +20.0%"
WARN,PRICE_JUMP,universe_daily,NSE_EQ|INE877F01012,1d,1,1 daily moves >20%: 2009-10-14 +20.7%
WARN,PRICE_JUMP,universe_daily,NSE_EQ|INE877I01016,1d,4,"4 daily moves >20%: 2014-08-19 +20.1%, 2015-07-29 +20.1%, 2017-06-15 +20.0%"
WARN,PRICE_JUMP,universe_daily,NSE_EQ|INE878A01011,1d,2,"2 daily moves >20%: 2003-06-30 +20.0%, 2004-07-07 +20.0%"
WARN,PRICE_JUMP,universe_daily,NSE_EQ|INE878B01027,1d,4,"4 daily moves >20%: 2006-06-08 -20.3%, 2008-01-08 +20.0%, 2008-12-15 +20.2%"
WARN,PRICE_JUMP,universe_daily,NSE_EQ|INE878H01024,1d,2,"2 daily moves >20%: 2023-12-11 +20.0%, 2024-08-30 -20.1%"
WARN,PRICE_JUMP,universe_daily,NSE_EQ|INE878K01010,1d,1,1 daily moves >20%: 2011-02-03 +20.0%
WARN,PRICE_JUMP,universe_daily,NSE_EQ|INE879A01019,1d,11,"11 daily moves >20%: 2003-04-04 +20.7%, 2003-04-07 +20.2%, 2003-05-28 +20.9%"
WARN,PRICE_JUMP,universe_daily,NSE_EQ|INE879E01037,1d,3,"3 daily moves >20%: 2017-03-27 +20.5%, 2017-07-31 +20.4%, 2023-04-06 +20.6%"
WARN,PRICE_JUMP,universe_daily,NSE_EQ|INE879I01012,1d,2,"2 daily moves >20%: 2011-10-24 +20.1%, 2019-02-21 -36.0%"
WARN,PRICE_JUMP,universe_daily,NSE_EQ|INE880Y01017,1d,1,1 daily moves >20%: 2020-03-18 -20.0%
WARN,PRICE_JUMP,universe_daily,NSE_EQ|INE881D01027,1d,17,"17 daily moves >20%: 2003-01-28 +21.0%, 2003-07-10 +42.9%, 2004-05-17 -31.8%"
WARN,PRICE_JUMP,universe_daily,NSE_EQ|INE882A01013,1d,2,"2 daily moves >20%: 2003-11-12 +20.1%, 2009-11-13 +20.3%"
WARN,PRICE_JUMP,universe_daily,NSE_EQ|INE883A01011,1d,1,1 daily moves >20%: 2007-10-29 +20.0%
WARN,PRICE_JUMP,universe_daily,NSE_EQ|INE884A01027,1d,6,"6 daily moves >20%: 2007-08-31 +20.0%, 2008-06-13 +20.0%, 2008-06-17 +20.0%"
WARN,PRICE_JUMP,universe_daily,NSE_EQ|INE885A01032,1d,2,"2 daily moves >20%: 2003-12-08 +20.0%, 2006-06-23 +20.1%"
WARN,PRICE_JUMP,universe_daily,NSE_EQ|INE885F01015,1d,2,"2 daily moves >20%: 2019-02-22 -42.8%, 2024-10-28 +46.9%"
WARN,PRICE_JUMP,universe_daily,NSE_EQ|INE886A01014,1d,1,1 daily moves >20%: 2011-10-10 +27.8%
WARN,PRICE_JUMP,universe_daily,NSE_EQ|INE887E01022,1d,1,1 daily moves >20%: 2025-02-10 -20.0%
WARN,PRICE_JUMP,universe_daily,NSE_EQ|INE887G01027,1d,5,"5 daily moves >20%: 2008-10-31 +20.0%, 2009-03-20 +20.0%, 2009-03-23 +20.1%"
WARN,PRICE_JUMP,universe_daily,NSE_EQ|INE891B01012,1d,6,"6 daily moves >20%: 2008-10-06 -20.0%, 2009-10-15 +21.1%, 2009-10-16 +20.9%"
WARN,PRICE_JUMP,universe_daily,NSE_EQ|INE893I01013,1d,3,"3 daily moves >20%: 2011-09-07 +20.1%, 2014-03-10 +20.0%, 2017-06-12 -20.0%"
WARN,PRICE_JUMP,universe_daily,NSE_EQ|INE898S01029,1d,2,"2 daily moves >20%: 2015-11-13 +20.0%, 2020-12-23 -98.8%"
WARN,PRICE_JUMP,universe_daily,NSE_EQ|INE899L01030,1d,3,"3 daily moves >20%: 2024-05-27 +267.5%, 2025-06-02 -37.5%, 2025-10-13 -65.0%"
WARN,PRICE_JUMP,universe_daily,NSE_EQ|INE900B01029,1d,2,"2 daily moves >20%: 2003-08-11 +20.0%, 2003-11-05 +20.1%"
WARN,PRICE_JUMP,universe_daily,NSE_EQ|INE900C01027,1d,2,"2 daily moves >20%: 2004-06-23 -22.4%, 2009-12-14 +20.0%"
WARN,PRICE_JUMP,universe_daily,NSE_EQ|INE900L01028,1d,4,"4 daily moves >20%: 2018-07-09 +22.0%, 2021-08-31 +20.3%, 2022-02-07 +20.1%"
WARN,PRICE_JUMP,universe_daily,NSE_EQ|INE907A01026,1d,4,"4 daily moves >20%: 2008-10-24 -22.9%, 2008-10-28 +27.9%, 2008-11-03 +20.1%"
WARN,PRICE_JUMP,universe_daily,NSE_EQ|INE908D01010,1d,4,"4 daily moves >20%: 2014-11-17 -20.0%, 2020-01-09 +20.1%, 2020-02-01 +20.0%"
WARN,PRICE_JUMP,universe_daily,NSE_EQ|INE908V01012,1d,2,"2 daily moves >20%: 2017-12-26 +20.0%, 2018-09-21 -30.1%"
WARN,PRICE_JUMP,universe_daily,NSE_EQ|INE910C01018,1d,1,1 daily moves >20%: 2015-12-02 +25.7%
WARN,PRICE_JUMP,universe_daily,NSE_EQ|INE912H01013,1d,2,"2 daily moves >20%: 2013-11-05 +20.2%, 2024-06-12 +20.0%"
WARN,PRICE_JUMP,universe_daily,NSE_EQ|INE914M01019,1d,1,1 daily moves >20%: 2024-04-23 -22.2%
WARN,PRICE_JUMP,universe_daily,NSE_EQ|INE915B01019,1d,2,"2 daily moves >20%: 2003-05-26 +20.1%, 2003-08-29 +20.1%"
WARN,PRICE_JUMP,universe_daily,NSE_EQ|INE917H01012,1d,8,"8 daily moves >20%: 2007-05-15 +20.2%, 2007-08-20 +20.1%, 2007-12-14 +20.1%"
WARN,PRICE_JUMP,universe_daily,NSE_EQ|INE918I01026,1d,3,"3 daily moves >20%: 2008-10-10 -20.0%, 2011-03-03 +20.0%, 2020-03-23 -25.9%"
WARN,PRICE_JUMP,universe_daily,NSE_EQ|INE918Z01012,1d,1,1 daily moves >20%: 2026-05-14 -20.1%
WARN,PRICE_JUMP,universe_daily,NSE_EQ|INE919H01018,1d,3,"3 daily moves >20%: 2014-05-19 +20.0%, 2015-04-10 +20.0%, 2017-08-23 +20.0%"
WARN,PRICE_JUMP,universe_daily,NSE_EQ|INE922A01025,1d,1,1 daily moves >20%: 2006-01-24 +20.2%
WARN,PRICE_JUMP,universe_daily,NSE_EQ|INE922B01023,1d,5,"5 daily moves >20%: 2004-08-20 +20.1%, 2008-10-23 -20.0%, 2012-09-10 +20.0%"
WARN,PRICE_JUMP,universe_daily,NSE_EQ|INE923A01015,1d,2,"2 daily moves >20%: 2006-06-12 -60.6%, 2006-06-19 +20.0%"
WARN,PRICE_JUMP,universe_daily,NSE_EQ|INE924H01018,1d,2,"2 daily moves >20%: 2007-12-11 +20.0%, 2015-01-01 -39.3%"
WARN,PRICE_JUMP,universe_daily,NSE_EQ|INE925C01016,1d,5,"5 daily moves >20%: 2008-04-09 +20.1%, 2008-12-19 +20.1%, 2009-09-10 +20.2%"
WARN,PRICE_JUMP,universe_daily,NSE_EQ|INE926K01017,1d,2,"2 daily moves >20%: 2010-08-26 +20.0%, 2022-10-06 -24.7%"
WARN,PRICE_JUMP,universe_daily,NSE_EQ|INE927D01051,1d,3,"3 daily moves >20%: 2005-01-06 +21.4%, 2013-07-03 +20.9%, 2019-09-24 +20.1%"
WARN,PRICE_JUMP,universe_daily,NSE_EQ|INE930H01031,1d,1,1 daily moves >20%: 2008-10-13 +20.4%
WARN,PRICE_JUMP,universe_daily,NSE_EQ|INE932C01012,1d,9,"9 daily moves >20%: 2003-08-18 +20.6%, 2003-10-13 -22.2%, 2004-01-06 +47.1%"
WARN,PRICE_JUMP,universe_daily,NSE_EQ|INE933B01012,1d,2,"2 daily moves >20%: 2007-10-22 +20.0%, 2019-02-21 -33.7%"
WARN,PRICE_JUMP,universe_daily,NSE_EQ|INE933X01016,1d,10,"10 daily moves >20%: 2017-08-03 -97.2%, 2018-10-03 -20.2%, 2018-10-30 +1296.6%"
WARN,PRICE_JUMP,universe_daily,NSE_EQ|INE935A01035,1d,5,"5 daily moves >20%: 2009-01-28 -24.8%, 2019-11-18 +21.4%, 2020-03-12 -23.1%"
WARN,PRICE_JUMP,universe_daily,NSE_EQ|INE937A01023,1d,1,1 daily moves >20%: 2015-01-01 -59.2%
WARN,PRICE_JUMP,universe_daily,NSE_EQ|INE937C01029,1d,1,1 daily moves >20%: 2018-06-14 +408.1%
WARN,PRICE_JUMP,universe_daily,NSE_EQ|INE938A01021,1d,31,"31 daily moves >20%: 2010-10-27 +25.0%, 2015-01-06 -56.0%, 2015-04-08 +25.0%"
WARN,PRICE_JUMP,universe_daily,NSE_EQ|INE939A01011,1d,4,"4 daily moves >20%: 2003-08-19 +32.4%, 2008-01-22 -23.3%, 2018-05-18 -23.1%"
WARN,PRICE_JUMP,universe_daily,NSE_EQ|INE940H01022,1d,8,"8 daily moves >20%: 2008-01-03 +20.0%, 2008-08-07 +20.0%, 2008-10-23 -20.1%"
WARN,PRICE_JUMP,universe_daily,NSE_EQ|INE942G01012,1d,2,"2 daily moves >20%: 2008-01-23 +20.1%, 2008-02-26 +20.0%"
WARN,PRICE_JUMP,universe_daily,NSE_EQ|INE944F01028,1d,2,"2 daily moves >20%: 2003-06-24 +31.3%, 2003-12-15 +20.0%"
WARN,PRICE_JUMP,universe_daily,NSE_EQ|INE945H01021,1d,2,"2 daily moves >20%: 2009-11-20 +20.3%, 2011-11-25 +21.1%"
WARN,PRICE_JUMP,universe_daily,NSE_EQ|INE947A01014,1d,2,"2 daily moves >20%: 2005-09-29 +726.3%, 2006-03-27 +20.3%"
WARN,PRICE_JUMP,universe_daily,NSE_EQ|INE947I01017,1d,1,1 daily moves >20%: 2008-11-03 +20.1%
WARN,PRICE_JUMP,universe_daily,NSE_EQ|INE947J01015,1d,1,1 daily moves >20%: 2011-08-16 -20.0%
WARN,PRICE_JUMP,universe_daily,NSE_EQ|INE947T01022,1d,2,"2 daily moves >20%: 2018-04-26 -20.7%, 2018-09-18 +22.2%"
WARN,PRICE_JUMP,universe_daily,NSE_EQ|INE948A01012,1d,14,"14 daily moves >20%: 2003-07-08 +20.2%, 2003-12-09 +20.2%, 2005-08-19 +20.2%"
WARN,PRICE_JUMP,universe_daily,NSE_EQ|INE949H01023,1d,1,1 daily moves >20%: 2019-10-22 +20.2%
WARN,PRICE_JUMP,universe_daily,NSE_EQ|INE951I01027,1d,1,1 daily moves >20%: 2016-05-05 +20.0%
WARN,PRICE_JUMP,universe_daily,NSE_EQ|INE952H01027,1d,7,"7 daily moves >20%: 2007-05-15 +20.0%, 2008-06-17 +20.0%, 2009-01-01 +20.1%"
WARN,PRICE_JUMP,universe_daily,NSE_EQ|INE954E01012,1d,3,"3 daily moves >20%: 2015-01-01 +35.8%, 2016-03-30 -28.2%, 2026-08-04 +20.0%"
WARN,PRICE_JUMP,universe_daily,NSE_EQ|INE955D01029,1d,2,"2 daily moves >20%: 2008-12-16 +20.0%, 2013-11-05 +21.6%"
WARN,PRICE_JUMP,universe_daily,NSE_EQ|INE955I01044,1d,15,"15 daily moves >20%: 2016-11-25 +25.2%, 2017-05-26 +20.4%, 2017-08-14 +22.3%"
WARN,PRICE_JUMP,universe_daily,NSE_EQ|INE959A01019,1d,51,"51 daily moves >20%: 2016-07-08 +100.0%, 2016-07-13 -50.0%, 2016-07-22 +100.0%"
WARN,PRICE_JUMP,universe_daily,NSE_EQ|INE961O01016,1d,1,1 daily moves >20%: 2022-05-10 +59926.7%
WARN,PRICE_JUMP,universe_daily,NSE_EQ|INE964H01014,1d,4,"4 daily moves >20%: 2009-10-20 +20.7%, 2014-10-31 +20.2%, 2019-03-06 +20.1%"
WARN,PRICE_JUMP,universe_daily,NSE_EQ|INE964W01021,1d,1,1 daily moves >20%: 2018-03-23 +23.1%
WARN,PRICE_JUMP,universe_daily,NSE_EQ|INE966H01019,1d,3,"3 daily moves >20%: 2007-07-19 +20.0%, 2009-10-26 +20.0%, 2010-04-15 +27.8%"
WARN,PRICE_JUMP,universe_daily,NSE_EQ|INE967C01018,1d,5,"5 daily moves >20%: 2004-10-11 +33.0%, 2009-09-16 +20.1%, 2010-04-15 +20.0%"
WARN,PRICE_JUMP,universe_daily,NSE_EQ|INE970D01010,1d,1,1 daily moves >20%: 2024-11-13 -20.0%
WARN,PRICE_JUMP,universe_daily,NSE_EQ|INE970N01027,1d,15,"15 daily moves >20%: 2017-01-10 -63.0%, 2017-07-20 -25.0%, 2017-07-21 +33.3%"
WARN,PRICE_JUMP,universe_daily,NSE_EQ|INE972X01022,1d,4,"4 daily moves >20%: 2017-08-22 -96.6%, 2019-10-29 -38.7%, 2020-12-24 +20.1%"
WARN,PRICE_JUMP,universe_daily,NSE_EQ|INE976G01028,1d,2,"2 daily moves >20%: 2020-03-16 -21.2%, 2022-06-13 -22.7%"
WARN,PRICE_JUMP,universe_daily,NSE_EQ|INE978A01027,1d,2,"2 daily moves >20%: 2007-11-16 +20.0%, 2010-09-08 +20.0%"
WARN,PRICE_JUMP,universe_daily,NSE_EQ|INE978G01016,1d,4,"4 daily moves >20%: 2006-03-29 +20.0%, 2007-12-13 +20.0%, 2007-12-28 +20.1%"
WARN,PRICE_JUMP,universe_daily,NSE_EQ|INE979A01025,1d,13,"13 daily moves >20%: 2003-11-28 +21.3%, 2004-09-16 +20.2%, 2004-12-14 +20.2%"
WARN,PRICE_JUMP,universe_daily,NSE_EQ|INE980Y01015,1d,1,1 daily moves >20%: 2019-04-04 -46.3%
WARN,PRICE_JUMP,universe_daily,NSE_EQ|INE982F01036,1d,2,"2 daily moves >20%: 2020-02-18 +20.0%, 2020-07-14 +20.0%"
WARN,PRICE_JUMP,universe_daily,NSE_EQ|INE982J01020,1d,1,1 daily moves >20%: 2024-02-02 -20.0%
WARN,PRICE_JUMP,universe_daily,NSE_EQ|INE985W01018,1d,2,"2 daily moves >20%: 2019-02-21 +25.9%, 2019-06-25 -47.5%"
WARN,PRICE_JUMP,universe_daily,NSE_EQ|INE987B01026,1d,1,1 daily moves >20%: 2003-06-02 +20.0%
WARN,PRICE_JUMP,universe_daily,NSE_EQ|INE991I01015,1d,1,1 daily moves >20%: 2024-01-10 +20.0%
WARN,PRICE_JUMP,universe_daily,NSE_EQ|INE993A01026,1d,1,1 daily moves >20%: 2005-06-24 +2320.8%
WARN,PRICE_JUMP,universe_daily,NSE_EQ|INE995D01025,1d,2,"2 daily moves >20%: 2019-11-20 +99.9%, 2025-05-09 -37.6%"
WARN,PRICE_JUMP,universe_daily,NSE_EQ|INE997Y01027,1d,6,"6 daily moves >20%: 2019-02-22 +167.1%, 2019-06-20 -40.3%, 2021-12-24 +22.2%"
WARN,PRICE_JUMP,universe_daily,NSE_EQ|INE998H01012,1d,9,"9 daily moves >20%: 2007-12-03 +20.0%, 2008-08-28 +20.2%, 2008-08-29 +20.1%"
WARN,PRICE_JUMP,universe_daily,NSE_EQ|INE999K01014,1d,1,1 daily moves >20%: 2014-05-23 +20.1%
WARN,PRICE_JUMP,universe_daily,NSE_EQ|INF082J01408,1d,1,1 daily moves >20%: 2015-01-01 -97.5%
WARN,PRICE_JUMP,universe_daily,NSE_EQ|INF082J01499,1d,1,1 daily moves >20%: 2015-01-01 +40.3%
WARN,PRICE_JUMP,universe_daily,NSE_EQ|INF109KC10W0,1d,8,"8 daily moves >20%: 2016-07-11 -76.7%, 2016-07-15 +324.7%, 2016-07-18 -76.1%"
WARN,PRICE_JUMP,universe_daily,NSE_EQ|INF109KC11V0,1d,1,1 daily moves >20%: 2020-03-23 -20.4%
WARN,PRICE_JUMP,universe_daily,NSE_EQ|INF109KC16V9,1d,1,1 daily moves >20%: 2016-01-13 -21.6%
WARN,PRICE_JUMP,universe_daily,NSE_EQ|INF109KC17C7,1d,1,1 daily moves >20%: 2022-08-12 -89.9%
WARN,PRICE_JUMP,universe_daily,NSE_EQ|INF109KC1KT9,1d,1,1 daily moves >20%: 2018-09-26 +8990.9%
WARN,PRICE_JUMP,universe_daily,NSE_EQ|INF109KC1Y56,1d,1,1 daily moves >20%: 2026-01-30 -20.1%
WARN,PRICE_JUMP,universe_daily,NSE_EQ|INF174K014P6,1d,2,"2 daily moves >20%: 2015-01-01 +34.0%, 2017-07-27 -90.0%"
WARN,PRICE_JUMP,universe_daily,NSE_EQ|INF174KA1HJ8,1d,1,1 daily moves >20%: 2015-01-01 -87.8%
WARN,PRICE_JUMP,universe_daily,NSE_EQ|INF174KA1JF2,1d,11,"11 daily moves >20%: 2016-01-11 -74.6%, 2016-01-18 +315.3%, 2016-01-25 -75.5%"
WARN,PRICE_JUMP,universe_daily,NSE_EQ|INF174KA1LV5,1d,2,"2 daily moves >20%: 2019-06-25 +58.6%, 2023-02-01 +3131.0%"
WARN,PRICE_JUMP,universe_daily,NSE_EQ|INF174KA1ZD3,1d,1,1 daily moves >20%: 2022-12-29 +20.4%
WARN,PRICE_JUMP,universe_daily,NSE_EQ|INF179KC1981,1d,1,1 daily moves >20%: 2015-01-01 -98.8%
WARN,PRICE_JUMP,universe_daily,NSE_EQ|INF179KC1DK8,1d,1,1 daily moves >20%: 2022-09-29 -92.9%
WARN,PRICE_JUMP,universe_daily,NSE_EQ|INF179KC1HX2,1d,2,"2 daily moves >20%: 2016-05-03 +21.7%, 2016-05-13 +21.1%"
WARN,PRICE_JUMP,universe_daily,NSE_EQ|INF200KA16D8,1d,1,1 daily moves >20%: 2015-01-01 -98.8%
WARN,PRICE_JUMP,universe_daily,NSE_EQ|INF200KA1JT1,1d,2,"2 daily moves >20%: 2016-08-04 -21.7%, 2016-09-08 +27.0%"
WARN,PRICE_JUMP,universe_daily,NSE_EQ|INF200KB1217,1d,1,1 daily moves >20%: 2026-01-30 -20.5%
WARN,PRICE_JUMP,universe_daily,NSE_EQ|INF204KA1LD7,1d,1,1 daily moves >20%: 2017-05-19 +21.2%
WARN,PRICE_JUMP,universe_daily,NSE_EQ|INF204KB16I7,1d,1,1 daily moves >20%: 2015-01-01 -89.6%
WARN,PRICE_JUMP,universe_daily,NSE_EQ|INF204KB17I5,1d,1,1 daily moves >20%: 2015-01-01 +22.1%
WARN,PRICE_JUMP,universe_daily,NSE_EQ|INF204KB19I1,1d,2,"2 daily moves >20%: 2013-12-16 +20.4%, 2015-05-08 +21.0%"
WARN,PRICE_JUMP,universe_daily,NSE_EQ|INF204KC1030,1d,1,1 daily moves >20%: 2021-04-08 +377.0%
WARN,PRICE_JUMP,universe_daily,NSE_EQ|INF205KA1BP1,1d,1,1 daily moves >20%: 2015-01-01 +22.4%
WARN,PRICE_JUMP,universe_daily,NSE_EQ|INF205KA1CC7,1d,1,1 daily moves >20%: 2018-11-05 +20.6%
WARN,PRICE_JUMP,universe_daily,NSE_EQ|INF209KB16D7,1d,2,"2 daily moves >20%: 2020-03-12 -20.7%, 2020-03-13 +25.5%"
WARN,PRICE_JUMP,universe_daily,NSE_EQ|INF209KB18T9,1d,1,1 daily moves >20%: 2023-03-16 +25874.3%
WARN,PRICE_JUMP,universe_daily,NSE_EQ|INF247L01BL0,1d,1,1 daily moves >20%: 2022-03-30 +601.6%
WARN,PRICE_JUMP,universe_daily,NSE_EQ|INF346A01034,1d,5,"5 daily moves >20%: 2015-08-25 +21.7%, 2015-09-01 -21.3%, 2015-09-14 +28.3%"
WARN,PRICE_JUMP,universe_daily,NSE_EQ|INF732E01045,1d,1,1 daily moves >20%: 2015-01-01 +54.8%
WARN,PRICE_JUMP,universe_daily,NSE_EQ|INF732E01128,1d,1,1 daily moves >20%: 2015-01-01 +29.8%
WARN,PRICE_JUMP,universe_daily,NSE_EQ|INF767K01OS7,1d,1,1 daily moves >20%: 2016-04-27 +25.5%
WARN,PRICE_JUMP,universe_daily,NSE_EQ|INF767K01OT5,1d,2,"2 daily moves >20%: 2017-02-14 -23.1%, 2017-02-15 +28.8%"
WARN,PRICE_JUMP,universe_daily,NSE_EQ|INF767K01PC8,1d,1,1 daily moves >20%: 2017-01-20 +48.1%
WARN,PRICE_JUMP,universe_daily,NSE_EQ|INF769K01JP9,1d,2,"2 daily moves >20%: 2015-12-31 +1109.8%, 2023-02-24 +350.6%"
WARN,PRICE_JUMP,universe_daily,NSE_EQ|INF789F1AUX7,1d,1,1 daily moves >20%: 2015-01-01 -98.8%
WARN,PRICE_JUMP,universe_daily,NSE_EQ|INF846K011K1,1d,1,1 daily moves >20%: 2026-01-30 -20.2%
WARN,PRICE_JUMP,universe_daily,NSE_EQ|INF846K01W80,1d,1,1 daily moves >20%: 2015-01-01 -98.8%
WARN,PRICE_JUMP,universe_daily,NSE_EQ|INF846K01W98,1d,1,1 daily moves >20%: 2020-07-23 +20.0%
WARN,PRICE_JUMP,indices_daily,NSE_INDEX|India VIX,1d,35,"35 daily moves >20%: 2011-08-05 +23.1%, 2011-08-09 +21.2%, 2011-08-29 -21.6%"
WARN,PRICE_JUMP,indices_daily,NSE_INDEX|NIFTY AlphaLowVol,1d,4,"4 daily moves >20%: 2015-11-09 -68.1%, 2015-11-10 +208.6%, 2015-11-16 -25.2%"
WARN,PRICE_JUMP,indices_daily,NSE_INDEX|NIFTY M150 QLTY50,1d,1,1 daily moves >20%: 2024-01-29 +22.6%
WARN,PRICE_JUMP,indices_daily,NSE_INDEX|NIFTY MIDSML 400,1d,2,"2 daily moves >20%: 2015-11-16 -56.4%, 2015-11-23 +132.9%"
WARN,PRICE_JUMP,indices_daily,NSE_INDEX|NIFTY SMLCAP 50,1d,1,1 daily moves >20%: 2015-11-23 +24.7%
WARN,PRICE_JUMP,indices_daily,NSE_INDEX|NIFTY100 EQL Wgt,1d,6,"6 daily moves >20%: 2015-11-09 +102.7%, 2015-11-10 -51.5%, 2018-03-27 -93.1%"
WARN,PRICE_JUMP,indices_daily,NSE_INDEX|NIFTY100 LowVol30,1d,6,"6 daily moves >20%: 2015-11-09 +56.9%, 2015-11-10 -37.1%, 2015-11-16 -50.3%"
WARN,PRICE_JUMP,indices_daily,NSE_INDEX|NIFTY100 Qualty30,1d,4,"4 daily moves >20%: 2015-11-09 +471.6%, 2015-11-10 -82.9%, 2015-11-16 +56.3%"
WARN,PRICE_JUMP,indices_daily,NSE_INDEX|NIFTY200 QUALTY30,1d,2,"2 daily moves >20%: 2015-11-23 -55.2%, 2015-11-24 +97.2%"
WARN,PRICE_JUMP,indices_daily,NSE_INDEX|NIFTY50 EQL Wgt,1d,1,1 daily moves >20%: 2018-02-05 +20.6%
WARN,PRICE_JUMP,indices_daily,NSE_INDEX|Nifty Commodities,1d,2,"2 daily moves >20%: 2015-11-10 +46.7%, 2018-04-16 -22.2%"
WARN,PRICE_JUMP,indices_daily,NSE_INDEX|Nifty GS 10Yr,1d,2,"2 daily moves >20%: 2015-11-16 -66.7%, 2015-12-01 +202.9%"
WARN,PRICE_JUMP,indices_daily,NSE_INDEX|Nifty GS 15YrPlus,1d,2,"2 daily moves >20%: 2015-11-16 +377.7%, 2018-01-01 -88.9%"
WARN,PRICE_JUMP,indices_daily,NSE_INDEX|Nifty GS 4 8Yr,1d,1,1 daily moves >20%: 2018-12-03 -49.5%
WARN,PRICE_JUMP,indices_daily,NSE_INDEX|Nifty GS Compsite,1d,2,"2 daily moves >20%: 2015-11-16 +4116.4%, 2024-01-29 -86.6%"
WARN,PRICE_JUMP,indices_daily,NSE_INDEX|Nifty GrowSect 15,1d,2,"2 daily moves >20%: 2015-11-09 -31.9%, 2018-12-03 +26.5%"
WARN,PRICE_JUMP,indices_daily,NSE_INDEX|Nifty IT,1d,1,1 daily moves >20%: 2004-05-28 -90.5%
WARN,PRICE_JUMP,indices_daily,NSE_INDEX|Nifty Metal,1d,1,1 daily moves >20%: 2006-11-21 +31.6%
WARN,PRICE_JUMP,indices_daily,NSE_INDEX|Nifty Mid Liq 15,1d,2,"2 daily moves >20%: 2015-11-09 +593.4%, 2018-12-03 -85.7%"
WARN,PRICE_JUMP,indices_daily,NSE_INDEX|Nifty PSU Bank,1d,1,1 daily moves >20%: 2017-10-25 +29.6%
WARN,PRICE_JUMP,indices_daily,NSE_INDEX|Nifty Realty,1d,2,"2 daily moves >20%: 2008-10-24 -23.7%, 2009-05-18 +23.7%"
WARN,PRICE_JUMP,indices_daily,NSE_INDEX|Nifty100 Liq 15,1d,2,"2 daily moves >20%: 2009-05-18 +20.3%, 2015-11-09 -24.5%"
WARN,PRICE_JUMP,indices_daily,NSE_INDEX|Nifty50 Div Point,1d,94,"94 daily moves >20%: 2012-04-23 +inf%, 2012-05-24 +4893.8%, 2012-05-31 +133.7%"
WARN,PRICE_JUMP,indices_daily,NSE_INDEX|Nifty50 PR 2x Lev,1d,2,"2 daily moves >20%: 2009-05-18 +35.5%, 2020-03-23 -26.0%"
WARN,PRICE_JUMP,indices_daily,NSE_INDEX|Nifty50 TR 2x Lev,1d,2,"2 daily moves >20%: 2009-05-18 +35.5%, 2020-03-23 -25.9%"
WARN,ROLLUP_MISMATCH,universe_daily,NSE_EQ|IN9175A01010,1w,1,1/775 periods differ from daily high/low: 2026-08-24/2026-08-30
WARN,ROLLUP_MISMATCH,universe_daily,NSE_EQ|INE001B01026,1w,1,1/1236 periods differ from daily high/low: 2026-08-24/2026-08-30
WARN,ROLLUP_MISMATCH,universe_daily,NSE_EQ|INE001E01012,1w,1,1/24 periods differ from daily high/low: 2026-08-24/2026-08-30
WARN,ROLLUP_MISMATCH,universe_daily,NSE_EQ|INE001E01012,1mo,1,1/6 periods differ from daily high/low: 2026-08
WARN,ROLLUP_MISMATCH,universe_daily,NSE_EQ|INE002A01018,1w,1,1/1396 periods differ from daily high/low: 2026-08-24/2026-08-30
WARN,ROLLUP_MISMATCH,universe_daily,NSE_EQ|INE002L01015,1w,1,1/855 periods differ from daily high/low: 2026-08-24/2026-08-30
WARN,ROLLUP_MISMATCH,universe_daily,NSE_EQ|INE002S01010,1w,1,1/536 periods differ from daily high/low: 2026-08-24/2026-08-30
WARN,ROLLUP_MISMATCH,universe_daily,NSE_EQ|INE003A01024,1w,1,1/1236 periods differ from daily high/low: 2026-08-24/2026-08-30
WARN,ROLLUP_MISMATCH,universe_daily,NSE_EQ|INE005B01027,1w,1,1/114 periods differ from daily high/low: 2026-08-24/2026-08-30
WARN,ROLLUP_MISMATCH,universe_daily,NSE_EQ|INE005C01017,1w,1,1/7 periods differ from daily high/low: 2026-08-24/2026-08-30
WARN,ROLLUP_MISMATCH,universe_daily,NSE_EQ|INE005I01014,1w,1,1/1020 periods differ from daily high/low: 2026-08-24/2026-08-30
WARN,ROLLUP_MISMATCH,universe_daily,NSE_EQ|INE006Z01016,1w,1,1/329 periods differ from daily high/low: 2026-08-24/2026-08-30
WARN,ROLLUP_MISMATCH,universe_daily,NSE_EQ|INE007B01023,1w,1,1/1110 periods differ from daily high/low: 2026-08-24/2026-08-30
WARN,ROLLUP_MISMATCH,universe_daily,NSE_EQ|INE008A01015,1w,1,1/1232 periods differ from daily high/low: 2026-08-24/2026-08-30
WARN,ROLLUP_MISMATCH,universe_daily,NSE_EQ|INE009C01019,1w,1,1/7 periods differ from daily high/low: 2026-08-24/2026-08-30
WARN,ROLLUP_MISMATCH,universe_daily,NSE_EQ|INE00CA01015,1w,1,1/404 periods differ from daily high/low: 2026-08-24/2026-08-30
WARN,ROLLUP_MISMATCH,universe_daily,NSE_EQ|INE00EM01016,1w,1,1/242 periods differ from daily high/low: 2026-08-24/2026-08-30
WARN,ROLLUP_MISMATCH,universe_daily,NSE_EQ|INE00EV01017,1w,1,1/234 periods differ from daily high/low: 2026-08-24/2026-08-30
WARN,ROLLUP_MISMATCH,universe_daily,NSE_EQ|INE00GO01025,1w,1,1/8 periods differ from daily high/low: 2026-08-24/2026-08-30
WARN,ROLLUP_MISMATCH,universe_daily,NSE_EQ|INE00HZ01011,1w,1,1/24 periods differ from daily high/low: 2026-08-24/2026-08-30
WARN,ROLLUP_MISMATCH,universe_daily,NSE_EQ|INE00IK01029,1w,1,1/396 periods differ from daily high/low: 2026-08-24/2026-08-30
WARN,ROLLUP_MISMATCH,universe_daily,NSE_EQ|INE00IN01015,1w,1,1/296 periods differ from daily high/low: 2026-08-24/2026-08-30
WARN,ROLLUP_MISMATCH,universe_daily,NSE_EQ|INE00IT01020,1w,1,1/7 periods differ from daily high/low: 2026-08-24/2026-08-30
WARN,ROLLUP_MISMATCH,universe_daily,NSE_EQ|INE00IY01012,1w,1,1/7 periods differ from daily high/low: 2026-08-24/2026-08-30
WARN,ROLLUP_MISMATCH,universe_daily,NSE_EQ|INE00IY01012,1mo,1,1/2 periods differ from daily high/low: 2026-08
WARN,ROLLUP_MISMATCH,universe_daily,NSE_EQ|INE00KV01022,1w,1,1/294 periods differ from daily high/low: 2026-08-24/2026-08-30
WARN,ROLLUP_MISMATCH,universe_daily,NSE_EQ|INE00KV01022,1mo,1,1/68 periods differ from daily high/low: 2026-08
WARN,ROLLUP_MISMATCH,universe_daily,NSE_EQ|INE00LM01029,1w,2,"2/454 periods differ from daily high/low: 2016-01-18/2016-01-24, 2016-02-01/2016-02-07"
WARN,ROLLUP_MISMATCH,universe_daily,NSE_EQ|INE00LM01029,1mo,1,1/114 periods differ from daily high/low: 2016-01
WARN,ROLLUP_MISMATCH,universe_daily,NSE_EQ|INE00PV01013,1w,2,"2/402 periods differ from daily high/low: 2018-10-15/2018-10-21, 2018-11-19/2018-11-25"
WARN,ROLLUP_MISMATCH,universe_daily,NSE_EQ|INE00PV01013,1mo,2,"2/95 periods differ from daily high/low: 2018-10, 2018-11"
WARN,ROLLUP_MISMATCH,universe_daily,NSE_EQ|INE00Q601028,1w,1,1/48 periods differ from daily high/low: 2026-08-24/2026-08-30
WARN,ROLLUP_MISMATCH,universe_daily,NSE_EQ|INE00QT01015,1w,1,1/271 periods differ from daily high/low: 2026-08-24/2026-08-30
WARN,ROLLUP_MISMATCH,universe_daily,NSE_EQ|INE00RL01028,1w,1,1/60 periods differ from daily high/low: 2026-08-24/2026-08-30
WARN,ROLLUP_MISMATCH,universe_daily,NSE_EQ|INE00S901012,1w,1,1/404 periods differ from daily high/low: 2026-08-24/2026-08-30
WARN,ROLLUP_MISMATCH,universe_daily,NSE_EQ|INE00VM01036,1w,1,1/223 periods differ from daily high/low: 2026-08-24/2026-08-30
WARN,ROLLUP_MISMATCH,universe_daily,NSE_EQ|INE00WC01027,1w,1,1/374 periods differ from daily high/low: 2026-08-24/2026-08-30
WARN,ROLLUP_MISMATCH,universe_daily,NSE_EQ|INE00WC01027,1mo,1,1/86 periods differ from daily high/low: 2026-08
WARN,ROLLUP_MISMATCH,universe_daily,NSE_EQ|INE00WV01027,1w,1,1/17 periods differ from daily high/low: 2026-08-24/2026-08-30
WARN,ROLLUP_MISMATCH,universe_daily,NSE_EQ|INE00XB01019,1w,1,1/30 periods differ from daily high/low: 2026-08-24/2026-08-30
WARN,ROLLUP_MISMATCH,universe_daily,NSE_EQ|INE00YJ01010,1w,1,1/53 periods differ from daily high/low: 2026-08-24/2026-08-30
WARN,ROLLUP_MISMATCH,universe_daily,NSE_EQ|INE010601016,1w,1,1/138 periods differ from daily high/low: 2026-08-24/2026-08-30
WARN,ROLLUP_MISMATCH,universe_daily,NSE_EQ|INE010C01025,1w,1,1/7 periods differ from daily high/low: 2026-08-24/2026-08-30
WARN,ROLLUP_MISMATCH,universe_daily,NSE_EQ|INE010C01025,1mo,1,1/2 periods differ from daily high/low: 2026-08
WARN,ROLLUP_MISMATCH,universe_daily,NSE_EQ|INE010V01017,1w,1,1/524 periods differ from daily high/low: 2026-08-24/2026-08-30
WARN,ROLLUP_MISMATCH,universe_daily,NSE_EQ|INE011E01029,1w,1,1/127 periods differ from daily high/low: 2026-08-24/2026-08-30
WARN,ROLLUP_MISMATCH,universe_daily,NSE_EQ|INE011K01018,1w,1,1/251 periods differ from daily high/low: 2026-08-24/2026-08-30
WARN,ROLLUP_MISMATCH,universe_daily,NSE_EQ|INE012Q01039,1w,1,1/57 periods differ from daily high/low: 2026-08-24/2026-08-30
WARN,ROLLUP_MISMATCH,universe_daily,NSE_EQ|INE013801027,1w,1,1/219 periods differ from daily high/low: 2026-08-24/2026-08-30
WARN,ROLLUP_MISMATCH,universe_daily,NSE_EQ|INE015C01016,1w,1,1/77 periods differ from daily high/low: 2026-08-24/2026-08-30
WARN,ROLLUP_MISMATCH,universe_daily,NSE_EQ|INE015D01022,1w,1,1/978 periods differ from daily high/low: 2026-08-24/2026-08-30
WARN,ROLLUP_MISMATCH,universe_daily,NSE_EQ|INE016A01026,1w,1,1/1232 periods differ from daily high/low: 2026-08-24/2026-08-30
WARN,ROLLUP_MISMATCH,universe_daily,NSE_EQ|INE016Q01014,1w,1,1/33 periods differ from daily high/low: 2026-08-24/2026-08-30
WARN,ROLLUP_MISMATCH,universe_daily,NSE_EQ|INE016Q01014,1mo,1,1/8 periods differ from daily high/low: 2026-08
WARN,ROLLUP_MISMATCH,universe_daily,NSE_EQ|INE018401013,1w,1,1/288 periods differ from daily high/low: 2026-08-24/2026-08-30
WARN,ROLLUP_MISMATCH,universe_daily,NSE_EQ|INE018401013,1mo,1,1/67 periods differ from daily high/low: 2026-08
WARN,ROLLUP_MISMATCH,universe_daily,NSE_EQ|INE019A01038,1w,1,1/1124 periods differ from daily high/low: 2026-08-24/2026-08-30
WARN,ROLLUP_MISMATCH,universe_daily,NSE_EQ|INE019C01026,1w,1,1/1023 periods differ from daily high/low: 2026-08-24/2026-08-30
WARN,ROLLUP_MISMATCH,universe_daily,NSE_EQ|INE01BK01022,1w,1,1/301 periods differ from daily high/low: 2026-08-24/2026-08-30
WARN,ROLLUP_MISMATCH,universe_daily,NSE_EQ|INE01EA01019,1w,1,1/94 periods differ from daily high/low: 2026-08-24/2026-08-30
WARN,ROLLUP_MISMATCH,universe_daily,NSE_EQ|INE01EA01019,1mo,1,1/22 periods differ from daily high/low: 2026-08
WARN,ROLLUP_MISMATCH,universe_daily,NSE_EQ|INE01EE01011,1w,2,"2/413 periods differ from daily high/low: 2016-04-25/2016-05-01, 2026-08-24/2026-08-30"
WARN,ROLLUP_MISMATCH,universe_daily,NSE_EQ|INE01EE01011,1mo,1,1/106 periods differ from daily high/low: 2016-04
WARN,ROLLUP_MISMATCH,universe_daily,NSE_EQ|INE01EG01016,1w,1,1/234 periods differ from daily high/low: 2026-08-24/2026-08-30
WARN,ROLLUP_MISMATCH,universe_daily,NSE_EQ|INE01FR01028,1w,1,1/109 periods differ from daily high/low: 2026-08-24/2026-08-30
WARN,ROLLUP_MISMATCH,universe_daily,NSE_EQ|INE01GN01025,1w,1,1/349 periods differ from daily high/low: 2026-08-24/2026-08-30
WARN,ROLLUP_MISMATCH,universe_daily,NSE_EQ|INE01IU01018,1w,1,1/196 periods differ from daily high/low: 2026-08-24/2026-08-30
WARN,ROLLUP_MISMATCH,universe_daily,NSE_EQ|INE01KI01027,1w,1,1/201 periods differ from daily high/low: 2026-08-24/2026-08-30
WARN,ROLLUP_MISMATCH,universe_daily,NSE_EQ|INE01NE01012,1w,1,1/104 periods differ from daily high/low: 2026-08-24/2026-08-30
WARN,ROLLUP_MISMATCH,universe_daily,NSE_EQ|INE01P501012,1w,1,1/398 periods differ from daily high/low: 2026-08-24/2026-08-30
WARN,ROLLUP_MISMATCH,universe_daily,NSE_EQ|INE01QM01018,1w,1,1/227 periods differ from daily high/low: 2026-08-24/2026-08-30
WARN,ROLLUP_MISMATCH,universe_daily,NSE_EQ|INE01R501028,1w,1,1/57 periods differ from daily high/low: 2026-08-24/2026-08-30
WARN,ROLLUP_MISMATCH,universe_daily,NSE_EQ|INE020801028,1w,1,1/400 periods differ from daily high/low: 2026-08-24/2026-08-30
WARN,ROLLUP_MISMATCH,universe_daily,NSE_EQ|INE020J01029,1w,1,1/952 periods differ from daily high/low: 2026-08-24/2026-08-30
WARN,ROLLUP_MISMATCH,universe_daily,NSE_EQ|INE020J01029,1mo,1,1/220 periods differ from daily high/low: 2026-08
WARN,ROLLUP_MISMATCH,universe_daily,NSE_EQ|INE021O01019,1w,1,1/275 periods differ from daily high/low: 2026-08-24/2026-08-30
WARN,ROLLUP_MISMATCH,universe_daily,NSE_EQ|INE021O01019,1mo,1,1/64 periods differ from daily high/low: 2026-08
WARN,ROLLUP_MISMATCH,universe_daily,NSE_EQ|INE022I01019,1w,1,1/998 periods differ from daily high/low: 2026-08-24/2026-08-30
WARN,ROLLUP_MISMATCH,universe_daily,NSE_EQ|INE023A01030,1w,1,1/1236 periods differ from daily high/low: 2026-08-24/2026-08-30
WARN,ROLLUP_MISMATCH,universe_daily,NSE_EQ|INE023H01027,1w,1,1/1107 periods differ from daily high/low: 2026-08-24/2026-08-30
WARN,ROLLUP_MISMATCH,universe_daily,NSE_EQ|INE025B01025,1w,1,1/1101 periods differ from daily high/low: 2026-08-24/2026-08-30
WARN,ROLLUP_MISMATCH,universe_daily,NSE_EQ|INE025R01021,1w,1,1/350 periods differ from daily high/low: 2026-08-24/2026-08-30
WARN,ROLLUP_MISMATCH,universe_daily,NSE_EQ|INE025R01021,1mo,1,1/81 periods differ from daily high/low: 2026-08
WARN,ROLLUP_MISMATCH,universe_daily,NSE_EQ|INE026D01011,1w,1,1/7 periods differ from daily high/low: 2026-08-24/2026-08-30
WARN,ROLLUP_MISMATCH,universe_daily,NSE_EQ|INE027A01015,1w,1,1/1236 periods differ from daily high/low: 2026-08-24/2026-08-30
WARN,ROLLUP_MISMATCH,universe_daily,NSE_EQ|INE028A01039,1w,1,1/1232 periods differ from daily high/low: 2026-08-24/2026-08-30
WARN,ROLLUP_MISMATCH,universe_daily,NSE_EQ|INE029A01011,1w,1,1/1232 periods differ from daily high/low: 2026-08-24/2026-08-30
WARN,ROLLUP_MISMATCH,universe_daily,NSE_EQ|INE029L01018,1w,1,1/821 periods differ from daily high/low: 2026-08-24/2026-08-30
WARN,ROLLUP_MISMATCH,universe_daily,NSE_EQ|INE02A801020,1w,1,1/329 periods differ from daily high/low: 2026-08-24/2026-08-30
WARN,ROLLUP_MISMATCH,universe_daily,NSE_EQ|INE02EZ01022,1w,1,1/224 periods differ from daily high/low: 2026-08-24/2026-08-30
WARN,ROLLUP_MISMATCH,universe_daily,NSE_EQ|INE02ID01020,1w,1,1/109 periods differ from daily high/low: 2026-08-24/2026-08-30
WARN,ROLLUP_MISMATCH,universe_daily,NSE_EQ|INE02L001032,1w,1,1/122 periods differ from daily high/low: 2026-08-24/2026-08-30
WARN,ROLLUP_MISMATCH,universe_daily,NSE_EQ|INE02NC01014,1w,1,1/256 periods differ from daily high/low: 2026-08-24/2026-08-30
WARN,ROLLUP_MISMATCH,universe_daily,NSE_EQ|INE02RE01045,1w,1,1/112 periods differ from daily high/low: 2026-08-24/2026-08-30
WARN,ROLLUP_MISMATCH,universe_daily,NSE_EQ|INE02YR01019,1w,1,1/221 periods differ from daily high/low: 2026-08-24/2026-08-30
WARN,ROLLUP_MISMATCH,universe_daily,NSE_EQ|INE02ZQ01018,1w,1,1/42 periods differ from daily high/low: 2026-08-24/2026-08-30
WARN,ROLLUP_MISMATCH,universe_daily,NSE_EQ|INE030C01015,1w,1,1/7 periods differ from daily high/low: 2026-08-24/2026-08-30
WARN,ROLLUP_MISMATCH,universe_daily,NSE_EQ|INE030C01015,1mo,1,1/2 periods differ from daily high/low: 2026-08
WARN,ROLLUP_MISMATCH,universe_daily,NSE_EQ|INE031B01049,1w,1,1/1232 periods differ from daily high/low: 2026-08-24/2026-08-30
WARN,ROLLUP_MISMATCH,universe_daily,NSE_EQ|INE031G01022,1w,1,1/7 periods differ from daily high/low: 2026-08-24/2026-08-30
WARN,ROLLUP_MISMATCH,universe_daily,NSE_EQ|INE032B01021,1w,1,1/1236 periods differ from daily high/low: 2026-08-24/2026-08-30
WARN,ROLLUP_MISMATCH,universe_daily,NSE_EQ|INE032B01021,1mo,1,1/285 periods differ from daily high/low: 2026-08
WARN,ROLLUP_MISMATCH,universe_daily,NSE_EQ|INE032E01017,1w,1,1/7 periods differ from daily high/low: 2026-08-24/2026-08-30
WARN,ROLLUP_MISMATCH,universe_daily,NSE_EQ|INE034D01049,1w,1,1/1027 periods differ from daily high/low: 2026-08-24/2026-08-30
WARN,ROLLUP_MISMATCH,universe_daily,NSE_EQ|INE034S01021,1w,1,1/580 periods differ from daily high/low: 2026-08-24/2026-08-30
WARN,ROLLUP_MISMATCH,universe_daily,NSE_EQ|INE034S01021,1mo,1,1/134 periods differ from daily high/low: 2026-08
WARN,ROLLUP_MISMATCH,universe_daily,NSE_EQ|INE035S01028,1w,1,1/7 periods differ from daily high/low: 2026-08-24/2026-08-30
WARN,ROLLUP_MISMATCH,universe_daily,NSE_EQ|INE035S01028,1mo,1,1/2 periods differ from daily high/low: 2026-08
WARN,ROLLUP_MISMATCH,universe_daily,NSE_EQ|INE036B01030,1w,1,1/1236 periods differ from daily high/low: 2026-08-24/2026-08-30
WARN,ROLLUP_MISMATCH,universe_daily,NSE_EQ|INE036D01028,1w,1,1/1236 periods differ from daily high/low: 2026-08-24/2026-08-30
WARN,ROLLUP_MISMATCH,universe_daily,NSE_EQ|INE037Z01029,1w,1,1/93 periods differ from daily high/low: 2026-08-24/2026-08-30
WARN,ROLLUP_MISMATCH,universe_daily,NSE_EQ|INE037Z01029,1mo,1,1/22 periods differ from daily high/low: 2026-08
WARN,ROLLUP_MISMATCH,universe_daily,NSE_EQ|INE038F01029,1w,1,1/1182 periods differ from daily high/low: 2026-08-24/2026-08-30
WARN,ROLLUP_MISMATCH,universe_daily,NSE_EQ|INE039A01010,1w,1,1/1232 periods differ from daily high/low: 2026-08-24/2026-08-30
WARN,ROLLUP_MISMATCH,universe_daily,NSE_EQ|INE039O01029,1w,1,1/580 periods differ from daily high/low: 2026-08-24/2026-08-30
WARN,ROLLUP_MISMATCH,universe_daily,NSE_EQ|INE03CC01015,1w,1,1/86 periods differ from daily high/low: 2026-08-24/2026-08-30
WARN,ROLLUP_MISMATCH,universe_daily,NSE_EQ|INE03EI01018,1w,1,1/153 periods differ from daily high/low: 2026-08-24/2026-08-30
WARN,ROLLUP_MISMATCH,universe_daily,NSE_EQ|INE03JI01017,1w,1,1/379 periods differ from daily high/low: 2026-08-24/2026-08-30
WARN,ROLLUP_MISMATCH,universe_daily,NSE_EQ|INE03JT01014,1w,1,1/124 periods differ from daily high/low: 2026-08-24/2026-08-30
WARN,ROLLUP_MISMATCH,universe_daily,NSE_EQ|INE03RS01027,1w,1,1/1053 periods differ from daily high/low: 2026-08-24/2026-08-30
WARN,ROLLUP_MISMATCH,universe_daily,NSE_EQ|INE040A01034,1w,1,1/1236 periods differ from daily high/low: 2026-08-24/2026-08-30
WARN,ROLLUP_MISMATCH,universe_daily,NSE_EQ|INE040D01038,1w,1,1/732 periods differ from daily high/low: 2026-08-24/2026-08-30
WARN,ROLLUP_MISMATCH,universe_daily,NSE_EQ|INE040H01021,1w,1,1/1094 periods differ from daily high/low: 2015-12-28/2016-01-03
WARN,ROLLUP_MISMATCH,universe_daily,NSE_EQ|INE040H01021,1mo,1,1/252 periods differ from daily high/low: 2015-12
WARN,ROLLUP_MISMATCH,universe_daily,NSE_EQ|INE040M01013,1w,1,1/784 periods differ from daily high/low: 2026-08-24/2026-08-30
WARN,ROLLUP_MISMATCH,universe_daily,NSE_EQ|INE040M01013,1mo,1,1/181 periods differ from daily high/low: 2026-08
WARN,ROLLUP_MISMATCH,universe_daily,NSE_EQ|INE041A01016,1w,1,1/1232 periods differ from daily high/low: 2026-08-24/2026-08-30
WARN,ROLLUP_MISMATCH,universe_daily,NSE_EQ|INE041A01016,1mo,1,1/285 periods differ from daily high/low: 2026-08
WARN,ROLLUP_MISMATCH,universe_daily,NSE_EQ|INE042A01014,1w,1,1/1232 periods differ from daily high/low: 2026-08-24/2026-08-30
WARN,ROLLUP_MISMATCH,universe_daily,NSE_EQ|INE043A01012,1w,1,1/1232 periods differ from daily high/low: 2026-08-24/2026-08-30
WARN,ROLLUP_MISMATCH,universe_daily,NSE_EQ|INE043W01024,1w,1,1/264 periods differ from daily high/low: 2026-08-24/2026-08-30
WARN,ROLLUP_MISMATCH,universe_daily,NSE_EQ|INE044A01036,1w,1,1/1236 periods differ from daily high/low: 2026-08-24/2026-08-30
WARN,ROLLUP_MISMATCH,universe_daily,NSE_EQ|INE045B01015,1w,1,1/1236 periods differ from daily high/low: 2026-08-24/2026-08-30
WARN,ROLLUP_MISMATCH,universe_daily,NSE_EQ|INE045J01034,1w,1,1/612 periods differ from daily high/low: 2026-08-24/2026-08-30
WARN,ROLLUP_MISMATCH,universe_daily,NSE_EQ|INE046A01015,1w,1,1/1236 periods differ from daily high/low: 2026-08-24/2026-08-30
WARN,ROLLUP_MISMATCH,universe_daily,NSE_EQ|INE047A01021,1w,1,1/1232 periods differ from daily high/low: 2026-08-24/2026-08-30
WARN,ROLLUP_MISMATCH,universe_daily,NSE_EQ|INE047B01011,1w,1,1/877 periods differ from daily high/low: 2026-08-24/2026-08-30
WARN,ROLLUP_MISMATCH,universe_daily,NSE_EQ|INE047O01014,1w,1,1/699 periods differ from daily high/low: 2026-08-24/2026-08-30
WARN,ROLLUP_MISMATCH,universe_daily,NSE_EQ|INE048B01035,1w,1,1/1236 periods differ from daily high/low: 2026-08-24/2026-08-30
WARN,ROLLUP_MISMATCH,universe_daily,NSE_EQ|INE049A01027,1w,1,1/1232 periods differ from daily high/low: 2026-08-24/2026-08-30
WARN,ROLLUP_MISMATCH,universe_daily,NSE_EQ|INE049B01025,1w,1,1/1236 periods differ from daily high/low: 2026-08-24/2026-08-30
WARN,ROLLUP_MISMATCH,universe_daily,NSE_EQ|INE04TZ01018,1w,1,1/227 periods differ from daily high/low: 2026-08-24/2026-08-30
WARN,ROLLUP_MISMATCH,universe_daily,NSE_EQ|INE050B01023,1w,1,1/1232 periods differ from daily high/low: 2026-08-24/2026-08-30
WARN,ROLLUP_MISMATCH,universe_daily,NSE_EQ|INE050B01023,1mo,1,1/285 periods differ from daily high/low: 2026-08
WARN,ROLLUP_MISMATCH,universe_daily,NSE_EQ|INE050E01027,1w,1,1/1018 periods differ from daily high/low: 2026-08-24/2026-08-30
WARN,ROLLUP_MISMATCH,universe_daily,NSE_EQ|INE050H01012,1w,1,1/1101 periods differ from daily high/low: 2026-08-24/2026-08-30
WARN,ROLLUP_MISMATCH,universe_daily,NSE_EQ|INE052A01021,1w,1,1/1232 periods differ from daily high/low: 2026-08-24/2026-08-30
WARN,ROLLUP_MISMATCH,universe_daily,NSE_EQ|INE052I01032,1w,1,1/611 periods differ from daily high/low: 2026-08-24/2026-08-30
WARN,ROLLUP_MISMATCH,universe_daily,NSE_EQ|INE052T01021,1w,1,1/257 periods differ from daily high/low: 2026-08-24/2026-08-30
WARN,ROLLUP_MISMATCH,universe_daily,NSE_EQ|INE053F01010,1w,1,1/297 periods differ from daily high/low: 2026-08-24/2026-08-30
WARN,ROLLUP_MISMATCH,universe_daily,NSE_EQ|INE054C01015,1w,1,1/7 periods differ from daily high/low: 2026-08-24/2026-08-30
WARN,ROLLUP_MISMATCH,universe_daily,NSE_EQ|INE055A01016,1w,1,1/1232 periods differ from daily high/low: 2026-08-24/2026-08-30
WARN,ROLLUP_MISMATCH,universe_daily,NSE_EQ|INE055A01016,1mo,1,1/285 periods differ from daily high/low: 2026-08
WARN,ROLLUP_MISMATCH,universe_daily,NSE_EQ|INE055C01020,1w,1,1/287 periods differ from daily high/low: 2026-08-24/2026-08-30
WARN,ROLLUP_MISMATCH,universe_daily,NSE_EQ|INE055S01018,1w,1,1/169 periods differ from daily high/low: 2026-08-24/2026-08-30
WARN,ROLLUP_MISMATCH,universe_daily,NSE_EQ|INE056801025,1w,1,1/54 periods differ from daily high/low: 2026-08-24/2026-08-30
WARN,ROLLUP_MISMATCH,universe_daily,NSE_EQ|INE056801025,1mo,1,1/13 periods differ from daily high/low: 2026-08
WARN,ROLLUP_MISMATCH,universe_daily,NSE_EQ|INE056I01025,1w,1,1/874 periods differ from daily high/low: 2026-08-24/2026-08-30
WARN,ROLLUP_MISMATCH,universe_daily,NSE_EQ|INE058A01010,1w,1,1/1236 periods differ from daily high/low: 2026-08-24/2026-08-30
WARN,ROLLUP_MISMATCH,universe_daily,NSE_EQ|INE058F01019,1w,1,1/7 periods differ from daily high/low: 2026-08-24/2026-08-30
WARN,ROLLUP_MISMATCH,universe_daily,NSE_EQ|INE059A01026,1w,1,1/1232 periods differ from daily high/low: 2026-08-24/2026-08-30
WARN,ROLLUP_MISMATCH,universe_daily,NSE_EQ|INE05AN01011,1w,1,1/354 periods differ from daily high/low: 2026-08-24/2026-08-30
WARN,ROLLUP_MISMATCH,universe_daily,NSE_EQ|INE05CZ01011,1w,1,1/160 periods differ from daily high/low: 2026-08-24/2026-08-30
WARN,ROLLUP_MISMATCH,universe_daily,NSE_EQ|INE05HV01027,1w,1,1/27 periods differ from daily high/low: 2026-08-24/2026-08-30
WARN,ROLLUP_MISMATCH,universe_daily,NSE_EQ|INE05J901018,1w,1,1/66 periods differ from daily high/low: 2026-08-24/2026-08-30
WARN,ROLLUP_MISMATCH,universe_daily,NSE_EQ|INE05XR01022,1w,1,1/37 periods differ from daily high/low: 2026-08-24/2026-08-30
WARN,ROLLUP_MISMATCH,universe_daily,NSE_EQ|INE060X01034,1w,1,1/242 periods differ from daily high/low: 2026-08-24/2026-08-30
WARN,ROLLUP_MISMATCH,universe_daily,NSE_EQ|INE062D01024,1w,1,1/1044 periods differ from daily high/low: 2026-08-24/2026-08-30
WARN,ROLLUP_MISMATCH,universe_daily,NSE_EQ|INE063P01018,1w,1,1/309 periods differ from daily high/low: 2026-08-24/2026-08-30
WARN,ROLLUP_MISMATCH,universe_daily,NSE_EQ|INE064A01026,1w,1,1/24 periods differ from daily high/low: 2026-08-24/2026-08-30
WARN,ROLLUP_MISMATCH,universe_daily,NSE_EQ|INE064C01022,1w,1,1/1236 periods differ from daily high/low: 2026-08-24/2026-08-30
WARN,ROLLUP_MISMATCH,universe_daily,NSE_EQ|INE066A01021,1w,1,1/1232 periods differ from daily high/low: 2026-08-24/2026-08-30
WARN,ROLLUP_MISMATCH,universe_daily,NSE_EQ|INE066F01020,1w,1,1/445 periods differ from daily high/low: 2026-08-24/2026-08-30
WARN,ROLLUP_MISMATCH,universe_daily,NSE_EQ|INE066O01014,1w,1,1/648 periods differ from daily high/low: 2026-08-24/2026-08-30
WARN,ROLLUP_MISMATCH,universe_daily,NSE_EQ|INE066P01011,1w,1,1/600 periods differ from daily high/low: 2026-08-24/2026-08-30
WARN,ROLLUP_MISMATCH,universe_daily,NSE_EQ|INE068B01017,1w,1,1/7 periods differ from daily high/low: 2026-08-24/2026-08-30
WARN,ROLLUP_MISMATCH,universe_daily,NSE_EQ|INE068L01024,1w,1,1/834 periods differ from daily high/low: 2026-08-24/2026-08-30
WARN,ROLLUP_MISMATCH,universe_daily,NSE_EQ|INE069I01010,1w,1,1/1020 periods differ from daily high/low: 2026-08-24/2026-08-30
WARN,ROLLUP_MISMATCH,universe_daily,NSE_EQ|INE06ST01018,1w,1,1/62 periods differ from daily high/low: 2026-08-24/2026-08-30
WARN,ROLLUP_MISMATCH,universe_daily,NSE_EQ|INE06WU01026,1w,1,1/61 periods differ from daily high/low: 2026-08-24/2026-08-30
WARN,ROLLUP_MISMATCH,universe_daily,NSE_EQ|INE06XZ01023,1w,1,1/58 periods differ from daily high/low: 2026-08-24/2026-08-30
WARN,ROLLUP_MISMATCH,universe_daily,NSE_EQ|INE06ZD01017,1w,1,1/62 periods differ from daily high/low: 2026-08-24/2026-08-30
WARN,ROLLUP_MISMATCH,universe_daily,NSE_EQ|INE06ZD01017,1mo,1,1/14 periods differ from daily high/low: 2026-08
WARN,ROLLUP_MISMATCH,universe_daily,NSE_EQ|INE070D01027,1w,1,1/1236 periods differ from daily high/low: 2026-08-24/2026-08-30
WARN,ROLLUP_MISMATCH,universe_daily,NSE_EQ|INE070I01018,1w,1,1/1010 periods differ from daily high/low: 2026-08-24/2026-08-30
WARN,ROLLUP_MISMATCH,universe_daily,NSE_EQ|INE071E01023,1w,1,1/836 periods differ from daily high/low: 2026-08-24/2026-08-30
WARN,ROLLUP_MISMATCH,universe_daily,NSE_EQ|INE071E01023,1mo,1,1/193 periods differ from daily high/low: 2026-08
WARN,ROLLUP_MISMATCH,universe_daily,NSE_EQ|INE071F01012,1w,1,1/495 periods differ from daily high/low: 2026-08-24/2026-08-30
WARN,ROLLUP_MISMATCH,universe_daily,NSE_EQ|INE071N01016,1w,1,1/268 periods differ from daily high/low: 2026-08-24/2026-08-30
WARN,ROLLUP_MISMATCH,universe_daily,NSE_EQ|INE074A01025,1w,1,1/1236 periods differ from daily high/low: 2026-08-24/2026-08-30
WARN,ROLLUP_MISMATCH,universe_daily,NSE_EQ|INE074A01025,1mo,1,1/285 periods differ from daily high/low: 2026-08
WARN,ROLLUP_MISMATCH,universe_daily,NSE_EQ|INE075A01022,1w,1,1/1236 periods differ from daily high/low: 2026-08-24/2026-08-30
WARN,ROLLUP_MISMATCH,universe_daily,NSE_EQ|INE075D01018,1w,1,1/1232 periods differ from daily high/low: 2026-08-24/2026-08-30
WARN,ROLLUP_MISMATCH,universe_daily,NSE_EQ|INE076B01028,1w,1,1/1236 periods differ from daily high/low: 2026-08-24/2026-08-30
WARN,ROLLUP_MISMATCH,universe_daily,NSE_EQ|INE076C01018,1w,1,1/1232 periods differ from daily high/low: 2026-08-24/2026-08-30
WARN,ROLLUP_MISMATCH,universe_daily,NSE_EQ|INE079J01017,1w,1,1/237 periods differ from daily high/low: 2026-08-24/2026-08-30
WARN,ROLLUP_MISMATCH,universe_daily,NSE_EQ|INE07K301024,1w,1,1/159 periods differ from daily high/low: 2026-08-24/2026-08-30
WARN,ROLLUP_MISMATCH,universe_daily,NSE_EQ|INE07O001026,1w,1,1/290 periods differ from daily high/low: 2026-08-24/2026-08-30
WARN,ROLLUP_MISMATCH,universe_daily,NSE_EQ|INE07OG01012,1w,1,1/323 periods differ from daily high/low: 2026-08-24/2026-08-30
WARN,ROLLUP_MISMATCH,universe_daily,NSE_EQ|INE07S101038,1w,1,1/267 periods differ from daily high/low: 2026-08-24/2026-08-30
WARN,ROLLUP_MISMATCH,universe_daily,NSE_EQ|INE07T201019,1w,1,1/303 periods differ from daily high/low: 2026-08-24/2026-08-30
WARN,ROLLUP_MISMATCH,universe_daily,NSE_EQ|INE07T201019,1mo,1,1/70 periods differ from daily high/low: 2026-08
WARN,ROLLUP_MISMATCH,universe_daily,NSE_EQ|INE07Y701011,1w,1,1/340 periods differ from daily high/low: 2026-08-24/2026-08-30
WARN,ROLLUP_MISMATCH,universe_daily,NSE_EQ|INE080A01014,1w,1,1/1236 periods differ from daily high/low: 2026-08-24/2026-08-30
WARN,ROLLUP_MISMATCH,universe_daily,NSE_EQ|INE080I01025,1w,1,1/103 periods differ from daily high/low: 2026-08-24/2026-08-30
WARN,ROLLUP_MISMATCH,universe_daily,NSE_EQ|INE081A01020,1w,1,1/1236 periods differ from daily high/low: 2026-08-24/2026-08-30
WARN,ROLLUP_MISMATCH,universe_daily,NSE_EQ|INE081G01019,1w,1,1/24 periods differ from daily high/low: 2026-08-24/2026-08-30
WARN,ROLLUP_MISMATCH,universe_daily,NSE_EQ|INE082W01014,1w,32,"32/1192 periods differ from daily high/low: 2017-08-14/2017-08-20, 2017-09-11/2017-09-17, 2017-09-18/2017-09-24"
WARN,ROLLUP_MISMATCH,universe_daily,NSE_EQ|INE082W01014,1mo,7,"7/281 periods differ from daily high/low: 2017-09, 2017-10, 2017-12"
WARN,ROLLUP_MISMATCH,universe_daily,NSE_EQ|INE083B01024,1w,1,1/1018 periods differ from daily high/low: 2026-08-24/2026-08-30
WARN,ROLLUP_MISMATCH,universe_daily,NSE_EQ|INE083C01022,1w,1,1/1032 periods differ from daily high/low: 2026-08-24/2026-08-30
WARN,ROLLUP_MISMATCH,universe_daily,NSE_EQ|INE083D01012,1w,1,1/1065 periods differ from daily high/low: 2026-08-24/2026-08-30
WARN,ROLLUP_MISMATCH,universe_daily,NSE_EQ|INE084A01016,1w,1,1/1232 periods differ from daily high/low: 2026-08-24/2026-08-30
WARN,ROLLUP_MISMATCH,universe_daily,NSE_EQ|INE084D01010,1w,1,1/7 periods differ from daily high/low: 2026-08-24/2026-08-30
WARN,ROLLUP_MISMATCH,universe_daily,NSE_EQ|INE084Q01012,1w,1,1/178 periods differ from daily high/low: 2026-08-24/2026-08-30
WARN,ROLLUP_MISMATCH,universe_daily,NSE_EQ|INE085D01033,1w,1,1/24 periods differ from daily high/low: 2026-08-24/2026-08-30
WARN,ROLLUP_MISMATCH,universe_daily,NSE_EQ|INE085J01014,1w,1,1/868 periods differ from daily high/low: 2026-08-24/2026-08-30
WARN,ROLLUP_MISMATCH,universe_daily,NSE_EQ|INE085J01014,1mo,1,1/200 periods differ from daily high/low: 2026-08
WARN,ROLLUP_MISMATCH,universe_daily,NSE_EQ|INE086A01029,1w,1,1/1232 periods differ from daily high/low: 2026-08-24/2026-08-30
WARN,ROLLUP_MISMATCH,universe_daily,NSE_EQ|INE087H01022,1w,1,1/1092 periods differ from daily high/low: 2026-08-24/2026-08-30
WARN,ROLLUP_MISMATCH,universe_daily,NSE_EQ|INE087H01022,1mo,1,1/252 periods differ from daily high/low: 2026-08
WARN,ROLLUP_MISMATCH,universe_daily,NSE_EQ|INE088F01024,1w,1,1/228 periods differ from daily high/low: 2026-08-24/2026-08-30
WARN,ROLLUP_MISMATCH,universe_daily,NSE_EQ|INE08KP01019,1w,1,1/377 periods differ from daily high/low: 2026-08-24/2026-08-30
WARN,ROLLUP_MISMATCH,universe_daily,NSE_EQ|INE08LI01020,1w,1,1/268 periods differ from daily high/low: 2026-08-24/2026-08-30
WARN,ROLLUP_MISMATCH,universe_daily,NSE_EQ|INE08N601015,1w,1,1/61 periods differ from daily high/low: 2026-08-24/2026-08-30
WARN,ROLLUP_MISMATCH,universe_daily,NSE_EQ|INE08NE01025,1w,1,1/115 periods differ from daily high/low: 2026-08-24/2026-08-30
WARN,ROLLUP_MISMATCH,universe_daily,NSE_EQ|INE08PH01015,1w,1,1/236 periods differ from daily high/low: 2026-08-24/2026-08-30
WARN,ROLLUP_MISMATCH,universe_daily,NSE_EQ|INE08U801020,1w,1,1/159 periods differ from daily high/low: 2026-08-24/2026-08-30
WARN,ROLLUP_MISMATCH,universe_daily,NSE_EQ|INE091G01026,1w,1,1/1182 periods differ from daily high/low: 2026-08-24/2026-08-30
WARN,ROLLUP_MISMATCH,universe_daily,NSE_EQ|INE092B01025,1w,1,1/1232 periods differ from daily high/low: 2026-08-24/2026-08-30
WARN,ROLLUP_MISMATCH,universe_daily,NSE_EQ|INE092T01019,1w,1,1/570 periods differ from daily high/low: 2026-08-24/2026-08-30
WARN,ROLLUP_MISMATCH,universe_daily,NSE_EQ|INE092T01019,1mo,1,1/131 periods differ from daily high/low: 2026-08
WARN,ROLLUP_MISMATCH,universe_daily,NSE_EQ|INE093A01041,1w,1,1/85 periods differ from daily high/low: 2026-08-24/2026-08-30
WARN,ROLLUP_MISMATCH,universe_daily,NSE_EQ|INE093R01011,1w,1,1/533 periods differ from daily high/low: 2026-08-24/2026-08-30
WARN,ROLLUP_MISMATCH,universe_daily,NSE_EQ|INE094I01018,1w,1,1/982 periods differ from daily high/low: 2026-08-24/2026-08-30
WARN,ROLLUP_MISMATCH,universe_daily,NSE_EQ|INE096B01018,1w,1,1/1218 periods differ from daily high/low: 2026-08-24/2026-08-30
WARN,ROLLUP_MISMATCH,universe_daily,NSE_EQ|INE096B01018,1mo,1,1/281 periods differ from daily high/low: 2026-08
WARN,ROLLUP_MISMATCH,universe_daily,NSE_EQ|INE098F01031,1w,1,1/883 periods differ from daily high/low: 2026-08-24/2026-08-30
WARN,ROLLUP_MISMATCH,universe_daily,NSE_EQ|INE099F01013,1w,1,1/661 periods differ from daily high/low: 2026-08-24/2026-08-30
WARN,ROLLUP_MISMATCH,universe_daily,NSE_EQ|INE09E501017,1w,1,1/303 periods differ from daily high/low: 2026-08-24/2026-08-30
WARN,ROLLUP_MISMATCH,universe_daily,NSE_EQ|INE09KD01013,1w,1,1/178 periods differ from daily high/low: 2026-08-24/2026-08-30
WARN,ROLLUP_MISMATCH,universe_daily,NSE_EQ|INE09N301011,1w,1,1/364 periods differ from daily high/low: 2026-08-24/2026-08-30
WARN,ROLLUP_MISMATCH,universe_daily,NSE_EQ|INE09XN01023,1w,1,1/113 periods differ from daily high/low: 2026-08-24/2026-08-30
WARN,ROLLUP_MISMATCH,universe_daily,NSE_EQ|INE0A0S01028,1w,1,1/300 periods differ from daily high/low: 2026-08-24/2026-08-30
WARN,ROLLUP_MISMATCH,universe_daily,NSE_EQ|INE0ADB01012,1w,1,1/28 periods differ from daily high/low: 2026-08-24/2026-08-30
WARN,ROLLUP_MISMATCH,universe_daily,NSE_EQ|INE0AE001013,1w,1,1/161 periods differ from daily high/low: 2026-08-24/2026-08-30
WARN,ROLLUP_MISMATCH,universe_daily,NSE_EQ|INE0AG901020,1w,1,1/113 periods differ from daily high/low: 2026-08-24/2026-08-30
WARN,ROLLUP_MISMATCH,universe_daily,NSE_EQ|INE0ALR01029,1w,1,1/300 periods differ from daily high/low: 2026-08-24/2026-08-30
WARN,ROLLUP_MISMATCH,universe_daily,NSE_EQ|INE0AQ201015,1w,1,1/70 periods differ from daily high/low: 2026-08-24/2026-08-30
WARN,ROLLUP_MISMATCH,universe_daily,NSE_EQ|INE0ATZ01017,1w,1,1/121 periods differ from daily high/low: 2026-08-24/2026-08-30
WARN,ROLLUP_MISMATCH,universe_daily,NSE_EQ|INE0B1K01014,1w,1,1/200 periods differ from daily high/low: 2026-08-24/2026-08-30
WARN,ROLLUP_MISMATCH,universe_daily,NSE_EQ|INE0B9A01018,1w,1,1/33 periods differ from daily high/low: 2026-08-24/2026-08-30
WARN,ROLLUP_MISMATCH,universe_daily,NSE_EQ|INE0B9A01018,1mo,1,1/8 periods differ from daily high/low: 2026-08
WARN,ROLLUP_MISMATCH,universe_daily,NSE_EQ|INE0BJS01011,1w,1,1/253 periods differ from daily high/low: 2026-08-24/2026-08-30
WARN,ROLLUP_MISMATCH,universe_daily,NSE_EQ|INE0BJS01011,1mo,1,1/59 periods differ from daily high/low: 2026-08
WARN,ROLLUP_MISMATCH,universe_daily,NSE_EQ|INE0BS701011,1w,1,1/109 periods differ from daily high/low: 2026-08-24/2026-08-30
WARN,ROLLUP_MISMATCH,universe_daily,NSE_EQ|INE0BTI01037,1w,1,1/278 periods differ from daily high/low: 2026-08-24/2026-08-30
WARN,ROLLUP_MISMATCH,universe_daily,NSE_EQ|INE0BX301013,1w,1,1/70 periods differ from daily high/low: 2026-08-24/2026-08-30
WARN,ROLLUP_MISMATCH,universe_daily,NSE_EQ|INE0BY001018,1w,1,1/290 periods differ from daily high/low: 2026-08-24/2026-08-30
WARN,ROLLUP_MISMATCH,universe_daily,NSE_EQ|INE0BYP01024,1w,1,1/68 periods differ from daily high/low: 2026-08-24/2026-08-30
WARN,ROLLUP_MISMATCH,universe_daily,NSE_EQ|INE0CAZ01013,1w,1,1/55 periods differ from daily high/low: 2026-08-24/2026-08-30
WARN,ROLLUP_MISMATCH,universe_daily,NSE_EQ|INE0CG401037,1w,1,1/135 periods differ from daily high/low: 2026-08-24/2026-08-30
WARN,ROLLUP_MISMATCH,universe_daily,NSE_EQ|INE0CG601016,1w,1,1/319 periods differ from daily high/low: 2026-08-24/2026-08-30
WARN,ROLLUP_MISMATCH,universe_daily,NSE_EQ|INE0CHO01012,1w,1,1/931 periods differ from daily high/low: 2026-08-24/2026-08-30
WARN,ROLLUP_MISMATCH,universe_daily,NSE_EQ|INE0CLI01024,1w,1,1/251 periods differ from daily high/low: 2026-08-24/2026-08-30
WARN,ROLLUP_MISMATCH,universe_daily,NSE_EQ|INE0CPR01018,1w,1,1/7 periods differ from daily high/low: 2026-08-24/2026-08-30
WARN,ROLLUP_MISMATCH,universe_daily,NSE_EQ|INE0CT101020,1w,1,1/268 periods differ from daily high/low: 2026-08-24/2026-08-30
WARN,ROLLUP_MISMATCH,universe_daily,NSE_EQ|INE0D0K01022,1w,1,1/255 periods differ from daily high/low: 2026-08-24/2026-08-30
WARN,ROLLUP_MISMATCH,universe_daily,NSE_EQ|INE0D6I01023,1w,1,1/324 periods differ from daily high/low: 2026-08-24/2026-08-30
WARN,ROLLUP_MISMATCH,universe_daily,NSE_EQ|INE0DUT01020,1w,1,1/145 periods differ from daily high/low: 2026-08-24/2026-08-30
WARN,ROLLUP_MISMATCH,universe_daily,NSE_EQ|INE0E7301029,1w,1,1/42 periods differ from daily high/low: 2026-08-24/2026-08-30
WARN,ROLLUP_MISMATCH,universe_daily,NSE_EQ|INE0EEJ01023,1w,1,1/308 periods differ from daily high/low: 2026-08-24/2026-08-30
WARN,ROLLUP_MISMATCH,universe_daily,NSE_EQ|INE0EK901012,1w,1,1/311 periods differ from daily high/low: 2026-08-24/2026-08-30
WARN,ROLLUP_MISMATCH,universe_daily,NSE_EQ|INE0FFK01017,1w,1,1/267 periods differ from daily high/low: 2026-08-24/2026-08-30
WARN,ROLLUP_MISMATCH,universe_daily,NSE_EQ|INE0FHS01024,1w,1,1/284 periods differ from daily high/low: 2026-08-24/2026-08-30
WARN,ROLLUP_MISMATCH,universe_daily,NSE_EQ|INE0FOO01011,1w,1,1/7 periods differ from daily high/low: 2026-08-24/2026-08-30
WARN,ROLLUP_MISMATCH,universe_daily,NSE_EQ|INE0FRK01020,1w,1,1/145 periods differ from daily high/low: 2026-08-24/2026-08-30
WARN,ROLLUP_MISMATCH,universe_daily,NSE_EQ|INE0FRK01020,1mo,1,1/34 periods differ from daily high/low: 2026-08
WARN,ROLLUP_MISMATCH,universe_daily,NSE_EQ|INE0FS801015,1w,1,1/236 periods differ from daily high/low: 2026-08-24/2026-08-30
WARN,ROLLUP_MISMATCH,universe_daily,NSE_EQ|INE0FW001016,1w,1,1/51 periods differ from daily high/low: 2026-08-24/2026-08-30
WARN,ROLLUP_MISMATCH,universe_daily,NSE_EQ|INE0G5901015,1w,1,1/140 periods differ from daily high/low: 2026-08-24/2026-08-30
WARN,ROLLUP_MISMATCH,universe_daily,NSE_EQ|INE0GSL01024,1w,1,1/249 periods differ from daily high/low: 2026-08-24/2026-08-30
WARN,ROLLUP_MISMATCH,universe_daily,NSE_EQ|INE0H5O01029,1w,1,1/268 periods differ from daily high/low: 2026-08-24/2026-08-30
WARN,ROLLUP_MISMATCH,universe_daily,NSE_EQ|INE0H5O01029,1mo,1,1/62 periods differ from daily high/low: 2026-08
WARN,ROLLUP_MISMATCH,universe_daily,NSE_EQ|INE0H9P01028,1w,1,1/67 periods differ from daily high/low: 2026-08-24/2026-08-30
WARN,ROLLUP_MISMATCH,universe_daily,NSE_EQ|INE0HF201011,1w,1,1/52 periods differ from daily high/low: 2026-08-24/2026-08-30
WARN,ROLLUP_MISMATCH,universe_daily,NSE_EQ|INE0HMF01019,1w,1,1/207 periods differ from daily high/low: 2026-08-24/2026-08-30
WARN,ROLLUP_MISMATCH,universe_daily,NSE_EQ|INE0HV901016,1w,1,1/120 periods differ from daily high/low: 2026-08-24/2026-08-30
WARN,ROLLUP_MISMATCH,universe_daily,NSE_EQ|INE0I0M01023,1w,1,1/81 periods differ from daily high/low: 2026-08-24/2026-08-30
WARN,ROLLUP_MISMATCH,universe_daily,NSE_EQ|INE0I0M01023,1mo,1,1/19 periods differ from daily high/low: 2026-08
WARN,ROLLUP_MISMATCH,universe_daily,NSE_EQ|INE0I0T01010,1w,1,1/14 periods differ from daily high/low: 2026-08-24/2026-08-30
WARN,ROLLUP_MISMATCH,universe_daily,NSE_EQ|INE0I3401014,1w,1,1/213 periods differ from daily high/low: 2026-08-24/2026-08-30
WARN,ROLLUP_MISMATCH,universe_daily,NSE_EQ|INE0I7C01011,1w,1,1/266 periods differ from daily high/low: 2026-08-24/2026-08-30
WARN,ROLLUP_MISMATCH,universe_daily,NSE_EQ|INE0INX01018,1w,1,1/70 periods differ from daily high/low: 2026-08-24/2026-08-30
WARN,ROLLUP_MISMATCH,universe_daily,NSE_EQ|INE0IQ001011,1w,1,1/234 periods differ from daily high/low: 2026-08-24/2026-08-30
WARN,ROLLUP_MISMATCH,universe_daily,NSE_EQ|INE0ISX01025,1w,1,1/12 periods differ from daily high/low: 2026-08-24/2026-08-30
WARN,ROLLUP_MISMATCH,universe_daily,NSE_EQ|INE0IX101010,1w,1,1/250 periods differ from daily high/low: 2026-08-24/2026-08-30
WARN,ROLLUP_MISMATCH,universe_daily,NSE_EQ|INE0J1F01024,1w,1,1/138 periods differ from daily high/low: 2026-08-24/2026-08-30
WARN,ROLLUP_MISMATCH,universe_daily,NSE_EQ|INE0J5401028,1w,1,1/152 periods differ from daily high/low: 2026-08-24/2026-08-30
WARN,ROLLUP_MISMATCH,universe_daily,NSE_EQ|INE0J5601015,1w,1,1/235 periods differ from daily high/low: 2026-08-24/2026-08-30
WARN,ROLLUP_MISMATCH,universe_daily,NSE_EQ|INE0J5801029,1w,1,1/233 periods differ from daily high/low: 2026-08-24/2026-08-30
WARN,ROLLUP_MISMATCH,universe_daily,NSE_EQ|INE0JA001018,1w,1,1/228 periods differ from daily high/low: 2026-08-24/2026-08-30
WARN,ROLLUP_MISMATCH,universe_daily,NSE_EQ|INE0JO301016,1w,1,1/165 periods differ from daily high/low: 2026-08-24/2026-08-30
WARN,ROLLUP_MISMATCH,universe_daily,NSE_EQ|INE0JR601024,1w,1,1/158 periods differ from daily high/low: 2026-08-24/2026-08-30
WARN,ROLLUP_MISMATCH,universe_daily,NSE_EQ|INE0JS101016,1w,1,1/213 periods differ from daily high/low: 2026-08-24/2026-08-30
WARN,ROLLUP_MISMATCH,universe_daily,NSE_EQ|INE0JSX01015,1w,1,1/185 periods differ from daily high/low: 2026-08-24/2026-08-30
WARN,ROLLUP_MISMATCH,universe_daily,NSE_EQ|INE0JUS01029,1w,1,1/210 periods differ from daily high/low: 2026-08-24/2026-08-30
WARN,ROLLUP_MISMATCH,universe_daily,NSE_EQ|INE0JVO01026,1w,1,1/103 periods differ from daily high/low: 2026-08-24/2026-08-30
WARN,ROLLUP_MISMATCH,universe_daily,NSE_EQ|INE0JWS01017,1w,1,1/157 periods differ from daily high/low: 2026-08-24/2026-08-30
WARN,ROLLUP_MISMATCH,universe_daily,NSE_EQ|INE0JYY01029,1w,1,1/220 periods differ from daily high/low: 2026-08-24/2026-08-30
WARN,ROLLUP_MISMATCH,universe_daily,NSE_EQ|INE0KBH01020,1w,1,1/153 periods differ from daily high/low: 2026-08-24/2026-08-30
WARN,ROLLUP_MISMATCH,universe_daily,NSE_EQ|INE0KGZ01021,1w,1,1/138 periods differ from daily high/low: 2026-08-24/2026-08-30
WARN,ROLLUP_MISMATCH,universe_daily,NSE_EQ|INE0KKN01029,1w,1,1/54 periods differ from daily high/low: 2026-08-24/2026-08-30
WARN,ROLLUP_MISMATCH,universe_daily,NSE_EQ|INE0KNT01012,1w,1,1/157 periods differ from daily high/low: 2026-08-24/2026-08-30
WARN,ROLLUP_MISMATCH,universe_daily,NSE_EQ|INE0KNW01016,1w,1,1/236 periods differ from daily high/low: 2026-08-24/2026-08-30
WARN,ROLLUP_MISMATCH,universe_daily,NSE_EQ|INE0LGX01024,1w,1,1/30 periods differ from daily high/low: 2026-08-24/2026-08-30
WARN,ROLLUP_MISMATCH,universe_daily,NSE_EQ|INE0LLY01014,1w,1,1/97 periods differ from daily high/low: 2026-08-24/2026-08-30
WARN,ROLLUP_MISMATCH,universe_daily,NSE_EQ|INE0LLY01014,1mo,1,1/23 periods differ from daily high/low: 2026-08
WARN,ROLLUP_MISMATCH,universe_daily,NSE_EQ|INE0LMW01024,1w,1,1/152 periods differ from daily high/low: 2026-08-24/2026-08-30
WARN,ROLLUP_MISMATCH,universe_daily,NSE_EQ|INE0LQS01015,1w,1,1/209 periods differ from daily high/low: 2026-08-24/2026-08-30
WARN,ROLLUP_MISMATCH,universe_daily,NSE_EQ|INE0LRU01027,1w,1,1/197 periods differ from daily high/low: 2026-08-24/2026-08-30
WARN,ROLLUP_MISMATCH,universe_daily,NSE_EQ|INE0LRY01011,1w,1,1/90 periods differ from daily high/low: 2026-08-24/2026-08-30
WARN,ROLLUP_MISMATCH,universe_daily,NSE_EQ|INE0LRY01011,1mo,1,1/21 periods differ from daily high/low: 2026-08
WARN,ROLLUP_MISMATCH,universe_daily,NSE_EQ|INE0MHO01029,1w,1,1/59 periods differ from daily high/low: 2026-08-24/2026-08-30
WARN,ROLLUP_MISMATCH,universe_daily,NSE_EQ|INE0MWH01014,1w,1,1/53 periods differ from daily high/low: 2026-08-24/2026-08-30
WARN,ROLLUP_MISMATCH,universe_daily,NSE_EQ|INE0N2P01017,1w,1,1/160 periods differ from daily high/low: 2026-08-24/2026-08-30
WARN,ROLLUP_MISMATCH,universe_daily,NSE_EQ|INE0NAZ01010,1w,1,1/64 periods differ from daily high/low: 2026-08-24/2026-08-30
WARN,ROLLUP_MISMATCH,universe_daily,NSE_EQ|INE0NN701020,1w,1,1/165 periods differ from daily high/low: 2026-08-24/2026-08-30
WARN,ROLLUP_MISMATCH,universe_daily,NSE_EQ|INE0NN701020,1mo,1,1/38 periods differ from daily high/low: 2026-08
WARN,ROLLUP_MISMATCH,universe_daily,NSE_EQ|INE0NQ801033,1w,1,1/134 periods differ from daily high/low: 2026-08-24/2026-08-30
WARN,ROLLUP_MISMATCH,universe_daily,NSE_EQ|INE0NT901020,1w,1,1/167 periods differ from daily high/low: 2026-08-24/2026-08-30
WARN,ROLLUP_MISMATCH,universe_daily,NSE_EQ|INE0NT901020,1mo,1,1/39 periods differ from daily high/low: 2026-08
WARN,ROLLUP_MISMATCH,universe_daily,NSE_EQ|INE0O3901029,1w,1,1/165 periods differ from daily high/low: 2026-08-24/2026-08-30
WARN,ROLLUP_MISMATCH,universe_daily,NSE_EQ|INE0O6601022,1w,1,1/107 periods differ from daily high/low: 2026-08-24/2026-08-30
WARN,ROLLUP_MISMATCH,universe_daily,NSE_EQ|INE0OAF01028,1w,1,1/127 periods differ from daily high/low: 2026-08-24/2026-08-30
WARN,ROLLUP_MISMATCH,universe_daily,NSE_EQ|INE0OJW01016,1w,1,1/95 periods differ from daily high/low: 2026-08-24/2026-08-30
WARN,ROLLUP_MISMATCH,universe_daily,NSE_EQ|INE0ONG01011,1w,1,1/97 periods differ from daily high/low: 2026-08-24/2026-08-30
WARN,ROLLUP_MISMATCH,universe_daily,NSE_EQ|INE0ONG01011,1mo,1,1/23 periods differ from daily high/low: 2026-08
WARN,ROLLUP_MISMATCH,universe_daily,NSE_EQ|INE0OU201013,1w,1,1/33 periods differ from daily high/low: 2026-08-24/2026-08-30
WARN,ROLLUP_MISMATCH,universe_daily,NSE_EQ|INE0OV601013,1w,1,1/159 periods differ from daily high/low: 2026-08-24/2026-08-30
WARN,ROLLUP_MISMATCH,universe_daily,NSE_EQ|INE0P6P01016,1w,1,1/57 periods differ from daily high/low: 2026-08-24/2026-08-30
WARN,ROLLUP_MISMATCH,universe_daily,NSE_EQ|INE0PA801013,1w,1,1/173 periods differ from daily high/low: 2026-08-24/2026-08-30
WARN,ROLLUP_MISMATCH,universe_daily,NSE_EQ|INE0PEQ01016,1w,1,1/145 periods differ from daily high/low: 2026-08-24/2026-08-30
WARN,ROLLUP_MISMATCH,universe_daily,NSE_EQ|INE0PEQ01016,1mo,1,1/34 periods differ from daily high/low: 2026-08
WARN,ROLLUP_MISMATCH,universe_daily,NSE_EQ|INE0PKD01011,1w,1,1/58 periods differ from daily high/low: 2026-08-24/2026-08-30
WARN,ROLLUP_MISMATCH,universe_daily,NSE_EQ|INE0PPK01015,1w,1,1/110 periods differ from daily high/low: 2026-08-24/2026-08-30
WARN,ROLLUP_MISMATCH,universe_daily,NSE_EQ|INE0PQ101010,1w,1,1/111 periods differ from daily high/low: 2026-08-24/2026-08-30
WARN,ROLLUP_MISMATCH,universe_daily,NSE_EQ|INE0Q3J01015,1w,1,1/105 periods differ from daily high/low: 2026-08-24/2026-08-30
WARN,ROLLUP_MISMATCH,universe_daily,NSE_EQ|INE0Q9301021,1w,1,1/94 periods differ from daily high/low: 2026-08-24/2026-08-30
WARN,ROLLUP_MISMATCH,universe_daily,NSE_EQ|INE0QRL01017,1w,1,1/106 periods differ from daily high/low: 2026-08-24/2026-08-30
WARN,ROLLUP_MISMATCH,universe_daily,NSE_EQ|INE0QTF01015,1w,1,1/137 periods differ from daily high/low: 2026-08-24/2026-08-30
WARN,ROLLUP_MISMATCH,universe_daily,NSE_EQ|INE0QTF01015,1mo,1,1/32 periods differ from daily high/low: 2026-08
WARN,ROLLUP_MISMATCH,universe_daily,NSE_EQ|INE0R4L01018,1w,1,1/88 periods differ from daily high/low: 2026-08-24/2026-08-30
WARN,ROLLUP_MISMATCH,universe_daily,NSE_EQ|INE0R6Z01013,1w,1,1/131 periods differ from daily high/low: 2026-08-24/2026-08-30
WARN,ROLLUP_MISMATCH,universe_daily,NSE_EQ|INE0RB801010,1w,1,1/92 periods differ from daily high/low: 2026-08-24/2026-08-30
WARN,ROLLUP_MISMATCH,universe_daily,NSE_EQ|INE0RB801010,1mo,1,1/22 periods differ from daily high/low: 2026-08
WARN,ROLLUP_MISMATCH,universe_daily,NSE_EQ|INE0RE001014,1w,1,1/108 periods differ from daily high/low: 2026-08-24/2026-08-30
WARN,ROLLUP_MISMATCH,universe_daily,NSE_EQ|INE0S2G01011,1w,1,1/108 periods differ from daily high/low: 2026-08-24/2026-08-30
WARN,ROLLUP_MISMATCH,universe_daily,NSE_EQ|INE0SJA01013,1w,1,1/54 periods differ from daily high/low: 2026-08-24/2026-08-30
WARN,ROLLUP_MISMATCH,universe_daily,NSE_EQ|INE0TO701015,1w,1,1/93 periods differ from daily high/low: 2026-08-24/2026-08-30
WARN,ROLLUP_MISMATCH,universe_daily,NSE_EQ|INE0TY101024,1w,1,1/53 periods differ from daily high/low: 2026-08-24/2026-08-30
WARN,ROLLUP_MISMATCH,universe_daily,NSE_EQ|INE0U4101014,1w,1,1/69 periods differ from daily high/low: 2026-08-24/2026-08-30
WARN,ROLLUP_MISMATCH,universe_daily,NSE_EQ|INE0U4101014,1mo,1,1/16 periods differ from daily high/low: 2026-08
WARN,ROLLUP_MISMATCH,universe_daily,NSE_EQ|INE0U4701011,1w,1,1/69 periods differ from daily high/low: 2026-08-24/2026-08-30
WARN,ROLLUP_MISMATCH,universe_daily,NSE_EQ|INE0UH301010,1w,1,1/31 periods differ from daily high/low: 2026-08-24/2026-08-30
WARN,ROLLUP_MISMATCH,universe_daily,NSE_EQ|INE0UIZ01018,1w,1,1/98 periods differ from daily high/low: 2026-08-24/2026-08-30
WARN,ROLLUP_MISMATCH,universe_daily,NSE_EQ|INE0US801024,1w,1,1/110 periods differ from daily high/low: 2026-08-24/2026-08-30
WARN,ROLLUP_MISMATCH,universe_daily,NSE_EQ|INE0V3U01015,1w,1,1/66 periods differ from daily high/low: 2026-08-24/2026-08-30
WARN,ROLLUP_MISMATCH,universe_daily,NSE_EQ|INE0VDM01015,1w,1,1/43 periods differ from daily high/low: 2026-08-24/2026-08-30
WARN,ROLLUP_MISMATCH,universe_daily,NSE_EQ|INE0Y8W01025,1w,1,1/57 periods differ from daily high/low: 2026-08-24/2026-08-30
WARN,ROLLUP_MISMATCH,universe_daily,NSE_EQ|INE0YD401026,1w,1,1/53 periods differ from daily high/low: 2026-08-24/2026-08-30
WARN,ROLLUP_MISMATCH,universe_daily,NSE_EQ|INE0Z4F01028,1w,1,1/53 periods differ from daily high/low: 2026-08-24/2026-08-30
WARN,ROLLUP_MISMATCH,universe_daily,NSE_EQ|INE0Z4F01028,1mo,1,1/13 periods differ from daily high/low: 2026-08
WARN,ROLLUP_MISMATCH,universe_daily,NSE_EQ|INE0ZK601013,1w,1,1/14 periods differ from daily high/low: 2026-08-24/2026-08-30
WARN,ROLLUP_MISMATCH,universe_daily,NSE_EQ|INE101D01020,1w,1,1/1111 periods differ from daily high/low: 2026-08-24/2026-08-30
WARN,ROLLUP_MISMATCH,universe_daily,NSE_EQ|INE101I01011,1w,1,1/100 periods differ from daily high/low: 2026-08-24/2026-08-30
WARN,ROLLUP_MISMATCH,universe_daily,NSE_EQ|INE102B01014,1w,1,1/235 periods differ from daily high/low: 2026-08-24/2026-08-30
WARN,ROLLUP_MISMATCH,universe_daily,NSE_EQ|INE102I01027,1w,1,1/794 periods differ from daily high/low: 2026-08-24/2026-08-30
WARN,ROLLUP_MISMATCH,universe_daily,NSE_EQ|INE102I01027,1mo,1,1/183 periods differ from daily high/low: 2026-08
WARN,ROLLUP_MISMATCH,universe_daily,NSE_EQ|INE103A01014,1w,1,1/1236 periods differ from daily high/low: 2026-08-24/2026-08-30
WARN,ROLLUP_MISMATCH,universe_daily,NSE_EQ|INE103C01036,1w,1,1/293 periods differ from daily high/low: 2026-08-24/2026-08-30
WARN,ROLLUP_MISMATCH,universe_daily,NSE_EQ|INE105A01035,1w,1,1/1236 periods differ from daily high/low: 2026-08-24/2026-08-30
WARN,ROLLUP_MISMATCH,universe_daily,NSE_EQ|INE105J01010,1w,1,1/956 periods differ from daily high/low: 2026-08-24/2026-08-30
WARN,ROLLUP_MISMATCH,universe_daily,NSE_EQ|INE107F01022,1w,1,1/808 periods differ from daily high/low: 2026-08-24/2026-08-30
WARN,ROLLUP_MISMATCH,universe_daily,NSE_EQ|INE108V01019,1w,1,1/123 periods differ from daily high/low: 2026-08-24/2026-08-30
WARN,ROLLUP_MISMATCH,universe_daily,NSE_EQ|INE110A01019,1w,1,1/1232 periods differ from daily high/low: 2026-08-24/2026-08-30
WARN,ROLLUP_MISMATCH,universe_daily,NSE_EQ|INE112F01022,1w,1,1/609 periods differ from daily high/low: 2026-08-24/2026-08-30
WARN,ROLLUP_MISMATCH,universe_daily,NSE_EQ|INE112L01020,1w,1,1/390 periods differ from daily high/low: 2026-08-24/2026-08-30
WARN,ROLLUP_MISMATCH,universe_daily,NSE_EQ|INE114A01011,1w,1,1/1236 periods differ from daily high/low: 2026-08-24/2026-08-30
WARN,ROLLUP_MISMATCH,universe_daily,NSE_EQ|INE115A01026,1w,1,1/1236 periods differ from daily high/low: 2026-08-24/2026-08-30
WARN,ROLLUP_MISMATCH,universe_daily,NSE_EQ|INE115A01026,1mo,1,1/285 periods differ from daily high/low: 2026-08
WARN,ROLLUP_MISMATCH,universe_daily,NSE_EQ|INE115Q01022,1w,1,1/94 periods differ from daily high/low: 2026-08-24/2026-08-30
WARN,ROLLUP_MISMATCH,universe_daily,NSE_EQ|INE115S01010,1w,1,1/37 periods differ from daily high/low: 2026-08-24/2026-08-30
WARN,ROLLUP_MISMATCH,universe_daily,NSE_EQ|INE116A01032,1w,1,1/1232 periods differ from daily high/low: 2026-08-24/2026-08-30
WARN,ROLLUP_MISMATCH,universe_daily,NSE_EQ|INE116C01012,1w,1,1/24 periods differ from daily high/low: 2026-08-24/2026-08-30
WARN,ROLLUP_MISMATCH,universe_daily,NSE_EQ|INE117B01020,1w,1,1/80 periods differ from daily high/low: 2026-08-24/2026-08-30
WARN,ROLLUP_MISMATCH,universe_daily,NSE_EQ|INE117B01020,1mo,1,1/19 periods differ from daily high/low: 2026-08
WARN,ROLLUP_MISMATCH,universe_daily,NSE_EQ|INE117Z01029,1w,1,1/446 periods differ from daily high/low: 2026-08-24/2026-08-30
WARN,ROLLUP_MISMATCH,universe_daily,NSE_EQ|INE118H01025,1w,1,1/505 periods differ from daily high/low: 2026-08-24/2026-08-30
WARN,ROLLUP_MISMATCH,universe_daily,NSE_EQ|INE119201023,1w,1,1/42 periods differ from daily high/low: 2026-08-24/2026-08-30
WARN,ROLLUP_MISMATCH,universe_daily,NSE_EQ|INE119A01028,1w,1,1/1232 periods differ from daily high/low: 2026-08-24/2026-08-30
WARN,ROLLUP_MISMATCH,universe_daily,NSE_EQ|INE11XY01018,1w,1,1/11 periods differ from daily high/low: 2026-08-24/2026-08-30
WARN,ROLLUP_MISMATCH,universe_daily,NSE_EQ|INE120A01034,1w,1,1/1232 periods differ from daily high/low: 2026-08-24/2026-08-30
WARN,ROLLUP_MISMATCH,universe_daily,NSE_EQ|INE121J01017,1w,1,1/719 periods differ from daily high/low: 2026-08-24/2026-08-30
WARN,ROLLUP_MISMATCH,universe_daily,NSE_EQ|INE121R01077,1w,1,1/37 periods differ from daily high/low: 2026-08-24/2026-08-30
WARN,ROLLUP_MISMATCH,universe_daily,NSE_EQ|INE122M01019,1w,1,1/777 periods differ from daily high/low: 2026-08-24/2026-08-30
WARN,ROLLUP_MISMATCH,universe_daily,NSE_EQ|INE123B01028,1w,1,1/1236 periods differ from daily high/low: 2026-08-24/2026-08-30
WARN,ROLLUP_MISMATCH,universe_daily,NSE_EQ|INE123C01018,1w,1,1/1236 periods differ from daily high/low: 2026-08-24/2026-08-30
WARN,ROLLUP_MISMATCH,universe_daily,NSE_EQ|INE123F01029,1w,1,1/874 periods differ from daily high/low: 2026-08-24/2026-08-30
WARN,ROLLUP_MISMATCH,universe_daily,NSE_EQ|INE123W01016,1w,1,1/470 periods differ from daily high/low: 2026-08-24/2026-08-30
WARN,ROLLUP_MISMATCH,universe_daily,NSE_EQ|INE124E01038,1w,1,1/254 periods differ from daily high/low: 2026-08-24/2026-08-30
WARN,ROLLUP_MISMATCH,universe_daily,NSE_EQ|INE124G01033,1w,1,1/988 periods differ from daily high/low: 2026-08-24/2026-08-30
WARN,ROLLUP_MISMATCH,universe_daily,NSE_EQ|INE124Y01028,1w,1,1/350 periods differ from daily high/low: 2026-08-24/2026-08-30
WARN,ROLLUP_MISMATCH,universe_daily,NSE_EQ|INE126A01031,1w,1,1/1232 periods differ from daily high/low: 2026-08-24/2026-08-30
WARN,ROLLUP_MISMATCH,universe_daily,NSE_EQ|INE126A01031,1mo,1,1/285 periods differ from daily high/low: 2026-08
WARN,ROLLUP_MISMATCH,universe_daily,NSE_EQ|INE126J01016,1w,1,1/360 periods differ from daily high/low: 2026-08-24/2026-08-30
WARN,ROLLUP_MISMATCH,universe_daily,NSE_EQ|INE126M01010,1w,1,1/790 periods differ from daily high/low: 2026-08-24/2026-08-30
WARN,ROLLUP_MISMATCH,universe_daily,NSE_EQ|INE127I01024,1w,1,1/613 periods differ from daily high/low: 2026-08-24/2026-08-30
WARN,ROLLUP_MISMATCH,universe_daily,NSE_EQ|INE127T01021,1w,1,1/99 periods differ from daily high/low: 2026-08-24/2026-08-30
WARN,ROLLUP_MISMATCH,universe_daily,NSE_EQ|INE128X01021,1w,1,1/214 periods differ from daily high/low: 2026-08-24/2026-08-30
WARN,ROLLUP_MISMATCH,universe_daily,NSE_EQ|INE12F801023,1w,1,1/22 periods differ from daily high/low: 2026-08-24/2026-08-30
WARN,ROLLUP_MISMATCH,universe_daily,NSE_EQ|INE12NJ01018,1w,1,1/66 periods differ from daily high/low: 2026-08-24/2026-08-30
WARN,ROLLUP_MISMATCH,universe_daily,NSE_EQ|INE12UN01015,1w,1,1/36 periods differ from daily high/low: 2026-08-24/2026-08-30
WARN,ROLLUP_MISMATCH,universe_daily,NSE_EQ|INE12UR01024,1w,1,1/46 periods differ from daily high/low: 2026-08-24/2026-08-30
WARN,ROLLUP_MISMATCH,universe_daily,NSE_EQ|INE130L01014,1w,1,1/7 periods differ from daily high/low: 2026-08-24/2026-08-30
WARN,ROLLUP_MISMATCH,universe_daily,NSE_EQ|INE130L01014,1mo,1,1/2 periods differ from daily high/low: 2026-08
WARN,ROLLUP_MISMATCH,universe_daily,NSE_EQ|INE131B01039,1w,1,1/799 periods differ from daily high/low: 2026-08-24/2026-08-30
WARN,ROLLUP_MISMATCH,universe_daily,NSE_EQ|INE132C01027,1w,1,1/24 periods differ from daily high/low: 2026-08-24/2026-08-30
WARN,ROLLUP_MISMATCH,universe_daily,NSE_EQ|INE132H01018,1w,1,1/1093 periods differ from daily high/low: 2026-08-24/2026-08-30
WARN,ROLLUP_MISMATCH,universe_daily,NSE_EQ|INE133A01011,1w,1,1/1232 periods differ from daily high/low: 2026-08-24/2026-08-30
WARN,ROLLUP_MISMATCH,universe_daily,NSE_EQ|INE133Y01011,1w,1,1/464 periods differ from daily high/low: 2026-08-24/2026-08-30
WARN,ROLLUP_MISMATCH,universe_daily,NSE_EQ|INE136B01020,1w,1,1/1232 periods differ from daily high/low: 2026-08-24/2026-08-30
WARN,ROLLUP_MISMATCH,universe_daily,NSE_EQ|INE137I01015,1w,1,1/608 periods differ from daily high/low: 2026-08-24/2026-08-30
WARN,ROLLUP_MISMATCH,universe_daily,NSE_EQ|INE138Y01010,1w,1,1/198 periods differ from daily high/low: 2026-08-24/2026-08-30
WARN,ROLLUP_MISMATCH,universe_daily,NSE_EQ|INE139A01034,1w,1,1/1236 periods differ from daily high/low: 2026-08-24/2026-08-30
WARN,ROLLUP_MISMATCH,universe_daily,NSE_EQ|INE139R01012,1w,1,1/230 periods differ from daily high/low: 2026-08-24/2026-08-30
WARN,ROLLUP_MISMATCH,universe_daily,NSE_EQ|INE13B501022,1w,1,1/54 periods differ from daily high/low: 2026-08-24/2026-08-30
WARN,ROLLUP_MISMATCH,universe_daily,NSE_EQ|INE141K01013,1w,1,1/657 periods differ from daily high/low: 2026-08-24/2026-08-30
WARN,ROLLUP_MISMATCH,universe_daily,NSE_EQ|INE142I01023,1w,1,1/997 periods differ from daily high/low: 2026-08-24/2026-08-30
WARN,ROLLUP_MISMATCH,universe_daily,NSE_EQ|INE143A01010,1w,1,1/823 periods differ from daily high/low: 2026-08-24/2026-08-30
WARN,ROLLUP_MISMATCH,universe_daily,NSE_EQ|INE144J01027,1w,1,1/939 periods differ from daily high/low: 2026-08-24/2026-08-30
WARN,ROLLUP_MISMATCH,universe_daily,NSE_EQ|INE144Z01023,1w,1,1/254 periods differ from daily high/low: 2026-08-24/2026-08-30
WARN,ROLLUP_MISMATCH,universe_daily,NSE_EQ|INE147A01011,1w,1,1/1236 periods differ from daily high/low: 2026-08-24/2026-08-30
WARN,ROLLUP_MISMATCH,universe_daily,NSE_EQ|INE147P01019,1w,1,1/673 periods differ from daily high/low: 2026-08-24/2026-08-30
WARN,ROLLUP_MISMATCH,universe_daily,NSE_EQ|INE147P01019,1mo,1,1/155 periods differ from daily high/low: 2026-08
WARN,ROLLUP_MISMATCH,universe_daily,NSE_EQ|INE148A01019,1w,1,1/1236 periods differ from daily high/low: 2026-08-24/2026-08-30
WARN,ROLLUP_MISMATCH,universe_daily,NSE_EQ|INE148I01020,1w,1,1/689 periods differ from daily high/low: 2026-08-24/2026-08-30
WARN,ROLLUP_MISMATCH,universe_daily,NSE_EQ|INE149K01016,1w,1,1/161 periods differ from daily high/low: 2026-08-24/2026-08-30
WARN,ROLLUP_MISMATCH,universe_daily,NSE_EQ|INE149O01018,1w,1,1/87 periods differ from daily high/low: 2026-08-24/2026-08-30
WARN,ROLLUP_MISMATCH,universe_daily,NSE_EQ|INE14LE01019,1w,1,1/67 periods differ from daily high/low: 2026-08-24/2026-08-30
WARN,ROLLUP_MISMATCH,universe_daily,NSE_EQ|INE150B01039,1w,1,1/984 periods differ from daily high/low: 2026-08-24/2026-08-30
WARN,ROLLUP_MISMATCH,universe_daily,NSE_EQ|INE150B01039,1mo,1,1/227 periods differ from daily high/low: 2026-08
WARN,ROLLUP_MISMATCH,universe_daily,NSE_EQ|INE151G01028,1w,1,1/235 periods differ from daily high/low: 2026-08-24/2026-08-30
WARN,ROLLUP_MISMATCH,universe_daily,NSE_EQ|INE153T01027,1w,1,1/538 periods differ from daily high/low: 2026-08-24/2026-08-30
WARN,ROLLUP_MISMATCH,universe_daily,NSE_EQ|INE154B01023,1w,1,1/7 periods differ from daily high/low: 2026-08-24/2026-08-30
WARN,ROLLUP_MISMATCH,universe_daily,NSE_EQ|INE155G01029,1w,1,1/1164 periods differ from daily high/low: 2026-08-24/2026-08-30
WARN,ROLLUP_MISMATCH,universe_daily,NSE_EQ|INE156C01018,1w,1,1/1064 periods differ from daily high/low: 2026-08-24/2026-08-30
WARN,ROLLUP_MISMATCH,universe_daily,NSE_EQ|INE157H01023,1w,1,1/1010 periods differ from daily high/low: 2026-08-24/2026-08-30
WARN,ROLLUP_MISMATCH,universe_daily,NSE_EQ|INE157H01023,1mo,1,1/233 periods differ from daily high/low: 2026-08
WARN,ROLLUP_MISMATCH,universe_daily,NSE_EQ|INE158A01026,1w,1,1/1232 periods differ from daily high/low: 2026-08-24/2026-08-30
WARN,ROLLUP_MISMATCH,universe_daily,NSE_EQ|INE158B01016,1w,1,1/823 periods differ from daily high/low: 2026-08-24/2026-08-30
WARN,ROLLUP_MISMATCH,universe_daily,NSE_EQ|INE159A01016,1w,1,1/1232 periods differ from daily high/low: 2026-08-24/2026-08-30
WARN,ROLLUP_MISMATCH,universe_daily,NSE_EQ|INE161A01038,1w,1,1/1236 periods differ from daily high/low: 2026-08-24/2026-08-30
WARN,ROLLUP_MISMATCH,universe_daily,NSE_EQ|INE162A01010,1w,1,1/1232 periods differ from daily high/low: 2026-08-24/2026-08-30
WARN,ROLLUP_MISMATCH,universe_daily,NSE_EQ|INE162C01024,1w,1,1/320 periods differ from daily high/low: 2026-08-24/2026-08-30
WARN,ROLLUP_MISMATCH,universe_daily,NSE_EQ|INE162C01024,1mo,1,1/77 periods differ from daily high/low: 2026-08
WARN,ROLLUP_MISMATCH,universe_daily,NSE_EQ|INE163A01018,1w,1,1/1236 periods differ from daily high/low: 2026-08-24/2026-08-30
WARN,ROLLUP_MISMATCH,universe_daily,NSE_EQ|INE165B01029,1w,1,1/1236 periods differ from daily high/low: 2026-08-24/2026-08-30
WARN,ROLLUP_MISMATCH,universe_daily,NSE_EQ|INE165G01010,1w,1,1/7 periods differ from daily high/low: 2026-08-24/2026-08-30
WARN,ROLLUP_MISMATCH,universe_daily,NSE_EQ|INE166R01015,1w,1,1/24 periods differ from daily high/low: 2026-08-24/2026-08-30
WARN,ROLLUP_MISMATCH,universe_daily,NSE_EQ|INE168A01041,1w,1,1/1236 periods differ from daily high/low: 2026-08-24/2026-08-30
WARN,ROLLUP_MISMATCH,universe_daily,NSE_EQ|INE168A01041,1mo,1,1/285 periods differ from daily high/low: 2026-08
WARN,ROLLUP_MISMATCH,universe_daily,NSE_EQ|INE168P01015,1w,1,1/117 periods differ from daily high/low: 2026-08-24/2026-08-30
WARN,ROLLUP_MISMATCH,universe_daily,NSE_EQ|INE169A01031,1w,1,1/1232 periods differ from daily high/low: 2026-08-24/2026-08-30
WARN,ROLLUP_MISMATCH,universe_daily,NSE_EQ|INE16NZ01023,1w,1,1/48 periods differ from daily high/low: 2026-08-24/2026-08-30
WARN,ROLLUP_MISMATCH,universe_daily,NSE_EQ|INE16SF01016,1w,1,1/71 periods differ from daily high/low: 2026-08-24/2026-08-30
WARN,ROLLUP_MISMATCH,universe_daily,NSE_EQ|INE16SF01016,1mo,1,1/17 periods differ from daily high/low: 2026-08
WARN,ROLLUP_MISMATCH,universe_daily,NSE_EQ|INE170I01016,1w,1,1/1007 periods differ from daily high/low: 2026-08-24/2026-08-30
WARN,ROLLUP_MISMATCH,universe_daily,NSE_EQ|INE171A01029,1w,1,1/1396 periods differ from daily high/low: 2026-08-24/2026-08-30
WARN,ROLLUP_MISMATCH,universe_daily,NSE_EQ|INE172N01012,1w,1,1/600 periods differ from daily high/low: 2026-08-24/2026-08-30
WARN,ROLLUP_MISMATCH,universe_daily,NSE_EQ|INE173A01025,1w,1,1/812 periods differ from daily high/low: 2026-08-24/2026-08-30
WARN,ROLLUP_MISMATCH,universe_daily,NSE_EQ|INE176A01028,1w,1,1/1232 periods differ from daily high/low: 2026-08-24/2026-08-30
WARN,ROLLUP_MISMATCH,universe_daily,NSE_EQ|INE176J01011,1w,1,1/24 periods differ from daily high/low: 2026-08-24/2026-08-30
WARN,ROLLUP_MISMATCH,universe_daily,NSE_EQ|INE177H01039,1w,1,1/1067 periods differ from daily high/low: 2026-08-24/2026-08-30
WARN,ROLLUP_MISMATCH,universe_daily,NSE_EQ|INE178A01016,1w,1,1/1232 periods differ from daily high/low: 2026-08-24/2026-08-30
WARN,ROLLUP_MISMATCH,universe_daily,NSE_EQ|INE179G01029,1w,1,1/141 periods differ from daily high/low: 2026-08-24/2026-08-30
WARN,ROLLUP_MISMATCH,universe_daily,NSE_EQ|INE17QZ01016,1w,1,1/13 periods differ from daily high/low: 2026-08-24/2026-08-30
WARN,ROLLUP_MISMATCH,universe_daily,NSE_EQ|INE180C01042,1w,1,1/832 periods differ from daily high/low: 2026-08-24/2026-08-30
WARN,ROLLUP_MISMATCH,universe_daily,NSE_EQ|INE182A01018,1w,1,1/1236 periods differ from daily high/low: 2026-08-24/2026-08-30
WARN,ROLLUP_MISMATCH,universe_daily,NSE_EQ|INE182D01020,1w,1,1/523 periods differ from daily high/low: 2026-08-24/2026-08-30
WARN,ROLLUP_MISMATCH,universe_daily,NSE_EQ|INE183A01024,1w,1,1/1232 periods differ from daily high/low: 2026-08-24/2026-08-30
WARN,ROLLUP_MISMATCH,universe_daily,NSE_EQ|INE184H01027,1w,1,1/1086 periods differ from daily high/low: 2026-08-24/2026-08-30
WARN,ROLLUP_MISMATCH,universe_daily,NSE_EQ|INE185H01016,1w,1,1/1082 periods differ from daily high/low: 2026-08-24/2026-08-30
WARN,ROLLUP_MISMATCH,universe_daily,NSE_EQ|INE186A01019,1w,1,1/1232 periods differ from daily high/low: 2026-08-24/2026-08-30
WARN,ROLLUP_MISMATCH,universe_daily,NSE_EQ|INE186A01019,1mo,1,1/285 periods differ from daily high/low: 2026-08
WARN,ROLLUP_MISMATCH,universe_daily,NSE_EQ|INE187D01029,1w,1,1/1045 periods differ from daily high/low: 2026-08-24/2026-08-30
WARN,ROLLUP_MISMATCH,universe_daily,NSE_EQ|INE188A01015,1w,1,1/1232 periods differ from daily high/low: 2026-08-24/2026-08-30
WARN,ROLLUP_MISMATCH,universe_daily,NSE_EQ|INE188B01013,1w,1,1/1236 periods differ from daily high/low: 2026-08-24/2026-08-30
WARN,ROLLUP_MISMATCH,universe_daily,NSE_EQ|INE192H01020,1w,1,1/213 periods differ from daily high/low: 2026-08-24/2026-08-30
WARN,ROLLUP_MISMATCH,universe_daily,NSE_EQ|INE193E01025,1w,1,1/988 periods differ from daily high/low: 2026-08-24/2026-08-30
WARN,ROLLUP_MISMATCH,universe_daily,NSE_EQ|INE194R01017,1w,1,1/7 periods differ from daily high/low: 2026-08-24/2026-08-30
WARN,ROLLUP_MISMATCH,universe_daily,NSE_EQ|INE195J01029,1w,1,1/593 periods differ from daily high/low: 2026-08-24/2026-08-30
WARN,ROLLUP_MISMATCH,universe_daily,NSE_EQ|INE195N01013,1w,1,1/734 periods differ from daily high/low: 2026-08-24/2026-08-30
WARN,ROLLUP_MISMATCH,universe_daily,NSE_EQ|INE196A01026,1w,1,1/1236 periods differ from daily high/low: 2026-08-24/2026-08-30
WARN,ROLLUP_MISMATCH,universe_daily,NSE_EQ|INE197A01024,1w,1,1/1197 periods differ from daily high/low: 2026-08-24/2026-08-30
WARN,ROLLUP_MISMATCH,universe_daily,NSE_EQ|INE197J01017,1w,1,1/947 periods differ from daily high/low: 2026-08-24/2026-08-30
WARN,ROLLUP_MISMATCH,universe_daily,NSE_EQ|INE198501012,1w,1,1/54 periods differ from daily high/low: 2026-08-24/2026-08-30
WARN,ROLLUP_MISMATCH,universe_daily,NSE_EQ|INE199A01012,1w,1,1/1236 periods differ from daily high/low: 2026-08-24/2026-08-30
WARN,ROLLUP_MISMATCH,universe_daily,NSE_EQ|INE199E01014,1w,1,1/7 periods differ from daily high/low: 2026-08-24/2026-08-30
WARN,ROLLUP_MISMATCH,universe_daily,NSE_EQ|INE199G01027,1w,1,1/1076 periods differ from daily high/low: 2026-08-24/2026-08-30
WARN,ROLLUP_MISMATCH,universe_daily,NSE_EQ|INE199P01028,1w,1,1/57 periods differ from daily high/low: 2026-08-24/2026-08-30
WARN,ROLLUP_MISMATCH,universe_daily,NSE_EQ|INE19RI01016,1w,1,1/46 periods differ from daily high/low: 2026-08-24/2026-08-30
WARN,ROLLUP_MISMATCH,universe_daily,NSE_EQ|INE1AG301022,1w,1,1/54 periods differ from daily high/low: 2026-08-24/2026-08-30
WARN,ROLLUP_MISMATCH,universe_daily,NSE_EQ|INE1B3L01017,1w,1,1/55 periods differ from daily high/low: 2026-08-24/2026-08-30
WARN,ROLLUP_MISMATCH,universe_daily,NSE_EQ|INE1B6101010,1w,1,1/58 periods differ from daily high/low: 2026-08-24/2026-08-30
WARN,ROLLUP_MISMATCH,universe_daily,NSE_EQ|INE1C6T01020,1w,1,1/46 periods differ from daily high/low: 2026-08-24/2026-08-30
WARN,ROLLUP_MISMATCH,universe_daily,NSE_EQ|INE1CDF01017,1w,1,1/16 periods differ from daily high/low: 2026-08-24/2026-08-30
WARN,ROLLUP_MISMATCH,universe_daily,NSE_EQ|INE1D0W01018,1w,1,1/8 periods differ from daily high/low: 2026-08-24/2026-08-30
WARN,ROLLUP_MISMATCH,universe_daily,NSE_EQ|INE1EEM01017,1w,1,1/7 periods differ from daily high/low: 2026-08-24/2026-08-30
WARN,ROLLUP_MISMATCH,universe_daily,NSE_EQ|INE1FF001016,1w,1,1/53 periods differ from daily high/low: 2026-08-24/2026-08-30
WARN,ROLLUP_MISMATCH,universe_daily,NSE_EQ|INE1JCQ01037,1w,1,1/11 periods differ from daily high/low: 2026-08-24/2026-08-30
WARN,ROLLUP_MISMATCH,universe_daily,NSE_EQ|INE1NPP01017,1w,1,1/68 periods differ from daily high/low: 2026-08-24/2026-08-30
WARN,ROLLUP_MISMATCH,universe_daily,NSE_EQ|INE1RDG01013,1w,1,1/31 periods differ from daily high/low: 2026-08-24/2026-08-30
WARN,ROLLUP_MISMATCH,universe_daily,NSE_EQ|INE1SJO01012,1w,1,1/14 periods differ from daily high/low: 2026-08-24/2026-08-30
WARN,ROLLUP_MISMATCH,universe_daily,NSE_EQ|INE1SY401010,1w,1,1/66 periods differ from daily high/low: 2026-08-24/2026-08-30
WARN,ROLLUP_MISMATCH,universe_daily,NSE_EQ|INE1YPB01014,1w,1,1/14 periods differ from daily high/low: 2026-08-24/2026-08-30
WARN,ROLLUP_MISMATCH,universe_daily,NSE_EQ|INE201K01015,1w,1,1/884 periods differ from daily high/low: 2026-08-24/2026-08-30
WARN,ROLLUP_MISMATCH,universe_daily,NSE_EQ|INE201P01022,1w,1,1/272 periods differ from daily high/low: 2026-08-24/2026-08-30
WARN,ROLLUP_MISMATCH,universe_daily,NSE_EQ|INE202B01038,1w,1,1/48 periods differ from daily high/low: 2026-08-24/2026-08-30
WARN,ROLLUP_MISMATCH,universe_daily,NSE_EQ|INE202H01019,1w,1,1/812 periods differ from daily high/low: 2026-08-24/2026-08-30
WARN,ROLLUP_MISMATCH,universe_daily,NSE_EQ|INE202Z01029,1w,1,1/445 periods differ from daily high/low: 2026-08-24/2026-08-30
WARN,ROLLUP_MISMATCH,universe_daily,NSE_EQ|INE203A01020,1w,1,1/1232 periods differ from daily high/low: 2026-08-24/2026-08-30
WARN,ROLLUP_MISMATCH,universe_daily,NSE_EQ|INE204A01010,1w,1,1/1027 periods differ from daily high/low: 2026-08-24/2026-08-30
WARN,ROLLUP_MISMATCH,universe_daily,NSE_EQ|INE204E01012,1w,1,1/614 periods differ from daily high/low: 2026-08-24/2026-08-30
WARN,ROLLUP_MISMATCH,universe_daily,NSE_EQ|INE205A01025,1w,1,1/1236 periods differ from daily high/low: 2026-08-24/2026-08-30
WARN,ROLLUP_MISMATCH,universe_daily,NSE_EQ|INE205B01031,1w,1,1/1045 periods differ from daily high/low: 2026-08-24/2026-08-30
WARN,ROLLUP_MISMATCH,universe_daily,NSE_EQ|INE205B01031,1mo,1,1/241 periods differ from daily high/low: 2026-08
WARN,ROLLUP_MISMATCH,universe_daily,NSE_EQ|INE205C01021,1w,1,1/774 periods differ from daily high/low: 2026-08-24/2026-08-30
WARN,ROLLUP_MISMATCH,universe_daily,NSE_EQ|INE206N01018,1w,1,1/114 periods differ from daily high/low: 2026-08-24/2026-08-30
WARN,ROLLUP_MISMATCH,universe_daily,NSE_EQ|INE207E01023,1w,1,1/219 periods differ from daily high/low: 2026-08-24/2026-08-30
WARN,ROLLUP_MISMATCH,universe_daily,NSE_EQ|INE207H01018,1w,1,1/24 periods differ from daily high/low: 2026-08-24/2026-08-30
WARN,ROLLUP_MISMATCH,universe_daily,NSE_EQ|INE208C01025,1w,1,1/1232 periods differ from daily high/low: 2026-08-24/2026-08-30
WARN,ROLLUP_MISMATCH,universe_daily,NSE_EQ|INE209A01019,1w,1,1/1232 periods differ from daily high/low: 2026-08-24/2026-08-30
WARN,ROLLUP_MISMATCH,universe_daily,NSE_EQ|INE209A01019,1mo,1,1/285 periods differ from daily high/low: 2026-08
WARN,ROLLUP_MISMATCH,universe_daily,NSE_EQ|INE210C01013,1w,1,1/1015 periods differ from daily high/low: 2026-08-24/2026-08-30
WARN,ROLLUP_MISMATCH,universe_daily,NSE_EQ|INE211R01019,1w,1,1/580 periods differ from daily high/low: 2026-08-24/2026-08-30
WARN,ROLLUP_MISMATCH,universe_daily,NSE_EQ|INE212H01026,1w,1,1/1086 periods differ from daily high/low: 2026-08-24/2026-08-30
WARN,ROLLUP_MISMATCH,universe_daily,NSE_EQ|INE212S01015,1w,1,1/33 periods differ from daily high/low: 2026-08-24/2026-08-30
WARN,ROLLUP_MISMATCH,universe_daily,NSE_EQ|INE213A01029,1w,1,1/1236 periods differ from daily high/low: 2026-08-24/2026-08-30
WARN,ROLLUP_MISMATCH,universe_daily,NSE_EQ|INE216P01012,1w,1,1/417 periods differ from daily high/low: 2026-08-24/2026-08-30
WARN,ROLLUP_MISMATCH,universe_daily,NSE_EQ|INE217L01019,1w,1,1/250 periods differ from daily high/low: 2026-08-24/2026-08-30
WARN,ROLLUP_MISMATCH,universe_daily,NSE_EQ|INE217S01014,1mo,1,1/2 periods differ from daily high/low: 2026-08
WARN,ROLLUP_MISMATCH,universe_daily,NSE_EQ|INE218I01013,1w,1,1/51 periods differ from daily high/low: 2026-08-24/2026-08-30
WARN,ROLLUP_MISMATCH,universe_daily,NSE_EQ|INE220B01022,1w,1,1/1236 periods differ from daily high/low: 2026-08-24/2026-08-30
WARN,ROLLUP_MISMATCH,universe_daily,NSE_EQ|INE221B01012,1w,1,1/1047 periods differ from daily high/low: 2026-08-24/2026-08-30
WARN,ROLLUP_MISMATCH,universe_daily,NSE_EQ|INE221H01019,1w,1,1/1039 periods differ from daily high/low: 2026-08-24/2026-08-30
WARN,ROLLUP_MISMATCH,universe_daily,NSE_EQ|INE222F01029,1w,1,1/7 periods differ from daily high/low: 2026-08-24/2026-08-30
WARN,ROLLUP_MISMATCH,universe_daily,NSE_EQ|INE224A01026,1w,1,1/1152 periods differ from daily high/low: 2026-08-24/2026-08-30
WARN,ROLLUP_MISMATCH,universe_daily,NSE_EQ|INE225D01027,1w,1,1/799 periods differ from daily high/low: 2026-08-24/2026-08-30
WARN,ROLLUP_MISMATCH,universe_daily,NSE_EQ|INE227B01019,1w,1,1/7 periods differ from daily high/low: 2026-08-24/2026-08-30
WARN,ROLLUP_MISMATCH,universe_daily,NSE_EQ|INE227C01017,1w,1,1/1236 periods differ from daily high/low: 2026-08-24/2026-08-30
WARN,ROLLUP_MISMATCH,universe_daily,NSE_EQ|INE227F01010,1w,1,1/7 periods differ from daily high/low: 2026-08-24/2026-08-30
WARN,ROLLUP_MISMATCH,universe_daily,NSE_EQ|INE227J01012,1w,1,1/66 periods differ from daily high/low: 2026-08-24/2026-08-30
WARN,ROLLUP_MISMATCH,universe_daily,NSE_EQ|INE227W01023,1w,1,1/272 periods differ from daily high/low: 2026-08-24/2026-08-30
WARN,ROLLUP_MISMATCH,universe_daily,NSE_EQ|INE228A01035,1w,1,1/1236 periods differ from daily high/low: 2026-08-24/2026-08-30
WARN,ROLLUP_MISMATCH,universe_daily,NSE_EQ|INE229H01012,1w,1,1/1079 periods differ from daily high/low: 2026-08-24/2026-08-30
WARN,ROLLUP_MISMATCH,universe_daily,NSE_EQ|INE230A01023,1w,1,1/1232 periods differ from daily high/low: 2026-08-24/2026-08-30
WARN,ROLLUP_MISMATCH,universe_daily,NSE_EQ|INE231C01019,1w,1,1/1236 periods differ from daily high/low: 2026-08-24/2026-08-30
WARN,ROLLUP_MISMATCH,universe_daily,NSE_EQ|INE231F01020,1w,1,1/1100 periods differ from daily high/low: 2026-08-24/2026-08-30
WARN,ROLLUP_MISMATCH,universe_daily,NSE_EQ|INE232A01011,1w,1,1/372 periods differ from daily high/low: 2026-08-24/2026-08-30
WARN,ROLLUP_MISMATCH,universe_daily,NSE_EQ|INE233A01035,1w,1,1/1236 periods differ from daily high/low: 2026-08-24/2026-08-30
WARN,ROLLUP_MISMATCH,universe_daily,NSE_EQ|INE233B01017,1w,1,1/1232 periods differ from daily high/low: 2026-08-24/2026-08-30
WARN,ROLLUP_MISMATCH,universe_daily,NSE_EQ|INE234A01025,1w,1,1/24 periods differ from daily high/low: 2026-08-24/2026-08-30
WARN,ROLLUP_MISMATCH,universe_daily,NSE_EQ|INE235C01036,1w,1,1/68 periods differ from daily high/low: 2026-08-24/2026-08-30
WARN,ROLLUP_MISMATCH,universe_daily,NSE_EQ|INE236G01019,1w,1,1/1185 periods differ from daily high/low: 2026-08-24/2026-08-30
WARN,ROLLUP_MISMATCH,universe_daily,NSE_EQ|INE239A01024,1w,1,1/874 periods differ from daily high/low: 2026-08-24/2026-08-30
WARN,ROLLUP_MISMATCH,universe_daily,NSE_EQ|INE239C01020,1w,1,1/270 periods differ from daily high/low: 2026-08-24/2026-08-30
WARN,ROLLUP_MISMATCH,universe_daily,NSE_EQ|INE242A01010,1w,1,1/1232 periods differ from daily high/low: 2026-08-24/2026-08-30
WARN,ROLLUP_MISMATCH,universe_daily,NSE_EQ|INE242C01024,1w,1,1/1045 periods differ from daily high/low: 2026-08-24/2026-08-30
WARN,ROLLUP_MISMATCH,universe_daily,NSE_EQ|INE244B01030,1w,1,1/1128 periods differ from daily high/low: 2026-08-24/2026-08-30
WARN,ROLLUP_MISMATCH,universe_daily,NSE_EQ|INE245A01021,1w,1,1/1236 periods differ from daily high/low: 2026-08-24/2026-08-30
WARN,ROLLUP_MISMATCH,universe_daily,NSE_EQ|INE246B01019,1w,1,1/1236 periods differ from daily high/low: 2026-08-24/2026-08-30
WARN,ROLLUP_MISMATCH,universe_daily,NSE_EQ|INE247C01023,1w,1,1/7 periods differ from daily high/low: 2026-08-24/2026-08-30
WARN,ROLLUP_MISMATCH,universe_daily,NSE_EQ|INE248A01017,1w,1,1/1236 periods differ from daily high/low: 2026-08-24/2026-08-30
WARN,ROLLUP_MISMATCH,universe_daily,NSE_EQ|INE250B01029,1w,1,1/1236 periods differ from daily high/low: 2026-08-24/2026-08-30
WARN,ROLLUP_MISMATCH,universe_daily,NSE_EQ|INE250K01012,1w,1,1/877 periods differ from daily high/low: 2026-08-24/2026-08-30
WARN,ROLLUP_MISMATCH,universe_daily,NSE_EQ|INE250Z01010,1w,1,1/106 periods differ from daily high/low: 2026-08-24/2026-08-30
WARN,ROLLUP_MISMATCH,universe_daily,NSE_EQ|INE251B01027,1w,1,1/601 periods differ from daily high/low: 2026-08-24/2026-08-30
WARN,ROLLUP_MISMATCH,universe_daily,NSE_EQ|INE255A01020,1w,1,1/1232 periods differ from daily high/low: 2026-08-24/2026-08-30
WARN,ROLLUP_MISMATCH,universe_daily,NSE_EQ|INE255D01024,1w,1,1/610 periods differ from daily high/low: 2026-08-24/2026-08-30
WARN,ROLLUP_MISMATCH,universe_daily,NSE_EQ|INE255X01014,1w,1,1/393 periods differ from daily high/low: 2026-08-24/2026-08-30
WARN,ROLLUP_MISMATCH,universe_daily,NSE_EQ|INE256A01028,1w,1,1/1236 periods differ from daily high/low: 2026-08-24/2026-08-30
WARN,ROLLUP_MISMATCH,universe_daily,NSE_EQ|INE256A01028,1mo,1,1/285 periods differ from daily high/low: 2026-08
WARN,ROLLUP_MISMATCH,universe_daily,NSE_EQ|INE256C01024,1w,1,1/1236 periods differ from daily high/low: 2026-08-24/2026-08-30
WARN,ROLLUP_MISMATCH,universe_daily,NSE_EQ|INE256H01015,1w,1,1/481 periods differ from daily high/low: 2026-08-24/2026-08-30
WARN,ROLLUP_MISMATCH,universe_daily,NSE_EQ|INE258B01022,1w,1,1/1232 periods differ from daily high/low: 2026-08-24/2026-08-30
WARN,ROLLUP_MISMATCH,universe_daily,NSE_EQ|INE258G01013,1w,1,1/349 periods differ from daily high/low: 2026-08-24/2026-08-30
WARN,ROLLUP_MISMATCH,universe_daily,NSE_EQ|INE259A01022,1w,1,1/1232 periods differ from daily high/low: 2026-08-24/2026-08-30
WARN,ROLLUP_MISMATCH,universe_daily,NSE_EQ|INE25E901019,1w,1,1/25 periods differ from daily high/low: 2026-08-24/2026-08-30
WARN,ROLLUP_MISMATCH,universe_daily,NSE_EQ|INE263A01024,1w,1,1/1232 periods differ from daily high/low: 2026-08-24/2026-08-30
WARN,ROLLUP_MISMATCH,universe_daily,NSE_EQ|INE263M01029,1w,1,1/202 periods differ from daily high/low: 2026-08-24/2026-08-30
WARN,ROLLUP_MISMATCH,universe_daily,NSE_EQ|INE264T01014,1w,1,1/471 periods differ from daily high/low: 2026-08-24/2026-08-30
WARN,ROLLUP_MISMATCH,universe_daily,NSE_EQ|INE265D01015,1w,1,1/7 periods differ from daily high/low: 2026-08-24/2026-08-30
WARN,ROLLUP_MISMATCH,universe_daily,NSE_EQ|INE265D01015,1mo,1,1/2 periods differ from daily high/low: 2026-08
WARN,ROLLUP_MISMATCH,universe_daily,NSE_EQ|INE265F01028,1w,1,1/1077 periods differ from daily high/low: 2026-08-24/2026-08-30
WARN,ROLLUP_MISMATCH,universe_daily,NSE_EQ|INE266D01021,1w,1,1/24 periods differ from daily high/low: 2026-08-24/2026-08-30
WARN,ROLLUP_MISMATCH,universe_daily,NSE_EQ|INE266Y01019,1w,1,1/439 periods differ from daily high/low: 2026-08-24/2026-08-30
WARN,ROLLUP_MISMATCH,universe_daily,NSE_EQ|INE266Y01019,1mo,1,1/105 periods differ from daily high/low: 2026-08
WARN,ROLLUP_MISMATCH,universe_daily,NSE_EQ|INE269A01021,1w,1,1/1236 periods differ from daily high/low: 2026-08-24/2026-08-30
WARN,ROLLUP_MISMATCH,universe_daily,NSE_EQ|INE269B01029,1w,1,1/1236 periods differ from daily high/low: 2026-08-24/2026-08-30
WARN,ROLLUP_MISMATCH,universe_daily,NSE_EQ|INE270A01029,1w,1,1/346 periods differ from daily high/low: 2026-08-24/2026-08-30
WARN,ROLLUP_MISMATCH,universe_daily,NSE_EQ|INE270B01035,1w,1,1/24 periods differ from daily high/low: 2026-08-24/2026-08-30
WARN,ROLLUP_MISMATCH,universe_daily,NSE_EQ|INE270I01022,1w,1,1/605 periods differ from daily high/low: 2026-08-24/2026-08-30
WARN,ROLLUP_MISMATCH,universe_daily,NSE_EQ|INE272L01022,1w,1,1/822 periods differ from daily high/low: 2026-08-24/2026-08-30
WARN,ROLLUP_MISMATCH,universe_daily,NSE_EQ|INE273D01027,1w,1,1/1037 periods differ from daily high/low: 2026-08-24/2026-08-30
WARN,ROLLUP_MISMATCH,universe_daily,NSE_EQ|INE273D01027,1mo,1,1/239 periods differ from daily high/low: 2026-08
WARN,ROLLUP_MISMATCH,universe_daily,NSE_EQ|INE274C01019,1w,1,1/1236 periods differ from daily high/low: 2026-08-24/2026-08-30
WARN,ROLLUP_MISMATCH,universe_daily,NSE_EQ|INE274C01019,1mo,1,1/285 periods differ from daily high/low: 2026-08
WARN,ROLLUP_MISMATCH,universe_daily,NSE_EQ|INE274V01019,1w,1,1/496 periods differ from daily high/low: 2026-08-24/2026-08-30
WARN,ROLLUP_MISMATCH,universe_daily,NSE_EQ|INE275B01026,1w,1,1/1236 periods differ from daily high/low: 2026-08-24/2026-08-30
WARN,ROLLUP_MISMATCH,universe_daily,NSE_EQ|INE275D01022,1w,1,1/152 periods differ from daily high/low: 2026-08-24/2026-08-30
WARN,ROLLUP_MISMATCH,universe_daily,NSE_EQ|INE276A01018,1w,1,1/1018 periods differ from daily high/low: 2026-08-24/2026-08-30
WARN,ROLLUP_MISMATCH,universe_daily,NSE_EQ|INE278G01037,1w,1,1/721 periods differ from daily high/low: 2026-08-24/2026-08-30
WARN,ROLLUP_MISMATCH,universe_daily,NSE_EQ|INE278H01035,1w,1,1/444 periods differ from daily high/low: 2026-08-24/2026-08-30
WARN,ROLLUP_MISMATCH,universe_daily,NSE_EQ|INE278H01035,1mo,1,1/102 periods differ from daily high/low: 2026-08
WARN,ROLLUP_MISMATCH,universe_daily,NSE_EQ|INE278Y01022,1w,1,1/230 periods differ from daily high/low: 2026-08-24/2026-08-30
WARN,ROLLUP_MISMATCH,universe_daily,NSE_EQ|INE279A01012,1w,1,1/1236 periods differ from daily high/low: 2026-08-24/2026-08-30
WARN,ROLLUP_MISMATCH,universe_daily,NSE_EQ|INE280B01018,1w,1,1/24 periods differ from daily high/low: 2026-08-24/2026-08-30
WARN,ROLLUP_MISMATCH,universe_daily,NSE_EQ|INE280H01015,1w,1,1/183 periods differ from daily high/low: 2026-08-24/2026-08-30
WARN,ROLLUP_MISMATCH,universe_daily,NSE_EQ|INE281A01026,1w,1,1/823 periods differ from daily high/low: 2026-08-24/2026-08-30
WARN,ROLLUP_MISMATCH,universe_daily,NSE_EQ|INE281B01032,1w,1,1/168 periods differ from daily high/low: 2026-08-24/2026-08-30
WARN,ROLLUP_MISMATCH,universe_daily,NSE_EQ|INE283A01014,1w,1,1/818 periods differ from daily high/low: 2026-08-24/2026-08-30
WARN,ROLLUP_MISMATCH,universe_daily,NSE_EQ|INE283A01014,1mo,1,1/188 periods differ from daily high/low: 2026-08
WARN,ROLLUP_MISMATCH,universe_daily,NSE_EQ|INE284A01012,1w,1,1/1232 periods differ from daily high/low: 2026-08-24/2026-08-30
WARN,ROLLUP_MISMATCH,universe_daily,NSE_EQ|INE284B01028,1w,1,1/7 periods differ from daily high/low: 2026-08-24/2026-08-30
WARN,ROLLUP_MISMATCH,universe_daily,NSE_EQ|INE284H01025,1w,1,1/93 periods differ from daily high/low: 2026-08-24/2026-08-30
WARN,ROLLUP_MISMATCH,universe_daily,NSE_EQ|INE285A01027,1w,1,1/1232 periods differ from daily high/low: 2026-08-24/2026-08-30
WARN,ROLLUP_MISMATCH,universe_daily,NSE_EQ|INE285H01022,1w,1,1/1045 periods differ from daily high/low: 2026-08-24/2026-08-30
WARN,ROLLUP_MISMATCH,universe_daily,NSE_EQ|INE286H01012,1w,1,1/1071 periods differ from daily high/low: 2026-08-24/2026-08-30
WARN,ROLLUP_MISMATCH,universe_daily,NSE_EQ|INE286H01012,1mo,1,1/247 periods differ from daily high/low: 2026-08
WARN,ROLLUP_MISMATCH,universe_daily,NSE_EQ|INE287Z01012,1w,1,1/429 periods differ from daily high/low: 2026-08-24/2026-08-30
WARN,ROLLUP_MISMATCH,universe_daily,NSE_EQ|INE288B01029,1w,1,1/836 periods differ from daily high/low: 2026-08-24/2026-08-30
WARN,ROLLUP_MISMATCH,universe_daily,NSE_EQ|INE289A01011,1w,1,1/1236 periods differ from daily high/low: 2026-08-24/2026-08-30
WARN,ROLLUP_MISMATCH,universe_daily,NSE_EQ|INE289B01019,1w,1,1/1232 periods differ from daily high/low: 2026-08-24/2026-08-30
WARN,ROLLUP_MISMATCH,universe_daily,NSE_EQ|INE289B01019,1mo,1,1/285 periods differ from daily high/low: 2026-08
WARN,ROLLUP_MISMATCH,universe_daily,NSE_EQ|INE28GN01010,1w,1,1/47 periods differ from daily high/low: 2026-08-24/2026-08-30
WARN,ROLLUP_MISMATCH,universe_daily,NSE_EQ|INE28GN01010,1mo,1,1/11 periods differ from daily high/low: 2026-08
WARN,ROLLUP_MISMATCH,universe_daily,NSE_EQ|INE290A01027,1w,1,1/1236 periods differ from daily high/low: 2026-08-24/2026-08-30
WARN,ROLLUP_MISMATCH,universe_daily,NSE_EQ|INE291A01017,1w,1,1/244 periods differ from daily high/low: 2026-08-24/2026-08-30
WARN,ROLLUP_MISMATCH,universe_daily,NSE_EQ|INE291D01011,1w,1,1/550 periods differ from daily high/low: 2026-08-24/2026-08-30
WARN,ROLLUP_MISMATCH,universe_daily,NSE_EQ|INE292B01021,1w,1,1/1031 periods differ from daily high/low: 2026-08-24/2026-08-30
WARN,ROLLUP_MISMATCH,universe_daily,NSE_EQ|INE294B01019,1w,1,1/1236 periods differ from daily high/low: 2026-08-24/2026-08-30
WARN,ROLLUP_MISMATCH,universe_daily,NSE_EQ|INE294G01026,1w,1,1/313 periods differ from daily high/low: 2026-08-24/2026-08-30
WARN,ROLLUP_MISMATCH,universe_daily,NSE_EQ|INE294Z01018,1w,1,1/397 periods differ from daily high/low: 2026-08-24/2026-08-30
WARN,ROLLUP_MISMATCH,universe_daily,NSE_EQ|INE296C01020,1w,1,1/242 periods differ from daily high/low: 2026-08-24/2026-08-30
WARN,ROLLUP_MISMATCH,universe_daily,NSE_EQ|INE296G01013,1w,1,1/580 periods differ from daily high/low: 2026-08-24/2026-08-30
WARN,ROLLUP_MISMATCH,universe_daily,NSE_EQ|INE296Q01012,1w,1,1/51 periods differ from daily high/low: 2026-08-24/2026-08-30
WARN,ROLLUP_MISMATCH,universe_daily,NSE_EQ|INE297H01019,1w,1,1/1053 periods differ from daily high/low: 2026-08-24/2026-08-30
WARN,ROLLUP_MISMATCH,universe_daily,NSE_EQ|INE298A01020,1w,1,1/1232 periods differ from daily high/low: 2026-08-24/2026-08-30
WARN,ROLLUP_MISMATCH,universe_daily,NSE_EQ|INE298A01020,1mo,1,1/285 periods differ from daily high/low: 2026-08
WARN,ROLLUP_MISMATCH,universe_daily,NSE_EQ|INE298J01013,1w,1,1/465 periods differ from daily high/low: 2026-08-24/2026-08-30
WARN,ROLLUP_MISMATCH,universe_daily,NSE_EQ|INE298J01013,1mo,1,1/107 periods differ from daily high/low: 2026-08
WARN,ROLLUP_MISMATCH,universe_daily,NSE_EQ|INE298W01016,1w,1,1/7 periods differ from daily high/low: 2026-08-24/2026-08-30
WARN,ROLLUP_MISMATCH,universe_daily,NSE_EQ|INE299U01018,1w,1,1/543 periods differ from daily high/low: 2026-08-24/2026-08-30
WARN,ROLLUP_MISMATCH,universe_daily,NSE_EQ|INE2FMX01012,1w,1,1/13 periods differ from daily high/low: 2026-09-14/2026-09-20
WARN,ROLLUP_MISMATCH,universe_daily,NSE_EQ|INE2FMX01012,1mo,1,1/3 periods differ from daily high/low: 2026-09
WARN,ROLLUP_MISMATCH,universe_daily,NSE_EQ|INE2KCE01013,1w,1,1/33 periods differ from daily high/low: 2026-08-24/2026-08-30
WARN,ROLLUP_MISMATCH,universe_daily,NSE_EQ|INE2KCE01013,1mo,1,1/8 periods differ from daily high/low: 2026-08
WARN,ROLLUP_MISMATCH,universe_daily,NSE_EQ|INE301A01014,1w,1,1/1236 periods differ from daily high/low: 2026-08-24/2026-08-30
WARN,ROLLUP_MISMATCH,universe_daily,NSE_EQ|INE302A01020,1w,1,1/1232 periods differ from daily high/low: 2026-08-24/2026-08-30
WARN,ROLLUP_MISMATCH,universe_daily,NSE_EQ|INE302D01024,1w,1,1/12 periods differ from daily high/low: 2026-08-24/2026-08-30
WARN,ROLLUP_MISMATCH,universe_daily,NSE_EQ|INE303A01010,1w,1,1/1232 periods differ from daily high/low: 2026-08-24/2026-08-30
WARN,ROLLUP_MISMATCH,universe_daily,NSE_EQ|INE303R01014,1w,1,1/289 periods differ from daily high/low: 2026-08-24/2026-08-30
WARN,ROLLUP_MISMATCH,universe_daily,NSE_EQ|INE304D01012,1w,1,1/7 periods differ from daily high/low: 2026-08-24/2026-08-30
WARN,ROLLUP_MISMATCH,universe_daily,NSE_EQ|INE304D01012,1mo,1,1/2 periods differ from daily high/low: 2026-08
WARN,ROLLUP_MISMATCH,universe_daily,NSE_EQ|INE304W01038,1w,1,1/59 periods differ from daily high/low: 2026-08-24/2026-08-30
WARN,ROLLUP_MISMATCH,universe_daily,NSE_EQ|INE305A01023,1w,1,1/1236 periods differ from daily high/low: 2026-08-24/2026-08-30
WARN,ROLLUP_MISMATCH,universe_daily,NSE_EQ|INE306A01021,1w,1,1/1232 periods differ from daily high/low: 2026-08-24/2026-08-30
WARN,ROLLUP_MISMATCH,universe_daily,NSE_EQ|INE306A01021,1mo,1,1/285 periods differ from daily high/low: 2026-08
WARN,ROLLUP_MISMATCH,universe_daily,NSE_EQ|INE306R01017,1w,1,1/616 periods differ from daily high/low: 2026-08-24/2026-08-30
WARN,ROLLUP_MISMATCH,universe_daily,NSE_EQ|INE308A01027,1w,1,1/1236 periods differ from daily high/low: 2026-08-24/2026-08-30
WARN,ROLLUP_MISMATCH,universe_daily,NSE_EQ|INE308E01029,1w,1,1/273 periods differ from daily high/low: 2026-08-24/2026-08-30
WARN,ROLLUP_MISMATCH,universe_daily,NSE_EQ|INE308E01029,1mo,1,1/63 periods differ from daily high/low: 2026-08
WARN,ROLLUP_MISMATCH,universe_daily,NSE_EQ|INE309M01020,1w,1,1/1209 periods differ from daily high/low: 2026-08-24/2026-08-30
WARN,ROLLUP_MISMATCH,universe_daily,NSE_EQ|INE310C01029,1w,1,1/1232 periods differ from daily high/low: 2026-08-24/2026-08-30
WARN,ROLLUP_MISMATCH,universe_daily,NSE_EQ|INE311M01018,1w,1,1/7 periods differ from daily high/low: 2026-08-24/2026-08-30
WARN,ROLLUP_MISMATCH,universe_daily,NSE_EQ|INE311M01018,1mo,1,1/2 periods differ from daily high/low: 2026-08
WARN,ROLLUP_MISMATCH,universe_daily,NSE_EQ|INE312C01025,1w,1,1/203 periods differ from daily high/low: 2026-08-24/2026-08-30
WARN,ROLLUP_MISMATCH,universe_daily,NSE_EQ|INE314C01013,1w,1,1/821 periods differ from daily high/low: 2026-08-24/2026-08-30
WARN,ROLLUP_MISMATCH,universe_daily,NSE_EQ|INE314T01033,1w,1,1/547 periods differ from daily high/low: 2026-08-24/2026-08-30
WARN,ROLLUP_MISMATCH,universe_daily,NSE_EQ|INE316L01019,1w,1,1/549 periods differ from daily high/low: 2026-08-24/2026-08-30
WARN,ROLLUP_MISMATCH,universe_daily,NSE_EQ|INE318C01014,1w,1,1/24 periods differ from daily high/low: 2026-08-24/2026-08-30
WARN,ROLLUP_MISMATCH,universe_daily,NSE_EQ|INE320B01020,1w,1,1/992 periods differ from daily high/low: 2026-08-24/2026-08-30
WARN,ROLLUP_MISMATCH,universe_daily,NSE_EQ|INE320I01017,1w,1,1/7 periods differ from daily high/low: 2026-08-24/2026-08-30
WARN,ROLLUP_MISMATCH,universe_daily,NSE_EQ|INE320I01017,1mo,1,1/2 periods differ from daily high/low: 2026-08
WARN,ROLLUP_MISMATCH,universe_daily,NSE_EQ|INE320X01016,1w,1,1/477 periods differ from daily high/low: 2026-08-24/2026-08-30
WARN,ROLLUP_MISMATCH,universe_daily,NSE_EQ|INE321M01017,1w,1,1/24 periods differ from daily high/low: 2026-08-24/2026-08-30
WARN,ROLLUP_MISMATCH,universe_daily,NSE_EQ|INE322A01010,1w,1,1/1236 periods differ from daily high/low: 2026-08-24/2026-08-30
WARN,ROLLUP_MISMATCH,universe_daily,NSE_EQ|INE323C01030,1w,1,1/1232 periods differ from daily high/low: 2026-08-24/2026-08-30
WARN,ROLLUP_MISMATCH,universe_daily,NSE_EQ|INE323I01011,1w,1,1/997 periods differ from daily high/low: 2026-08-24/2026-08-30
WARN,ROLLUP_MISMATCH,universe_daily,NSE_EQ|INE323J01019,1w,1,1/532 periods differ from daily high/low: 2026-08-24/2026-08-30
WARN,ROLLUP_MISMATCH,universe_daily,NSE_EQ|INE324D01010,1w,1,1/51 periods differ from daily high/low: 2026-08-24/2026-08-30
WARN,ROLLUP_MISMATCH,universe_daily,NSE_EQ|INE324L01013,1w,1,1/826 periods differ from daily high/low: 2026-08-24/2026-08-30
WARN,ROLLUP_MISMATCH,universe_daily,NSE_EQ|INE325C01035,1w,1,1/494 periods differ from daily high/low: 2026-08-24/2026-08-30
WARN,ROLLUP_MISMATCH,universe_daily,NSE_EQ|INE326B01035,1w,1,1/955 periods differ from daily high/low: 2026-08-24/2026-08-30
WARN,ROLLUP_MISMATCH,universe_daily,NSE_EQ|INE330E01023,1w,1,1/7 periods differ from daily high/low: 2026-08-24/2026-08-30
WARN,ROLLUP_MISMATCH,universe_daily,NSE_EQ|INE330E01023,1mo,1,1/2 periods differ from daily high/low: 2026-08
WARN,ROLLUP_MISMATCH,universe_daily,NSE_EQ|INE330T01021,1w,1,1/145 periods differ from daily high/low: 2026-08-24/2026-08-30
WARN,ROLLUP_MISMATCH,universe_daily,NSE_EQ|INE332A01027,1w,1,1/1236 periods differ from daily high/low: 2026-08-24/2026-08-30
WARN,ROLLUP_MISMATCH,universe_daily,NSE_EQ|INE332A01027,1mo,1,1/285 periods differ from daily high/low: 2026-08
WARN,ROLLUP_MISMATCH,universe_daily,NSE_EQ|INE332H01014,1w,1,1/1073 periods differ from daily high/low: 2026-08-24/2026-08-30
WARN,ROLLUP_MISMATCH,universe_daily,NSE_EQ|INE332H01014,1mo,1,1/247 periods differ from daily high/low: 2026-08
WARN,ROLLUP_MISMATCH,universe_daily,NSE_EQ|INE335A01020,1w,1,1/1236 periods differ from daily high/low: 2026-08-24/2026-08-30
WARN,ROLLUP_MISMATCH,universe_daily,NSE_EQ|INE336X01012,1w,1,1/462 periods differ from daily high/low: 2026-08-24/2026-08-30
WARN,ROLLUP_MISMATCH,universe_daily,NSE_EQ|INE336X01012,1mo,1,1/108 periods differ from daily high/low: 2026-08
WARN,ROLLUP_MISMATCH,universe_daily,NSE_EQ|INE337M01021,1w,1,1/779 periods differ from daily high/low: 2026-08-24/2026-08-30
WARN,ROLLUP_MISMATCH,universe_daily,NSE_EQ|INE338A01024,1w,1,1/1236 periods differ from daily high/low: 2026-08-24/2026-08-30
WARN,ROLLUP_MISMATCH,universe_daily,NSE_EQ|INE338F01015,1w,1,1/24 periods differ from daily high/low: 2026-08-24/2026-08-30
WARN,ROLLUP_MISMATCH,universe_daily,NSE_EQ|INE338I01027,1w,1,1/995 periods differ from daily high/low: 2026-08-24/2026-08-30
WARN,ROLLUP_MISMATCH,universe_daily,NSE_EQ|INE340A01012,1w,1,1/1232 periods differ from daily high/low: 2026-08-24/2026-08-30
WARN,ROLLUP_MISMATCH,universe_daily,NSE_EQ|INE341H01023,1w,1,1/7 periods differ from daily high/low: 2026-08-24/2026-08-30
WARN,ROLLUP_MISMATCH,universe_daily,NSE_EQ|INE341R01014,1w,1,1/611 periods differ from daily high/low: 2026-08-24/2026-08-30
WARN,ROLLUP_MISMATCH,universe_daily,NSE_EQ|INE342J01019,1w,1,1/940 periods differ from daily high/low: 2026-08-24/2026-08-30
WARN,ROLLUP_MISMATCH,universe_daily,NSE_EQ|INE343H01029,1w,1,1/1070 periods differ from daily high/low: 2026-08-24/2026-08-30
WARN,ROLLUP_MISMATCH,universe_daily,NSE_EQ|INE344D01018,1w,1,1/7 periods differ from daily high/low: 2026-08-24/2026-08-30
WARN,ROLLUP_MISMATCH,universe_daily,NSE_EQ|INE345A01011,1w,1,1/1232 periods differ from daily high/low: 2026-08-24/2026-08-30
WARN,ROLLUP_MISMATCH,universe_daily,NSE_EQ|INE345H01024,1w,1,1/77 periods differ from daily high/low: 2026-08-24/2026-08-30
WARN,ROLLUP_MISMATCH,universe_daily,NSE_EQ|INE346W01013,1w,1,1/474 periods differ from daily high/low: 2026-08-24/2026-08-30
WARN,ROLLUP_MISMATCH,universe_daily,NSE_EQ|INE347G01014,1w,1,1/1172 periods differ from daily high/low: 2026-08-24/2026-08-30
WARN,ROLLUP_MISMATCH,universe_daily,NSE_EQ|INE347W01011,1w,1,1/475 periods differ from daily high/low: 2026-08-24/2026-08-30
WARN,ROLLUP_MISMATCH,universe_daily,NSE_EQ|INE347W01011,1mo,1,1/110 periods differ from daily high/low: 2026-08
WARN,ROLLUP_MISMATCH,universe_daily,NSE_EQ|INE348A01023,1w,1,1/1232 periods differ from daily high/low: 2026-08-24/2026-08-30
WARN,ROLLUP_MISMATCH,universe_daily,NSE_EQ|INE348B01021,1w,1,1/1072 periods differ from daily high/low: 2026-08-24/2026-08-30
WARN,ROLLUP_MISMATCH,universe_daily,NSE_EQ|INE348L01012,1w,1,1/468 periods differ from daily high/low: 2026-08-24/2026-08-30
WARN,ROLLUP_MISMATCH,universe_daily,NSE_EQ|INE348N01042,1w,1,1/7 periods differ from daily high/low: 2026-08-24/2026-08-30
WARN,ROLLUP_MISMATCH,universe_daily,NSE_EQ|INE349A01021,1w,1,1/1236 periods differ from daily high/low: 2026-08-24/2026-08-30
WARN,ROLLUP_MISMATCH,universe_daily,NSE_EQ|INE349W01017,1w,1,1/480 periods differ from daily high/low: 2026-08-24/2026-08-30
WARN,ROLLUP_MISMATCH,universe_daily,NSE_EQ|INE349W01017,1mo,1,1/111 periods differ from daily high/low: 2026-08
WARN,ROLLUP_MISMATCH,universe_daily,NSE_EQ|INE350C01017,1w,1,1/478 periods differ from daily high/low: 2026-08-24/2026-08-30
WARN,ROLLUP_MISMATCH,universe_daily,NSE_EQ|INE351F01018,1w,1,1/1120 periods differ from daily high/low: 2026-08-24/2026-08-30
WARN,ROLLUP_MISMATCH,universe_daily,NSE_EQ|INE351Y01019,1w,1,1/458 periods differ from daily high/low: 2026-08-24/2026-08-30
WARN,ROLLUP_MISMATCH,universe_daily,NSE_EQ|INE353A01023,1w,1,1/1236 periods differ from daily high/low: 2026-08-24/2026-08-30
WARN,ROLLUP_MISMATCH,universe_daily,NSE_EQ|INE353K01014,1w,1,1/510 periods differ from daily high/low: 2026-08-24/2026-08-30
WARN,ROLLUP_MISMATCH,universe_daily,NSE_EQ|INE354A01013,1w,1,1/7 periods differ from daily high/low: 2026-08-24/2026-08-30
WARN,ROLLUP_MISMATCH,universe_daily,NSE_EQ|INE354A01013,1mo,1,1/2 periods differ from daily high/low: 2026-08
WARN,ROLLUP_MISMATCH,universe_daily,NSE_EQ|INE355A01028,1w,1,1/1236 periods differ from daily high/low: 2026-08-24/2026-08-30
WARN,ROLLUP_MISMATCH,universe_daily,NSE_EQ|INE358A01014,1w,1,1/1236 periods differ from daily high/low: 2026-08-24/2026-08-30
WARN,ROLLUP_MISMATCH,universe_daily,NSE_EQ|INE358U01012,1w,4,"4/1157 periods differ from daily high/low: 2017-05-15/2017-05-21, 2017-05-22/2017-05-28, 2017-05-29/2017-06-04"
WARN,ROLLUP_MISMATCH,universe_daily,NSE_EQ|INE359B01010,1w,1,1/7 periods differ from daily high/low: 2026-08-24/2026-08-30
WARN,ROLLUP_MISMATCH,universe_daily,NSE_EQ|INE360L01017,1w,1,1/823 periods differ from daily high/low: 2026-08-24/2026-08-30
WARN,ROLLUP_MISMATCH,universe_daily,NSE_EQ|INE361B01024,1w,1,1/1226 periods differ from daily high/low: 2026-08-24/2026-08-30
WARN,ROLLUP_MISMATCH,universe_daily,NSE_EQ|INE361K01017,1w,1,1/22 periods differ from daily high/low: 2026-08-24/2026-08-30
WARN,ROLLUP_MISMATCH,universe_daily,NSE_EQ|INE361K01017,1mo,1,1/5 periods differ from daily high/low: 2026-08
WARN,ROLLUP_MISMATCH,universe_daily,NSE_EQ|INE362A01016,1w,1,1/727 periods differ from daily high/low: 2026-08-24/2026-08-30
WARN,ROLLUP_MISMATCH,universe_daily,NSE_EQ|INE362D01010,1w,1,1/7 periods differ from daily high/low: 2026-08-24/2026-08-30
WARN,ROLLUP_MISMATCH,universe_daily,NSE_EQ|INE363A01022,1w,1,1/1232 periods differ from daily high/low: 2026-08-24/2026-08-30
WARN,ROLLUP_MISMATCH,universe_daily,NSE_EQ|INE365B01017,1w,1,1/1166 periods differ from daily high/low: 2026-08-24/2026-08-30
WARN,ROLLUP_MISMATCH,universe_daily,NSE_EQ|INE366A01041,1w,1,1/1131 periods differ from daily high/low: 2026-08-24/2026-08-30
WARN,ROLLUP_MISMATCH,universe_daily,NSE_EQ|INE366A01041,1mo,1,1/261 periods differ from daily high/low: 2026-08
WARN,ROLLUP_MISMATCH,universe_daily,NSE_EQ|INE366C01021,1w,1,1/24 periods differ from daily high/low: 2026-08-24/2026-08-30
WARN,ROLLUP_MISMATCH,universe_daily,NSE_EQ|INE366C01021,1mo,1,1/6 periods differ from daily high/low: 2026-08
WARN,ROLLUP_MISMATCH,universe_daily,NSE_EQ|INE367G01038,1w,1,1/1059 periods differ from daily high/low: 2026-08-24/2026-08-30
WARN,ROLLUP_MISMATCH,universe_daily,NSE_EQ|INE367G01038,1mo,1,1/244 periods differ from daily high/low: 2026-08
WARN,ROLLUP_MISMATCH,universe_daily,NSE_EQ|INE368I01016,1w,1,1/314 periods differ from daily high/low: 2026-08-24/2026-08-30
WARN,ROLLUP_MISMATCH,universe_daily,NSE_EQ|INE368U01029,1w,1,1/406 periods differ from daily high/low: 2026-08-24/2026-08-30
WARN,ROLLUP_MISMATCH,universe_daily,NSE_EQ|INE368U01029,1mo,1,1/111 periods differ from daily high/low: 2026-08
WARN,ROLLUP_MISMATCH,universe_daily,NSE_EQ|INE369A01029,1w,1,1/1232 periods differ from daily high/low: 2026-08-24/2026-08-30
WARN,ROLLUP_MISMATCH,universe_daily,NSE_EQ|INE370D01013,1w,1,1/257 periods differ from daily high/low: 2026-08-24/2026-08-30
WARN,ROLLUP_MISMATCH,universe_daily,NSE_EQ|INE370E01029,1w,1,1/698 periods differ from daily high/low: 2026-08-24/2026-08-30
WARN,ROLLUP_MISMATCH,universe_daily,NSE_EQ|INE371A01025,1w,1,1/1232 periods differ from daily high/low: 2026-08-24/2026-08-30
WARN,ROLLUP_MISMATCH,universe_daily,NSE_EQ|INE371C01013,1w,1,1/515 periods differ from daily high/low: 2026-08-24/2026-08-30
WARN,ROLLUP_MISMATCH,universe_daily,NSE_EQ|INE371P01015,1w,1,1/453 periods differ from daily high/low: 2026-08-24/2026-08-30
WARN,ROLLUP_MISMATCH,universe_daily,NSE_EQ|INE372A01015,1w,1,1/1160 periods differ from daily high/low: 2026-08-24/2026-08-30
WARN,ROLLUP_MISMATCH,universe_daily,NSE_EQ|INE373A01013,1w,1,1/1232 periods differ from daily high/low: 2026-08-24/2026-08-30
WARN,ROLLUP_MISMATCH,universe_daily,NSE_EQ|INE375Y01018,1w,1,1/386 periods differ from daily high/low: 2026-08-24/2026-08-30
WARN,ROLLUP_MISMATCH,universe_daily,NSE_EQ|INE377E01024,1w,1,1/261 periods differ from daily high/low: 2026-08-24/2026-08-30
WARN,ROLLUP_MISMATCH,universe_daily,NSE_EQ|INE377N01017,1w,1,1/101 periods differ from daily high/low: 2026-08-24/2026-08-30
WARN,ROLLUP_MISMATCH,universe_daily,NSE_EQ|INE383L01019,1w,1,1/7 periods differ from daily high/low: 2026-08-24/2026-08-30
WARN,ROLLUP_MISMATCH,universe_daily,NSE_EQ|INE384A01010,1w,1,1/1236 periods differ from daily high/low: 2026-08-24/2026-08-30
WARN,ROLLUP_MISMATCH,universe_daily,NSE_EQ|INE385I01010,1w,1,1/792 periods differ from daily high/low: 2026-08-24/2026-08-30
WARN,ROLLUP_MISMATCH,universe_daily,NSE_EQ|INE386A01023,1w,1,1/1236 periods differ from daily high/low: 2026-08-24/2026-08-30
WARN,ROLLUP_MISMATCH,universe_daily,NSE_EQ|INE386C01029,1w,1,1/1144 periods differ from daily high/low: 2026-08-24/2026-08-30
WARN,ROLLUP_MISMATCH,universe_daily,NSE_EQ|INE386C01029,1mo,1,1/263 periods differ from daily high/low: 2026-08
WARN,ROLLUP_MISMATCH,universe_daily,NSE_EQ|INE386D01027,1w,1,1/276 periods differ from daily high/low: 2026-08-24/2026-08-30
WARN,ROLLUP_MISMATCH,universe_daily,NSE_EQ|INE389C01015,1w,1,1/305 periods differ from daily high/low: 2026-08-24/2026-08-30
WARN,ROLLUP_MISMATCH,universe_daily,NSE_EQ|INE389H01022,1w,1,1/1074 periods differ from daily high/low: 2026-08-24/2026-08-30
WARN,ROLLUP_MISMATCH,universe_daily,NSE_EQ|INE390D01011,1w,1,1/7 periods differ from daily high/low: 2026-08-24/2026-08-30
WARN,ROLLUP_MISMATCH,universe_daily,NSE_EQ|INE391D01019,1w,1,1/873 periods differ from daily high/low: 2026-08-24/2026-08-30
WARN,ROLLUP_MISMATCH,universe_daily,NSE_EQ|INE392A01021,1w,1,1/1236 periods differ from daily high/low: 2026-08-24/2026-08-30
WARN,ROLLUP_MISMATCH,universe_daily,NSE_EQ|INE392B01011,1w,1,1/1236 periods differ from daily high/low: 2026-08-24/2026-08-30
WARN,ROLLUP_MISMATCH,universe_daily,NSE_EQ|INE395H01011,1w,1,1/496 periods differ from daily high/low: 2026-08-24/2026-08-30
WARN,ROLLUP_MISMATCH,universe_daily,NSE_EQ|INE395N01027,1w,1,1/163 periods differ from daily high/low: 2026-08-24/2026-08-30
WARN,ROLLUP_MISMATCH,universe_daily,NSE_EQ|INE395N01027,1mo,1,1/38 periods differ from daily high/low: 2026-08
WARN,ROLLUP_MISMATCH,universe_daily,NSE_EQ|INE395U01014,1w,1,1/188 periods differ from daily high/low: 2026-08-24/2026-08-30
WARN,ROLLUP_MISMATCH,universe_daily,NSE_EQ|INE397D01024,1w,1,1/1236 periods differ from daily high/low: 2026-08-24/2026-08-30
WARN,ROLLUP_MISMATCH,universe_daily,NSE_EQ|INE398A01010,1w,1,1/1236 periods differ from daily high/low: 2026-08-24/2026-08-30
WARN,ROLLUP_MISMATCH,universe_daily,NSE_EQ|INE399C01030,1w,1,1/1129 periods differ from daily high/low: 2026-08-24/2026-08-30
WARN,ROLLUP_MISMATCH,universe_daily,NSE_EQ|INE399K01017,1w,1,1/884 periods differ from daily high/low: 2026-08-24/2026-08-30
WARN,ROLLUP_MISMATCH,universe_daily,NSE_EQ|INE400A01014,1w,1,1/7 periods differ from daily high/low: 2026-08-24/2026-08-30
WARN,ROLLUP_MISMATCH,universe_daily,NSE_EQ|INE401H01017,1w,1,1/1069 periods differ from daily high/low: 2026-08-24/2026-08-30
WARN,ROLLUP_MISMATCH,universe_daily,NSE_EQ|INE402H01015,1w,1,1/24 periods differ from daily high/low: 2026-08-24/2026-08-30
WARN,ROLLUP_MISMATCH,universe_daily,NSE_EQ|INE403F01017,1w,1,1/24 periods differ from daily high/low: 2026-08-24/2026-08-30
WARN,ROLLUP_MISMATCH,universe_daily,NSE_EQ|INE403Y01018,1w,1,1/462 periods differ from daily high/low: 2026-08-24/2026-08-30
WARN,ROLLUP_MISMATCH,universe_daily,NSE_EQ|INE406M01024,1w,1,1/484 periods differ from daily high/low: 2026-08-24/2026-08-30
WARN,ROLLUP_MISMATCH,universe_daily,NSE_EQ|INE409B01013,1w,1,1/1065 periods differ from daily high/low: 2026-08-24/2026-08-30
WARN,ROLLUP_MISMATCH,universe_daily,NSE_EQ|INE410B01037,1w,1,1/897 periods differ from daily high/low: 2026-08-24/2026-08-30
WARN,ROLLUP_MISMATCH,universe_daily,NSE_EQ|INE410P01011,1w,1,1/561 periods differ from daily high/low: 2026-08-24/2026-08-30
WARN,ROLLUP_MISMATCH,universe_daily,NSE_EQ|INE412C01023,1w,1,1/603 periods differ from daily high/low: 2026-08-24/2026-08-30
WARN,ROLLUP_MISMATCH,universe_daily,NSE_EQ|INE412G01024,1w,1,1/292 periods differ from daily high/low: 2026-08-24/2026-08-30
WARN,ROLLUP_MISMATCH,universe_daily,NSE_EQ|INE412G01024,1mo,1,1/67 periods differ from daily high/low: 2026-08
WARN,ROLLUP_MISMATCH,universe_daily,NSE_EQ|INE413B01023,1w,1,1/812 periods differ from daily high/low: 2026-08-24/2026-08-30
WARN,ROLLUP_MISMATCH,universe_daily,NSE_EQ|INE413D01011,1w,1,1/24 periods differ from daily high/low: 2026-08-24/2026-08-30
WARN,ROLLUP_MISMATCH,universe_daily,NSE_EQ|INE413G01022,1w,1,1/594 periods differ from daily high/low: 2026-08-24/2026-08-30
WARN,ROLLUP_MISMATCH,universe_daily,NSE_EQ|INE413G01022,1mo,1,1/137 periods differ from daily high/low: 2026-08
WARN,ROLLUP_MISMATCH,universe_daily,NSE_EQ|INE414A01015,1w,1,1/823 periods differ from daily high/low: 2026-08-24/2026-08-30
WARN,ROLLUP_MISMATCH,universe_daily,NSE_EQ|INE414G01012,1w,1,1/805 periods differ from daily high/low: 2026-08-24/2026-08-30
WARN,ROLLUP_MISMATCH,universe_daily,NSE_EQ|INE415B01044,1w,1,1/30 periods differ from daily high/low: 2026-08-24/2026-08-30
WARN,ROLLUP_MISMATCH,universe_daily,NSE_EQ|INE415D01024,1w,1,1/80 periods differ from daily high/low: 2026-08-24/2026-08-30
WARN,ROLLUP_MISMATCH,universe_daily,NSE_EQ|INE415G01027,1w,1,1/391 periods differ from daily high/low: 2026-08-24/2026-08-30
WARN,ROLLUP_MISMATCH,universe_daily,NSE_EQ|INE415I01015,1w,1,1/963 periods differ from daily high/low: 2026-08-24/2026-08-30
WARN,ROLLUP_MISMATCH,universe_daily,NSE_EQ|INE416A01051,1w,1,1/131 periods differ from daily high/low: 2026-08-24/2026-08-30
WARN,ROLLUP_MISMATCH,universe_daily,NSE_EQ|INE417B01040,1w,1,1/1155 periods differ from daily high/low: 2026-08-24/2026-08-30
WARN,ROLLUP_MISMATCH,universe_daily,NSE_EQ|INE418H01029,1w,1,1/1059 periods differ from daily high/low: 2026-08-24/2026-08-30
WARN,ROLLUP_MISMATCH,universe_daily,NSE_EQ|INE418H01029,1mo,1,1/244 periods differ from daily high/low: 2026-08
WARN,ROLLUP_MISMATCH,universe_daily,NSE_EQ|INE419A01022,1w,1,1/1231 periods differ from daily high/low: 2026-08-24/2026-08-30
WARN,ROLLUP_MISMATCH,universe_daily,NSE_EQ|INE419A01022,1mo,1,1/284 periods differ from daily high/low: 2026-08
WARN,ROLLUP_MISMATCH,universe_daily,NSE_EQ|INE419D01026,1w,1,1/282 periods differ from daily high/low: 2026-08-24/2026-08-30
WARN,ROLLUP_MISMATCH,universe_daily,NSE_EQ|INE419M01035,1w,1,1/787 periods differ from daily high/low: 2026-08-24/2026-08-30
WARN,ROLLUP_MISMATCH,universe_daily,NSE_EQ|INE420B01036,1w,1,1/277 periods differ from daily high/low: 2026-08-24/2026-08-30
WARN,ROLLUP_MISMATCH,universe_daily,NSE_EQ|INE420C01059,1w,1,1/903 periods differ from daily high/low: 2026-08-24/2026-08-30
WARN,ROLLUP_MISMATCH,universe_daily,NSE_EQ|INE421D01022,1w,1,1/1164 periods differ from daily high/low: 2026-08-24/2026-08-30
WARN,ROLLUP_MISMATCH,universe_daily,NSE_EQ|INE425B01027,1w,1,1/567 periods differ from daily high/low: 2026-08-24/2026-08-30
WARN,ROLLUP_MISMATCH,universe_daily,NSE_EQ|INE426Z01016,1w,1,1/235 periods differ from daily high/low: 2026-08-24/2026-08-30
WARN,ROLLUP_MISMATCH,universe_daily,NSE_EQ|INE426Z01016,1mo,1,1/54 periods differ from daily high/low: 2026-08
WARN,ROLLUP_MISMATCH,universe_daily,NSE_EQ|INE427F01016,1w,1,1/400 periods differ from daily high/low: 2026-08-24/2026-08-30
WARN,ROLLUP_MISMATCH,universe_daily,NSE_EQ|INE428V01029,1w,1,1/42 periods differ from daily high/low: 2026-08-24/2026-08-30
WARN,ROLLUP_MISMATCH,universe_daily,NSE_EQ|INE429I01024,1w,1,1/902 periods differ from daily high/low: 2026-08-24/2026-08-30
WARN,ROLLUP_MISMATCH,universe_daily,NSE_EQ|INE430N01022,1w,1,1/364 periods differ from daily high/low: 2026-08-24/2026-08-30
WARN,ROLLUP_MISMATCH,universe_daily,NSE_EQ|INE435A01051,1w,1,1/1165 periods differ from daily high/low: 2026-08-24/2026-08-30
WARN,ROLLUP_MISMATCH,universe_daily,NSE_EQ|INE435C01024,1w,1,1/1152 periods differ from daily high/low: 2026-08-24/2026-08-30
WARN,ROLLUP_MISMATCH,universe_daily,NSE_EQ|INE437A01024,1w,1,1/1232 periods differ from daily high/low: 2026-08-24/2026-08-30
WARN,ROLLUP_MISMATCH,universe_daily,NSE_EQ|INE437B01014,1w,1,1/1233 periods differ from daily high/low: 2026-08-24/2026-08-30
WARN,ROLLUP_MISMATCH,universe_daily,NSE_EQ|INE438A01022,1w,1,1/1232 periods differ from daily high/low: 2026-08-24/2026-08-30
WARN,ROLLUP_MISMATCH,universe_daily,NSE_EQ|INE438A01022,1mo,1,1/285 periods differ from daily high/low: 2026-08
WARN,ROLLUP_MISMATCH,universe_daily,NSE_EQ|INE438E01032,1w,1,1/24 periods differ from daily high/low: 2026-08-24/2026-08-30
WARN,ROLLUP_MISMATCH,universe_daily,NSE_EQ|INE438K01021,1w,1,1/158 periods differ from daily high/low: 2026-08-24/2026-08-30
WARN,ROLLUP_MISMATCH,universe_daily,NSE_EQ|INE438K01021,1mo,1,1/37 periods differ from daily high/low: 2026-08
WARN,ROLLUP_MISMATCH,universe_daily,NSE_EQ|INE439A01020,1w,1,1/1232 periods differ from daily high/low: 2026-08-24/2026-08-30
WARN,ROLLUP_MISMATCH,universe_daily,NSE_EQ|INE440A01010,1w,1,1/1227 periods differ from daily high/low: 2026-08-24/2026-08-30
WARN,ROLLUP_MISMATCH,universe_daily,NSE_EQ|INE440G01017,1w,1,1/7 periods differ from daily high/low: 2026-08-24/2026-08-30
WARN,ROLLUP_MISMATCH,universe_daily,NSE_EQ|INE440T01028,1w,1,1/24 periods differ from daily high/low: 2026-08-24/2026-08-30
WARN,ROLLUP_MISMATCH,universe_daily,NSE_EQ|INE442H01029,1w,1,1/834 periods differ from daily high/low: 2026-08-24/2026-08-30
WARN,ROLLUP_MISMATCH,universe_daily,NSE_EQ|INE442P01014,1w,1,1/111 periods differ from daily high/low: 2026-08-24/2026-08-30
WARN,ROLLUP_MISMATCH,universe_daily,NSE_EQ|INE445D01013,1w,1,1/24 periods differ from daily high/low: 2026-08-24/2026-08-30
WARN,ROLLUP_MISMATCH,universe_daily,NSE_EQ|INE446A01025,1w,1,1/93 periods differ from daily high/low: 2026-08-24/2026-08-30
WARN,ROLLUP_MISMATCH,universe_daily,NSE_EQ|INE448G01010,1w,1,1/662 periods differ from daily high/low: 2026-08-24/2026-08-30
WARN,ROLLUP_MISMATCH,universe_daily,NSE_EQ|INE449C01025,1w,1,1/7 periods differ from daily high/low: 2026-08-24/2026-08-30
WARN,ROLLUP_MISMATCH,universe_daily,NSE_EQ|INE450D01021,1w,1,1/1027 periods differ from daily high/low: 2026-08-24/2026-08-30
WARN,ROLLUP_MISMATCH,universe_daily,NSE_EQ|INE451A01017,1w,1,1/357 periods differ from daily high/low: 2026-08-24/2026-08-30
WARN,ROLLUP_MISMATCH,universe_daily,NSE_EQ|INE451D01029,1w,10,"10/383 periods differ from daily high/low: 2016-01-11/2016-01-17, 2016-02-01/2016-02-07, 2016-02-29/2016-03-06"
WARN,ROLLUP_MISMATCH,universe_daily,NSE_EQ|INE451D01029,1mo,7,"7/91 periods differ from daily high/low: 2016-01, 2016-02, 2016-03"
WARN,ROLLUP_MISMATCH,universe_daily,NSE_EQ|INE452L01012,1w,1,1/532 periods differ from daily high/low: 2026-08-24/2026-08-30
WARN,ROLLUP_MISMATCH,universe_daily,NSE_EQ|INE452L01012,1mo,1,1/123 periods differ from daily high/low: 2026-08
WARN,ROLLUP_MISMATCH,universe_daily,NSE_EQ|INE453B01029,1w,1,1/762 periods differ from daily high/low: 2026-08-24/2026-08-30
WARN,ROLLUP_MISMATCH,universe_daily,NSE_EQ|INE453B01029,1mo,1,1/175 periods differ from daily high/low: 2026-08
WARN,ROLLUP_MISMATCH,universe_daily,NSE_EQ|INE453D01025,1w,1,1/1029 periods differ from daily high/low: 2026-08-24/2026-08-30
WARN,ROLLUP_MISMATCH,universe_daily,NSE_EQ|INE454P01035,1w,1,1/93 periods differ from daily high/low: 2026-08-24/2026-08-30
WARN,ROLLUP_MISMATCH,universe_daily,NSE_EQ|INE455I01029,1w,1,1/992 periods differ from daily high/low: 2026-08-24/2026-08-30
WARN,ROLLUP_MISMATCH,universe_daily,NSE_EQ|INE457A01014,1w,1,1/1169 periods differ from daily high/low: 2026-08-24/2026-08-30
WARN,ROLLUP_MISMATCH,universe_daily,NSE_EQ|INE457G01029,1w,1,1/7 periods differ from daily high/low: 2026-08-24/2026-08-30
WARN,ROLLUP_MISMATCH,universe_daily,NSE_EQ|INE458F01011,1w,1,1/873 periods differ from daily high/low: 2026-08-24/2026-08-30
WARN,ROLLUP_MISMATCH,universe_daily,NSE_EQ|INE459A01010,1w,1,1/1232 periods differ from daily high/low: 2026-08-24/2026-08-30
WARN,ROLLUP_MISMATCH,universe_daily,NSE_EQ|INE459N01021,1w,1,1/9 periods differ from daily high/low: 2026-08-24/2026-08-30
WARN,ROLLUP_MISMATCH,universe_daily,NSE_EQ|INE460D01038,1w,1,1/7 periods differ from daily high/low: 2026-08-24/2026-08-30
WARN,ROLLUP_MISMATCH,universe_daily,NSE_EQ|INE461B01014,1w,1,1/1085 periods differ from daily high/low: 2026-08-24/2026-08-30
WARN,ROLLUP_MISMATCH,universe_daily,NSE_EQ|INE461C01038,1w,1,1/1228 periods differ from daily high/low: 2026-08-24/2026-08-30
WARN,ROLLUP_MISMATCH,universe_daily,NSE_EQ|INE461D01028,1w,1,1/293 periods differ from daily high/low: 2026-08-24/2026-08-30
WARN,ROLLUP_MISMATCH,universe_daily,NSE_EQ|INE463A01038,1w,1,1/1232 periods differ from daily high/low: 2026-08-24/2026-08-30
WARN,ROLLUP_MISMATCH,universe_daily,NSE_EQ|INE464A01036,1w,1,1/1037 periods differ from daily high/low: 2026-08-24/2026-08-30
WARN,ROLLUP_MISMATCH,universe_daily,NSE_EQ|INE465A01025,1w,1,1/1232 periods differ from daily high/low: 2026-08-24/2026-08-30
WARN,ROLLUP_MISMATCH,universe_daily,NSE_EQ|INE473A01011,1w,1,1/1232 periods differ from daily high/low: 2026-08-24/2026-08-30
WARN,ROLLUP_MISMATCH,universe_daily,NSE_EQ|INE473B01035,1w,1,1/642 periods differ from daily high/low: 2026-08-24/2026-08-30
WARN,ROLLUP_MISMATCH,universe_daily,NSE_EQ|INE473D01015,1w,1,1/516 periods differ from daily high/low: 2026-08-24/2026-08-30
WARN,ROLLUP_MISMATCH,universe_daily,NSE_EQ|INE474E01029,1w,1,1/505 periods differ from daily high/low: 2026-08-24/2026-08-30
WARN,ROLLUP_MISMATCH,universe_daily,NSE_EQ|INE475B01022,1w,1,1/1236 periods differ from daily high/low: 2026-08-24/2026-08-30
WARN,ROLLUP_MISMATCH,universe_daily,NSE_EQ|INE477A01020,1w,1,1/1232 periods differ from daily high/low: 2026-08-24/2026-08-30
WARN,ROLLUP_MISMATCH,universe_daily,NSE_EQ|INE477B01010,1w,1,1/978 periods differ from daily high/low: 2026-08-24/2026-08-30
WARN,ROLLUP_MISMATCH,universe_daily,NSE_EQ|INE478D01014,1w,1,1/7 periods differ from daily high/low: 2026-08-24/2026-08-30
WARN,ROLLUP_MISMATCH,universe_daily,NSE_EQ|INE480C01038,1w,1,1/653 periods differ from daily high/low: 2026-08-24/2026-08-30
WARN,ROLLUP_MISMATCH,universe_daily,NSE_EQ|INE480M01011,1w,1,1/571 periods differ from daily high/low: 2026-08-24/2026-08-30
WARN,ROLLUP_MISMATCH,universe_daily,NSE_EQ|INE482A01020,1w,1,1/1232 periods differ from daily high/low: 2026-08-24/2026-08-30
WARN,ROLLUP_MISMATCH,universe_daily,NSE_EQ|INE482B01010,1w,1,1/510 periods differ from daily high/low: 2026-08-24/2026-08-30
WARN,ROLLUP_MISMATCH,universe_daily,NSE_EQ|INE482D01024,1w,1,1/299 periods differ from daily high/low: 2026-08-24/2026-08-30
WARN,ROLLUP_MISMATCH,universe_daily,NSE_EQ|INE483B01026,1w,1,1/1099 periods differ from daily high/low: 2026-08-24/2026-08-30
WARN,ROLLUP_MISMATCH,universe_daily,NSE_EQ|INE483C01032,1w,1,1/1031 periods differ from daily high/low: 2026-08-24/2026-08-30
WARN,ROLLUP_MISMATCH,universe_daily,NSE_EQ|INE483S01020,1w,1,1/548 periods differ from daily high/low: 2026-08-24/2026-08-30
WARN,ROLLUP_MISMATCH,universe_daily,NSE_EQ|INE485A01015,1w,1,1/1232 periods differ from daily high/low: 2026-08-24/2026-08-30
WARN,ROLLUP_MISMATCH,universe_daily,NSE_EQ|INE485C01029,1w,1,1/830 periods differ from daily high/low: 2026-08-24/2026-08-30
WARN,ROLLUP_MISMATCH,universe_daily,NSE_EQ|INE486A01021,1w,1,1/1232 periods differ from daily high/low: 2026-08-24/2026-08-30
WARN,ROLLUP_MISMATCH,universe_daily,NSE_EQ|INE486Y01013,1w,1,1/439 periods differ from daily high/low: 2026-08-24/2026-08-30
WARN,ROLLUP_MISMATCH,universe_daily,NSE_EQ|INE488A01050,1w,1,1/267 periods differ from daily high/low: 2026-08-24/2026-08-30
WARN,ROLLUP_MISMATCH,universe_daily,NSE_EQ|INE488B01017,1w,1,1/498 periods differ from daily high/low: 2026-08-24/2026-08-30
WARN,ROLLUP_MISMATCH,universe_daily,NSE_EQ|INE488V01015,1w,1,1/488 periods differ from daily high/low: 2026-08-24/2026-08-30
WARN,ROLLUP_MISMATCH,universe_daily,NSE_EQ|INE489G01022,1w,1,1/94 periods differ from daily high/low: 2026-08-24/2026-08-30
WARN,ROLLUP_MISMATCH,universe_daily,NSE_EQ|INE491A01021,1w,1,1/1232 periods differ from daily high/low: 2026-08-24/2026-08-30
WARN,ROLLUP_MISMATCH,universe_daily,NSE_EQ|INE491V01019,1w,1,1/384 periods differ from daily high/low: 2026-08-24/2026-08-30
WARN,ROLLUP_MISMATCH,universe_daily,NSE_EQ|INE493H01014,1w,1,1/7 periods differ from daily high/low: 2026-08-24/2026-08-30
WARN,ROLLUP_MISMATCH,universe_daily,NSE_EQ|INE493H01014,1mo,1,1/2 periods differ from daily high/low: 2026-08
WARN,ROLLUP_MISMATCH,universe_daily,NSE_EQ|INE495A01022,1w,1,1/1232 periods differ from daily high/low: 2026-08-24/2026-08-30
WARN,ROLLUP_MISMATCH,universe_daily,NSE_EQ|INE495A01022,1mo,1,1/285 periods differ from daily high/low: 2026-08
WARN,ROLLUP_MISMATCH,universe_daily,NSE_EQ|INE495B01038,1w,1,1/1193 periods differ from daily high/low: 2026-08-24/2026-08-30
WARN,ROLLUP_MISMATCH,universe_daily,NSE_EQ|INE495C01010,1w,1,1/1236 periods differ from daily high/low: 2026-08-24/2026-08-30
WARN,ROLLUP_MISMATCH,universe_daily,NSE_EQ|INE495C01010,1mo,1,1/285 periods differ from daily high/low: 2026-08
WARN,ROLLUP_MISMATCH,universe_daily,NSE_EQ|INE495S01016,1w,1,1/522 periods differ from daily high/low: 2026-08-24/2026-08-30
WARN,ROLLUP_MISMATCH,universe_daily,NSE_EQ|INE497B01018,1w,1,1/1236 periods differ from daily high/low: 2026-08-24/2026-08-30
WARN,ROLLUP_MISMATCH,universe_daily,NSE_EQ|INE497S01012,1w,1,1/101 periods differ from daily high/low: 2026-08-24/2026-08-30
WARN,ROLLUP_MISMATCH,universe_daily,NSE_EQ|INE498B01024,1w,1,1/1115 periods differ from daily high/low: 2026-08-24/2026-08-30
WARN,ROLLUP_MISMATCH,universe_daily,NSE_EQ|INE498Q01014,1w,1,1/103 periods differ from daily high/low: 2026-08-24/2026-08-30
WARN,ROLLUP_MISMATCH,universe_daily,NSE_EQ|INE499A01024,1w,1,1/1232 periods differ from daily high/low: 2026-08-24/2026-08-30
WARN,ROLLUP_MISMATCH,universe_daily,NSE_EQ|INE499A01024,1mo,1,1/285 periods differ from daily high/low: 2026-08
WARN,ROLLUP_MISMATCH,universe_daily,NSE_EQ|INE500A01029,1w,1,1/1232 periods differ from daily high/low: 2026-08-24/2026-08-30
WARN,ROLLUP_MISMATCH,universe_daily,NSE_EQ|INE500L01026,1w,1,1/568 periods differ from daily high/low: 2026-08-24/2026-08-30
WARN,ROLLUP_MISMATCH,universe_daily,NSE_EQ|INE500X01013,1w,1,1/459 periods differ from daily high/low: 2026-08-24/2026-08-30
WARN,ROLLUP_MISMATCH,universe_daily,NSE_EQ|INE501G01024,1w,1,1/1101 periods differ from daily high/low: 2026-08-24/2026-08-30
WARN,ROLLUP_MISMATCH,universe_daily,NSE_EQ|INE503A01015,1w,1,1/1041 periods differ from daily high/low: 2026-08-24/2026-08-30
WARN,ROLLUP_MISMATCH,universe_daily,NSE_EQ|INE503B01021,1w,1,1/481 periods differ from daily high/low: 2026-08-24/2026-08-30
WARN,ROLLUP_MISMATCH,universe_daily,NSE_EQ|INE505C01016,1w,1,1/1031 periods differ from daily high/low: 2026-08-24/2026-08-30
WARN,ROLLUP_MISMATCH,universe_daily,NSE_EQ|INE505C01016,1mo,1,1/237 periods differ from daily high/low: 2026-08
WARN,ROLLUP_MISMATCH,universe_daily,NSE_EQ|INE505Y01010,1w,12,"12/1076 periods differ from daily high/low: 2016-06-13/2016-06-19, 2016-06-27/2016-07-03, 2016-08-29/2016-09-04"
WARN,ROLLUP_MISMATCH,universe_daily,NSE_EQ|INE505Y01010,1mo,8,"8/254 periods differ from daily high/low: 2016-08, 2016-09, 2016-11"
WARN,ROLLUP_MISMATCH,universe_daily,NSE_EQ|INE506Z01015,1w,1,1/265 periods differ from daily high/low: 2026-08-24/2026-08-30
WARN,ROLLUP_MISMATCH,universe_daily,NSE_EQ|INE508G01029,1w,1,1/1008 periods differ from daily high/low: 2026-08-24/2026-08-30
WARN,ROLLUP_MISMATCH,universe_daily,NSE_EQ|INE509F01029,1w,1,1/525 periods differ from daily high/low: 2026-08-24/2026-08-30
WARN,ROLLUP_MISMATCH,universe_daily,NSE_EQ|INE510W01014,1w,1,1/202 periods differ from daily high/low: 2026-08-24/2026-08-30
WARN,ROLLUP_MISMATCH,universe_daily,NSE_EQ|INE511C01022,1w,1,1/1167 periods differ from daily high/low: 2026-08-24/2026-08-30
WARN,ROLLUP_MISMATCH,universe_daily,NSE_EQ|INE511Y01018,1w,1,1/427 periods differ from daily high/low: 2026-08-24/2026-08-30
WARN,ROLLUP_MISMATCH,universe_daily,NSE_EQ|INE512B01022,1w,1,1/800 periods differ from daily high/low: 2026-08-24/2026-08-30
WARN,ROLLUP_MISMATCH,universe_daily,NSE_EQ|INE515A01019,1w,1,1/24 periods differ from daily high/low: 2026-08-24/2026-08-30
WARN,ROLLUP_MISMATCH,universe_daily,NSE_EQ|INE519A01011,1w,1,1/1232 periods differ from daily high/low: 2026-08-24/2026-08-30
WARN,ROLLUP_MISMATCH,universe_daily,NSE_EQ|INE519D01015,1w,1,1/7 periods differ from daily high/low: 2026-08-24/2026-08-30
WARN,ROLLUP_MISMATCH,universe_daily,NSE_EQ|INE520A01027,1w,1,1/1236 periods differ from daily high/low: 2026-08-24/2026-08-30
WARN,ROLLUP_MISMATCH,universe_daily,NSE_EQ|INE520Y01019,1w,1,1/448 periods differ from daily high/low: 2026-08-24/2026-08-30
WARN,ROLLUP_MISMATCH,universe_daily,NSE_EQ|INE521J01018,1w,1,1/835 periods differ from daily high/low: 2026-08-24/2026-08-30
WARN,ROLLUP_MISMATCH,universe_daily,NSE_EQ|INE522F01014,1w,1,1/831 periods differ from daily high/low: 2026-08-24/2026-08-30
WARN,ROLLUP_MISMATCH,universe_daily,NSE_EQ|INE524A01029,1w,1,1/1120 periods differ from daily high/low: 2026-08-24/2026-08-30
WARN,ROLLUP_MISMATCH,universe_daily,NSE_EQ|INE524T01011,1w,1,1/21 periods differ from daily high/low: 2026-08-24/2026-08-30
WARN,ROLLUP_MISMATCH,universe_daily,NSE_EQ|INE526B01014,1w,1,1/1171 periods differ from daily high/low: 2026-08-24/2026-08-30
WARN,ROLLUP_MISMATCH,universe_daily,NSE_EQ|INE528A01020,1w,1,1/1232 periods differ from daily high/low: 2026-08-24/2026-08-30
WARN,ROLLUP_MISMATCH,universe_daily,NSE_EQ|INE528G01035,1w,1,1/1108 periods differ from daily high/low: 2026-08-24/2026-08-30
WARN,ROLLUP_MISMATCH,universe_daily,NSE_EQ|INE529A01010,1w,1,1/1232 periods differ from daily high/low: 2026-08-24/2026-08-30
WARN,ROLLUP_MISMATCH,universe_daily,NSE_EQ|INE529F01035,1w,1,1/423 periods differ from daily high/low: 2026-08-24/2026-08-30
WARN,ROLLUP_MISMATCH,universe_daily,NSE_EQ|INE529I01021,1w,1,1/363 periods differ from daily high/low: 2026-08-24/2026-08-30
WARN,ROLLUP_MISMATCH,universe_daily,NSE_EQ|INE530B01024,1w,1,1/1116 periods differ from daily high/low: 2026-08-24/2026-08-30
WARN,ROLLUP_MISMATCH,universe_daily,NSE_EQ|INE530B01024,1mo,1,1/257 periods differ from daily high/low: 2026-08
WARN,ROLLUP_MISMATCH,universe_daily,NSE_EQ|INE531A01024,1w,1,1/1232 periods differ from daily high/low: 2026-08-24/2026-08-30
WARN,ROLLUP_MISMATCH,universe_daily,NSE_EQ|INE531E01026,1w,1,1/874 periods differ from daily high/low: 2026-08-24/2026-08-30
WARN,ROLLUP_MISMATCH,universe_daily,NSE_EQ|INE531E01026,1mo,1,1/201 periods differ from daily high/low: 2026-08
WARN,ROLLUP_MISMATCH,universe_daily,NSE_EQ|INE531X01018,1w,1,1/7 periods differ from daily high/low: 2026-08-24/2026-08-30
WARN,ROLLUP_MISMATCH,universe_daily,NSE_EQ|INE531X01018,1mo,1,1/2 periods differ from daily high/low: 2026-08
WARN,ROLLUP_MISMATCH,universe_daily,NSE_EQ|INE532F01054,1w,1,1/982 periods differ from daily high/low: 2026-08-24/2026-08-30
WARN,ROLLUP_MISMATCH,universe_daily,NSE_EQ|INE533C01018,1w,1,1/7 periods differ from daily high/low: 2026-08-24/2026-08-30
WARN,ROLLUP_MISMATCH,universe_daily,NSE_EQ|INE533C01018,1mo,1,1/2 periods differ from daily high/low: 2026-08
WARN,ROLLUP_MISMATCH,universe_daily,NSE_EQ|INE538A01037,1w,1,1/1232 periods differ from daily high/low: 2026-08-24/2026-08-30
WARN,ROLLUP_MISMATCH,universe_daily,NSE_EQ|INE539A01019,1w,1,1/1232 periods differ from daily high/low: 2026-08-24/2026-08-30
WARN,ROLLUP_MISMATCH,universe_daily,NSE_EQ|INE539A01019,1mo,1,1/285 periods differ from daily high/low: 2026-08
WARN,ROLLUP_MISMATCH,universe_daily,NSE_EQ|INE540G01014,1w,1,1/975 periods differ from daily high/low: 2026-08-24/2026-08-30
WARN,ROLLUP_MISMATCH,universe_daily,NSE_EQ|INE540H01012,1w,1,1/1046 periods differ from daily high/low: 2026-08-24/2026-08-30
WARN,ROLLUP_MISMATCH,universe_daily,NSE_EQ|INE540H01012,1mo,1,1/241 periods differ from daily high/low: 2026-08
WARN,ROLLUP_MISMATCH,universe_daily,NSE_EQ|INE542C01019,1w,1,1/1154 periods differ from daily high/low: 2026-08-24/2026-08-30
WARN,ROLLUP_MISMATCH,universe_daily,NSE_EQ|INE542Z01028,1w,4,"4/465 periods differ from daily high/low: 2016-03-28/2016-04-03, 2016-05-30/2016-06-05, 2016-08-01/2016-08-07"
WARN,ROLLUP_MISMATCH,universe_daily,NSE_EQ|INE542Z01028,1mo,2,"2/117 periods differ from daily high/low: 2016-03, 2016-10"
WARN,ROLLUP_MISMATCH,universe_daily,NSE_EQ|INE544H01014,1w,1,1/774 periods differ from daily high/low: 2026-08-24/2026-08-30
WARN,ROLLUP_MISMATCH,universe_daily,NSE_EQ|INE544R01021,1w,1,1/605 periods differ from daily high/low: 2026-08-24/2026-08-30
WARN,ROLLUP_MISMATCH,universe_daily,NSE_EQ|INE545L01039,1w,1,1/112 periods differ from daily high/low: 2026-08-24/2026-08-30
WARN,ROLLUP_MISMATCH,universe_daily,NSE_EQ|INE545U01014,1w,1,1/445 periods differ from daily high/low: 2026-08-24/2026-08-30
WARN,ROLLUP_MISMATCH,universe_daily,NSE_EQ|INE545U01014,1mo,1,1/103 periods differ from daily high/low: 2026-08
WARN,ROLLUP_MISMATCH,universe_daily,NSE_EQ|INE546C01010,1w,1,1/66 periods differ from daily high/low: 2026-08-24/2026-08-30
WARN,ROLLUP_MISMATCH,universe_daily,NSE_EQ|INE546Y01022,1w,1,1/452 periods differ from daily high/low: 2026-08-24/2026-08-30
WARN,ROLLUP_MISMATCH,universe_daily,NSE_EQ|INE547B01028,1w,1,1/107 periods differ from daily high/low: 2026-08-24/2026-08-30
WARN,ROLLUP_MISMATCH,universe_daily,NSE_EQ|INE547B01028,1mo,1,1/25 periods differ from daily high/low: 2026-08
WARN,ROLLUP_MISMATCH,universe_daily,NSE_EQ|INE548A01028,1w,1,1/1232 periods differ from daily high/low: 2026-08-24/2026-08-30
WARN,ROLLUP_MISMATCH,universe_daily,NSE_EQ|INE548Z01017,1w,1,1/403 periods differ from daily high/low: 2026-08-24/2026-08-30
WARN,ROLLUP_MISMATCH,universe_daily,NSE_EQ|INE548Z01017,1mo,1,1/98 periods differ from daily high/low: 2026-08
WARN,ROLLUP_MISMATCH,universe_daily,NSE_EQ|INE549A01026,1w,1,1/1232 periods differ from daily high/low: 2026-08-24/2026-08-30
WARN,ROLLUP_MISMATCH,universe_daily,NSE_EQ|INE550B01022,1w,1,1/423 periods differ from daily high/low: 2026-08-24/2026-08-30
WARN,ROLLUP_MISMATCH,universe_daily,NSE_EQ|INE550C01020,1w,1,1/492 periods differ from daily high/low: 2026-08-24/2026-08-30
WARN,ROLLUP_MISMATCH,universe_daily,NSE_EQ|INE550C01020,1mo,1,1/114 periods differ from daily high/low: 2026-08
WARN,ROLLUP_MISMATCH,universe_daily,NSE_EQ|INE551D01018,1w,1,1/169 periods differ from daily high/low: 2026-08-24/2026-08-30
WARN,ROLLUP_MISMATCH,universe_daily,NSE_EQ|INE551W01018,1w,1,1/356 periods differ from daily high/low: 2026-08-24/2026-08-30
WARN,ROLLUP_MISMATCH,universe_daily,NSE_EQ|INE552Z01027,1w,1,1/118 periods differ from daily high/low: 2026-08-24/2026-08-30
WARN,ROLLUP_MISMATCH,universe_daily,NSE_EQ|INE555B01013,1w,1,1/1236 periods differ from daily high/low: 2026-08-24/2026-08-30
WARN,ROLLUP_MISMATCH,universe_daily,NSE_EQ|INE557A01011,1w,1,1/1232 periods differ from daily high/low: 2026-08-24/2026-08-30
WARN,ROLLUP_MISMATCH,universe_daily,NSE_EQ|INE558D01021,1w,1,1/497 periods differ from daily high/low: 2026-08-24/2026-08-30
WARN,ROLLUP_MISMATCH,universe_daily,NSE_EQ|INE558R01013,1w,1,1/349 periods differ from daily high/low: 2026-08-24/2026-08-30
WARN,ROLLUP_MISMATCH,universe_daily,NSE_EQ|INE559A01017,1w,1,1/1232 periods differ from daily high/low: 2026-08-24/2026-08-30
WARN,ROLLUP_MISMATCH,universe_daily,NSE_EQ|INE559N01010,1w,1,1/163 periods differ from daily high/low: 2026-08-24/2026-08-30
WARN,ROLLUP_MISMATCH,universe_daily,NSE_EQ|INE559R01029,1w,1,1/198 periods differ from daily high/low: 2026-08-24/2026-08-30
WARN,ROLLUP_MISMATCH,universe_daily,NSE_EQ|INE560A01023,1w,1,1/1110 periods differ from daily high/low: 2026-08-24/2026-08-30
WARN,ROLLUP_MISMATCH,universe_daily,NSE_EQ|INE560K01014,1w,1,1/810 periods differ from daily high/low: 2026-08-24/2026-08-30
WARN,ROLLUP_MISMATCH,universe_daily,NSE_EQ|INE561M01018,1w,1,1/80 periods differ from daily high/low: 2026-08-24/2026-08-30
WARN,ROLLUP_MISMATCH,universe_daily,NSE_EQ|INE562A01011,1w,1,1/1023 periods differ from daily high/low: 2026-08-24/2026-08-30
WARN,ROLLUP_MISMATCH,universe_daily,NSE_EQ|INE562B01019,1w,1,1/1231 periods differ from daily high/low: 2026-08-24/2026-08-30
WARN,ROLLUP_MISMATCH,universe_daily,NSE_EQ|INE562B01019,1mo,1,1/284 periods differ from daily high/low: 2026-08
WARN,ROLLUP_MISMATCH,universe_daily,NSE_EQ|INE563J01010,1w,1,1/880 periods differ from daily high/low: 2026-08-24/2026-08-30
WARN,ROLLUP_MISMATCH,universe_daily,NSE_EQ|INE564J01026,1w,1,1/7 periods differ from daily high/low: 2026-08-24/2026-08-30
WARN,ROLLUP_MISMATCH,universe_daily,NSE_EQ|INE566K01011,1w,1,1/855 periods differ from daily high/low: 2026-08-24/2026-08-30
WARN,ROLLUP_MISMATCH,universe_daily,NSE_EQ|INE567A01028,1w,1,1/1236 periods differ from daily high/low: 2026-08-24/2026-08-30
WARN,ROLLUP_MISMATCH,universe_daily,NSE_EQ|INE570A01022,1w,1,1/241 periods differ from daily high/low: 2026-08-24/2026-08-30
WARN,ROLLUP_MISMATCH,universe_daily,NSE_EQ|INE571A01038,1w,1,1/1232 periods differ from daily high/low: 2026-08-24/2026-08-30
WARN,ROLLUP_MISMATCH,universe_daily,NSE_EQ|INE572D01014,1w,1,1/24 periods differ from daily high/low: 2026-08-24/2026-08-30
WARN,ROLLUP_MISMATCH,universe_daily,NSE_EQ|INE572D01014,1mo,1,1/6 periods differ from daily high/low: 2026-08
WARN,ROLLUP_MISMATCH,universe_daily,NSE_EQ|INE572E01012,1w,1,1/517 periods differ from daily high/low: 2026-08-24/2026-08-30
WARN,ROLLUP_MISMATCH,universe_daily,NSE_EQ|INE576I01022,1w,1,1/973 periods differ from daily high/low: 2026-08-24/2026-08-30
WARN,ROLLUP_MISMATCH,universe_daily,NSE_EQ|INE576O01020,1w,1,1/289 periods differ from daily high/low: 2026-08-24/2026-08-30
WARN,ROLLUP_MISMATCH,universe_daily,NSE_EQ|INE577A01027,1w,1,1/1236 periods differ from daily high/low: 2026-08-24/2026-08-30
WARN,ROLLUP_MISMATCH,universe_daily,NSE_EQ|INE577L01016,1w,1,1/817 periods differ from daily high/low: 2026-08-24/2026-08-30
WARN,ROLLUP_MISMATCH,universe_daily,NSE_EQ|INE578A01017,1w,1,1/1236 periods differ from daily high/low: 2026-08-24/2026-08-30
WARN,ROLLUP_MISMATCH,universe_daily,NSE_EQ|INE583C01021,1w,1,1/1001 periods differ from daily high/low: 2026-08-24/2026-08-30
WARN,ROLLUP_MISMATCH,universe_daily,NSE_EQ|INE583D01011,1w,1,1/269 periods differ from daily high/low: 2026-08-24/2026-08-30
WARN,ROLLUP_MISMATCH,universe_daily,NSE_EQ|INE584A01023,1w,1,1/970 periods differ from daily high/low: 2026-08-24/2026-08-30
WARN,ROLLUP_MISMATCH,universe_daily,NSE_EQ|INE584F01014,1w,1,1/1115 periods differ from daily high/low: 2026-08-24/2026-08-30
WARN,ROLLUP_MISMATCH,universe_daily,NSE_EQ|INE586B01026,1w,1,1/1236 periods differ from daily high/low: 2026-08-24/2026-08-30
WARN,ROLLUP_MISMATCH,universe_daily,NSE_EQ|INE587G01015,1w,1,1/582 periods differ from daily high/low: 2026-08-24/2026-08-30
WARN,ROLLUP_MISMATCH,universe_daily,NSE_EQ|INE588G01021,1w,1,1/7 periods differ from daily high/low: 2026-08-24/2026-08-30
WARN,ROLLUP_MISMATCH,universe_daily,NSE_EQ|INE588G01021,1mo,1,1/2 periods differ from daily high/low: 2026-08
WARN,ROLLUP_MISMATCH,universe_daily,NSE_EQ|INE589A01014,1w,1,1/1236 periods differ from daily high/low: 2026-08-24/2026-08-30
WARN,ROLLUP_MISMATCH,universe_daily,NSE_EQ|INE591D01014,1w,1,1/158 periods differ from daily high/low: 2026-08-24/2026-08-30
WARN,ROLLUP_MISMATCH,universe_daily,NSE_EQ|INE592A01026,1w,1,1/1236 periods differ from daily high/low: 2026-08-24/2026-08-30
WARN,ROLLUP_MISMATCH,universe_daily,NSE_EQ|INE592B01024,1w,1,1/1024 periods differ from daily high/low: 2026-08-24/2026-08-30
WARN,ROLLUP_MISMATCH,universe_daily,NSE_EQ|INE594H01019,1w,1,1/543 periods differ from daily high/low: 2026-08-24/2026-08-30
WARN,ROLLUP_MISMATCH,universe_daily,NSE_EQ|INE597I01028,1w,1,1/579 periods differ from daily high/low: 2026-08-24/2026-08-30
WARN,ROLLUP_MISMATCH,universe_daily,NSE_EQ|INE597J01018,1w,1,1/460 periods differ from daily high/low: 2026-08-24/2026-08-30
WARN,ROLLUP_MISMATCH,universe_daily,NSE_EQ|INE600K01018,1w,1,1/452 periods differ from daily high/low: 2026-08-24/2026-08-30
WARN,ROLLUP_MISMATCH,universe_daily,NSE_EQ|INE600L01024,1w,1,1/563 periods differ from daily high/low: 2015-12-28/2016-01-03
WARN,ROLLUP_MISMATCH,universe_daily,NSE_EQ|INE602A01031,1w,1,1/1236 periods differ from daily high/low: 2026-08-24/2026-08-30
WARN,ROLLUP_MISMATCH,universe_daily,NSE_EQ|INE602G01020,1w,1,1/732 periods differ from daily high/low: 2026-08-24/2026-08-30
WARN,ROLLUP_MISMATCH,universe_daily,NSE_EQ|INE602W01027,1w,1,1/169 periods differ from daily high/low: 2026-08-24/2026-08-30
WARN,ROLLUP_MISMATCH,universe_daily,NSE_EQ|INE603A01013,1w,1,1/1236 periods differ from daily high/low: 2026-08-24/2026-08-30
WARN,ROLLUP_MISMATCH,universe_daily,NSE_EQ|INE607A01022,1w,1,1/76 periods differ from daily high/low: 2026-08-24/2026-08-30
WARN,ROLLUP_MISMATCH,universe_daily,NSE_EQ|INE607A01022,1mo,1,1/18 periods differ from daily high/low: 2026-08
WARN,ROLLUP_MISMATCH,universe_daily,NSE_EQ|INE607D01018,1w,1,1/1025 periods differ from daily high/low: 2026-08-24/2026-08-30
WARN,ROLLUP_MISMATCH,universe_daily,NSE_EQ|INE610B01024,1w,1,1/444 periods differ from daily high/low: 2026-08-24/2026-08-30
WARN,ROLLUP_MISMATCH,universe_daily,NSE_EQ|INE611L01021,1w,1,1/813 periods differ from daily high/low: 2026-08-24/2026-08-30
WARN,ROLLUP_MISMATCH,universe_daily,NSE_EQ|INE612J01015,1w,1,1/705 periods differ from daily high/low: 2026-08-24/2026-08-30
WARN,ROLLUP_MISMATCH,universe_daily,NSE_EQ|INE613A01020,1w,1,1/1236 periods differ from daily high/low: 2026-08-24/2026-08-30
WARN,ROLLUP_MISMATCH,universe_daily,NSE_EQ|INE613C01026,1w,1,1/87 periods differ from daily high/low: 2026-08-24/2026-08-30
WARN,ROLLUP_MISMATCH,universe_daily,NSE_EQ|INE614G01033,1w,1,1/973 periods differ from daily high/low: 2026-08-24/2026-08-30
WARN,ROLLUP_MISMATCH,universe_daily,NSE_EQ|INE615H01020,1w,1,1/963 periods differ from daily high/low: 2026-08-24/2026-08-30
WARN,ROLLUP_MISMATCH,universe_daily,NSE_EQ|INE615I01010,1w,1,1/889 periods differ from daily high/low: 2026-08-24/2026-08-30
WARN,ROLLUP_MISMATCH,universe_daily,NSE_EQ|INE615P01015,1w,1,1/534 periods differ from daily high/low: 2026-08-24/2026-08-30
WARN,ROLLUP_MISMATCH,universe_daily,NSE_EQ|INE615R01029,1w,1,1/223 periods differ from daily high/low: 2026-08-24/2026-08-30
WARN,ROLLUP_MISMATCH,universe_daily,NSE_EQ|INE616Z01012,1w,1,1/163 periods differ from daily high/low: 2026-08-24/2026-08-30
WARN,ROLLUP_MISMATCH,universe_daily,NSE_EQ|INE617A01013,1w,1,1/1104 periods differ from daily high/low: 2026-08-24/2026-08-30
WARN,ROLLUP_MISMATCH,universe_daily,NSE_EQ|INE618L01018,1w,1,1/464 periods differ from daily high/low: 2026-08-24/2026-08-30
WARN,ROLLUP_MISMATCH,universe_daily,NSE_EQ|INE618N01022,1w,1,1/473 periods differ from daily high/low: 2026-08-24/2026-08-30
WARN,ROLLUP_MISMATCH,universe_daily,NSE_EQ|INE619I01012,1w,1,1/824 periods differ from daily high/low: 2026-08-24/2026-08-30
WARN,ROLLUP_MISMATCH,universe_daily,NSE_EQ|INE620D01011,1w,1,1/24 periods differ from daily high/low: 2026-08-24/2026-08-30
WARN,ROLLUP_MISMATCH,universe_daily,NSE_EQ|INE621H01010,1w,1,1/985 periods differ from daily high/low: 2026-08-24/2026-08-30
WARN,ROLLUP_MISMATCH,universe_daily,NSE_EQ|INE621H01010,1mo,1,1/227 periods differ from daily high/low: 2026-08
WARN,ROLLUP_MISMATCH,universe_daily,NSE_EQ|INE622H01018,1w,1,1/91 periods differ from daily high/low: 2026-08-24/2026-08-30
WARN,ROLLUP_MISMATCH,universe_daily,NSE_EQ|INE622W01025,1w,1,1/99 periods differ from daily high/low: 2026-08-24/2026-08-30
WARN,ROLLUP_MISMATCH,universe_daily,NSE_EQ|INE623A01011,1w,1,1/1231 periods differ from daily high/low: 2026-08-24/2026-08-30
WARN,ROLLUP_MISMATCH,universe_daily,NSE_EQ|INE623A01011,1mo,1,1/284 periods differ from daily high/low: 2026-08
WARN,ROLLUP_MISMATCH,universe_daily,NSE_EQ|INE624Z01016,1w,1,1/432 periods differ from daily high/low: 2026-08-24/2026-08-30
WARN,ROLLUP_MISMATCH,universe_daily,NSE_EQ|INE625B01014,1w,1,1/1231 periods differ from daily high/low: 2026-08-24/2026-08-30
WARN,ROLLUP_MISMATCH,universe_daily,NSE_EQ|INE625B01014,1mo,1,1/284 periods differ from daily high/low: 2026-08
WARN,ROLLUP_MISMATCH,universe_daily,NSE_EQ|INE625G01013,1w,1,1/1144 periods differ from daily high/low: 2026-08-24/2026-08-30
WARN,ROLLUP_MISMATCH,universe_daily,NSE_EQ|INE625X01026,1w,1,1/435 periods differ from daily high/low: 2026-08-24/2026-08-30
WARN,ROLLUP_MISMATCH,universe_daily,NSE_EQ|INE628A01036,1w,1,1/1181 periods differ from daily high/low: 2026-08-24/2026-08-30
WARN,ROLLUP_MISMATCH,universe_daily,NSE_EQ|INE629D01020,1w,1,1/1017 periods differ from daily high/low: 2026-08-24/2026-08-30
WARN,ROLLUP_MISMATCH,universe_daily,NSE_EQ|INE630D01010,1w,1,1/7 periods differ from daily high/low: 2026-08-24/2026-08-30
WARN,ROLLUP_MISMATCH,universe_daily,NSE_EQ|INE630D01010,1mo,1,1/2 periods differ from daily high/low: 2026-08
WARN,ROLLUP_MISMATCH,universe_daily,NSE_EQ|INE631A01022,1w,1,1/1236 periods differ from daily high/low: 2026-08-24/2026-08-30
WARN,ROLLUP_MISMATCH,universe_daily,NSE_EQ|INE631R01026,1w,1,1/24 periods differ from daily high/low: 2026-08-24/2026-08-30
WARN,ROLLUP_MISMATCH,universe_daily,NSE_EQ|INE634A01018,1w,1,1/1232 periods differ from daily high/low: 2026-08-24/2026-08-30
WARN,ROLLUP_MISMATCH,universe_daily,NSE_EQ|INE634I01029,1w,1,1/972 periods differ from daily high/low: 2026-08-24/2026-08-30
WARN,ROLLUP_MISMATCH,universe_daily,NSE_EQ|INE635Q01029,1w,1,1/636 periods differ from daily high/low: 2026-08-24/2026-08-30
WARN,ROLLUP_MISMATCH,universe_daily,NSE_EQ|INE636A01039,1w,1,1/1045 periods differ from daily high/low: 2026-08-24/2026-08-30
WARN,ROLLUP_MISMATCH,universe_daily,NSE_EQ|INE636A01039,1mo,1,1/241 periods differ from daily high/low: 2026-08
WARN,ROLLUP_MISMATCH,universe_daily,NSE_EQ|INE637C01025,1w,1,1/535 periods differ from daily high/low: 2026-08-24/2026-08-30
WARN,ROLLUP_MISMATCH,universe_daily,NSE_EQ|INE638A01035,1w,1,1/29 periods differ from daily high/low: 2026-08-24/2026-08-30
WARN,ROLLUP_MISMATCH,universe_daily,NSE_EQ|INE640A01023,1w,1,1/1236 periods differ from daily high/low: 2026-08-24/2026-08-30
WARN,ROLLUP_MISMATCH,universe_daily,NSE_EQ|INE641R01017,1w,1,1/24 periods differ from daily high/low: 2026-08-24/2026-08-30
WARN,ROLLUP_MISMATCH,universe_daily,NSE_EQ|INE642C01025,1w,1,1/113 periods differ from daily high/low: 2026-08-24/2026-08-30
WARN,ROLLUP_MISMATCH,universe_daily,NSE_EQ|INE642Y01029,1w,1,1/393 periods differ from daily high/low: 2026-08-24/2026-08-30
WARN,ROLLUP_MISMATCH,universe_daily,NSE_EQ|INE642Z01026,1w,1,1/183 periods differ from daily high/low: 2026-08-24/2026-08-30
WARN,ROLLUP_MISMATCH,universe_daily,NSE_EQ|INE643A01035,1w,1,1/1236 periods differ from daily high/low: 2026-08-24/2026-08-30
WARN,ROLLUP_MISMATCH,universe_daily,NSE_EQ|INE646C01018,1w,1,1/534 periods differ from daily high/low: 2026-08-24/2026-08-30
WARN,ROLLUP_MISMATCH,universe_daily,NSE_EQ|INE647O01011,1w,1,1/690 periods differ from daily high/low: 2026-08-24/2026-08-30
WARN,ROLLUP_MISMATCH,universe_daily,NSE_EQ|INE652F01027,1w,1,1/609 periods differ from daily high/low: 2026-08-24/2026-08-30
WARN,ROLLUP_MISMATCH,universe_daily,NSE_EQ|INE652V01016,1w,1,1/53 periods differ from daily high/low: 2026-08-24/2026-08-30
WARN,ROLLUP_MISMATCH,universe_daily,NSE_EQ|INE652Z01025,1w,1,1/346 periods differ from daily high/low: 2026-08-24/2026-08-30
WARN,ROLLUP_MISMATCH,universe_daily,NSE_EQ|INE653C01022,1w,1,1/7 periods differ from daily high/low: 2026-08-24/2026-08-30
WARN,ROLLUP_MISMATCH,universe_daily,NSE_EQ|INE655A01013,1w,1,1/1223 periods differ from daily high/low: 2026-08-24/2026-08-30
WARN,ROLLUP_MISMATCH,universe_daily,NSE_EQ|INE658G01014,1w,1,1/823 periods differ from daily high/low: 2026-08-24/2026-08-30
WARN,ROLLUP_MISMATCH,universe_daily,NSE_EQ|INE658T01017,1w,1,1/405 periods differ from daily high/low: 2026-08-24/2026-08-30
WARN,ROLLUP_MISMATCH,universe_daily,NSE_EQ|INE659A01023,1w,1,1/1236 periods differ from daily high/low: 2026-08-24/2026-08-30
WARN,ROLLUP_MISMATCH,universe_daily,NSE_EQ|INE660A01013,1w,1,1/1236 periods differ from daily high/low: 2026-08-24/2026-08-30
WARN,ROLLUP_MISMATCH,universe_daily,NSE_EQ|INE663B01015,1w,1,1/537 periods differ from daily high/low: 2026-08-24/2026-08-30
WARN,ROLLUP_MISMATCH,universe_daily,NSE_EQ|INE663B01015,1mo,1,1/124 periods differ from daily high/low: 2026-08
WARN,ROLLUP_MISMATCH,universe_daily,NSE_EQ|INE664D01019,1w,1,1/7 periods differ from daily high/low: 2026-08-24/2026-08-30
WARN,ROLLUP_MISMATCH,universe_daily,NSE_EQ|INE665A01038,1w,1,1/749 periods differ from daily high/low: 2026-08-24/2026-08-30
WARN,ROLLUP_MISMATCH,universe_daily,NSE_EQ|INE665L01035,1w,1,1/431 periods differ from daily high/low: 2026-08-24/2026-08-30
WARN,ROLLUP_MISMATCH,universe_daily,NSE_EQ|INE666D01022,1w,1,1/437 periods differ from daily high/low: 2026-08-24/2026-08-30
WARN,ROLLUP_MISMATCH,universe_daily,NSE_EQ|INE667G01023,1w,1,1/1107 periods differ from daily high/low: 2026-08-24/2026-08-30
WARN,ROLLUP_MISMATCH,universe_daily,NSE_EQ|INE668D01028,1w,1,1/1033 periods differ from daily high/low: 2026-08-24/2026-08-30
WARN,ROLLUP_MISMATCH,universe_daily,NSE_EQ|INE668F01031,1w,1,1/981 periods differ from daily high/low: 2026-08-24/2026-08-30
WARN,ROLLUP_MISMATCH,universe_daily,NSE_EQ|INE668G01021,1w,1,1/234 periods differ from daily high/low: 2026-08-24/2026-08-30
WARN,ROLLUP_MISMATCH,universe_daily,NSE_EQ|INE669E01016,1w,1,1/1022 periods differ from daily high/low: 2026-08-24/2026-08-30
WARN,ROLLUP_MISMATCH,universe_daily,NSE_EQ|INE669R01026,1w,1,1/24 periods differ from daily high/low: 2026-08-24/2026-08-30
WARN,ROLLUP_MISMATCH,universe_daily,NSE_EQ|INE669X01032,1w,1,1/408 periods differ from daily high/low: 2026-08-24/2026-08-30
WARN,ROLLUP_MISMATCH,universe_daily,NSE_EQ|INE670A01012,1w,1,1/1236 periods differ from daily high/low: 2026-08-24/2026-08-30
WARN,ROLLUP_MISMATCH,universe_daily,NSE_EQ|INE670K01029,1w,1,1/285 periods differ from daily high/low: 2026-08-24/2026-08-30
WARN,ROLLUP_MISMATCH,universe_daily,NSE_EQ|INE670O01013,1w,1,1/7 periods differ from daily high/low: 2026-08-24/2026-08-30
WARN,ROLLUP_MISMATCH,universe_daily,NSE_EQ|INE671A01010,1w,1,1/1236 periods differ from daily high/low: 2026-08-24/2026-08-30
WARN,ROLLUP_MISMATCH,universe_daily,NSE_EQ|INE671C01016,1w,1,1/7 periods differ from daily high/low: 2026-08-24/2026-08-30
WARN,ROLLUP_MISMATCH,universe_daily,NSE_EQ|INE671H01015,1w,1,1/1033 periods differ from daily high/low: 2026-08-24/2026-08-30
WARN,ROLLUP_MISMATCH,universe_daily,NSE_EQ|INE671K01027,1w,1,1/7 periods differ from daily high/low: 2026-08-24/2026-08-30
WARN,ROLLUP_MISMATCH,universe_daily,NSE_EQ|INE676A01027,1w,1,1/1236 periods differ from daily high/low: 2026-08-24/2026-08-30
WARN,ROLLUP_MISMATCH,universe_daily,NSE_EQ|INE679A01013,1w,1,1/357 periods differ from daily high/low: 2026-08-24/2026-08-30
WARN,ROLLUP_MISMATCH,universe_daily,NSE_EQ|INE679V01027,1w,1,1/100 periods differ from daily high/low: 2026-08-24/2026-08-30
WARN,ROLLUP_MISMATCH,universe_daily,NSE_EQ|INE681C01015,1w,1,1/1135 periods differ from daily high/low: 2026-08-24/2026-08-30
WARN,ROLLUP_MISMATCH,universe_daily,NSE_EQ|INE682M01020,1w,1,1/159 periods differ from daily high/low: 2026-08-24/2026-08-30
WARN,ROLLUP_MISMATCH,universe_daily,NSE_EQ|INE683A01023,1w,8,"8/1236 periods differ from daily high/low: 2017-02-13/2017-02-19, 2017-02-20/2017-02-26, 2017-03-06/2017-03-12"
WARN,ROLLUP_MISMATCH,universe_daily,NSE_EQ|INE683A01023,1mo,4,"4/285 periods differ from daily high/low: 2017-02, 2017-03, 2017-05"
WARN,ROLLUP_MISMATCH,universe_daily,NSE_EQ|INE684B01029,1w,1,1/7 periods differ from daily high/low: 2026-08-24/2026-08-30
WARN,ROLLUP_MISMATCH,universe_daily,NSE_EQ|INE684F01012,1w,1,1/1024 periods differ from daily high/low: 2026-08-24/2026-08-30
WARN,ROLLUP_MISMATCH,universe_daily,NSE_EQ|INE686Y01026,1w,1,1/431 periods differ from daily high/low: 2026-08-24/2026-08-30
WARN,ROLLUP_MISMATCH,universe_daily,NSE_EQ|INE688A01022,1w,1,1/1236 periods differ from daily high/low: 2026-08-24/2026-08-30
WARN,ROLLUP_MISMATCH,universe_daily,NSE_EQ|INE689O01013,1w,1,1/24 periods differ from daily high/low: 2026-08-24/2026-08-30
WARN,ROLLUP_MISMATCH,universe_daily,NSE_EQ|INE689W01016,1w,1,1/353 periods differ from daily high/low: 2026-08-24/2026-08-30
WARN,ROLLUP_MISMATCH,universe_daily,NSE_EQ|INE690A01028,1w,1,1/1236 periods differ from daily high/low: 2026-08-24/2026-08-30
WARN,ROLLUP_MISMATCH,universe_daily,NSE_EQ|INE692B01014,1w,1,1/823 periods differ from daily high/low: 2026-08-24/2026-08-30
WARN,ROLLUP_MISMATCH,universe_daily,NSE_EQ|INE692C01020,1w,1,1/7 periods differ from daily high/low: 2026-08-24/2026-08-30
WARN,ROLLUP_MISMATCH,universe_daily,NSE_EQ|INE692G01013,1w,1,1/1126 periods differ from daily high/low: 2026-08-24/2026-08-30
WARN,ROLLUP_MISMATCH,universe_daily,NSE_EQ|INE694N01015,1w,1,1/292 periods differ from daily high/low: 2026-08-24/2026-08-30
WARN,ROLLUP_MISMATCH,universe_daily,NSE_EQ|INE696V01013,1w,1,1/470 periods differ from daily high/low: 2026-08-24/2026-08-30
WARN,ROLLUP_MISMATCH,universe_daily,NSE_EQ|INE697V01011,1w,1,1/363 periods differ from daily high/low: 2017-12-25/2017-12-31
WARN,ROLLUP_MISMATCH,universe_daily,NSE_EQ|INE697V01011,1mo,1,1/106 periods differ from daily high/low: 2017-12
WARN,ROLLUP_MISMATCH,universe_daily,NSE_EQ|INE699B01027,1w,1,1/809 periods differ from daily high/low: 2026-08-24/2026-08-30
WARN,ROLLUP_MISMATCH,universe_daily,NSE_EQ|INE699H01024,1w,1,1/229 periods differ from daily high/low: 2026-08-24/2026-08-30
WARN,ROLLUP_MISMATCH,universe_daily,NSE_EQ|INE700A01033,1w,1,1/1236 periods differ from daily high/low: 2026-08-24/2026-08-30
WARN,ROLLUP_MISMATCH,universe_daily,NSE_EQ|INE703B01027,1w,1,1/1065 periods differ from daily high/low: 2026-08-24/2026-08-30
WARN,ROLLUP_MISMATCH,universe_daily,NSE_EQ|INE703H01016,1w,1,1/1026 periods differ from daily high/low: 2026-08-24/2026-08-30
WARN,ROLLUP_MISMATCH,universe_daily,NSE_EQ|INE704B01017,1w,1,1/97 periods differ from daily high/low: 2026-08-24/2026-08-30
WARN,ROLLUP_MISMATCH,universe_daily,NSE_EQ|INE704B01017,1mo,1,1/23 periods differ from daily high/low: 2026-08
WARN,ROLLUP_MISMATCH,universe_daily,NSE_EQ|INE704J01044,1w,1,1/16 periods differ from daily high/low: 2026-08-24/2026-08-30
WARN,ROLLUP_MISMATCH,universe_daily,NSE_EQ|INE704P01025,1w,1,1/478 periods differ from daily high/low: 2026-08-24/2026-08-30
WARN,ROLLUP_MISMATCH,universe_daily,NSE_EQ|INE705C01020,1w,1,1/458 periods differ from daily high/low: 2026-08-24/2026-08-30
WARN,ROLLUP_MISMATCH,universe_daily,NSE_EQ|INE707A01012,1w,1,1/1236 periods differ from daily high/low: 2026-08-24/2026-08-30
WARN,ROLLUP_MISMATCH,universe_daily,NSE_EQ|INE710A01016,1w,1,1/1236 periods differ from daily high/low: 2026-08-24/2026-08-30
WARN,ROLLUP_MISMATCH,universe_daily,NSE_EQ|INE712B01010,1w,1,1/628 periods differ from daily high/low: 2026-08-24/2026-08-30
WARN,ROLLUP_MISMATCH,universe_daily,NSE_EQ|INE712K01011,1w,1,1/578 periods differ from daily high/low: 2026-08-24/2026-08-30
WARN,ROLLUP_MISMATCH,universe_daily,NSE_EQ|INE713B01026,1w,1,1/1236 periods differ from daily high/low: 2026-08-24/2026-08-30
WARN,ROLLUP_MISMATCH,universe_daily,NSE_EQ|INE713B01026,1mo,1,1/285 periods differ from daily high/low: 2026-08
WARN,ROLLUP_MISMATCH,universe_daily,NSE_EQ|INE713R01022,1w,1,1/28 periods differ from daily high/low: 2026-08-24/2026-08-30
WARN,ROLLUP_MISMATCH,universe_daily,NSE_EQ|INE713T01028,1w,1,1/454 periods differ from daily high/low: 2026-08-24/2026-08-30
WARN,ROLLUP_MISMATCH,universe_daily,NSE_EQ|INE715B01021,1w,1,1/1232 periods differ from daily high/low: 2026-08-24/2026-08-30
WARN,ROLLUP_MISMATCH,universe_daily,NSE_EQ|INE715Y01031,1w,1,1/312 periods differ from daily high/low: 2026-08-24/2026-08-30
WARN,ROLLUP_MISMATCH,universe_daily,NSE_EQ|INE716D01033,1w,1,1/7 periods differ from daily high/low: 2026-08-24/2026-08-30
WARN,ROLLUP_MISMATCH,universe_daily,NSE_EQ|INE716D01033,1mo,1,1/2 periods differ from daily high/low: 2026-08
WARN,ROLLUP_MISMATCH,universe_daily,NSE_EQ|INE716F01012,1w,1,1/7 periods differ from daily high/low: 2026-08-24/2026-08-30
WARN,ROLLUP_MISMATCH,universe_daily,NSE_EQ|INE717A01029,1w,1,1/24 periods differ from daily high/low: 2026-08-24/2026-08-30
WARN,ROLLUP_MISMATCH,universe_daily,NSE_EQ|INE717W01049,1w,1,1/149 periods differ from daily high/low: 2026-08-24/2026-08-30
WARN,ROLLUP_MISMATCH,universe_daily,NSE_EQ|INE717W01049,1mo,1,1/35 periods differ from daily high/low: 2026-08
WARN,ROLLUP_MISMATCH,universe_daily,NSE_EQ|INE718F01018,1w,1,1/220 periods differ from daily high/low: 2026-08-24/2026-08-30
WARN,ROLLUP_MISMATCH,universe_daily,NSE_EQ|INE718H01014,1w,1,1/1027 periods differ from daily high/low: 2026-08-24/2026-08-30
WARN,ROLLUP_MISMATCH,universe_daily,NSE_EQ|INE718I01012,1w,1,1/60 periods differ from daily high/low: 2026-08-24/2026-08-30
WARN,ROLLUP_MISMATCH,universe_daily,NSE_EQ|INE721Z01010,1w,1,1/409 periods differ from daily high/low: 2026-08-24/2026-08-30
WARN,ROLLUP_MISMATCH,universe_daily,NSE_EQ|INE725E01024,1w,1,1/836 periods differ from daily high/low: 2026-08-24/2026-08-30
WARN,ROLLUP_MISMATCH,universe_daily,NSE_EQ|INE726V01018,1w,1,1/504 periods differ from daily high/low: 2026-08-24/2026-08-30
WARN,ROLLUP_MISMATCH,universe_daily,NSE_EQ|INE727B01026,1w,1,1/1225 periods differ from daily high/low: 2026-08-24/2026-08-30
WARN,ROLLUP_MISMATCH,universe_daily,NSE_EQ|INE730A01022,1w,1,1/585 periods differ from daily high/low: 2026-08-24/2026-08-30
WARN,ROLLUP_MISMATCH,universe_daily,NSE_EQ|INE731A01020,1w,1,1/1232 periods differ from daily high/low: 2026-08-24/2026-08-30
WARN,ROLLUP_MISMATCH,universe_daily,NSE_EQ|INE731A01020,1mo,1,1/285 periods differ from daily high/low: 2026-08
WARN,ROLLUP_MISMATCH,universe_daily,NSE_EQ|INE731C01018,1w,1,1/650 periods differ from daily high/low: 2026-08-24/2026-08-30
WARN,ROLLUP_MISMATCH,universe_daily,NSE_EQ|INE731H01025,1w,1,1/1045 periods differ from daily high/low: 2026-08-24/2026-08-30
WARN,ROLLUP_MISMATCH,universe_daily,NSE_EQ|INE731U01028,1w,1,1/258 periods differ from daily high/low: 2026-08-24/2026-08-30
WARN,ROLLUP_MISMATCH,universe_daily,NSE_EQ|INE732A01036,1w,1,1/1070 periods differ from daily high/low: 2026-08-24/2026-08-30
WARN,ROLLUP_MISMATCH,universe_daily,NSE_EQ|INE732C01016,1w,1,1/1018 periods differ from daily high/low: 2026-08-24/2026-08-30
WARN,ROLLUP_MISMATCH,universe_daily,NSE_EQ|INE733A01018,1w,1,1/1236 periods differ from daily high/low: 2026-08-24/2026-08-30
WARN,ROLLUP_MISMATCH,universe_daily,NSE_EQ|INE733A01018,1mo,1,1/285 periods differ from daily high/low: 2026-08
WARN,ROLLUP_MISMATCH,universe_daily,NSE_EQ|INE734I01027,1w,1,1/53 periods differ from daily high/low: 2026-08-24/2026-08-30
WARN,ROLLUP_MISMATCH,universe_daily,NSE_EQ|INE734I01027,1mo,1,1/12 periods differ from daily high/low: 2026-08
WARN,ROLLUP_MISMATCH,universe_daily,NSE_EQ|INE734N01019,1w,1,1/630 periods differ from daily high/low: 2026-08-24/2026-08-30
WARN,ROLLUP_MISMATCH,universe_daily,NSE_EQ|INE735W01017,1w,1,1/168 periods differ from daily high/low: 2026-08-24/2026-08-30
WARN,ROLLUP_MISMATCH,universe_daily,NSE_EQ|INE737B01033,1w,1,1/1192 periods differ from daily high/low: 2026-08-24/2026-08-30
WARN,ROLLUP_MISMATCH,universe_daily,NSE_EQ|INE737H01014,1w,1,1/1042 periods differ from daily high/low: 2026-08-24/2026-08-30
WARN,ROLLUP_MISMATCH,universe_daily,NSE_EQ|INE738I01010,1w,1,1/979 periods differ from daily high/low: 2026-08-24/2026-08-30
WARN,ROLLUP_MISMATCH,universe_daily,NSE_EQ|INE738V01013,1w,1,1/332 periods differ from daily high/low: 2026-08-24/2026-08-30
WARN,ROLLUP_MISMATCH,universe_daily,NSE_EQ|INE739E01017,1w,1,1/987 periods differ from daily high/low: 2026-08-24/2026-08-30
WARN,ROLLUP_MISMATCH,universe_daily,NSE_EQ|INE740D01017,1w,1,1/496 periods differ from daily high/low: 2026-08-24/2026-08-30
WARN,ROLLUP_MISMATCH,universe_daily,NSE_EQ|INE741A01011,1w,1,1/7 periods differ from daily high/low: 2026-08-24/2026-08-30
WARN,ROLLUP_MISMATCH,universe_daily,NSE_EQ|INE741K01010,1w,1,1/424 periods differ from daily high/low: 2026-08-24/2026-08-30
WARN,ROLLUP_MISMATCH,universe_daily,NSE_EQ|INE741L01018,1w,1,1/730 periods differ from daily high/low: 2026-08-24/2026-08-30
WARN,ROLLUP_MISMATCH,universe_daily,NSE_EQ|INE742B01025,1w,1,1/1146 periods differ from daily high/low: 2026-08-24/2026-08-30
WARN,ROLLUP_MISMATCH,universe_daily,NSE_EQ|INE743M01012,1w,1,1/760 periods differ from daily high/low: 2026-08-24/2026-08-30
WARN,ROLLUP_MISMATCH,universe_daily,NSE_EQ|INE745B01028,1w,1,1/310 periods differ from daily high/low: 2026-08-24/2026-08-30
WARN,ROLLUP_MISMATCH,universe_daily,NSE_EQ|INE745G01043,1w,1,1/761 periods differ from daily high/low: 2026-08-24/2026-08-30
WARN,ROLLUP_MISMATCH,universe_daily,NSE_EQ|INE747K01017,1w,1,1/544 periods differ from daily high/low: 2026-08-24/2026-08-30
WARN,ROLLUP_MISMATCH,universe_daily,NSE_EQ|INE749A01030,1w,1,1/1236 periods differ from daily high/low: 2026-08-24/2026-08-30
WARN,ROLLUP_MISMATCH,universe_daily,NSE_EQ|INE749B01020,1w,1,1/978 periods differ from daily high/low: 2026-08-24/2026-08-30
WARN,ROLLUP_MISMATCH,universe_daily,NSE_EQ|INE750A01020,1w,1,1/1236 periods differ from daily high/low: 2026-08-24/2026-08-30
WARN,ROLLUP_MISMATCH,universe_daily,NSE_EQ|INE750A01020,1mo,1,1/285 periods differ from daily high/low: 2026-08
WARN,ROLLUP_MISMATCH,universe_daily,NSE_EQ|INE750D01016,1w,1,1/228 periods differ from daily high/low: 2026-08-24/2026-08-30
WARN,ROLLUP_MISMATCH,universe_daily,NSE_EQ|INE750D01016,1mo,1,1/53 periods differ from daily high/low: 2026-08
WARN,ROLLUP_MISMATCH,universe_daily,NSE_EQ|INE750M01017,1w,1,1/744 periods differ from daily high/low: 2026-08-24/2026-08-30
WARN,ROLLUP_MISMATCH,universe_daily,NSE_EQ|INE752E01010,1w,1,1/992 periods differ from daily high/low: 2026-08-24/2026-08-30
WARN,ROLLUP_MISMATCH,universe_daily,NSE_EQ|INE752H01013,1w,1,1/719 periods differ from daily high/low: 2026-08-24/2026-08-30
WARN,ROLLUP_MISMATCH,universe_daily,NSE_EQ|INE753U01022,1w,1,1/186 periods differ from daily high/low: 2026-08-24/2026-08-30
WARN,ROLLUP_MISMATCH,universe_daily,NSE_EQ|INE754A01055,1w,1,1/1179 periods differ from daily high/low: 2026-08-24/2026-08-30
WARN,ROLLUP_MISMATCH,universe_daily,NSE_EQ|INE754X01016,1w,1,1/457 periods differ from daily high/low: 2026-08-24/2026-08-30
WARN,ROLLUP_MISMATCH,universe_daily,NSE_EQ|INE755Q01025,1w,1,1/7 periods differ from daily high/low: 2026-08-24/2026-08-30
WARN,ROLLUP_MISMATCH,universe_daily,NSE_EQ|INE756I01012,1w,1,1/66 periods differ from daily high/low: 2026-08-24/2026-08-30
WARN,ROLLUP_MISMATCH,universe_daily,NSE_EQ|INE757T01025,1w,1,1/30 periods differ from daily high/low: 2026-08-24/2026-08-30
WARN,ROLLUP_MISMATCH,universe_daily,NSE_EQ|INE758C01029,1w,1,1/877 periods differ from daily high/low: 2026-08-24/2026-08-30
WARN,ROLLUP_MISMATCH,universe_daily,NSE_EQ|INE758E01017,1w,1,1/163 periods differ from daily high/low: 2026-08-24/2026-08-30
WARN,ROLLUP_MISMATCH,universe_daily,NSE_EQ|INE758T01015,1w,1,1/272 periods differ from daily high/low: 2026-08-24/2026-08-30
WARN,ROLLUP_MISMATCH,universe_daily,NSE_EQ|INE760A01029,1w,1,1/949 periods differ from daily high/low: 2026-08-24/2026-08-30
WARN,ROLLUP_MISMATCH,universe_daily,NSE_EQ|INE761Q01015,1w,1,1/7 periods differ from daily high/low: 2026-08-24/2026-08-30
WARN,ROLLUP_MISMATCH,universe_daily,NSE_EQ|INE761Q01015,1mo,1,1/2 periods differ from daily high/low: 2026-08
WARN,ROLLUP_MISMATCH,universe_daily,NSE_EQ|INE763I01026,1w,1,1/980 periods differ from daily high/low: 2026-08-24/2026-08-30
WARN,ROLLUP_MISMATCH,universe_daily,NSE_EQ|INE765D01022,1w,1,1/24 periods differ from daily high/low: 2026-08-24/2026-08-30
WARN,ROLLUP_MISMATCH,universe_daily,NSE_EQ|INE767A01016,1w,1,1/1199 periods differ from daily high/low: 2026-08-24/2026-08-30
WARN,ROLLUP_MISMATCH,universe_daily,NSE_EQ|INE768C01028,1w,1,1/882 periods differ from daily high/low: 2026-08-24/2026-08-30
WARN,ROLLUP_MISMATCH,universe_daily,NSE_EQ|INE769A01020,1w,1,1/1232 periods differ from daily high/low: 2026-08-24/2026-08-30
WARN,ROLLUP_MISMATCH,universe_daily,NSE_EQ|INE771A01026,1w,1,1/1236 periods differ from daily high/low: 2026-08-24/2026-08-30
WARN,ROLLUP_MISMATCH,universe_daily,NSE_EQ|INE771F01041,1w,1,1/65 periods differ from daily high/low: 2026-08-24/2026-08-30
WARN,ROLLUP_MISMATCH,universe_daily,NSE_EQ|INE772T01024,1w,1,1/133 periods differ from daily high/low: 2026-08-24/2026-08-30
WARN,ROLLUP_MISMATCH,universe_daily,NSE_EQ|INE775A01035,1w,1,1/1236 periods differ from daily high/low: 2026-08-24/2026-08-30
WARN,ROLLUP_MISMATCH,universe_daily,NSE_EQ|INE776C01039,1w,1,1/1050 periods differ from daily high/low: 2026-08-24/2026-08-30
WARN,ROLLUP_MISMATCH,universe_daily,NSE_EQ|INE777K01022,1w,1,1/159 periods differ from daily high/low: 2026-08-24/2026-08-30
WARN,ROLLUP_MISMATCH,universe_daily,NSE_EQ|INE777K01022,1mo,1,1/37 periods differ from daily high/low: 2026-08
WARN,ROLLUP_MISMATCH,universe_daily,NSE_EQ|INE778B01029,1w,1,1/798 periods differ from daily high/low: 2026-08-24/2026-08-30
WARN,ROLLUP_MISMATCH,universe_daily,NSE_EQ|INE778K01012,1w,1,1/637 periods differ from daily high/low: 2026-08-24/2026-08-30
WARN,ROLLUP_MISMATCH,universe_daily,NSE_EQ|INE780C01023,1w,1,1/1236 periods differ from daily high/low: 2026-08-24/2026-08-30
WARN,ROLLUP_MISMATCH,universe_daily,NSE_EQ|INE781A01025,1w,1,1/498 periods differ from daily high/low: 2026-08-24/2026-08-30
WARN,ROLLUP_MISMATCH,universe_daily,NSE_EQ|INE781B01015,1w,1,1/1218 periods differ from daily high/low: 2026-08-24/2026-08-30
WARN,ROLLUP_MISMATCH,universe_daily,NSE_EQ|INE781B01015,1mo,1,1/281 periods differ from daily high/low: 2026-08
WARN,ROLLUP_MISMATCH,universe_daily,NSE_EQ|INE781S01027,1w,1,1/92 periods differ from daily high/low: 2026-08-24/2026-08-30
WARN,ROLLUP_MISMATCH,universe_daily,NSE_EQ|INE782D01027,1w,1,1/7 periods differ from daily high/low: 2026-08-24/2026-08-30
WARN,ROLLUP_MISMATCH,universe_daily,NSE_EQ|INE782X01033,1w,1,1/266 periods differ from daily high/low: 2026-08-24/2026-08-30
WARN,ROLLUP_MISMATCH,universe_daily,NSE_EQ|INE783X01023,1w,1,1/441 periods differ from daily high/low: 2026-08-24/2026-08-30
WARN,ROLLUP_MISMATCH,universe_daily,NSE_EQ|INE783X01023,1mo,1,1/102 periods differ from daily high/low: 2026-08
WARN,ROLLUP_MISMATCH,universe_daily,NSE_EQ|INE784R01023,1w,1,1/63 periods differ from daily high/low: 2026-08-24/2026-08-30
WARN,ROLLUP_MISMATCH,universe_daily,NSE_EQ|INE785M01021,1w,1,1/719 periods differ from daily high/low: 2026-08-24/2026-08-30
WARN,ROLLUP_MISMATCH,universe_daily,NSE_EQ|INE786A01032,1w,1,1/1236 periods differ from daily high/low: 2026-08-24/2026-08-30
WARN,ROLLUP_MISMATCH,universe_daily,NSE_EQ|INE786F01031,1w,1,1/1069 periods differ from daily high/low: 2026-08-24/2026-08-30
WARN,ROLLUP_MISMATCH,universe_daily,NSE_EQ|INE786F01031,1mo,1,1/246 periods differ from daily high/low: 2026-08
WARN,ROLLUP_MISMATCH,universe_daily,NSE_EQ|INE786W01010,1w,1,1/456 periods differ from daily high/low: 2026-08-24/2026-08-30
WARN,ROLLUP_MISMATCH,universe_daily,NSE_EQ|INE788H01017,1w,1,1/1007 periods differ from daily high/low: 2026-08-24/2026-08-30
WARN,ROLLUP_MISMATCH,universe_daily,NSE_EQ|INE790G01031,1w,1,1/879 periods differ from daily high/low: 2026-08-24/2026-08-30
WARN,ROLLUP_MISMATCH,universe_daily,NSE_EQ|INE791A01024,1w,1,1/823 periods differ from daily high/low: 2026-08-24/2026-08-30
WARN,ROLLUP_MISMATCH,universe_daily,NSE_EQ|INE791I01019,1w,1,1/979 periods differ from daily high/low: 2026-08-24/2026-08-30
WARN,ROLLUP_MISMATCH,universe_daily,NSE_EQ|INE792H01019,1w,1,1/1041 periods differ from daily high/low: 2026-08-24/2026-08-30
WARN,ROLLUP_MISMATCH,universe_daily,NSE_EQ|INE792Z01011,1w,1,1/425 periods differ from daily high/low: 2026-08-24/2026-08-30
WARN,ROLLUP_MISMATCH,universe_daily,NSE_EQ|INE793A01012,1w,1,1/1236 periods differ from daily high/low: 2026-08-24/2026-08-30
WARN,ROLLUP_MISMATCH,universe_daily,NSE_EQ|INE794B01026,1w,1,1/1236 periods differ from daily high/low: 2026-08-24/2026-08-30
WARN,ROLLUP_MISMATCH,universe_daily,NSE_EQ|INE794W01014,1w,1,1/137 periods differ from daily high/low: 2026-08-24/2026-08-30
WARN,ROLLUP_MISMATCH,universe_daily,NSE_EQ|INE796G01012,1w,1,1/823 periods differ from daily high/low: 2026-08-24/2026-08-30
WARN,ROLLUP_MISMATCH,universe_daily,NSE_EQ|INE796G01012,1mo,1,1/189 periods differ from daily high/low: 2026-08
WARN,ROLLUP_MISMATCH,universe_daily,NSE_EQ|INE797H01018,1w,1,1/1012 periods differ from daily high/low: 2026-08-24/2026-08-30
WARN,ROLLUP_MISMATCH,universe_daily,NSE_EQ|INE798K01010,1w,1,1/209 periods differ from daily high/low: 2026-08-24/2026-08-30
WARN,ROLLUP_MISMATCH,universe_daily,NSE_EQ|INE802C01033,1w,1,1/1113 periods differ from daily high/low: 2026-08-24/2026-08-30
WARN,ROLLUP_MISMATCH,universe_daily,NSE_EQ|INE802W01023,1w,1,1/204 periods differ from daily high/low: 2026-08-24/2026-08-30
WARN,ROLLUP_MISMATCH,universe_daily,NSE_EQ|INE804L01022,1w,1,1/1120 periods differ from daily high/low: 2026-08-24/2026-08-30
WARN,ROLLUP_MISMATCH,universe_daily,NSE_EQ|INE805C01028,1w,1,1/1236 periods differ from daily high/low: 2026-08-24/2026-08-30
WARN,ROLLUP_MISMATCH,universe_daily,NSE_EQ|INE805C01028,1mo,1,1/285 periods differ from daily high/low: 2026-08
WARN,ROLLUP_MISMATCH,universe_daily,NSE_EQ|INE805D01034,1w,1,1/882 periods differ from daily high/low: 2026-08-24/2026-08-30
WARN,ROLLUP_MISMATCH,universe_daily,NSE_EQ|INE809A01032,1w,1,1/414 periods differ from daily high/low: 2026-08-24/2026-08-30
WARN,ROLLUP_MISMATCH,universe_daily,NSE_EQ|INE810G01011,1w,1,1/276 periods differ from daily high/low: 2026-08-24/2026-08-30
WARN,ROLLUP_MISMATCH,universe_daily,NSE_EQ|INE811A01038,1w,1,1/180 periods differ from daily high/low: 2026-08-24/2026-08-30
WARN,ROLLUP_MISMATCH,universe_daily,NSE_EQ|INE813A01018,1w,1,1/1236 periods differ from daily high/low: 2026-08-24/2026-08-30
WARN,ROLLUP_MISMATCH,universe_daily,NSE_EQ|INE816B01035,1w,1,1/788 periods differ from daily high/low: 2026-08-24/2026-08-30
WARN,ROLLUP_MISMATCH,universe_daily,NSE_EQ|INE818A01017,1w,1,1/1045 periods differ from daily high/low: 2026-08-24/2026-08-30
WARN,ROLLUP_MISMATCH,universe_daily,NSE_EQ|INE818H01020,1w,1,1/1033 periods differ from daily high/low: 2026-08-24/2026-08-30
WARN,ROLLUP_MISMATCH,universe_daily,NSE_EQ|INE818H01020,1mo,1,1/238 periods differ from daily high/low: 2026-08
WARN,ROLLUP_MISMATCH,universe_daily,NSE_EQ|INE819A01049,1w,1,1/24 periods differ from daily high/low: 2026-08-24/2026-08-30
WARN,ROLLUP_MISMATCH,universe_daily,NSE_EQ|INE822B01017,1w,1,1/7 periods differ from daily high/low: 2026-08-24/2026-08-30
WARN,ROLLUP_MISMATCH,universe_daily,NSE_EQ|INE822C01015,1w,1,1/468 periods differ from daily high/low: 2026-08-24/2026-08-30
WARN,ROLLUP_MISMATCH,universe_daily,NSE_EQ|INE822E01011,1w,1,1/87 periods differ from daily high/low: 2026-08-24/2026-08-30
WARN,ROLLUP_MISMATCH,universe_daily,NSE_EQ|INE823B01015,1w,1,1/7 periods differ from daily high/low: 2026-08-24/2026-08-30
WARN,ROLLUP_MISMATCH,universe_daily,NSE_EQ|INE824G01012,1w,1,1/1111 periods differ from daily high/low: 2026-08-24/2026-08-30
WARN,ROLLUP_MISMATCH,universe_daily,NSE_EQ|INE824G01012,1mo,1,1/256 periods differ from daily high/low: 2026-08
WARN,ROLLUP_MISMATCH,universe_daily,NSE_EQ|INE824Q01011,1w,1,1/601 periods differ from daily high/low: 2026-08-24/2026-08-30
WARN,ROLLUP_MISMATCH,universe_daily,NSE_EQ|INE825V01034,1w,1,1/242 periods differ from daily high/low: 2026-08-24/2026-08-30
WARN,ROLLUP_MISMATCH,universe_daily,NSE_EQ|INE829A01014,1w,1,1/469 periods differ from daily high/low: 2026-08-24/2026-08-30
WARN,ROLLUP_MISMATCH,universe_daily,NSE_EQ|INE829A01014,1mo,1,1/109 periods differ from daily high/low: 2026-08
WARN,ROLLUP_MISMATCH,universe_daily,NSE_EQ|INE829S01016,1w,1,1/7 periods differ from daily high/low: 2026-08-24/2026-08-30
WARN,ROLLUP_MISMATCH,universe_daily,NSE_EQ|INE829S01016,1mo,1,1/2 periods differ from daily high/low: 2026-08
WARN,ROLLUP_MISMATCH,universe_daily,NSE_EQ|INE832A01018,1w,1,1/420 periods differ from daily high/low: 2026-08-24/2026-08-30
WARN,ROLLUP_MISMATCH,universe_daily,NSE_EQ|INE834M01019,1w,1,1/740 periods differ from daily high/low: 2026-08-24/2026-08-30
WARN,ROLLUP_MISMATCH,universe_daily,NSE_EQ|INE835A01029,1w,1,1/1235 periods differ from daily high/low: 2026-08-24/2026-08-30
WARN,ROLLUP_MISMATCH,universe_daily,NSE_EQ|INE835A01029,1mo,1,1/285 periods differ from daily high/low: 2026-08
WARN,ROLLUP_MISMATCH,universe_daily,NSE_EQ|INE835D01023,1w,1,1/1032 periods differ from daily high/low: 2026-08-24/2026-08-30
WARN,ROLLUP_MISMATCH,universe_daily,NSE_EQ|INE836A01035,1w,1,1/1236 periods differ from daily high/low: 2026-08-24/2026-08-30
WARN,ROLLUP_MISMATCH,universe_daily,NSE_EQ|INE838B01021,1w,1,1/1232 periods differ from daily high/low: 2026-08-24/2026-08-30
WARN,ROLLUP_MISMATCH,universe_daily,NSE_EQ|INE838E01017,1w,1,1/1236 periods differ from daily high/low: 2026-08-24/2026-08-30
WARN,ROLLUP_MISMATCH,universe_daily,NSE_EQ|INE838E01017,1mo,1,1/285 periods differ from daily high/low: 2026-08
WARN,ROLLUP_MISMATCH,universe_daily,NSE_EQ|INE839E01023,1w,1,1/7 periods differ from daily high/low: 2026-08-24/2026-08-30
WARN,ROLLUP_MISMATCH,universe_daily,NSE_EQ|INE839M01018,1w,1,1/759 periods differ from daily high/low: 2026-08-24/2026-08-30
WARN,ROLLUP_MISMATCH,universe_daily,NSE_EQ|INE840M01016,1w,1,1/723 periods differ from daily high/low: 2026-08-24/2026-08-30
WARN,ROLLUP_MISMATCH,universe_daily,NSE_EQ|INE840Y01029,1w,1,1/387 periods differ from daily high/low: 2026-08-24/2026-08-30
WARN,ROLLUP_MISMATCH,universe_daily,NSE_EQ|INE841B01017,1w,1,1/939 periods differ from daily high/low: 2026-08-24/2026-08-30
WARN,ROLLUP_MISMATCH,universe_daily,NSE_EQ|INE841D01013,1w,1,1/7 periods differ from daily high/low: 2026-08-24/2026-08-30
WARN,ROLLUP_MISMATCH,universe_daily,NSE_EQ|INE842C01021,1w,1,1/759 periods differ from daily high/low: 2026-08-24/2026-08-30
WARN,ROLLUP_MISMATCH,universe_daily,NSE_EQ|INE843B01013,1w,1,1/433 periods differ from daily high/low: 2026-08-24/2026-08-30
WARN,ROLLUP_MISMATCH,universe_daily,NSE_EQ|INE843B01013,1mo,1,1/100 periods differ from daily high/low: 2026-08
WARN,ROLLUP_MISMATCH,universe_daily,NSE_EQ|INE843D01027,1w,1,1/250 periods differ from daily high/low: 2026-08-24/2026-08-30
WARN,ROLLUP_MISMATCH,universe_daily,NSE_EQ|INE843D01027,1mo,1,1/58 periods differ from daily high/low: 2026-08
WARN,ROLLUP_MISMATCH,universe_daily,NSE_EQ|INE843L01012,1w,1,1/7 periods differ from daily high/low: 2026-08-24/2026-08-30
WARN,ROLLUP_MISMATCH,universe_daily,NSE_EQ|INE844K01012,1w,1,1/829 periods differ from daily high/low: 2026-08-24/2026-08-30
WARN,ROLLUP_MISMATCH,universe_daily,NSE_EQ|INE844O01030,1w,1,1/1196 periods differ from daily high/low: 2026-08-24/2026-08-30
WARN,ROLLUP_MISMATCH,universe_daily,NSE_EQ|INE845D01014,1w,1,1/604 periods differ from daily high/low: 2026-08-24/2026-08-30
WARN,ROLLUP_MISMATCH,universe_daily,NSE_EQ|INE847C01020,1w,1,1/732 periods differ from daily high/low: 2026-08-24/2026-08-30
WARN,ROLLUP_MISMATCH,universe_daily,NSE_EQ|INE850D01014,1w,1,1/468 periods differ from daily high/low: 2026-08-24/2026-08-30
WARN,ROLLUP_MISMATCH,universe_daily,NSE_EQ|INE851I01011,1w,1,1/157 periods differ from daily high/low: 2026-08-24/2026-08-30
WARN,ROLLUP_MISMATCH,universe_daily,NSE_EQ|INE855B01025,1w,1,1/970 periods differ from daily high/low: 2026-08-24/2026-08-30
WARN,ROLLUP_MISMATCH,universe_daily,NSE_EQ|INE855C01023,1w,1,1/804 periods differ from daily high/low: 2026-08-24/2026-08-30
WARN,ROLLUP_MISMATCH,universe_daily,NSE_EQ|INE855R01021,1w,1,1/196 periods differ from daily high/low: 2026-08-24/2026-08-30
WARN,ROLLUP_MISMATCH,universe_daily,NSE_EQ|INE858B01029,1w,1,1/283 periods differ from daily high/low: 2026-08-24/2026-08-30
WARN,ROLLUP_MISMATCH,universe_daily,NSE_EQ|INE858F01012,1w,1,1/1072 periods differ from daily high/low: 2026-08-24/2026-08-30
WARN,ROLLUP_MISMATCH,universe_daily,NSE_EQ|INE861D01011,1w,1,1/26 periods differ from daily high/low: 2026-08-24/2026-08-30
WARN,ROLLUP_MISMATCH,universe_daily,NSE_EQ|INE861D01011,1mo,1,1/6 periods differ from daily high/low: 2026-08
WARN,ROLLUP_MISMATCH,universe_daily,NSE_EQ|INE862Y01015,1w,1,1/394 periods differ from daily high/low: 2026-08-24/2026-08-30
WARN,ROLLUP_MISMATCH,universe_daily,NSE_EQ|INE863B01029,1w,1,1/538 periods differ from daily high/low: 2026-08-24/2026-08-30
WARN,ROLLUP_MISMATCH,universe_daily,NSE_EQ|INE863I01016,1w,1,1/756 periods differ from daily high/low: 2026-08-24/2026-08-30
WARN,ROLLUP_MISMATCH,universe_daily,NSE_EQ|INE863T01013,1w,1,1/489 periods differ from daily high/low: 2026-08-24/2026-08-30
WARN,ROLLUP_MISMATCH,universe_daily,NSE_EQ|INE865C01022,1w,1,1/761 periods differ from daily high/low: 2026-08-24/2026-08-30
WARN,ROLLUP_MISMATCH,universe_daily,NSE_EQ|INE865C01022,1mo,1,1/176 periods differ from daily high/low: 2026-08
WARN,ROLLUP_MISMATCH,universe_daily,NSE_EQ|INE866K01023,1w,1,1/66 periods differ from daily high/low: 2026-08-24/2026-08-30
WARN,ROLLUP_MISMATCH,universe_daily,NSE_EQ|INE866R01028,1w,1,1/472 periods differ from daily high/low: 2026-08-24/2026-08-30
WARN,ROLLUP_MISMATCH,universe_daily,NSE_EQ|INE868B01028,1w,1,1/1236 periods differ from daily high/low: 2026-08-24/2026-08-30
WARN,ROLLUP_MISMATCH,universe_daily,NSE_EQ|INE868B01028,1mo,1,1/285 periods differ from daily high/low: 2026-08
WARN,ROLLUP_MISMATCH,universe_daily,NSE_EQ|INE869Y01028,1w,2,"2/378 periods differ from daily high/low: 2018-11-12/2018-11-18, 2026-08-24/2026-08-30"
WARN,ROLLUP_MISMATCH,universe_daily,NSE_EQ|INE869Y01028,1mo,1,1/97 periods differ from daily high/low: 2018-11
WARN,ROLLUP_MISMATCH,universe_daily,NSE_EQ|INE870D01012,1w,1,1/1032 periods differ from daily high/low: 2026-08-24/2026-08-30
WARN,ROLLUP_MISMATCH,universe_daily,NSE_EQ|INE870H01013,1w,1,1/1027 periods differ from daily high/low: 2026-08-24/2026-08-30
WARN,ROLLUP_MISMATCH,universe_daily,NSE_EQ|INE870H01013,1mo,1,1/236 periods differ from daily high/low: 2026-08
WARN,ROLLUP_MISMATCH,universe_daily,NSE_EQ|INE871C01038,1w,1,1/599 periods differ from daily high/low: 2026-08-24/2026-08-30
WARN,ROLLUP_MISMATCH,universe_daily,NSE_EQ|INE871H01011,1w,1,1/970 periods differ from daily high/low: 2026-08-24/2026-08-30
WARN,ROLLUP_MISMATCH,universe_daily,NSE_EQ|INE872H01027,1w,1,1/1029 periods differ from daily high/low: 2026-08-24/2026-08-30
WARN,ROLLUP_MISMATCH,universe_daily,NSE_EQ|INE874I01013,1w,1,1/835 periods differ from daily high/low: 2026-08-24/2026-08-30
WARN,ROLLUP_MISMATCH,universe_daily,NSE_EQ|INE875B01015,1w,1,1/26 periods differ from daily high/low: 2026-08-24/2026-08-30
WARN,ROLLUP_MISMATCH,universe_daily,NSE_EQ|INE875B01015,1mo,1,1/6 periods differ from daily high/low: 2026-08
WARN,ROLLUP_MISMATCH,universe_daily,NSE_EQ|INE875G01048,1w,1,1/1084 periods differ from daily high/low: 2026-08-24/2026-08-30
WARN,ROLLUP_MISMATCH,universe_daily,NSE_EQ|INE875G01048,1mo,1,1/250 periods differ from daily high/low: 2026-08
WARN,ROLLUP_MISMATCH,universe_daily,NSE_EQ|INE875R01011,1w,1,1/581 periods differ from daily high/low: 2026-08-24/2026-08-30
WARN,ROLLUP_MISMATCH,universe_daily,NSE_EQ|INE877F01012,1w,1,1/1170 periods differ from daily high/low: 2026-08-24/2026-08-30
WARN,ROLLUP_MISMATCH,universe_daily,NSE_EQ|INE877I01016,1w,1,1/953 periods differ from daily high/low: 2026-08-24/2026-08-30
WARN,ROLLUP_MISMATCH,universe_daily,NSE_EQ|INE878A01011,1w,1,1/1232 periods differ from daily high/low: 2026-08-24/2026-08-30
WARN,ROLLUP_MISMATCH,universe_daily,NSE_EQ|INE878K01010,1w,1,1/821 periods differ from daily high/low: 2026-08-24/2026-08-30
WARN,ROLLUP_MISMATCH,universe_daily,NSE_EQ|INE879A01019,1w,1,1/1236 periods differ from daily high/low: 2026-08-24/2026-08-30
WARN,ROLLUP_MISMATCH,universe_daily,NSE_EQ|INE879I01012,1w,1,1/862 periods differ from daily high/low: 2026-08-24/2026-08-30
WARN,ROLLUP_MISMATCH,universe_daily,NSE_EQ|INE879K01018,1w,1,1/7 periods differ from daily high/low: 2026-08-24/2026-08-30
WARN,ROLLUP_MISMATCH,universe_daily,NSE_EQ|INE880L01014,1w,1,1/503 periods differ from daily high/low: 2026-08-24/2026-08-30
WARN,ROLLUP_MISMATCH,universe_daily,NSE_EQ|INE880Y01017,1w,1,1/394 periods differ from daily high/low: 2026-08-24/2026-08-30
WARN,ROLLUP_MISMATCH,universe_daily,NSE_EQ|INE883A01011,1w,1,1/1236 periods differ from daily high/low: 2026-08-24/2026-08-30
WARN,ROLLUP_MISMATCH,universe_daily,NSE_EQ|INE883F01010,1w,1,1/125 periods differ from daily high/low: 2026-08-24/2026-08-30
WARN,ROLLUP_MISMATCH,universe_daily,NSE_EQ|INE883N01014,1w,1,1/542 periods differ from daily high/low: 2026-08-24/2026-08-30
WARN,ROLLUP_MISMATCH,universe_daily,NSE_EQ|INE884A01027,1w,1,1/823 periods differ from daily high/low: 2026-08-24/2026-08-30
WARN,ROLLUP_MISMATCH,universe_daily,NSE_EQ|INE884A01027,1mo,1,1/189 periods differ from daily high/low: 2026-08
WARN,ROLLUP_MISMATCH,universe_daily,NSE_EQ|INE884B01025,1w,1,1/24 periods differ from daily high/low: 2026-08-24/2026-08-30
WARN,ROLLUP_MISMATCH,universe_daily,NSE_EQ|INE885F01015,1w,1,1/401 periods differ from daily high/low: 2026-08-24/2026-08-30
WARN,ROLLUP_MISMATCH,universe_daily,NSE_EQ|INE885H01029,1w,1,1/215 periods differ from daily high/low: 2026-08-24/2026-08-30
WARN,ROLLUP_MISMATCH,universe_daily,NSE_EQ|INE886A01014,1w,1,1/839 periods differ from daily high/low: 2026-08-24/2026-08-30
WARN,ROLLUP_MISMATCH,universe_daily,NSE_EQ|INE886D01026,1w,1,1/59 periods differ from daily high/low: 2026-08-24/2026-08-30
WARN,ROLLUP_MISMATCH,universe_daily,NSE_EQ|INE887E01022,1w,1,1/222 periods differ from daily high/low: 2026-08-24/2026-08-30
WARN,ROLLUP_MISMATCH,universe_daily,NSE_EQ|INE893I01013,1w,1,1/868 periods differ from daily high/low: 2026-08-24/2026-08-30
WARN,ROLLUP_MISMATCH,universe_daily,NSE_EQ|INE894V01022,1w,1,1/71 periods differ from daily high/low: 2026-08-24/2026-08-30
WARN,ROLLUP_MISMATCH,universe_daily,NSE_EQ|INE895B01021,1w,1,1/774 periods differ from daily high/low: 2026-08-24/2026-08-30
WARN,ROLLUP_MISMATCH,universe_daily,NSE_EQ|INE896L01010,1w,1,1/437 periods differ from daily high/low: 2026-08-24/2026-08-30
WARN,ROLLUP_MISMATCH,universe_daily,NSE_EQ|INE896L01010,1mo,1,1/101 periods differ from daily high/low: 2026-08
WARN,ROLLUP_MISMATCH,universe_daily,NSE_EQ|INE900B01029,1w,1,1/1236 periods differ from daily high/low: 2026-08-24/2026-08-30
WARN,ROLLUP_MISMATCH,universe_daily,NSE_EQ|INE900B01029,1mo,1,1/285 periods differ from daily high/low: 2026-08
WARN,ROLLUP_MISMATCH,universe_daily,NSE_EQ|INE900C01027,1w,1,1/1206 periods differ from daily high/low: 2026-08-24/2026-08-30
WARN,ROLLUP_MISMATCH,universe_daily,NSE_EQ|INE900L01028,1w,1,1/497 periods differ from daily high/low: 2026-08-24/2026-08-30
WARN,ROLLUP_MISMATCH,universe_daily,NSE_EQ|INE900L01028,1mo,1,1/119 periods differ from daily high/low: 2026-08
WARN,ROLLUP_MISMATCH,universe_daily,NSE_EQ|INE902B01017,1w,1,1/313 periods differ from daily high/low: 2026-08-24/2026-08-30
WARN,ROLLUP_MISMATCH,universe_daily,NSE_EQ|INE903D01011,1w,1,1/248 periods differ from daily high/low: 2026-08-24/2026-08-30
WARN,ROLLUP_MISMATCH,universe_daily,NSE_EQ|INE903U01023,1w,1,1/158 periods differ from daily high/low: 2026-08-24/2026-08-30
WARN,ROLLUP_MISMATCH,universe_daily,NSE_EQ|INE906O01029,1w,1,1/55 periods differ from daily high/low: 2026-08-24/2026-08-30
WARN,ROLLUP_MISMATCH,universe_daily,NSE_EQ|INE908D01010,1w,1,1/780 periods differ from daily high/low: 2026-08-24/2026-08-30
WARN,ROLLUP_MISMATCH,universe_daily,NSE_EQ|INE908V01012,1w,1,1/494 periods differ from daily high/low: 2026-08-24/2026-08-30
WARN,ROLLUP_MISMATCH,universe_daily,NSE_EQ|INE910A01012,1w,1,1/24 periods differ from daily high/low: 2026-08-24/2026-08-30
WARN,ROLLUP_MISMATCH,universe_daily,NSE_EQ|INE912H01013,1w,1,1/873 periods differ from daily high/low: 2026-08-24/2026-08-30
WARN,ROLLUP_MISMATCH,universe_daily,NSE_EQ|INE913H01037,1w,1,1/520 periods differ from daily high/low: 2026-08-24/2026-08-30
WARN,ROLLUP_MISMATCH,universe_daily,NSE_EQ|INE915B01019,1w,1,1/1236 periods differ from daily high/low: 2026-08-24/2026-08-30
WARN,ROLLUP_MISMATCH,universe_daily,NSE_EQ|INE916U01025,1w,1,1/513 periods differ from daily high/low: 2026-08-24/2026-08-30
WARN,ROLLUP_MISMATCH,universe_daily,NSE_EQ|INE916Y01027,1w,1,1/119 periods differ from daily high/low: 2026-08-24/2026-08-30
WARN,ROLLUP_MISMATCH,universe_daily,NSE_EQ|INE919I01024,1w,1,1/499 periods differ from daily high/low: 2026-08-24/2026-08-30
WARN,ROLLUP_MISMATCH,universe_daily,NSE_EQ|INE920A01037,1w,1,1/163 periods differ from daily high/low: 2026-08-24/2026-08-30
WARN,ROLLUP_MISMATCH,universe_daily,NSE_EQ|INE920A01037,1mo,1,1/38 periods differ from daily high/low: 2026-08
WARN,ROLLUP_MISMATCH,universe_daily,NSE_EQ|INE920C01017,1w,1,1/7 periods differ from daily high/low: 2026-08-24/2026-08-30
WARN,ROLLUP_MISMATCH,universe_daily,NSE_EQ|INE922B01023,1w,1,1/1236 periods differ from daily high/low: 2026-08-24/2026-08-30
WARN,ROLLUP_MISMATCH,universe_daily,NSE_EQ|INE923A01015,1w,1,1/1236 periods differ from daily high/low: 2026-08-24/2026-08-30
WARN,ROLLUP_MISMATCH,universe_daily,NSE_EQ|INE923A01015,1mo,1,1/285 periods differ from daily high/low: 2026-08
WARN,ROLLUP_MISMATCH,universe_daily,NSE_EQ|INE924H01018,1w,1,1/796 periods differ from daily high/low: 2026-08-24/2026-08-30
WARN,ROLLUP_MISMATCH,universe_daily,NSE_EQ|INE925R01014,1w,1,1/249 periods differ from daily high/low: 2026-08-24/2026-08-30
WARN,ROLLUP_MISMATCH,universe_daily,NSE_EQ|INE926B01016,1w,1,1/24 periods differ from daily high/low: 2026-08-24/2026-08-30
WARN,ROLLUP_MISMATCH,universe_daily,NSE_EQ|INE926K01017,1w,1,1/843 periods differ from daily high/low: 2026-08-24/2026-08-30
WARN,ROLLUP_MISMATCH,universe_daily,NSE_EQ|INE926X01010,1w,1,1/448 periods differ from daily high/low: 2026-08-24/2026-08-30
WARN,ROLLUP_MISMATCH,universe_daily,NSE_EQ|INE927D01051,1w,1,1/1138 periods differ from daily high/low: 2026-08-24/2026-08-30
WARN,ROLLUP_MISMATCH,universe_daily,NSE_EQ|INE928C01010,1w,1,1/24 periods differ from daily high/low: 2026-08-24/2026-08-30
WARN,ROLLUP_MISMATCH,universe_daily,NSE_EQ|INE930H01031,1w,1,1/997 periods differ from daily high/low: 2026-08-24/2026-08-30
WARN,ROLLUP_MISMATCH,universe_daily,NSE_EQ|INE930P01018,1w,1,1/289 periods differ from daily high/low: 2026-08-24/2026-08-30
WARN,ROLLUP_MISMATCH,universe_daily,NSE_EQ|INE930P01018,1mo,1,1/67 periods differ from daily high/low: 2026-08
WARN,ROLLUP_MISMATCH,universe_daily,NSE_EQ|INE931S01010,1w,1,1/584 periods differ from daily high/low: 2026-08-24/2026-08-30
WARN,ROLLUP_MISMATCH,universe_daily,NSE_EQ|INE932A01024,1w,1,1/828 periods differ from daily high/low: 2026-08-24/2026-08-30
WARN,ROLLUP_MISMATCH,universe_daily,NSE_EQ|INE932X01026,1w,1,1/315 periods differ from daily high/low: 2026-08-24/2026-08-30
WARN,ROLLUP_MISMATCH,universe_daily,NSE_EQ|INE933B01012,1w,1,1/995 periods differ from daily high/low: 2026-08-24/2026-08-30
WARN,ROLLUP_MISMATCH,universe_daily,NSE_EQ|INE933S01016,1w,1,1/379 periods differ from daily high/low: 2026-08-24/2026-08-30
WARN,ROLLUP_MISMATCH,universe_daily,NSE_EQ|INE933S01016,1mo,1,1/87 periods differ from daily high/low: 2026-08
WARN,ROLLUP_MISMATCH,universe_daily,NSE_EQ|INE933X01016,1w,2,"2/439 periods differ from daily high/low: 2018-10-29/2018-11-04, 2026-08-24/2026-08-30"
WARN,ROLLUP_MISMATCH,universe_daily,NSE_EQ|INE933X01016,1mo,1,1/112 periods differ from daily high/low: 2018-11
WARN,ROLLUP_MISMATCH,universe_daily,NSE_EQ|INE934C01018,1w,1,1/24 periods differ from daily high/low: 2026-08-24/2026-08-30
WARN,ROLLUP_MISMATCH,universe_daily,NSE_EQ|INE934S01014,1w,1,1/523 periods differ from daily high/low: 2026-08-24/2026-08-30
WARN,ROLLUP_MISMATCH,universe_daily,NSE_EQ|INE935A01035,1w,1,1/1232 periods differ from daily high/low: 2026-08-24/2026-08-30
WARN,ROLLUP_MISMATCH,universe_daily,NSE_EQ|INE936B01015,1w,1,1/86 periods differ from daily high/low: 2026-08-24/2026-08-30
WARN,ROLLUP_MISMATCH,universe_daily,NSE_EQ|INE937A01023,1w,1,1/823 periods differ from daily high/low: 2026-08-24/2026-08-30
WARN,ROLLUP_MISMATCH,universe_daily,NSE_EQ|INE937C01029,1w,1,1/594 periods differ from daily high/low: 2026-08-24/2026-08-30
WARN,ROLLUP_MISMATCH,universe_daily,NSE_EQ|INE938C01019,1w,1,1/7 periods differ from daily high/low: 2026-08-24/2026-08-30
WARN,ROLLUP_MISMATCH,universe_daily,NSE_EQ|INE939A01011,1w,1,1/1236 periods differ from daily high/low: 2026-08-24/2026-08-30
WARN,ROLLUP_MISMATCH,universe_daily,NSE_EQ|INE940H01022,1w,1,1/1025 periods differ from daily high/low: 2026-08-24/2026-08-30
WARN,ROLLUP_MISMATCH,universe_daily,NSE_EQ|INE940H01022,1mo,1,1/236 periods differ from daily high/low: 2026-09
WARN,ROLLUP_MISMATCH,universe_daily,NSE_EQ|INE942C01045,1w,1,1/84 periods differ from daily high/low: 2026-08-24/2026-08-30
WARN,ROLLUP_MISMATCH,universe_daily,NSE_EQ|INE943D01017,1w,1,1/1236 periods differ from daily high/low: 2026-08-24/2026-08-30
WARN,ROLLUP_MISMATCH,universe_daily,NSE_EQ|INE944F01028,1w,1,1/1236 periods differ from daily high/low: 2026-08-24/2026-08-30
WARN,ROLLUP_MISMATCH,universe_daily,NSE_EQ|INE945F01025,1w,1,1/24 periods differ from daily high/low: 2026-08-24/2026-08-30
WARN,ROLLUP_MISMATCH,universe_daily,NSE_EQ|INE947A01014,1w,1,1/1236 periods differ from daily high/low: 2026-08-24/2026-08-30
WARN,ROLLUP_MISMATCH,universe_daily,NSE_EQ|INE947I01017,1w,1,1/949 periods differ from daily high/low: 2026-08-24/2026-08-30
WARN,ROLLUP_MISMATCH,universe_daily,NSE_EQ|INE947J01015,1w,1,1/880 periods differ from daily high/low: 2026-08-24/2026-08-30
WARN,ROLLUP_MISMATCH,universe_daily,NSE_EQ|INE947J01015,1mo,1,1/203 periods differ from daily high/low: 2026-08
WARN,ROLLUP_MISMATCH,universe_daily,NSE_EQ|INE947N01017,1w,1,1/43 periods differ from daily high/low: 2026-08-24/2026-08-30
WARN,ROLLUP_MISMATCH,universe_daily,NSE_EQ|INE947Q01028,1w,1,1/511 periods differ from daily high/low: 2026-08-24/2026-08-30
WARN,ROLLUP_MISMATCH,universe_daily,NSE_EQ|INE947T01022,1w,1,1/366 periods differ from daily high/low: 2026-08-24/2026-08-30
WARN,ROLLUP_MISMATCH,universe_daily,NSE_EQ|INE949H01023,1w,1,1/865 periods differ from daily high/low: 2026-08-24/2026-08-30
WARN,ROLLUP_MISMATCH,universe_daily,NSE_EQ|INE949P01018,1w,1,1/607 periods differ from daily high/low: 2026-08-24/2026-08-30
WARN,ROLLUP_MISMATCH,universe_daily,NSE_EQ|INE950I01011,1w,1,1/874 periods differ from daily high/low: 2026-08-24/2026-08-30
WARN,ROLLUP_MISMATCH,universe_daily,NSE_EQ|INE950M01013,1w,1,1/616 periods differ from daily high/low: 2026-08-24/2026-08-30
WARN,ROLLUP_MISMATCH,universe_daily,NSE_EQ|INE950M01013,1mo,1,1/142 periods differ from daily high/low: 2026-08
WARN,ROLLUP_MISMATCH,universe_daily,NSE_EQ|INE953E01022,1w,1,1/7 periods differ from daily high/low: 2026-08-24/2026-08-30
WARN,ROLLUP_MISMATCH,universe_daily,NSE_EQ|INE953E01022,1mo,1,1/2 periods differ from daily high/low: 2026-08
WARN,ROLLUP_MISMATCH,universe_daily,NSE_EQ|INE953L01027,1w,1,1/138 periods differ from daily high/low: 2026-08-24/2026-08-30
WARN,ROLLUP_MISMATCH,universe_daily,NSE_EQ|INE953O01021,1w,1,1/263 periods differ from daily high/low: 2026-08-24/2026-08-30
WARN,ROLLUP_MISMATCH,universe_daily,NSE_EQ|INE953R01016,1w,1,1/107 periods differ from daily high/low: 2026-08-24/2026-08-30
WARN,ROLLUP_MISMATCH,universe_daily,NSE_EQ|INE955I01044,1w,19,"19/446 periods differ from daily high/low: 2016-01-11/2016-01-17, 2016-07-18/2016-07-24, 2016-08-08/2016-08-14"
WARN,ROLLUP_MISMATCH,universe_daily,NSE_EQ|INE955I01044,1mo,8,"8/107 periods differ from daily high/low: 2016-09, 2016-10, 2016-12"
WARN,ROLLUP_MISMATCH,universe_daily,NSE_EQ|INE955V01021,1w,1,1/396 periods differ from daily high/low: 2026-08-24/2026-08-30
WARN,ROLLUP_MISMATCH,universe_daily,NSE_EQ|INE956G01038,1w,1,1/834 periods differ from daily high/low: 2026-08-24/2026-08-30
WARN,ROLLUP_MISMATCH,universe_daily,NSE_EQ|INE956O01016,1w,1,1/47 periods differ from daily high/low: 2026-08-24/2026-08-30
WARN,ROLLUP_MISMATCH,universe_daily,NSE_EQ|INE959A01019,1w,1,1/596 periods differ from daily high/low: 2026-08-24/2026-08-30
WARN,ROLLUP_MISMATCH,universe_daily,NSE_EQ|INE960E01019,1w,1,1/7 periods differ from daily high/low: 2026-08-24/2026-08-30
WARN,ROLLUP_MISMATCH,universe_daily,NSE_EQ|INE963C01033,1w,1,1/203 periods differ from daily high/low: 2026-08-24/2026-08-30
WARN,ROLLUP_MISMATCH,universe_daily,NSE_EQ|INE965W01036,1w,1,1/53 periods differ from daily high/low: 2026-08-24/2026-08-30
WARN,ROLLUP_MISMATCH,universe_daily,NSE_EQ|INE966A01022,1w,1,1/372 periods differ from daily high/low: 2026-08-24/2026-08-30
WARN,ROLLUP_MISMATCH,universe_daily,NSE_EQ|INE966H01019,1w,1,1/1030 periods differ from daily high/low: 2026-08-24/2026-08-30
WARN,ROLLUP_MISMATCH,universe_daily,NSE_EQ|INE967A01012,1w,1,1/7 periods differ from daily high/low: 2026-08-24/2026-08-30
WARN,ROLLUP_MISMATCH,universe_daily,NSE_EQ|INE967C01018,1w,1,1/1236 periods differ from daily high/low: 2026-08-24/2026-08-30
WARN,ROLLUP_MISMATCH,universe_daily,NSE_EQ|INE967G01019,1w,1,1/24 periods differ from daily high/low: 2026-08-24/2026-08-30
WARN,ROLLUP_MISMATCH,universe_daily,NSE_EQ|INE972A01020,1w,1,1/24 periods differ from daily high/low: 2026-08-24/2026-08-30
WARN,ROLLUP_MISMATCH,universe_daily,NSE_EQ|INE972X01022,1w,1,1/541 periods differ from daily high/low: 2026-08-24/2026-08-30
WARN,ROLLUP_MISMATCH,universe_daily,NSE_EQ|INE974B01016,1w,1,1/224 periods differ from daily high/low: 2026-08-24/2026-08-30
WARN,ROLLUP_MISMATCH,universe_daily,NSE_EQ|INE976A01021,1w,1,1/1236 periods differ from daily high/low: 2026-08-24/2026-08-30
WARN,ROLLUP_MISMATCH,universe_daily,NSE_EQ|INE976E01023,1w,1,1/255 periods differ from daily high/low: 2026-08-24/2026-08-30
WARN,ROLLUP_MISMATCH,universe_daily,NSE_EQ|INE976G01028,1w,1,1/527 periods differ from daily high/low: 2026-08-24/2026-08-30
WARN,ROLLUP_MISMATCH,universe_daily,NSE_EQ|INE976G01028,1mo,1,1/122 periods differ from daily high/low: 2026-08
WARN,ROLLUP_MISMATCH,universe_daily,NSE_EQ|INE976R01033,1w,1,1/116 periods differ from daily high/low: 2026-08-24/2026-08-30
WARN,ROLLUP_MISMATCH,universe_daily,NSE_EQ|INE977Y01011,1w,1,1/415 periods differ from daily high/low: 2026-08-24/2026-08-30
WARN,ROLLUP_MISMATCH,universe_daily,NSE_EQ|INE978G01016,1w,1,1/1106 periods differ from daily high/low: 2026-08-24/2026-08-30
WARN,ROLLUP_MISMATCH,universe_daily,NSE_EQ|INE979A01025,1w,1,1/1236 periods differ from daily high/low: 2026-08-24/2026-08-30
WARN,ROLLUP_MISMATCH,universe_daily,NSE_EQ|INE979B01015,1w,1,1/24 periods differ from daily high/low: 2026-08-24/2026-08-30
WARN,ROLLUP_MISMATCH,universe_daily,NSE_EQ|INE980O01024,1w,1,1/142 periods differ from daily high/low: 2026-08-24/2026-08-30
WARN,ROLLUP_MISMATCH,universe_daily,NSE_EQ|INE980Y01015,1w,1,1/438 periods differ from daily high/low: 2026-08-24/2026-08-30
WARN,ROLLUP_MISMATCH,universe_daily,NSE_EQ|INE982B01027,1w,1,1/838 periods differ from daily high/low: 2026-08-24/2026-08-30
WARN,ROLLUP_MISMATCH,universe_daily,NSE_EQ|INE982F01036,1w,1,1/867 periods differ from daily high/low: 2026-08-24/2026-08-30
WARN,ROLLUP_MISMATCH,universe_daily,NSE_EQ|INE982J01020,1w,1,1/255 periods differ from daily high/low: 2026-08-24/2026-08-30
WARN,ROLLUP_MISMATCH,universe_daily,NSE_EQ|INE982V01025,1w,1,1/250 periods differ from daily high/low: 2026-08-24/2026-08-30
WARN,ROLLUP_MISMATCH,universe_daily,NSE_EQ|INE985S01024,1w,1,1/556 periods differ from daily high/low: 2026-08-24/2026-08-30
WARN,ROLLUP_MISMATCH,universe_daily,NSE_EQ|INE987A01010,1w,1,1/7 periods differ from daily high/low: 2026-08-24/2026-08-30
WARN,ROLLUP_MISMATCH,universe_daily,NSE_EQ|INE987B01026,1w,1,1/1236 periods differ from daily high/low: 2026-08-24/2026-08-30
WARN,ROLLUP_MISMATCH,universe_daily,NSE_EQ|INE988S01028,1w,1,1/138 periods differ from daily high/low: 2026-08-24/2026-08-30
WARN,ROLLUP_MISMATCH,universe_daily,NSE_EQ|INE989A01032,1w,1,1/1028 periods differ from daily high/low: 2026-08-24/2026-08-30
WARN,ROLLUP_MISMATCH,universe_daily,NSE_EQ|INE991I01015,1w,1,1/538 periods differ from daily high/low: 2026-08-24/2026-08-30
WARN,ROLLUP_MISMATCH,universe_daily,NSE_EQ|INE994E01018,1w,1,1/24 periods differ from daily high/low: 2026-08-24/2026-08-30
WARN,ROLLUP_MISMATCH,universe_daily,NSE_EQ|INE997Y01027,1w,1,1/427 periods differ from daily high/low: 2026-08-24/2026-08-30
WARN,ROLLUP_MISMATCH,universe_daily,NSE_EQ|INE998H01012,1w,1,1/785 periods differ from daily high/low: 2026-08-24/2026-08-30
WARN,ROLLUP_MISMATCH,universe_daily,NSE_EQ|INE998I01010,1w,1,1/899 periods differ from daily high/low: 2026-08-24/2026-08-30
WARN,ROLLUP_MISMATCH,universe_daily,NSE_EQ|INE999A01023,1w,1,1/1236 periods differ from daily high/low: 2026-08-24/2026-08-30
WARN,ROLLUP_MISMATCH,universe_daily,NSE_EQ|INE999K01014,1w,1,1/835 periods differ from daily high/low: 2026-08-24/2026-08-30
WARN,ROLLUP_MISMATCH,universe_daily,NSE_EQ|INF109K1A476,1w,1,1/15 periods differ from daily high/low: 2026-08-24/2026-08-30
WARN,ROLLUP_MISMATCH,universe_daily,NSE_EQ|INF109KC10W0,1w,35,"35/614 periods differ from daily high/low: 2016-07-11/2016-07-17, 2016-07-18/2016-07-24, 2016-07-25/2016-07-31"
WARN,ROLLUP_MISMATCH,universe_daily,NSE_EQ|INF109KC10W0,1mo,9,"9/141 periods differ from daily high/low: 2016-07, 2016-08, 2016-09"
WARN,ROLLUP_MISMATCH,universe_daily,NSE_EQ|INF109KC11V0,1w,1,1/529 periods differ from daily high/low: 2026-08-24/2026-08-30
WARN,ROLLUP_MISMATCH,universe_daily,NSE_EQ|INF109KC11W8,1w,1,1/349 periods differ from daily high/low: 2026-08-24/2026-08-30
WARN,ROLLUP_MISMATCH,universe_daily,NSE_EQ|INF109KC16E5,1w,1,1/215 periods differ from daily high/low: 2026-08-24/2026-08-30
WARN,ROLLUP_MISMATCH,universe_daily,NSE_EQ|INF109KC1Q72,1w,1,1/280 periods differ from daily high/low: 2026-08-24/2026-08-30
WARN,ROLLUP_MISMATCH,universe_daily,NSE_EQ|INF174K014P6,1w,1,1/661 periods differ from daily high/low: 2026-08-24/2026-08-30
WARN,ROLLUP_MISMATCH,universe_daily,NSE_EQ|INF174KA1A86,1w,1,1/778 periods differ from daily high/low: 2026-08-24/2026-08-30
WARN,ROLLUP_MISMATCH,universe_daily,NSE_EQ|INF174KA1GC5,1w,1,1/292 periods differ from daily high/low: 2026-08-24/2026-08-30
WARN,ROLLUP_MISMATCH,universe_daily,NSE_EQ|INF174KA1GC5,1mo,1,1/67 periods differ from daily high/low: 2026-08
WARN,ROLLUP_MISMATCH,universe_daily,NSE_EQ|INF174KA1JF2,1w,17,"17/240 periods differ from daily high/low: 2016-01-04/2016-01-10, 2016-01-11/2016-01-17, 2016-01-18/2016-01-24"
WARN,ROLLUP_MISMATCH,universe_daily,NSE_EQ|INF174KA1JF2,1mo,4,"4/56 periods differ from daily high/low: 2016-01, 2016-02, 2016-03"
WARN,ROLLUP_MISMATCH,universe_daily,NSE_EQ|INF174KA1UW4,1w,1,1/83 periods differ from daily high/low: 2026-08-24/2026-08-30
WARN,ROLLUP_MISMATCH,universe_daily,NSE_EQ|INF174KA1VD2,1w,1,1/84 periods differ from daily high/low: 2026-08-24/2026-08-30
WARN,ROLLUP_MISMATCH,universe_daily,NSE_EQ|INF174KA1XS6,1w,1,1/51 periods differ from daily high/low: 2026-08-24/2026-08-30
WARN,ROLLUP_MISMATCH,universe_daily,NSE_EQ|INF174KA1ZF8,1w,1,1/218 periods differ from daily high/low: 2026-08-24/2026-08-30
WARN,ROLLUP_MISMATCH,universe_daily,NSE_EQ|INF179KC1981,1w,1,1/634 periods differ from daily high/low: 2026-08-24/2026-08-30
WARN,ROLLUP_MISMATCH,universe_daily,NSE_EQ|INF179KC1DJ0,1w,1,1/210 periods differ from daily high/low: 2026-08-24/2026-08-30
WARN,ROLLUP_MISMATCH,universe_daily,NSE_EQ|INF179KC1DJ0,1mo,1,1/49 periods differ from daily high/low: 2026-08
WARN,ROLLUP_MISMATCH,universe_daily,NSE_EQ|INF179KC1HS2,1w,1,1/217 periods differ from daily high/low: 2026-08-24/2026-08-30
WARN,ROLLUP_MISMATCH,universe_daily,NSE_EQ|INF179KC1HU8,1w,1,1/207 periods differ from daily high/low: 2026-08-24/2026-08-30
WARN,ROLLUP_MISMATCH,universe_daily,NSE_EQ|INF179KC1KT4,1w,1,1/10 periods differ from daily high/low: 2026-08-24/2026-08-30
WARN,ROLLUP_MISMATCH,universe_daily,NSE_EQ|INF194KB1KI9,1w,1,1/43 periods differ from daily high/low: 2026-08-24/2026-08-30
WARN,ROLLUP_MISMATCH,universe_daily,NSE_EQ|INF194KB1KI9,1mo,1,1/10 periods differ from daily high/low: 2026-08
WARN,ROLLUP_MISMATCH,universe_daily,NSE_EQ|INF1J2R01171,1w,1,1/31 periods differ from daily high/low: 2026-08-24/2026-08-30
WARN,ROLLUP_MISMATCH,universe_daily,NSE_EQ|INF1J2R01171,1mo,1,1/7 periods differ from daily high/low: 2026-08
WARN,ROLLUP_MISMATCH,universe_daily,NSE_EQ|INF200KA1FS1,1w,1,1/584 periods differ from daily high/low: 2026-08-24/2026-08-30
WARN,ROLLUP_MISMATCH,universe_daily,NSE_EQ|INF200KA1JT1,1w,1,1/515 periods differ from daily high/low: 2026-08-24/2026-08-30
WARN,ROLLUP_MISMATCH,universe_daily,NSE_EQ|INF200KB1282,1w,1,1/115 periods differ from daily high/low: 2026-08-24/2026-08-30
WARN,ROLLUP_MISMATCH,universe_daily,NSE_EQ|INF200KB1282,1mo,1,1/27 periods differ from daily high/low: 2026-08
WARN,ROLLUP_MISMATCH,universe_daily,NSE_EQ|INF200KB1AJ0,1w,1,1/31 periods differ from daily high/low: 2026-08-24/2026-08-30
WARN,ROLLUP_MISMATCH,universe_daily,NSE_EQ|INF200KB1AX1,1w,1,1/19 periods differ from daily high/low: 2026-08-24/2026-08-30
WARN,ROLLUP_MISMATCH,universe_daily,NSE_EQ|INF204KB15I9,1w,1,1/1144 periods differ from daily high/low: 2026-08-24/2026-08-30
WARN,ROLLUP_MISMATCH,universe_daily,NSE_EQ|INF204KB15I9,1mo,1,1/268 periods differ from daily high/low: 2026-08
WARN,ROLLUP_MISMATCH,universe_daily,NSE_EQ|INF204KB17I5,1w,1,1/812 periods differ from daily high/low: 2026-08-24/2026-08-30
WARN,ROLLUP_MISMATCH,universe_daily,NSE_EQ|INF204KB17I5,1mo,1,1/187 periods differ from daily high/low: 2026-08
WARN,ROLLUP_MISMATCH,universe_daily,NSE_EQ|INF204KB1V68,1w,1,1/400 periods differ from daily high/low: 2026-08-24/2026-08-30
WARN,ROLLUP_MISMATCH,universe_daily,NSE_EQ|INF204KB1V68,1mo,1,1/92 periods differ from daily high/low: 2026-08
WARN,ROLLUP_MISMATCH,universe_daily,NSE_EQ|INF204KC1030,1w,1,1/315 periods differ from daily high/low: 2026-08-24/2026-08-30
WARN,ROLLUP_MISMATCH,universe_daily,NSE_EQ|INF204KC1030,1mo,1,1/73 periods differ from daily high/low: 2026-08
WARN,ROLLUP_MISMATCH,universe_daily,NSE_EQ|INF204KC1089,1w,1,1/274 periods differ from daily high/low: 2026-08-24/2026-08-30
WARN,ROLLUP_MISMATCH,universe_daily,NSE_EQ|INF204KC1402,1w,1,1/243 periods differ from daily high/low: 2026-08-24/2026-08-30
WARN,ROLLUP_MISMATCH,universe_daily,NSE_EQ|INF209KB10E8,1w,1,1/261 periods differ from daily high/low: 2026-08-24/2026-08-30
WARN,ROLLUP_MISMATCH,universe_daily,NSE_EQ|INF209KB11D8,1w,1,1/257 periods differ from daily high/low: 2026-08-24/2026-08-30
WARN,ROLLUP_MISMATCH,universe_daily,NSE_EQ|INF209KB14K7,1w,1,1/215 periods differ from daily high/low: 2026-08-24/2026-08-30
WARN,ROLLUP_MISMATCH,universe_daily,NSE_EQ|INF209KB15K4,1w,1,1/215 periods differ from daily high/low: 2026-08-24/2026-08-30
WARN,ROLLUP_MISMATCH,universe_daily,NSE_EQ|INF209KB16D7,1w,1,1/406 periods differ from daily high/low: 2026-08-24/2026-08-30
WARN,ROLLUP_MISMATCH,universe_daily,NSE_EQ|INF209KB17D5,1w,1,1/362 periods differ from daily high/low: 2026-08-24/2026-08-30
WARN,ROLLUP_MISMATCH,universe_daily,NSE_EQ|INF209KB17D5,1mo,1,1/84 periods differ from daily high/low: 2026-08
WARN,ROLLUP_MISMATCH,universe_daily,NSE_EQ|INF209KB19F6,1w,1,1/244 periods differ from daily high/low: 2026-08-24/2026-08-30
WARN,ROLLUP_MISMATCH,universe_daily,NSE_EQ|INF209KB19F6,1mo,1,1/56 periods differ from daily high/low: 2026-08
WARN,ROLLUP_MISMATCH,universe_daily,NSE_EQ|INF209KC1142,1w,1,1/109 periods differ from daily high/low: 2026-08-24/2026-08-30
WARN,ROLLUP_MISMATCH,universe_daily,NSE_EQ|INF209KC1662,1w,1,1/33 periods differ from daily high/low: 2026-08-24/2026-08-30
WARN,ROLLUP_MISMATCH,universe_daily,NSE_EQ|INF209KC1662,1mo,1,1/8 periods differ from daily high/low: 2026-08
WARN,ROLLUP_MISMATCH,universe_daily,NSE_EQ|INF247L01023,1w,1,1/614 periods differ from daily high/low: 2026-08-24/2026-08-30
WARN,ROLLUP_MISMATCH,universe_daily,NSE_EQ|INF247L01AK4,1w,1,1/303 periods differ from daily high/low: 2026-08-24/2026-08-30
WARN,ROLLUP_MISMATCH,universe_daily,NSE_EQ|INF247L01BB1,1w,1,1/218 periods differ from daily high/low: 2026-08-24/2026-08-30
WARN,ROLLUP_MISMATCH,universe_daily,NSE_EQ|INF247L01BE5,1w,1,1/215 periods differ from daily high/low: 2026-08-24/2026-08-30
WARN,ROLLUP_MISMATCH,universe_daily,NSE_EQ|INF247L01BL0,1w,1,1/264 periods differ from daily high/low: 2026-08-24/2026-08-30
WARN,ROLLUP_MISMATCH,universe_daily,NSE_EQ|INF247L01BL0,1mo,1,1/63 periods differ from daily high/low: 2026-08
WARN,ROLLUP_MISMATCH,universe_daily,NSE_EQ|INF247L01DK8,1w,1,1/105 periods differ from daily high/low: 2026-08-24/2026-08-30
WARN,ROLLUP_MISMATCH,universe_daily,NSE_EQ|INF247L01EV3,1w,1,1/82 periods differ from daily high/low: 2026-08-24/2026-08-30
WARN,ROLLUP_MISMATCH,universe_daily,NSE_EQ|INF247L01FC0,1w,1,1/74 periods differ from daily high/low: 2026-08-24/2026-08-30
WARN,ROLLUP_MISMATCH,universe_daily,NSE_EQ|INF247L01FO5,1w,1,1/70 periods differ from daily high/low: 2026-08-24/2026-08-30
WARN,ROLLUP_MISMATCH,universe_daily,NSE_EQ|INF247L01FQ0,1w,1,1/66 periods differ from daily high/low: 2026-08-24/2026-08-30
WARN,ROLLUP_MISMATCH,universe_daily,NSE_EQ|INF247L01FR8,1w,1,1/65 periods differ from daily high/low: 2026-08-24/2026-08-30
WARN,ROLLUP_MISMATCH,universe_daily,NSE_EQ|INF247L01FY4,1w,1,1/62 periods differ from daily high/low: 2026-08-24/2026-08-30
WARN,ROLLUP_MISMATCH,universe_daily,NSE_EQ|INF247L01FY4,1mo,1,1/15 periods differ from daily high/low: 2026-08
WARN,ROLLUP_MISMATCH,universe_daily,NSE_EQ|INF247L01FZ1,1w,1,1/60 periods differ from daily high/low: 2026-08-24/2026-08-30
WARN,ROLLUP_MISMATCH,universe_daily,NSE_EQ|INF247L01GV8,1w,1,1/26 periods differ from daily high/low: 2026-08-24/2026-08-30
WARN,ROLLUP_MISMATCH,universe_daily,NSE_EQ|INF251K01SU9,1w,1,1/146 periods differ from daily high/low: 2026-08-24/2026-08-30
WARN,ROLLUP_MISMATCH,universe_daily,NSE_EQ|INF251K01SU9,1mo,1,1/34 periods differ from daily high/low: 2026-08
WARN,ROLLUP_MISMATCH,universe_daily,NSE_EQ|INF277KA1364,1w,1,1/235 periods differ from daily high/low: 2026-08-24/2026-08-30
WARN,ROLLUP_MISMATCH,universe_daily,NSE_EQ|INF277KA1984,1w,1,1/142 periods differ from daily high/low: 2026-08-24/2026-08-30
WARN,ROLLUP_MISMATCH,universe_daily,NSE_EQ|INF277KA1984,1mo,1,1/33 periods differ from daily high/low: 2026-08
WARN,ROLLUP_MISMATCH,universe_daily,NSE_EQ|INF2F0001370,1w,1,1/40 periods differ from daily high/low: 2026-08-24/2026-08-30
WARN,ROLLUP_MISMATCH,universe_daily,NSE_EQ|INF2F0001370,1mo,1,1/9 periods differ from daily high/low: 2026-08
WARN,ROLLUP_MISMATCH,universe_daily,NSE_EQ|INF2KCX01012,1w,1,1/47 periods differ from daily high/low: 2026-08-24/2026-08-30
WARN,ROLLUP_MISMATCH,universe_daily,NSE_EQ|INF2KCX01012,1mo,1,1/11 periods differ from daily high/low: 2026-08
WARN,ROLLUP_MISMATCH,universe_daily,NSE_EQ|INF579M01BC3,1w,1,1/79 periods differ from daily high/low: 2026-08-24/2026-08-30
WARN,ROLLUP_MISMATCH,universe_daily,NSE_EQ|INF579M01BP5,1w,1,1/19 periods differ from daily high/low: 2026-08-24/2026-08-30
WARN,ROLLUP_MISMATCH,universe_daily,NSE_EQ|INF579M01BP5,1mo,1,1/5 periods differ from daily high/low: 2026-08
WARN,ROLLUP_MISMATCH,universe_daily,NSE_EQ|INF582M01KS4,1w,1,1/85 periods differ from daily high/low: 2026-08-24/2026-08-30
WARN,ROLLUP_MISMATCH,universe_daily,NSE_EQ|INF582M01KS4,1mo,1,1/20 periods differ from daily high/low: 2026-08
WARN,ROLLUP_MISMATCH,universe_daily,NSE_EQ|INF666M01IO8,1w,1,1/104 periods differ from daily high/low: 2026-08-24/2026-08-30
WARN,ROLLUP_MISMATCH,universe_daily,NSE_EQ|INF666M01JJ6,1w,1,1/87 periods differ from daily high/low: 2026-08-24/2026-08-30
WARN,ROLLUP_MISMATCH,universe_daily,NSE_EQ|INF666M01LL8,1w,1,1/63 periods differ from daily high/low: 2026-08-24/2026-08-30
WARN,ROLLUP_MISMATCH,universe_daily,NSE_EQ|INF666M01NI0,1w,1,1/41 periods differ from daily high/low: 2026-08-24/2026-08-30
WARN,ROLLUP_MISMATCH,universe_daily,NSE_EQ|INF666M01NP5,1w,1,1/38 periods differ from daily high/low: 2026-08-24/2026-08-30
WARN,ROLLUP_MISMATCH,universe_daily,NSE_EQ|INF666M01NP5,1mo,1,1/9 periods differ from daily high/low: 2026-08
WARN,ROLLUP_MISMATCH,universe_daily,NSE_EQ|INF666M01NQ3,1w,1,1/34 periods differ from daily high/low: 2026-08-24/2026-08-30
WARN,ROLLUP_MISMATCH,universe_daily,NSE_EQ|INF666M01NQ3,1mo,1,1/8 periods differ from daily high/low: 2026-08
WARN,ROLLUP_MISMATCH,universe_daily,NSE_EQ|INF666M01OD9,1w,1,1/31 periods differ from daily high/low: 2026-08-24/2026-08-30
WARN,ROLLUP_MISMATCH,universe_daily,NSE_EQ|INF666M01OD9,1mo,1,1/7 periods differ from daily high/low: 2026-08
WARN,ROLLUP_MISMATCH,universe_daily,NSE_EQ|INF732E01045,1w,1,1/823 periods differ from daily high/low: 2026-08-24/2026-08-30
WARN,ROLLUP_MISMATCH,universe_daily,NSE_EQ|INF732E01268,1w,1,1/627 periods differ from daily high/low: 2026-08-24/2026-08-30
WARN,ROLLUP_MISMATCH,universe_daily,NSE_EQ|INF740KA1SY9,1w,1,1/166 periods differ from daily high/low: 2026-08-24/2026-08-30
WARN,ROLLUP_MISMATCH,universe_daily,NSE_EQ|INF740KA1VE5,1w,1,1/87 periods differ from daily high/low: 2026-08-24/2026-08-30
WARN,ROLLUP_MISMATCH,universe_daily,NSE_EQ|INF740KA1WU9,1w,1,1/51 periods differ from daily high/low: 2026-08-24/2026-08-30
WARN,ROLLUP_MISMATCH,universe_daily,NSE_EQ|INF754K01LE1,1w,1,1/323 periods differ from daily high/low: 2026-08-24/2026-08-30
WARN,ROLLUP_MISMATCH,universe_daily,NSE_EQ|INF754K01SF3,1w,1,1/150 periods differ from daily high/low: 2026-08-24/2026-08-30
WARN,ROLLUP_MISMATCH,universe_daily,NSE_EQ|INF754K01SF3,1mo,1,1/35 periods differ from daily high/low: 2026-08
WARN,ROLLUP_MISMATCH,universe_daily,NSE_EQ|INF754K01TX4,1w,1,1/91 periods differ from daily high/low: 2026-08-24/2026-08-30
WARN,ROLLUP_MISMATCH,universe_daily,NSE_EQ|INF754K01TX4,1mo,1,1/21 periods differ from daily high/low: 2026-08
WARN,ROLLUP_MISMATCH,universe_daily,NSE_EQ|INF754K01VX0,1w,1,1/45 periods differ from daily high/low: 2026-08-24/2026-08-30
WARN,ROLLUP_MISMATCH,universe_daily,NSE_EQ|INF754K01VY8,1w,1,1/45 periods differ from daily high/low: 2026-08-24/2026-08-30
WARN,ROLLUP_MISMATCH,universe_daily,NSE_EQ|INF754K01XF3,1w,1,1/19 periods differ from daily high/low: 2026-08-24/2026-08-30
WARN,ROLLUP_MISMATCH,universe_daily,NSE_EQ|INF767K01MV5,1w,1,1/614 periods differ from daily high/low: 2026-08-24/2026-08-30
WARN,ROLLUP_MISMATCH,universe_daily,NSE_EQ|INF769K01GS9,1w,1,1/306 periods differ from daily high/low: 2026-08-24/2026-08-30
WARN,ROLLUP_MISMATCH,universe_daily,NSE_EQ|INF769K01KG6,1w,1,1/173 periods differ from daily high/low: 2026-08-24/2026-08-30
WARN,ROLLUP_MISMATCH,universe_daily,NSE_EQ|INF769K01KG6,1mo,1,1/40 periods differ from daily high/low: 2026-08
WARN,ROLLUP_MISMATCH,universe_daily,NSE_EQ|INF769K01KU7,1w,1,1/154 periods differ from daily high/low: 2026-08-24/2026-08-30
WARN,ROLLUP_MISMATCH,universe_daily,NSE_EQ|INF769K01LY7,1w,1,1/104 periods differ from daily high/low: 2026-08-24/2026-08-30
WARN,ROLLUP_MISMATCH,universe_daily,NSE_EQ|INF769K01LZ4,1w,1,1/104 periods differ from daily high/low: 2026-08-24/2026-08-30
WARN,ROLLUP_MISMATCH,universe_daily,NSE_EQ|INF769K01NS5,1w,1,1/92 periods differ from daily high/low: 2026-08-24/2026-08-30
WARN,ROLLUP_MISMATCH,universe_daily,NSE_EQ|INF769K01NS5,1mo,1,1/21 periods differ from daily high/low: 2026-08
WARN,ROLLUP_MISMATCH,universe_daily,NSE_EQ|INF769K01ON4,1w,1,1/81 periods differ from daily high/low: 2026-08-24/2026-08-30
WARN,ROLLUP_MISMATCH,universe_daily,NSE_EQ|INF769K01PB6,1w,1,1/65 periods differ from daily high/low: 2026-08-24/2026-08-30
WARN,ROLLUP_MISMATCH,universe_daily,NSE_EQ|INF769K01PB6,1mo,1,1/15 periods differ from daily high/low: 2026-08
WARN,ROLLUP_MISMATCH,universe_daily,NSE_EQ|INF769K01PQ4,1w,1,1/47 periods differ from daily high/low: 2026-08-24/2026-08-30
WARN,ROLLUP_MISMATCH,universe_daily,NSE_EQ|INF769K01RJ5,1w,1,1/10 periods differ from daily high/low: 2026-08-24/2026-08-30
WARN,ROLLUP_MISMATCH,universe_daily,NSE_EQ|INF769K01RJ5,1mo,1,1/3 periods differ from daily high/low: 2026-08
WARN,ROLLUP_MISMATCH,universe_daily,NSE_EQ|INF789F1AUX7,1w,1,1/808 periods differ from daily high/low: 2026-08-24/2026-08-30
WARN,ROLLUP_MISMATCH,universe_daily,NSE_EQ|INF789F1AYK6,1w,1,1/181 periods differ from daily high/low: 2026-08-24/2026-08-30
WARN,ROLLUP_MISMATCH,universe_daily,NSE_EQ|INF789F1AZC0,1w,1,1/579 periods differ from daily high/low: 2026-08-24/2026-08-30
WARN,ROLLUP_MISMATCH,universe_daily,NSE_EQ|INF846K011K1,1w,1,1/210 periods differ from daily high/low: 2026-08-24/2026-08-30
WARN,ROLLUP_MISMATCH,universe_daily,NSE_EQ|INF846K01W98,1w,1,1/482 periods differ from daily high/low: 2026-08-24/2026-08-30
WARN,ROLLUP_MISMATCH,universe_daily,NSE_EQ|INF846K01W98,1mo,1,1/111 periods differ from daily high/low: 2026-08
WARN,ROLLUP_MISMATCH,indices_daily,NSE_INDEX|India VIX,1w,2,"2/915 periods differ from daily high/low: 2015-06-29/2015-07-05, 2026-08-24/2026-08-30"
WARN,ROLLUP_MISMATCH,indices_daily,NSE_INDEX|NIFTY AlphaLowVol,1w,2,"2/1123 periods differ from daily high/low: 2015-11-09/2015-11-15, 2015-11-16/2015-11-22"
WARN,ROLLUP_MISMATCH,indices_daily,NSE_INDEX|NIFTY HEALTHCARE,1w,1,1/1123 periods differ from daily high/low: 2026-08-24/2026-08-30
WARN,ROLLUP_MISMATCH,indices_daily,NSE_INDEX|NIFTY MIDCAP 100,1w,1,1/1344 periods differ from daily high/low: 2015-06-29/2015-07-05
WARN,ROLLUP_MISMATCH,indices_daily,NSE_INDEX|NIFTY MIDSML 400,1w,1,1/1123 periods differ from daily high/low: 2015-11-16/2015-11-22
WARN,ROLLUP_MISMATCH,indices_daily,NSE_INDEX|NIFTY OIL AND GAS,1w,1,1/1123 periods differ from daily high/low: 2026-08-24/2026-08-30
WARN,ROLLUP_MISMATCH,indices_daily,NSE_INDEX|NIFTY SMLCAP 50,1w,1,1/1122 periods differ from daily high/low: 2015-11-16/2015-11-22
WARN,ROLLUP_MISMATCH,indices_daily,NSE_INDEX|NIFTY100 EQL Wgt,1w,2,"2/1240 periods differ from daily high/low: 2015-11-16/2015-11-22, 2018-03-26/2018-04-01"
WARN,ROLLUP_MISMATCH,indices_daily,NSE_INDEX|NIFTY100 EQL Wgt,1mo,1,1/285 periods differ from daily high/low: 2015-11
WARN,ROLLUP_MISMATCH,indices_daily,NSE_INDEX|NIFTY100 LowVol30,1w,35,"35/1123 periods differ from daily high/low: 2015-11-16/2015-11-22, 2018-04-09/2018-04-15, 2018-04-16/2018-04-22"
WARN,ROLLUP_MISMATCH,indices_daily,NSE_INDEX|NIFTY100 LowVol30,1mo,8,"8/258 periods differ from daily high/low: 2018-04, 2018-05, 2018-06"
WARN,ROLLUP_MISMATCH,indices_daily,NSE_INDEX|NIFTY100 Qualty30,1w,1,1/860 periods differ from daily high/low: 2015-11-16/2015-11-22
WARN,ROLLUP_MISMATCH,indices_daily,NSE_INDEX|NIFTY100 Qualty30,1mo,1,1/198 periods differ from daily high/low: 2015-11
WARN,ROLLUP_MISMATCH,indices_daily,NSE_INDEX|NIFTY200 QUALTY30,1w,2,"2/1123 periods differ from daily high/low: 2015-11-16/2015-11-22, 2015-11-23/2015-11-29"
WARN,ROLLUP_MISMATCH,indices_daily,NSE_INDEX|Nifty 100,1w,1,1/1240 periods differ from daily high/low: 2015-06-29/2015-07-05
WARN,ROLLUP_MISMATCH,indices_daily,NSE_INDEX|Nifty 200,1w,1,1/1188 periods differ from daily high/low: 2015-06-29/2015-07-05
WARN,ROLLUP_MISMATCH,indices_daily,NSE_INDEX|Nifty Auto,1w,1,1/1188 periods differ from daily high/low: 2015-06-29/2015-07-05
WARN,ROLLUP_MISMATCH,indices_daily,NSE_INDEX|Nifty Bank,1w,1,1/1395 periods differ from daily high/low: 2015-06-29/2015-07-05
WARN,ROLLUP_MISMATCH,indices_daily,NSE_INDEX|Nifty CPSE,1w,2,"2/1188 periods differ from daily high/low: 2015-06-29/2015-07-05, 2026-08-24/2026-08-30"
WARN,ROLLUP_MISMATCH,indices_daily,NSE_INDEX|Nifty Capital Mkt,1w,1,1/99 periods differ from daily high/low: 2026-08-24/2026-08-30
WARN,ROLLUP_MISMATCH,indices_daily,NSE_INDEX|Nifty Commodities,1w,128,"128/983 periods differ from daily high/low: 2015-06-29/2015-07-05, 2015-11-09/2015-11-15, 2015-11-16/2015-11-22"
WARN,ROLLUP_MISMATCH,indices_daily,NSE_INDEX|Nifty Commodities,1mo,30,"30/226 periods differ from daily high/low: 2015-11, 2015-12, 2016-01"
WARN,ROLLUP_MISMATCH,indices_daily,NSE_INDEX|Nifty Div Opps 50,1w,1,1/981 periods differ from daily high/low: 2015-06-29/2015-07-05
WARN,ROLLUP_MISMATCH,indices_daily,NSE_INDEX|Nifty EV,1w,1,1/94 periods differ from daily high/low: 2026-08-24/2026-08-30
WARN,ROLLUP_MISMATCH,indices_daily,NSE_INDEX|Nifty Energy,1w,1,1/1344 periods differ from daily high/low: 2015-06-29/2015-07-05
WARN,ROLLUP_MISMATCH,indices_daily,NSE_INDEX|Nifty FMCG,1w,1,1/1396 periods differ from daily high/low: 2015-06-29/2015-07-05
WARN,ROLLUP_MISMATCH,indices_daily,NSE_INDEX|Nifty Fin Service,1w,2,"2/1188 periods differ from daily high/low: 2015-06-29/2015-07-05, 2015-08-10/2015-08-16"
WARN,ROLLUP_MISMATCH,indices_daily,NSE_INDEX|Nifty Fin Service,1mo,1,1/273 periods differ from daily high/low: 2015-08
WARN,ROLLUP_MISMATCH,indices_daily,NSE_INDEX|Nifty GS 15YrPlus,1w,1,1/459 periods differ from daily high/low: 2026-08-24/2026-08-30
WARN,ROLLUP_MISMATCH,indices_daily,NSE_INDEX|Nifty GS 4 8Yr,1w,49,"49/566 periods differ from daily high/low: 2015-11-16/2015-11-22, 2018-01-01/2018-01-07, 2018-01-08/2018-01-14"
WARN,ROLLUP_MISMATCH,indices_daily,NSE_INDEX|Nifty GS 4 8Yr,1mo,12,"12/131 periods differ from daily high/low: 2015-11, 2018-01, 2018-02"
WARN,ROLLUP_MISMATCH,indices_daily,NSE_INDEX|Nifty GS 8 13Yr,1w,49,"49/566 periods differ from daily high/low: 2015-11-16/2015-11-22, 2018-01-01/2018-01-07, 2018-01-08/2018-01-14"
WARN,ROLLUP_MISMATCH,indices_daily,NSE_INDEX|Nifty GS 8 13Yr,1mo,12,"12/131 periods differ from daily high/low: 2015-11, 2018-01, 2018-02"
WARN,ROLLUP_MISMATCH,indices_daily,NSE_INDEX|Nifty GrowSect 15,1w,160,"160/880 periods differ from daily high/low: 2015-11-09/2015-11-15, 2015-11-16/2015-11-22, 2015-11-23/2015-11-29"
WARN,ROLLUP_MISMATCH,indices_daily,NSE_INDEX|Nifty GrowSect 15,1mo,37,"37/202 periods differ from daily high/low: 2015-11, 2015-12, 2016-01"
WARN,ROLLUP_MISMATCH,indices_daily,NSE_INDEX|Nifty IT,1w,1,1/1392 periods differ from daily high/low: 2015-08-10/2015-08-16
WARN,ROLLUP_MISMATCH,indices_daily,NSE_INDEX|Nifty Infra,1w,1,1/1177 periods differ from daily high/low: 2015-06-29/2015-07-05
WARN,ROLLUP_MISMATCH,indices_daily,NSE_INDEX|Nifty MNC,1w,1,1/1394 periods differ from daily high/low: 2015-06-29/2015-07-05
WARN,ROLLUP_MISMATCH,indices_daily,NSE_INDEX|Nifty Media,1w,2,"2/1084 periods differ from daily high/low: 2015-08-10/2015-08-16, 2026-08-24/2026-08-30"
WARN,ROLLUP_MISMATCH,indices_daily,NSE_INDEX|Nifty Media,1mo,1,1/250 periods differ from daily high/low: 2026-08
WARN,ROLLUP_MISMATCH,indices_daily,NSE_INDEX|Nifty Metal,1w,1,1/1188 periods differ from daily high/low: 2015-06-29/2015-07-05
WARN,ROLLUP_MISMATCH,indices_daily,NSE_INDEX|Nifty Metal,1mo,1,1/273 periods differ from daily high/low: 2015-06
WARN,ROLLUP_MISMATCH,indices_daily,NSE_INDEX|Nifty Mid Liq 15,1w,160,"160/927 periods differ from daily high/low: 2015-11-09/2015-11-15, 2015-11-16/2015-11-22, 2015-11-23/2015-11-29"
WARN,ROLLUP_MISMATCH,indices_daily,NSE_INDEX|Nifty Mid Liq 15,1mo,37,"37/213 periods differ from daily high/low: 2015-11, 2015-12, 2016-01"
WARN,ROLLUP_MISMATCH,indices_daily,NSE_INDEX|Nifty PSE,1w,1,1/1394 periods differ from daily high/low: 2015-06-29/2015-07-05
WARN,ROLLUP_MISMATCH,indices_daily,NSE_INDEX|Nifty PSU Bank,1w,1,1/1187 periods differ from daily high/low: 2015-06-29/2015-07-05
WARN,ROLLUP_MISMATCH,indices_daily,NSE_INDEX|Nifty Pharma,1w,1,1/1344 periods differ from daily high/low: 2026-08-24/2026-08-30
WARN,ROLLUP_MISMATCH,indices_daily,NSE_INDEX|Nifty Pharma,1mo,1,1/309 periods differ from daily high/low: 2026-08
WARN,ROLLUP_MISMATCH,indices_daily,NSE_INDEX|Nifty RailwaysPSU,1w,1,1/34 periods differ from daily high/low: 2026-08-24/2026-08-30
WARN,ROLLUP_MISMATCH,indices_daily,NSE_INDEX|Nifty Realty,1w,2,"2/1032 periods differ from daily high/low: 2015-06-29/2015-07-05, 2015-08-10/2015-08-16"
WARN,ROLLUP_MISMATCH,indices_daily,NSE_INDEX|Nifty Realty,1mo,1,1/238 periods differ from daily high/low: 2015-08
WARN,ROLLUP_MISMATCH,indices_daily,NSE_INDEX|Nifty SME Emerge,1w,1,1/47 periods differ from daily high/low: 2026-08-24/2026-08-30
WARN,ROLLUP_MISMATCH,indices_daily,NSE_INDEX|Nifty Sml250 Q50,1w,1,1/94 periods differ from daily high/low: 2026-08-24/2026-08-30
WARN,ROLLUP_MISMATCH,indices_daily,NSE_INDEX|Nifty Waves,1w,1,1/47 periods differ from daily high/low: 2026-08-24/2026-08-30
WARN,ROLLUP_MISMATCH,indices_daily,NSE_INDEX|Nifty Waves,1mo,1,1/11 periods differ from daily high/low: 2026-08
WARN,ROLLUP_MISMATCH,indices_daily,NSE_INDEX|Nifty100 Liq 15,1w,160,"160/927 periods differ from daily high/low: 2015-11-09/2015-11-15, 2015-11-16/2015-11-22, 2015-11-23/2015-11-29"
WARN,ROLLUP_MISMATCH,indices_daily,NSE_INDEX|Nifty100 Liq 15,1mo,37,"37/213 periods differ from daily high/low: 2015-11, 2015-12, 2016-01"
WARN,ROLLUP_MISMATCH,indices_daily,NSE_INDEX|Nifty200 Alpha 30,1w,1,1/1123 periods differ from daily high/low: 2026-08-24/2026-08-30
WARN,ROLLUP_MISMATCH,indices_daily,NSE_INDEX|Nifty50 PR 1x Inv,1w,2,"2/914 periods differ from daily high/low: 2015-06-29/2015-07-05, 2016-10-03/2016-10-09"
WARN,ROLLUP_MISMATCH,indices_daily,NSE_INDEX|Nifty50 PR 1x Inv,1mo,1,1/210 periods differ from daily high/low: 2016-10
WARN,ROLLUP_MISMATCH,indices_daily,NSE_INDEX|Nifty50 PR 2x Lev,1w,2,"2/914 periods differ from daily high/low: 2015-06-29/2015-07-05, 2016-10-03/2016-10-09"
WARN,ROLLUP_MISMATCH,indices_daily,NSE_INDEX|Nifty50 PR 2x Lev,1mo,1,1/210 periods differ from daily high/low: 2016-10
WARN,ROLLUP_MISMATCH,indices_daily,NSE_INDEX|Nifty50 TR 1x Inv,1w,2,"2/914 periods differ from daily high/low: 2015-06-29/2015-07-05, 2016-10-03/2016-10-09"
WARN,ROLLUP_MISMATCH,indices_daily,NSE_INDEX|Nifty50 TR 1x Inv,1mo,1,1/210 periods differ from daily high/low: 2016-10
WARN,ROLLUP_MISMATCH,indices_daily,NSE_INDEX|Nifty50 TR 2x Lev,1w,1,1/914 periods differ from daily high/low: 2015-06-29/2015-07-05
WARN,SHORT_INTRADAY_DAYS,stocks_intraday,NSE_EQ|INE030A01027,5m,1,1/270 days short: 2025-12-05=66/75
WARN,SHORT_INTRADAY_DAYS,stocks_intraday,NSE_EQ|INE030A01027,15m,1,1/270 days short: 2025-12-05=22/25
WARN,SHORT_INTRADAY_DAYS,stocks_intraday,NSE_EQ|INE155A01022,5m,1,1/270 days short: 2025-10-14=66/75
WARN,SHORT_INTRADAY_DAYS,stocks_intraday,NSE_EQ|INE155A01022,15m,1,1/270 days short: 2025-10-14=22/25
WARN,SHORT_INTRADAY_DAYS,stocks_intraday,NSE_EQ|INE205A01025,5m,1,1/270 days short: 2026-04-30=66/75
WARN,SHORT_INTRADAY_DAYS,stocks_intraday,NSE_EQ|INE205A01025,15m,1,1/270 days short: 2026-04-30=22/25
WARN,STALE,universe_daily,NSE_EQ|INE0LZF01013,1w,7,"last 1w bar 2026-08-17, 7 weeks behind"
WARN,STALE,universe_daily,NSE_EQ|INE0LZF01013,1mo,2,"last 1mo bar 2026-08-01, 2 months behind"
WARN,STALE,universe_daily,NSE_EQ|INE0NLT01010,1w,3,"last 1w bar 2026-09-14, 3 weeks behind"
WARN,STALE,universe_daily,NSE_EQ|INE0NLT01010,1mo,1,"last 1mo bar 2026-09-01, 1 months behind"
WARN,STALE,universe_daily,NSE_EQ|INE105I01020,1w,4,"last 1w bar 2026-09-07, 4 weeks behind"
WARN,STALE,universe_daily,NSE_EQ|INE105I01020,1mo,1,"last 1mo bar 2026-09-01, 1 months behind"
WARN,STALE,universe_daily,NSE_EQ|INE137M01017,1d,1,"last bar 2026-10-06, 1 trading days behind"
WARN,STALE,universe_daily,NSE_EQ|INE217S01014,1d,1,"last bar 2026-10-06, 1 trading days behind"
WARN,STALE,universe_daily,NSE_EQ|INE24OJ01011,1w,3,"last 1w bar 2026-09-14, 3 weeks behind"
WARN,STALE,universe_daily,NSE_EQ|INE24OJ01011,1mo,1,"last 1mo bar 2026-09-01, 1 months behind"
WARN,STALE,universe_daily,NSE_EQ|INE252A01019,1w,4,"last 1w bar 2026-09-07, 4 weeks behind"
WARN,STALE,universe_daily,NSE_EQ|INE252A01019,1mo,1,"last 1mo bar 2026-09-01, 1 months behind"
WARN,STALE,universe_daily,NSE_EQ|INE524T01011,1w,3,"last 1w bar 2026-09-14, 3 weeks behind"
WARN,STALE,universe_daily,NSE_EQ|INE524T01011,1mo,1,"last 1mo bar 2026-09-01, 1 months behind"
WARN,STALE,universe_daily,NSE_EQ|INE574G01013,1d,1,"last bar 2026-10-06, 1 trading days behind"
WARN,STALE,universe_daily,NSE_EQ|INE605D01012,1d,1,"last bar 2026-10-06, 1 trading days behind"
WARN,STALE,universe_daily,NSE_EQ|INE657B01025,1w,4,"last 1w bar 2026-09-07, 4 weeks behind"
WARN,STALE,universe_daily,NSE_EQ|INE657B01025,1mo,1,"last 1mo bar 2026-09-01, 1 months behind"
WARN,STALE,universe_daily,NSE_EQ|INE670X01014,1w,4,"last 1w bar 2026-09-07, 4 weeks behind"
WARN,STALE,universe_daily,NSE_EQ|INE670X01014,1mo,1,"last 1mo bar 2026-09-01, 1 months behind"
WARN,STALE,universe_daily,NSE_EQ|INE726E01014,1d,3,"last bar 2026-10-01, 3 trading days behind"
WARN,STALE,universe_daily,NSE_EQ|INE726E01014,1w,1,"last 1w bar 2026-09-28, 1 weeks behind"
WARN,STALE,universe_daily,NSE_EQ|INE738V01013,1d,1,"last bar 2026-10-06, 1 trading days behind"
WARN,STALE,universe_daily,NSE_EQ|INE887D01016,1w,7,"last 1w bar 2026-08-17, 7 weeks behind"
WARN,STALE,universe_daily,NSE_EQ|INE887D01016,1mo,2,"last 1mo bar 2026-08-01, 2 months behind"
WARN,STALE,universe_daily,NSE_EQ|INF109KC18O0,1d,1,"last bar 2026-10-06, 1 trading days behind"
WARN,STALE,universe_daily,NSE_EQ|INF740KA1RE3,1w,7,"last 1w bar 2026-08-17, 7 weeks behind"
WARN,STALE,universe_daily,NSE_EQ|INF740KA1RE3,1mo,2,"last 1mo bar 2026-08-01, 2 months behind"
WARN,STALE,universe_daily,NSE_EQ|INF740KA1SW3,1w,7,"last 1w bar 2026-08-17, 7 weeks behind"
WARN,STALE,universe_daily,NSE_EQ|INF740KA1SW3,1mo,2,"last 1mo bar 2026-08-01, 2 months behind"
WARN,STALE,universe_daily,NSE_EQ|INF789F1AG68,1d,1,"last bar 2026-10-06, 1 trading days behind"
WARN,TOO_FEW_ROWS,universe_daily,NSE_EQ|INE005C01017,1mo,3,only 3 rows
WARN,TOO_FEW_ROWS,universe_daily,NSE_EQ|INE009C01019,1mo,3,only 3 rows
WARN,TOO_FEW_ROWS,universe_daily,NSE_EQ|INE00GO01025,1mo,3,only 3 rows
WARN,TOO_FEW_ROWS,universe_daily,NSE_EQ|INE00IT01020,1mo,3,only 3 rows
WARN,TOO_FEW_ROWS,universe_daily,NSE_EQ|INE00IY01012,1mo,3,only 3 rows
WARN,TOO_FEW_ROWS,universe_daily,NSE_EQ|INE010C01025,1mo,3,only 3 rows
WARN,TOO_FEW_ROWS,universe_daily,NSE_EQ|INE011D01013,1mo,3,only 3 rows
WARN,TOO_FEW_ROWS,universe_daily,NSE_EQ|INE01NH01023,1mo,3,only 3 rows
WARN,TOO_FEW_ROWS,universe_daily,NSE_EQ|INE026D01011,1mo,3,only 3 rows
WARN,TOO_FEW_ROWS,universe_daily,NSE_EQ|INE030C01015,1mo,3,only 3 rows
WARN,TOO_FEW_ROWS,universe_daily,NSE_EQ|INE031G01022,1mo,3,only 3 rows
WARN,TOO_FEW_ROWS,universe_daily,NSE_EQ|INE032E01017,1mo,3,only 3 rows
WARN,TOO_FEW_ROWS,universe_daily,NSE_EQ|INE035S01028,1mo,3,only 3 rows
WARN,TOO_FEW_ROWS,universe_daily,NSE_EQ|INE054C01015,1mo,3,only 3 rows
WARN,TOO_FEW_ROWS,universe_daily,NSE_EQ|INE058F01019,1mo,3,only 3 rows
WARN,TOO_FEW_ROWS,universe_daily,NSE_EQ|INE05C901015,1mo,3,only 3 rows
WARN,TOO_FEW_ROWS,universe_daily,NSE_EQ|INE068B01017,1mo,3,only 3 rows
WARN,TOO_FEW_ROWS,universe_daily,NSE_EQ|INE074C01013,1mo,3,only 3 rows
WARN,TOO_FEW_ROWS,universe_daily,NSE_EQ|INE084101034,1mo,4,only 4 rows
WARN,TOO_FEW_ROWS,universe_daily,NSE_EQ|INE084D01010,1mo,3,only 3 rows
WARN,TOO_FEW_ROWS,universe_daily,NSE_EQ|INE097E01028,1mo,3,only 3 rows
WARN,TOO_FEW_ROWS,universe_daily,NSE_EQ|INE0AK901016,1mo,3,only 3 rows
WARN,TOO_FEW_ROWS,universe_daily,NSE_EQ|INE0CPR01018,1mo,3,only 3 rows
WARN,TOO_FEW_ROWS,universe_daily,NSE_EQ|INE0FOO01011,1mo,3,only 3 rows
WARN,TOO_FEW_ROWS,universe_daily,NSE_EQ|INE0I0T01010,1mo,4,only 4 rows
WARN,TOO_FEW_ROWS,universe_daily,NSE_EQ|INE0ISX01025,1mo,4,only 4 rows
WARN,TOO_FEW_ROWS,universe_daily,NSE_EQ|INE0LZF01013,1mo,2,only 2 rows
WARN,TOO_FEW_ROWS,universe_daily,NSE_EQ|INE0NG701011,1mo,4,only 4 rows
WARN,TOO_FEW_ROWS,universe_daily,NSE_EQ|INE0OWZ01020,1mo,3,only 3 rows
WARN,TOO_FEW_ROWS,universe_daily,NSE_EQ|INE0QJW01029,1mo,4,only 4 rows
WARN,TOO_FEW_ROWS,universe_daily,NSE_EQ|INE0XNF01022,1mo,3,only 3 rows
WARN,TOO_FEW_ROWS,universe_daily,NSE_EQ|INE0ZK601013,1mo,4,only 4 rows
WARN,TOO_FEW_ROWS,universe_daily,NSE_EQ|INE11XY01018,1mo,4,only 4 rows
WARN,TOO_FEW_ROWS,universe_daily,NSE_EQ|INE130L01014,1mo,3,only 3 rows
WARN,TOO_FEW_ROWS,universe_daily,NSE_EQ|INE137M01017,1mo,3,only 3 rows
WARN,TOO_FEW_ROWS,universe_daily,NSE_EQ|INE145E01017,1mo,3,only 3 rows
WARN,TOO_FEW_ROWS,universe_daily,NSE_EQ|INE154B01023,1mo,3,only 3 rows
WARN,TOO_FEW_ROWS,universe_daily,NSE_EQ|INE159L01013,1mo,3,only 3 rows
WARN,TOO_FEW_ROWS,universe_daily,NSE_EQ|INE165G01010,1mo,3,only 3 rows
WARN,TOO_FEW_ROWS,universe_daily,NSE_EQ|INE167H01014,1mo,3,only 3 rows
WARN,TOO_FEW_ROWS,universe_daily,NSE_EQ|INE173M01012,1mo,3,only 3 rows
WARN,TOO_FEW_ROWS,universe_daily,NSE_EQ|INE178T01024,1mo,3,only 3 rows
WARN,TOO_FEW_ROWS,universe_daily,NSE_EQ|INE17IR01028,1mo,4,only 4 rows
WARN,TOO_FEW_ROWS,universe_daily,NSE_EQ|INE17QZ01016,1mo,4,only 4 rows
WARN,TOO_FEW_ROWS,universe_daily,NSE_EQ|INE194R01017,1mo,3,only 3 rows
WARN,TOO_FEW_ROWS,universe_daily,NSE_EQ|INE199E01014,1mo,3,only 3 rows
WARN,TOO_FEW_ROWS,universe_daily,NSE_EQ|INE1D0W01018,1mo,3,only 3 rows
WARN,TOO_FEW_ROWS,universe_daily,NSE_EQ|INE1EEM01017,1mo,3,only 3 rows
WARN,TOO_FEW_ROWS,universe_daily,NSE_EQ|INE1JCQ01037,1mo,4,only 4 rows
WARN,TOO_FEW_ROWS,universe_daily,NSE_EQ|INE1SJO01012,1mo,4,only 4 rows
WARN,TOO_FEW_ROWS,universe_daily,NSE_EQ|INE1YPB01014,1mo,4,only 4 rows
WARN,TOO_FEW_ROWS,universe_daily,NSE_EQ|INE205F01016,1mo,3,only 3 rows
WARN,TOO_FEW_ROWS,universe_daily,NSE_EQ|INE217S01014,1mo,3,only 3 rows
WARN,TOO_FEW_ROWS,universe_daily,NSE_EQ|INE222F01029,1mo,3,only 3 rows
WARN,TOO_FEW_ROWS,universe_daily,NSE_EQ|INE227B01019,1mo,3,only 3 rows
WARN,TOO_FEW_ROWS,universe_daily,NSE_EQ|INE227F01010,1mo,3,only 3 rows
WARN,TOO_FEW_ROWS,universe_daily,NSE_EQ|INE245B01011,1mo,3,only 3 rows
WARN,TOO_FEW_ROWS,universe_daily,NSE_EQ|INE247C01023,1mo,3,only 3 rows
WARN,TOO_FEW_ROWS,universe_daily,NSE_EQ|INE252A01019,1w,4,only 4 rows
WARN,TOO_FEW_ROWS,universe_daily,NSE_EQ|INE252A01019,1mo,2,only 2 rows
WARN,TOO_FEW_ROWS,universe_daily,NSE_EQ|INE258R01028,1mo,3,only 3 rows
WARN,TOO_FEW_ROWS,universe_daily,NSE_EQ|INE265D01015,1mo,3,only 3 rows
WARN,TOO_FEW_ROWS,universe_daily,NSE_EQ|INE284B01028,1mo,3,only 3 rows
WARN,TOO_FEW_ROWS,universe_daily,NSE_EQ|INE285C01015,1mo,3,only 3 rows
WARN,TOO_FEW_ROWS,universe_daily,NSE_EQ|INE286N01028,1mo,3,only 3 rows
WARN,TOO_FEW_ROWS,universe_daily,NSE_EQ|INE290E01011,1mo,3,only 3 rows
WARN,TOO_FEW_ROWS,universe_daily,NSE_EQ|INE298W01016,1mo,3,only 3 rows
WARN,TOO_FEW_ROWS,universe_daily,NSE_EQ|INE299D01022,1mo,3,only 3 rows
WARN,TOO_FEW_ROWS,universe_daily,NSE_EQ|INE2FMX01012,1mo,4,only 4 rows
WARN,TOO_FEW_ROWS,universe_daily,NSE_EQ|INE302D01024,1mo,4,only 4 rows
WARN,TOO_FEW_ROWS,universe_daily,NSE_EQ|INE304D01012,1mo,3,only 3 rows
WARN,TOO_FEW_ROWS,universe_daily,NSE_EQ|INE311M01018,1mo,3,only 3 rows
WARN,TOO_FEW_ROWS,universe_daily,NSE_EQ|INE316A01038,1mo,3,only 3 rows
WARN,TOO_FEW_ROWS,universe_daily,NSE_EQ|INE320I01017,1mo,3,only 3 rows
WARN,TOO_FEW_ROWS,universe_daily,NSE_EQ|INE327G01032,1mo,3,only 3 rows
WARN,TOO_FEW_ROWS,universe_daily,NSE_EQ|INE330E01023,1mo,3,only 3 rows
WARN,TOO_FEW_ROWS,universe_daily,NSE_EQ|INE341H01023,1mo,3,only 3 rows
WARN,TOO_FEW_ROWS,universe_daily,NSE_EQ|INE344D01018,1mo,3,only 3 rows
WARN,TOO_FEW_ROWS,universe_daily,NSE_EQ|INE348N01042,1mo,3,only 3 rows
WARN,TOO_FEW_ROWS,universe_daily,NSE_EQ|INE354A01013,1mo,3,only 3 rows
WARN,TOO_FEW_ROWS,universe_daily,NSE_EQ|INE359B01010,1mo,3,only 3 rows
WARN,TOO_FEW_ROWS,universe_daily,NSE_EQ|INE359U01028,1mo,3,only 3 rows
WARN,TOO_FEW_ROWS,universe_daily,NSE_EQ|INE362D01010,1mo,3,only 3 rows
WARN,TOO_FEW_ROWS,universe_daily,NSE_EQ|INE365Y01019,1mo,3,only 3 rows
WARN,TOO_FEW_ROWS,universe_daily,NSE_EQ|INE372M01010,1mo,3,only 3 rows
WARN,TOO_FEW_ROWS,universe_daily,NSE_EQ|INE373T01047,1mo,3,only 3 rows
WARN,TOO_FEW_ROWS,universe_daily,NSE_EQ|INE380K01017,1mo,3,only 3 rows
WARN,TOO_FEW_ROWS,universe_daily,NSE_EQ|INE383L01019,1mo,3,only 3 rows
WARN,TOO_FEW_ROWS,universe_daily,NSE_EQ|INE390D01011,1mo,3,only 3 rows
WARN,TOO_FEW_ROWS,universe_daily,NSE_EQ|INE398L01017,1mo,3,only 3 rows
WARN,TOO_FEW_ROWS,universe_daily,NSE_EQ|INE400A01014,1mo,3,only 3 rows
WARN,TOO_FEW_ROWS,universe_daily,NSE_EQ|INE400G01011,1mo,3,only 3 rows
WARN,TOO_FEW_ROWS,universe_daily,NSE_EQ|INE414Y01015,1mo,3,only 3 rows
WARN,TOO_FEW_ROWS,universe_daily,NSE_EQ|INE418E01018,1mo,3,only 3 rows
WARN,TOO_FEW_ROWS,universe_daily,NSE_EQ|INE432F01032,1mo,3,only 3 rows
WARN,TOO_FEW_ROWS,universe_daily,NSE_EQ|INE440G01017,1mo,3,only 3 rows
WARN,TOO_FEW_ROWS,universe_daily,NSE_EQ|INE442D01010,1mo,3,only 3 rows
WARN,TOO_FEW_ROWS,universe_daily,NSE_EQ|INE449C01025,1mo,3,only 3 rows
WARN,TOO_FEW_ROWS,universe_daily,NSE_EQ|INE451C01013,1mo,3,only 3 rows
WARN,TOO_FEW_ROWS,universe_daily,NSE_EQ|INE457G01029,1mo,3,only 3 rows
WARN,TOO_FEW_ROWS,universe_daily,NSE_EQ|INE457P01020,1mo,3,only 3 rows
WARN,TOO_FEW_ROWS,universe_daily,NSE_EQ|INE459N01021,1mo,3,only 3 rows
WARN,TOO_FEW_ROWS,universe_daily,NSE_EQ|INE460D01038,1mo,3,only 3 rows
WARN,TOO_FEW_ROWS,universe_daily,NSE_EQ|INE467D01017,1mo,3,only 3 rows
WARN,TOO_FEW_ROWS,universe_daily,NSE_EQ|INE478D01014,1mo,3,only 3 rows
WARN,TOO_FEW_ROWS,universe_daily,NSE_EQ|INE484D01012,1mo,3,only 3 rows
WARN,TOO_FEW_ROWS,universe_daily,NSE_EQ|INE493H01014,1mo,3,only 3 rows
WARN,TOO_FEW_ROWS,universe_daily,NSE_EQ|INE501F01018,1mo,3,only 3 rows
WARN,TOO_FEW_ROWS,universe_daily,NSE_EQ|INE515H01014,1mo,3,only 3 rows
WARN,TOO_FEW_ROWS,universe_daily,NSE_EQ|INE519D01015,1mo,3,only 3 rows
WARN,TOO_FEW_ROWS,universe_daily,NSE_EQ|INE531X01018,1mo,3,only 3 rows
WARN,TOO_FEW_ROWS,universe_daily,NSE_EQ|INE533C01018,1mo,3,only 3 rows
WARN,TOO_FEW_ROWS,universe_daily,NSE_EQ|INE536P01021,1mo,4,only 4 rows
WARN,TOO_FEW_ROWS,universe_daily,NSE_EQ|INE550F01049,1mo,3,only 3 rows
WARN,TOO_FEW_ROWS,universe_daily,NSE_EQ|INE551B01012,1mo,3,only 3 rows
WARN,TOO_FEW_ROWS,universe_daily,NSE_EQ|INE551C01044,1mo,3,only 3 rows
WARN,TOO_FEW_ROWS,universe_daily,NSE_EQ|INE555C01029,1mo,3,only 3 rows
WARN,TOO_FEW_ROWS,universe_daily,NSE_EQ|INE558A01019,1mo,3,only 3 rows
WARN,TOO_FEW_ROWS,universe_daily,NSE_EQ|INE564J01026,1mo,3,only 3 rows
WARN,TOO_FEW_ROWS,universe_daily,NSE_EQ|INE566M01017,1mo,3,only 3 rows
WARN,TOO_FEW_ROWS,universe_daily,NSE_EQ|INE574G01013,1mo,3,only 3 rows
WARN,TOO_FEW_ROWS,universe_daily,NSE_EQ|INE577D01013,1mo,3,only 3 rows
WARN,TOO_FEW_ROWS,universe_daily,NSE_EQ|INE588G01021,1mo,3,only 3 rows
WARN,TOO_FEW_ROWS,universe_daily,NSE_EQ|INE595R01023,1mo,3,only 3 rows
WARN,TOO_FEW_ROWS,universe_daily,NSE_EQ|INE596B01017,1mo,3,only 3 rows
WARN,TOO_FEW_ROWS,universe_daily,NSE_EQ|INE630D01010,1mo,3,only 3 rows
WARN,TOO_FEW_ROWS,universe_daily,NSE_EQ|INE638B01025,1mo,3,only 3 rows
WARN,TOO_FEW_ROWS,universe_daily,NSE_EQ|INE640G01020,1mo,4,only 4 rows
WARN,TOO_FEW_ROWS,universe_daily,NSE_EQ|INE653C01022,1mo,3,only 3 rows
WARN,TOO_FEW_ROWS,universe_daily,NSE_EQ|INE664D01019,1mo,3,only 3 rows
WARN,TOO_FEW_ROWS,universe_daily,NSE_EQ|INE670O01013,1mo,3,only 3 rows
WARN,TOO_FEW_ROWS,universe_daily,NSE_EQ|INE671C01016,1mo,3,only 3 rows
WARN,TOO_FEW_ROWS,universe_daily,NSE_EQ|INE671K01027,1mo,3,only 3 rows
WARN,TOO_FEW_ROWS,universe_daily,NSE_EQ|INE684B01029,1mo,3,only 3 rows
WARN,TOO_FEW_ROWS,universe_daily,NSE_EQ|INE692C01020,1mo,3,only 3 rows
WARN,TOO_FEW_ROWS,universe_daily,NSE_EQ|INE693D01018,1mo,3,only 3 rows
WARN,TOO_FEW_ROWS,universe_daily,NSE_EQ|INE700F01024,1mo,3,only 3 rows
WARN,TOO_FEW_ROWS,universe_daily,NSE_EQ|INE715T01031,1mo,3,only 3 rows
WARN,TOO_FEW_ROWS,universe_daily,NSE_EQ|INE716D01033,1mo,3,only 3 rows
WARN,TOO_FEW_ROWS,universe_daily,NSE_EQ|INE716F01012,1mo,3,only 3 rows
WARN,TOO_FEW_ROWS,universe_daily,NSE_EQ|INE724A01017,1mo,4,only 4 rows
WARN,TOO_FEW_ROWS,universe_daily,NSE_EQ|INE726E01014,1mo,3,only 3 rows
WARN,TOO_FEW_ROWS,universe_daily,NSE_EQ|INE741A01011,1mo,3,only 3 rows
WARN,TOO_FEW_ROWS,universe_daily,NSE_EQ|INE755Q01025,1mo,3,only 3 rows
WARN,TOO_FEW_ROWS,universe_daily,NSE_EQ|INE757C01021,1mo,3,only 3 rows
WARN,TOO_FEW_ROWS,universe_daily,NSE_EQ|INE758A01072,1mo,3,only 3 rows
WARN,TOO_FEW_ROWS,universe_daily,NSE_EQ|INE759F01012,1mo,3,only 3 rows
WARN,TOO_FEW_ROWS,universe_daily,NSE_EQ|INE761Q01015,1mo,3,only 3 rows
WARN,TOO_FEW_ROWS,universe_daily,NSE_EQ|INE767C01012,1mo,3,only 3 rows
WARN,TOO_FEW_ROWS,universe_daily,NSE_EQ|INE782D01027,1mo,3,only 3 rows
WARN,TOO_FEW_ROWS,universe_daily,NSE_EQ|INE791B01014,1mo,3,only 3 rows
WARN,TOO_FEW_ROWS,universe_daily,NSE_EQ|INE798F01010,1mo,3,only 3 rows
WARN,TOO_FEW_ROWS,universe_daily,NSE_EQ|INE822B01017,1mo,3,only 3 rows
WARN,TOO_FEW_ROWS,universe_daily,NSE_EQ|INE823B01015,1mo,3,only 3 rows
WARN,TOO_FEW_ROWS,universe_daily,NSE_EQ|INE829S01016,1mo,3,only 3 rows
WARN,TOO_FEW_ROWS,universe_daily,NSE_EQ|INE839E01023,1mo,3,only 3 rows
WARN,TOO_FEW_ROWS,universe_daily,NSE_EQ|INE841D01013,1mo,3,only 3 rows
WARN,TOO_FEW_ROWS,universe_daily,NSE_EQ|INE843L01012,1mo,3,only 3 rows
WARN,TOO_FEW_ROWS,universe_daily,NSE_EQ|INE855A01019,1mo,3,only 3 rows
WARN,TOO_FEW_ROWS,universe_daily,NSE_EQ|INE869T01028,1mo,3,only 3 rows
WARN,TOO_FEW_ROWS,universe_daily,NSE_EQ|INE879K01018,1mo,3,only 3 rows
WARN,TOO_FEW_ROWS,universe_daily,NSE_EQ|INE883C01025,1mo,3,only 3 rows
WARN,TOO_FEW_ROWS,universe_daily,NSE_EQ|INE886B01012,1mo,3,only 3 rows
WARN,TOO_FEW_ROWS,universe_daily,NSE_EQ|INE898Q01015,1mo,3,only 3 rows
WARN,TOO_FEW_ROWS,universe_daily,NSE_EQ|INE914G01029,1mo,3,only 3 rows
WARN,TOO_FEW_ROWS,universe_daily,NSE_EQ|INE920C01017,1mo,3,only 3 rows
WARN,TOO_FEW_ROWS,universe_daily,NSE_EQ|INE938C01019,1mo,3,only 3 rows
WARN,TOO_FEW_ROWS,universe_daily,NSE_EQ|INE945P01024,1mo,3,only 3 rows
WARN,TOO_FEW_ROWS,universe_daily,NSE_EQ|INE953E01022,1mo,3,only 3 rows
WARN,TOO_FEW_ROWS,universe_daily,NSE_EQ|INE960A01017,1mo,3,only 3 rows
WARN,TOO_FEW_ROWS,universe_daily,NSE_EQ|INE960E01019,1mo,3,only 3 rows
WARN,TOO_FEW_ROWS,universe_daily,NSE_EQ|INE967A01012,1mo,3,only 3 rows
WARN,TOO_FEW_ROWS,universe_daily,NSE_EQ|INE967B01028,1mo,3,only 3 rows
WARN,TOO_FEW_ROWS,universe_daily,NSE_EQ|INE987A01010,1mo,3,only 3 rows
WARN,TOO_FEW_ROWS,universe_daily,NSE_EQ|INF0QA701CI0,1mo,4,only 4 rows
WARN,TOO_FEW_ROWS,universe_daily,NSE_EQ|INF109K1A567,1mo,3,only 3 rows
WARN,TOO_FEW_ROWS,universe_daily,NSE_EQ|INF174KA1A94,1mo,4,only 4 rows
WARN,TOO_FEW_ROWS,universe_daily,NSE_EQ|INF179KC1KT4,1mo,4,only 4 rows
WARN,TOO_FEW_ROWS,universe_daily,NSE_EQ|INF205KA1CA1,1mo,3,only 3 rows
WARN,TOO_FEW_ROWS,universe_daily,NSE_EQ|INF205KA1CB9,1mo,3,only 3 rows
WARN,TOO_FEW_ROWS,universe_daily,NSE_EQ|INF22M001184,1mo,3,only 3 rows
WARN,TOO_FEW_ROWS,universe_daily,NSE_EQ|INF247L01HG7,1mo,3,only 3 rows
WARN,TOO_FEW_ROWS,universe_daily,NSE_EQ|INF247L01HH5,1mo,3,only 3 rows
WARN,TOO_FEW_ROWS,universe_daily,NSE_EQ|INF666M01PH7,1mo,4,only 4 rows
WARN,TOO_FEW_ROWS,universe_daily,NSE_EQ|INF740KA1ZH9,1mo,3,only 3 rows
WARN,TOO_FEW_ROWS,universe_daily,NSE_EQ|INF740KA1ZI7,1mo,3,only 3 rows
WARN,TOO_FEW_ROWS,universe_daily,NSE_EQ|INF754K01XG1,1mo,4,only 4 rows
WARN,TOO_FEW_ROWS,universe_daily,NSE_EQ|INF754K01XH9,1mo,3,only 3 rows
WARN,TOO_FEW_ROWS,universe_daily,NSE_EQ|INF754K01XI7,1mo,3,only 3 rows
WARN,TOO_FEW_ROWS,universe_daily,NSE_EQ|INF769K01RC0,1mo,4,only 4 rows
WARN,TOO_FEW_ROWS,universe_daily,NSE_EQ|INF769K01RJ5,1mo,4,only 4 rows
WARN,TOO_FEW_ROWS,universe_daily,NSE_EQ|INF769K01RK3,1mo,3,only 3 rows
WARN,TOO_FEW_ROWS,universe_daily,NSE_EQ|INF789F1AG68,1mo,4,only 4 rows
WARN,ZERO_VOLUME_RUN,universe_daily,NSE_EQ|INE001B01026,1d,6,6 consecutive zero-volume bars ending 2003-04-15
WARN,ZERO_VOLUME_RUN,universe_daily,NSE_EQ|INE005I01014,1d,6,6 consecutive zero-volume bars ending 2013-12-26
WARN,ZERO_VOLUME_RUN,universe_daily,NSE_EQ|INE017A01032,1d,13,13 consecutive zero-volume bars ending 2006-11-24
WARN,ZERO_VOLUME_RUN,universe_daily,NSE_EQ|INE023A01030,1d,48,48 consecutive zero-volume bars ending 2003-11-14
WARN,ZERO_VOLUME_RUN,universe_daily,NSE_EQ|INE029L01018,1d,7,7 consecutive zero-volume bars ending 2013-08-19
WARN,ZERO_VOLUME_RUN,universe_daily,NSE_EQ|INE032B01021,1d,42,42 consecutive zero-volume bars ending 2005-06-16
WARN,ZERO_VOLUME_RUN,universe_daily,NSE_EQ|INE037A01022,1d,7,7 consecutive zero-volume bars ending 2009-03-13
WARN,ZERO_VOLUME_RUN,universe_daily,NSE_EQ|INE039C01032,1d,6,6 consecutive zero-volume bars ending 2013-04-15
WARN,ZERO_VOLUME_RUN,universe_daily,NSE_EQ|INE03RS01027,1d,258,258 consecutive zero-volume bars ending 2004-01-09
WARN,ZERO_VOLUME_RUN,universe_daily,NSE_EQ|INE047O01014,1d,12,12 consecutive zero-volume bars ending 2013-12-23
WARN,ZERO_VOLUME_RUN,universe_daily,NSE_EQ|INE048B01035,1d,6,6 consecutive zero-volume bars ending 2013-08-22
WARN,ZERO_VOLUME_RUN,universe_daily,NSE_EQ|INE049I01012,1d,6,6 consecutive zero-volume bars ending 2013-04-18
WARN,ZERO_VOLUME_RUN,universe_daily,NSE_EQ|INE050A01025,1d,12,12 consecutive zero-volume bars ending 2003-04-21
WARN,ZERO_VOLUME_RUN,universe_daily,NSE_EQ|INE050M01012,1d,5,5 consecutive zero-volume bars ending 2013-09-06
WARN,ZERO_VOLUME_RUN,universe_daily,NSE_EQ|INE052A01021,1d,44,44 consecutive zero-volume bars ending 2003-11-11
WARN,ZERO_VOLUME_RUN,universe_daily,NSE_EQ|INE056I01025,1d,29,29 consecutive zero-volume bars ending 2013-10-22
WARN,ZERO_VOLUME_RUN,universe_daily,NSE_EQ|INE058B01018,1d,219,219 consecutive zero-volume bars ending 2014-01-31
WARN,ZERO_VOLUME_RUN,universe_daily,NSE_EQ|INE059B01024,1d,296,296 consecutive zero-volume bars ending 2004-03-08
WARN,ZERO_VOLUME_RUN,universe_daily,NSE_EQ|INE060B01014,1d,56,56 consecutive zero-volume bars ending 2013-09-11
WARN,ZERO_VOLUME_RUN,universe_daily,NSE_EQ|INE062D01024,1d,26,26 consecutive zero-volume bars ending 2013-06-18
WARN,ZERO_VOLUME_RUN,universe_daily,NSE_EQ|INE070D01027,1d,106,106 consecutive zero-volume bars ending 2003-08-18
WARN,ZERO_VOLUME_RUN,universe_daily,NSE_EQ|INE075D01018,1d,23,23 consecutive zero-volume bars ending 2003-10-13
WARN,ZERO_VOLUME_RUN,universe_daily,NSE_EQ|INE076B01028,1d,995,995 consecutive zero-volume bars ending 2007-01-25
WARN,ZERO_VOLUME_RUN,universe_daily,NSE_EQ|INE076C01018,1d,17,17 consecutive zero-volume bars ending 2003-10-03
WARN,ZERO_VOLUME_RUN,universe_daily,NSE_EQ|INE077F01035,1d,16,16 consecutive zero-volume bars ending 2014-06-25
WARN,ZERO_VOLUME_RUN,universe_daily,NSE_EQ|INE080A01014,1d,16,16 consecutive zero-volume bars ending 2003-10-01
WARN,ZERO_VOLUME_RUN,universe_daily,NSE_EQ|INE083B01024,1d,8,8 consecutive zero-volume bars ending 2009-05-04
WARN,ZERO_VOLUME_RUN,universe_daily,NSE_EQ|INE083C01022,1d,6,6 consecutive zero-volume bars ending 2009-04-20
WARN,ZERO_VOLUME_RUN,universe_daily,NSE_EQ|INE083D01012,1d,7,7 consecutive zero-volume bars ending 2013-06-20
WARN,ZERO_VOLUME_RUN,universe_daily,NSE_EQ|INE100D01014,1d,1121,1121 consecutive zero-volume bars ending 2007-07-31
WARN,ZERO_VOLUME_RUN,universe_daily,NSE_EQ|INE105A01035,1d,39,39 consecutive zero-volume bars ending 2008-06-19
WARN,ZERO_VOLUME_RUN,universe_daily,NSE_EQ|INE105C01023,1d,69,69 consecutive zero-volume bars ending 2003-06-06
WARN,ZERO_VOLUME_RUN,universe_daily,NSE_EQ|INE123B01028,1d,723,723 consecutive zero-volume bars ending 2005-12-21
WARN,ZERO_VOLUME_RUN,universe_daily,NSE_EQ|INE123C01018,1d,22,22 consecutive zero-volume bars ending 2003-10-29
WARN,ZERO_VOLUME_RUN,universe_daily,NSE_EQ|INE128A01029,1d,29,29 consecutive zero-volume bars ending 2005-04-26
WARN,ZERO_VOLUME_RUN,universe_daily,NSE_EQ|INE130B01031,1d,8,8 consecutive zero-volume bars ending 2013-08-05
WARN,ZERO_VOLUME_RUN,universe_daily,NSE_EQ|INE132H01018,1d,12,12 consecutive zero-volume bars ending 2008-12-30
WARN,ZERO_VOLUME_RUN,universe_daily,NSE_EQ|INE150B01039,1d,6,6 consecutive zero-volume bars ending 2013-07-23
WARN,ZERO_VOLUME_RUN,universe_daily,NSE_EQ|INE156A01020,1d,20,20 consecutive zero-volume bars ending 2003-06-19
WARN,ZERO_VOLUME_RUN,universe_daily,NSE_EQ|INE156C01018,1d,12,12 consecutive zero-volume bars ending 2013-12-30
WARN,ZERO_VOLUME_RUN,universe_daily,NSE_EQ|INE157H01023,1d,327,327 consecutive zero-volume bars ending 2010-08-27
WARN,ZERO_VOLUME_RUN,universe_daily,NSE_EQ|INE161A01038,1d,26,26 consecutive zero-volume bars ending 2004-08-13
WARN,ZERO_VOLUME_RUN,universe_daily,NSE_EQ|INE172A01027,1d,10,10 consecutive zero-volume bars ending 2014-03-13
WARN,ZERO_VOLUME_RUN,universe_daily,NSE_EQ|INE179A01014,1d,298,298 consecutive zero-volume bars ending 2004-07-08
WARN,ZERO_VOLUME_RUN,universe_daily,NSE_EQ|INE180C01042,1d,7,7 consecutive zero-volume bars ending 2013-09-10
WARN,ZERO_VOLUME_RUN,universe_daily,NSE_EQ|INE185H01016,1d,15,15 consecutive zero-volume bars ending 2013-09-05
WARN,ZERO_VOLUME_RUN,universe_daily,NSE_EQ|INE191B01025,1d,24,24 consecutive zero-volume bars ending 2005-05-23
WARN,ZERO_VOLUME_RUN,universe_daily,NSE_EQ|INE192B01031,1d,232,232 consecutive zero-volume bars ending 2003-12-03
WARN,ZERO_VOLUME_RUN,universe_daily,NSE_EQ|INE197J01017,1d,8,8 consecutive zero-volume bars ending 2013-08-13
WARN,ZERO_VOLUME_RUN,universe_daily,NSE_EQ|INE199C01026,1d,11,11 consecutive zero-volume bars ending 2013-04-30
WARN,ZERO_VOLUME_RUN,universe_daily,NSE_EQ|INE201A01024,1d,46,46 consecutive zero-volume bars ending 2006-12-05
WARN,ZERO_VOLUME_RUN,universe_daily,NSE_EQ|INE203A01020,1d,7,7 consecutive zero-volume bars ending 2003-03-27
WARN,ZERO_VOLUME_RUN,universe_daily,NSE_EQ|INE206B01013,1d,9,9 consecutive zero-volume bars ending 2013-08-28
WARN,ZERO_VOLUME_RUN,universe_daily,NSE_EQ|INE208C01025,1d,18,18 consecutive zero-volume bars ending 2003-10-06
WARN,ZERO_VOLUME_RUN,universe_daily,NSE_EQ|INE210A01017,1d,14,14 consecutive zero-volume bars ending 2003-09-29
WARN,ZERO_VOLUME_RUN,universe_daily,NSE_EQ|INE210C01013,1d,17,17 consecutive zero-volume bars ending 2013-09-10
WARN,ZERO_VOLUME_RUN,universe_daily,NSE_EQ|INE215I01027,1d,61,61 consecutive zero-volume bars ending 2013-08-08
WARN,ZERO_VOLUME_RUN,universe_daily,NSE_EQ|INE218C01016,1d,172,172 consecutive zero-volume bars ending 2013-11-29
WARN,ZERO_VOLUME_RUN,universe_daily,NSE_EQ|INE221B01012,1d,9,9 consecutive zero-volume bars ending 2013-08-27
WARN,ZERO_VOLUME_RUN,universe_daily,NSE_EQ|INE227C01017,1d,970,970 consecutive zero-volume bars ending 2006-12-19
WARN,ZERO_VOLUME_RUN,universe_daily,NSE_EQ|INE229C01021,1d,995,995 consecutive zero-volume bars ending 2007-01-25
WARN,ZERO_VOLUME_RUN,universe_daily,NSE_EQ|INE230B01021,1d,10,10 consecutive zero-volume bars ending 2013-08-20
WARN,ZERO_VOLUME_RUN,universe_daily,NSE_EQ|INE231C01019,1d,846,846 consecutive zero-volume bars ending 2006-06-22
WARN,ZERO_VOLUME_RUN,universe_daily,NSE_EQ|INE233A01035,1d,55,55 consecutive zero-volume bars ending 2003-03-21
WARN,ZERO_VOLUME_RUN,universe_daily,NSE_EQ|INE239D01028,1d,7,7 consecutive zero-volume bars ending 2013-11-29
WARN,ZERO_VOLUME_RUN,universe_daily,NSE_EQ|INE240C01028,1d,31,31 consecutive zero-volume bars ending 2013-07-08
WARN,ZERO_VOLUME_RUN,universe_daily,NSE_EQ|INE244A01016,1d,6,6 consecutive zero-volume bars ending 2013-06-18
WARN,ZERO_VOLUME_RUN,universe_daily,NSE_EQ|INE245I01016,1d,17,17 consecutive zero-volume bars ending 2013-09-03
WARN,ZERO_VOLUME_RUN,universe_daily,NSE_EQ|INE250A01039,1d,46,46 consecutive zero-volume bars ending 2010-06-23
WARN,ZERO_VOLUME_RUN,universe_daily,NSE_EQ|INE250B01029,1d,105,105 consecutive zero-volume bars ending 2008-07-18
WARN,ZERO_VOLUME_RUN,universe_daily,NSE_EQ|INE256C01024,1d,638,638 consecutive zero-volume bars ending 2005-12-12
WARN,ZERO_VOLUME_RUN,universe_daily,NSE_EQ|INE259A01022,1d,12,12 consecutive zero-volume bars ending 2007-12-14
WARN,ZERO_VOLUME_RUN,universe_daily,NSE_EQ|INE272L01022,1d,17,17 consecutive zero-volume bars ending 2013-09-11
WARN,ZERO_VOLUME_RUN,universe_daily,NSE_EQ|INE273D01027,1d,7,7 consecutive zero-volume bars ending 2008-11-28
WARN,ZERO_VOLUME_RUN,universe_daily,NSE_EQ|INE274C01019,1d,877,877 consecutive zero-volume bars ending 2006-08-04
WARN,ZERO_VOLUME_RUN,universe_daily,NSE_EQ|INE277B01014,1d,1188,1188 consecutive zero-volume bars ending 2007-11-05
WARN,ZERO_VOLUME_RUN,universe_daily,NSE_EQ|INE278B01020,1d,42,42 consecutive zero-volume bars ending 2006-09-19
WARN,ZERO_VOLUME_RUN,universe_daily,NSE_EQ|INE279A01012,1d,19,19 consecutive zero-volume bars ending 2003-11-10
WARN,ZERO_VOLUME_RUN,universe_daily,NSE_EQ|INE287B01021,1d,614,614 consecutive zero-volume bars ending 2005-07-12
WARN,ZERO_VOLUME_RUN,universe_daily,NSE_EQ|INE288B01029,1d,5,5 consecutive zero-volume bars ending 2011-03-21
WARN,ZERO_VOLUME_RUN,universe_daily,NSE_EQ|INE289A01011,1d,718,718 consecutive zero-volume bars ending 2005-12-14
WARN,ZERO_VOLUME_RUN,universe_daily,NSE_EQ|INE290A01027,1d,39,39 consecutive zero-volume bars ending 2007-03-22
WARN,ZERO_VOLUME_RUN,universe_daily,NSE_EQ|INE296H01011,1d,9,9 consecutive zero-volume bars ending 2013-10-03
WARN,ZERO_VOLUME_RUN,universe_daily,NSE_EQ|INE298G01035,1d,912,912 consecutive zero-volume bars ending 2006-09-25
WARN,ZERO_VOLUME_RUN,universe_daily,NSE_EQ|INE304A01026,1d,34,34 consecutive zero-volume bars ending 2004-02-20
WARN,ZERO_VOLUME_RUN,universe_daily,NSE_EQ|INE305C01029,1d,5,5 consecutive zero-volume bars ending 2013-09-02
WARN,ZERO_VOLUME_RUN,universe_daily,NSE_EQ|INE308A01027,1d,39,39 consecutive zero-volume bars ending 2007-03-22
WARN,ZERO_VOLUME_RUN,universe_daily,NSE_EQ|INE309M01020,1d,2367,2367 consecutive zero-volume bars ending 2012-08-14
WARN,ZERO_VOLUME_RUN,universe_daily,NSE_EQ|INE310C01029,1d,51,51 consecutive zero-volume bars ending 2013-08-06
WARN,ZERO_VOLUME_RUN,universe_daily,NSE_EQ|INE320B01020,1d,6,6 consecutive zero-volume bars ending 2013-09-20
WARN,ZERO_VOLUME_RUN,universe_daily,NSE_EQ|INE320L01011,1d,16,16 consecutive zero-volume bars ending 2013-06-21
WARN,ZERO_VOLUME_RUN,universe_daily,NSE_EQ|INE323C01030,1d,17,17 consecutive zero-volume bars ending 2003-04-09
WARN,ZERO_VOLUME_RUN,universe_daily,NSE_EQ|INE325A01013,1d,1000,1000 consecutive zero-volume bars ending 2007-02-05
WARN,ZERO_VOLUME_RUN,universe_daily,NSE_EQ|INE326B01035,1d,20,20 consecutive zero-volume bars ending 2013-09-24
WARN,ZERO_VOLUME_RUN,universe_daily,NSE_EQ|INE337A01034,1d,10,10 consecutive zero-volume bars ending 2010-03-29
WARN,ZERO_VOLUME_RUN,universe_daily,NSE_EQ|INE348A01023,1d,15,15 consecutive zero-volume bars ending 2003-03-19
WARN,ZERO_VOLUME_RUN,universe_daily,NSE_EQ|INE353A01023,1d,17,17 consecutive zero-volume bars ending 2007-04-23
WARN,ZERO_VOLUME_RUN,universe_daily,NSE_EQ|INE353H01010,1d,98,98 consecutive zero-volume bars ending 2013-10-25
WARN,ZERO_VOLUME_RUN,universe_daily,NSE_EQ|INE355A01028,1d,5,5 consecutive zero-volume bars ending 2008-04-16
WARN,ZERO_VOLUME_RUN,universe_daily,NSE_EQ|INE358A01014,1d,1657,1657 consecutive zero-volume bars ending 2010-01-07
WARN,ZERO_VOLUME_RUN,universe_daily,NSE_EQ|INE360L01017,1d,6,6 consecutive zero-volume bars ending 2013-05-28
WARN,ZERO_VOLUME_RUN,universe_daily,NSE_EQ|INE363A01022,1d,27,27 consecutive zero-volume bars ending 2010-04-06
WARN,ZERO_VOLUME_RUN,universe_daily,NSE_EQ|INE369A01029,1d,161,161 consecutive zero-volume bars ending 2004-05-21
WARN,ZERO_VOLUME_RUN,universe_daily,NSE_EQ|INE369C01017,1d,20,20 consecutive zero-volume bars ending 2003-10-08
WARN,ZERO_VOLUME_RUN,universe_daily,NSE_EQ|INE383H01017,1d,36,36 consecutive zero-volume bars ending 2014-01-09
WARN,ZERO_VOLUME_RUN,universe_daily,NSE_EQ|INE387I01016,1d,19,19 consecutive zero-volume bars ending 2013-05-07
WARN,ZERO_VOLUME_RUN,universe_daily,NSE_EQ|INE392B01011,1d,8,8 consecutive zero-volume bars ending 2013-05-09
WARN,ZERO_VOLUME_RUN,universe_daily,NSE_EQ|INE393A01011,1d,67,67 consecutive zero-volume bars ending 2013-11-21
WARN,ZERO_VOLUME_RUN,universe_daily,NSE_EQ|INE398B01018,1d,5,5 consecutive zero-volume bars ending 2013-07-18
WARN,ZERO_VOLUME_RUN,universe_daily,NSE_EQ|INE417B01040,1d,63,63 consecutive zero-volume bars ending 2011-04-06
WARN,ZERO_VOLUME_RUN,universe_daily,NSE_EQ|INE419A01022,1d,102,102 consecutive zero-volume bars ending 2004-12-10
WARN,ZERO_VOLUME_RUN,universe_daily,NSE_EQ|INE420C01059,1d,8,8 consecutive zero-volume bars ending 2011-10-14
WARN,ZERO_VOLUME_RUN,universe_daily,NSE_EQ|INE421C01016,1d,1005,1005 consecutive zero-volume bars ending 2007-02-12
WARN,ZERO_VOLUME_RUN,universe_daily,NSE_EQ|INE428Q01011,1d,36,36 consecutive zero-volume bars ending 2013-07-08
WARN,ZERO_VOLUME_RUN,universe_daily,NSE_EQ|INE440A01010,1d,10,10 consecutive zero-volume bars ending 2013-08-07
WARN,ZERO_VOLUME_RUN,universe_daily,NSE_EQ|INE450D01021,1d,6,6 consecutive zero-volume bars ending 2013-11-14
WARN,ZERO_VOLUME_RUN,universe_daily,NSE_EQ|INE453D01025,1d,27,27 consecutive zero-volume bars ending 2013-11-07
WARN,ZERO_VOLUME_RUN,universe_daily,NSE_EQ|INE458F01011,1d,9,9 consecutive zero-volume bars ending 2013-08-12
WARN,ZERO_VOLUME_RUN,universe_daily,NSE_EQ|INE461C01038,1d,76,76 consecutive zero-volume bars ending 2003-12-24
WARN,ZERO_VOLUME_RUN,universe_daily,NSE_EQ|INE474C01023,1d,183,183 consecutive zero-volume bars ending 2013-12-10
WARN,ZERO_VOLUME_RUN,universe_daily,NSE_EQ|INE477B01010,1d,54,54 consecutive zero-volume bars ending 2008-04-08
WARN,ZERO_VOLUME_RUN,universe_daily,NSE_EQ|INE482A01020,1d,27,27 consecutive zero-volume bars ending 2008-01-31
WARN,ZERO_VOLUME_RUN,universe_daily,NSE_EQ|INE485C01029,1d,18,18 consecutive zero-volume bars ending 2013-10-09
WARN,ZERO_VOLUME_RUN,universe_daily,NSE_EQ|INE505Y01010,1d,5,5 consecutive zero-volume bars ending 2018-11-30
WARN,ZERO_VOLUME_RUN,universe_daily,NSE_EQ|INE506Z01015,1d,5,5 consecutive zero-volume bars ending 2017-10-31
WARN,ZERO_VOLUME_RUN,universe_daily,NSE_EQ|INE519A01011,1d,5,5 consecutive zero-volume bars ending 2009-02-06
WARN,ZERO_VOLUME_RUN,universe_daily,NSE_EQ|INE519C01017,1d,248,248 consecutive zero-volume bars ending 2011-01-27
WARN,ZERO_VOLUME_RUN,universe_daily,NSE_EQ|INE524B01027,1d,14,14 consecutive zero-volume bars ending 2007-05-11
WARN,ZERO_VOLUME_RUN,universe_daily,NSE_EQ|INE526B01014,1d,31,31 consecutive zero-volume bars ending 2013-12-13
WARN,ZERO_VOLUME_RUN,universe_daily,NSE_EQ|INE528A01020,1d,18,18 consecutive zero-volume bars ending 2009-07-17
WARN,ZERO_VOLUME_RUN,universe_daily,NSE_EQ|INE540G01014,1d,5,5 consecutive zero-volume bars ending 2013-10-03
WARN,ZERO_VOLUME_RUN,universe_daily,NSE_EQ|INE542C01019,1d,2949,2949 consecutive zero-volume bars ending 2014-12-31
WARN,ZERO_VOLUME_RUN,universe_daily,NSE_EQ|INE544A01019,1d,7,7 consecutive zero-volume bars ending 2003-09-24
WARN,ZERO_VOLUME_RUN,universe_daily,NSE_EQ|INE545H01011,1d,5,5 consecutive zero-volume bars ending 2013-06-18
WARN,ZERO_VOLUME_RUN,universe_daily,NSE_EQ|INE548A01028,1d,20,20 consecutive zero-volume bars ending 2011-03-08
WARN,ZERO_VOLUME_RUN,universe_daily,NSE_EQ|INE559A01017,1d,8,8 consecutive zero-volume bars ending 2003-09-23
WARN,ZERO_VOLUME_RUN,universe_daily,NSE_EQ|INE566K01011,1d,5,5 consecutive zero-volume bars ending 2013-08-26
WARN,ZERO_VOLUME_RUN,universe_daily,NSE_EQ|INE571B01036,1d,5,5 consecutive zero-volume bars ending 2003-04-03
WARN,ZERO_VOLUME_RUN,universe_daily,NSE_EQ|INE573A01042,1d,347,347 consecutive zero-volume bars ending 2004-05-21
WARN,ZERO_VOLUME_RUN,universe_daily,NSE_EQ|INE577L01016,1d,18,18 consecutive zero-volume bars ending 2014-02-14
WARN,ZERO_VOLUME_RUN,universe_daily,NSE_EQ|INE583B01015,1d,16,16 consecutive zero-volume bars ending 2013-08-12
WARN,ZERO_VOLUME_RUN,universe_daily,NSE_EQ|INE583C01021,1d,9,9 consecutive zero-volume bars ending 2013-11-14
WARN,ZERO_VOLUME_RUN,universe_daily,NSE_EQ|INE584F01014,1d,22,22 consecutive zero-volume bars ending 2013-06-20
WARN,ZERO_VOLUME_RUN,universe_daily,NSE_EQ|INE590L01019,1d,24,24 consecutive zero-volume bars ending 2013-09-20
WARN,ZERO_VOLUME_RUN,universe_daily,NSE_EQ|INE602A01031,1d,42,42 consecutive zero-volume bars ending 2003-02-28
WARN,ZERO_VOLUME_RUN,universe_daily,NSE_EQ|INE603A01013,1d,7,7 consecutive zero-volume bars ending 2003-09-02
WARN,ZERO_VOLUME_RUN,universe_daily,NSE_EQ|INE606A01024,1d,17,17 consecutive zero-volume bars ending 2013-09-06
WARN,ZERO_VOLUME_RUN,universe_daily,NSE_EQ|INE607D01018,1d,11,11 consecutive zero-volume bars ending 2009-02-11
WARN,ZERO_VOLUME_RUN,universe_daily,NSE_EQ|INE611L01021,1d,17,17 consecutive zero-volume bars ending 2013-05-03
WARN,ZERO_VOLUME_RUN,universe_daily,NSE_EQ|INE617A01013,1d,11,11 consecutive zero-volume bars ending 2013-10-09
WARN,ZERO_VOLUME_RUN,universe_daily,NSE_EQ|INE625B01014,1d,517,517 consecutive zero-volume bars ending 2005-02-23
WARN,ZERO_VOLUME_RUN,universe_daily,NSE_EQ|INE627H01017,1d,47,47 consecutive zero-volume bars ending 2013-10-04
WARN,ZERO_VOLUME_RUN,universe_daily,NSE_EQ|INE629D01020,1d,14,14 consecutive zero-volume bars ending 2013-06-27
WARN,ZERO_VOLUME_RUN,universe_daily,NSE_EQ|INE634I01029,1d,6,6 consecutive zero-volume bars ending 2013-07-19
WARN,ZERO_VOLUME_RUN,universe_daily,NSE_EQ|INE635A01023,1d,70,70 consecutive zero-volume bars ending 2006-11-03
WARN,ZERO_VOLUME_RUN,universe_daily,NSE_EQ|INE636A01039,1d,344,344 consecutive zero-volume bars ending 2009-03-19
WARN,ZERO_VOLUME_RUN,universe_daily,NSE_EQ|INE643A01035,1d,258,258 consecutive zero-volume bars ending 2004-01-09
WARN,ZERO_VOLUME_RUN,universe_daily,NSE_EQ|INE659A01023,1d,818,818 consecutive zero-volume bars ending 2006-05-15
WARN,ZERO_VOLUME_RUN,universe_daily,NSE_EQ|INE668D01028,1d,11,11 consecutive zero-volume bars ending 2013-05-13
WARN,ZERO_VOLUME_RUN,universe_daily,NSE_EQ|INE672B01032,1d,46,46 consecutive zero-volume bars ending 2006-07-19
WARN,ZERO_VOLUME_RUN,universe_daily,NSE_EQ|INE681C01015,1d,88,88 consecutive zero-volume bars ending 2004-01-09
WARN,ZERO_VOLUME_RUN,universe_daily,NSE_EQ|INE683C01011,1d,18,18 consecutive zero-volume bars ending 2013-10-21
WARN,ZERO_VOLUME_RUN,universe_daily,NSE_EQ|INE686A01026,1d,5,5 consecutive zero-volume bars ending 2013-12-06
WARN,ZERO_VOLUME_RUN,universe_daily,NSE_EQ|INE688A01022,1d,6,6 consecutive zero-volume bars ending 2003-05-14
WARN,ZERO_VOLUME_RUN,universe_daily,NSE_EQ|INE688D01026,1d,7,7 consecutive zero-volume bars ending 2011-06-22
WARN,ZERO_VOLUME_RUN,universe_daily,NSE_EQ|INE690A01028,1d,6,6 consecutive zero-volume bars ending 2003-09-23
WARN,ZERO_VOLUME_RUN,universe_daily,NSE_EQ|INE701A01023,1d,55,55 consecutive zero-volume bars ending 2005-06-29
WARN,ZERO_VOLUME_RUN,universe_daily,NSE_EQ|INE704H01022,1d,19,19 consecutive zero-volume bars ending 2012-06-12
WARN,ZERO_VOLUME_RUN,universe_daily,NSE_EQ|INE707A01012,1d,7,7 consecutive zero-volume bars ending 2013-10-25
WARN,ZERO_VOLUME_RUN,universe_daily,NSE_EQ|INE709A01018,1d,293,293 consecutive zero-volume bars ending 2004-03-03
WARN,ZERO_VOLUME_RUN,universe_daily,NSE_EQ|INE713B01026,1d,49,49 consecutive zero-volume bars ending 2005-06-14
WARN,ZERO_VOLUME_RUN,universe_daily,NSE_EQ|INE716B01029,1d,10,10 consecutive zero-volume bars ending 2014-01-03
WARN,ZERO_VOLUME_RUN,universe_daily,NSE_EQ|INE720A01015,1d,12,12 consecutive zero-volume bars ending 2003-09-25
WARN,ZERO_VOLUME_RUN,universe_daily,NSE_EQ|INE725L01011,1d,26,26 consecutive zero-volume bars ending 2013-05-16
WARN,ZERO_VOLUME_RUN,universe_daily,NSE_EQ|INE727B01026,1d,8,8 consecutive zero-volume bars ending 2007-03-02
WARN,ZERO_VOLUME_RUN,universe_daily,NSE_EQ|INE732A01036,1d,27,27 consecutive zero-volume bars ending 2010-04-19
WARN,ZERO_VOLUME_RUN,universe_daily,NSE_EQ|INE733A01018,1d,19,19 consecutive zero-volume bars ending 2013-10-18
WARN,ZERO_VOLUME_RUN,universe_daily,NSE_EQ|INE735M01018,1d,10,10 consecutive zero-volume bars ending 2013-09-03
WARN,ZERO_VOLUME_RUN,universe_daily,NSE_EQ|INE737B01033,1d,1798,1798 consecutive zero-volume bars ending 2014-12-31
WARN,ZERO_VOLUME_RUN,universe_daily,NSE_EQ|INE741L01018,1d,92,92 consecutive zero-volume bars ending 2013-10-10
WARN,ZERO_VOLUME_RUN,universe_daily,NSE_EQ|INE742C01031,1d,413,413 consecutive zero-volume bars ending 2004-09-22
WARN,ZERO_VOLUME_RUN,universe_daily,NSE_EQ|INE749B01020,1d,18,18 consecutive zero-volume bars ending 2013-07-22
WARN,ZERO_VOLUME_RUN,universe_daily,NSE_EQ|INE750C01026,1d,99,99 consecutive zero-volume bars ending 2003-05-27
WARN,ZERO_VOLUME_RUN,universe_daily,NSE_EQ|INE751B01018,1d,5,5 consecutive zero-volume bars ending 2016-07-05
WARN,ZERO_VOLUME_RUN,universe_daily,NSE_EQ|INE780C01023,1d,921,921 consecutive zero-volume bars ending 2006-10-09
WARN,ZERO_VOLUME_RUN,universe_daily,NSE_EQ|INE781B01015,1d,59,59 consecutive zero-volume bars ending 2003-12-05
WARN,ZERO_VOLUME_RUN,universe_daily,NSE_EQ|INE786A01032,1d,828,828 consecutive zero-volume bars ending 2006-06-16
WARN,ZERO_VOLUME_RUN,universe_daily,NSE_EQ|INE792H01019,1d,21,21 consecutive zero-volume bars ending 2013-08-01
WARN,ZERO_VOLUME_RUN,universe_daily,NSE_EQ|INE794A01010,1d,1419,1419 consecutive zero-volume bars ending 2008-10-10
WARN,ZERO_VOLUME_RUN,universe_daily,NSE_EQ|INE803H01014,1d,6,6 consecutive zero-volume bars ending 2013-07-19
WARN,ZERO_VOLUME_RUN,universe_daily,NSE_EQ|INE804H01012,1d,26,26 consecutive zero-volume bars ending 2013-08-26
WARN,ZERO_VOLUME_RUN,universe_daily,NSE_EQ|INE816B01035,1d,12,12 consecutive zero-volume bars ending 2013-07-05
WARN,ZERO_VOLUME_RUN,universe_daily,NSE_EQ|INE819L01012,1d,146,146 consecutive zero-volume bars ending 2011-08-09
WARN,ZERO_VOLUME_RUN,universe_daily,NSE_EQ|INE822G01016,1d,5,5 consecutive zero-volume bars ending 2013-12-11
WARN,ZERO_VOLUME_RUN,universe_daily,NSE_EQ|INE835G01018,1d,32,32 consecutive zero-volume bars ending 2013-06-14
WARN,ZERO_VOLUME_RUN,universe_daily,NSE_EQ|INE838B01021,1d,23,23 consecutive zero-volume bars ending 2013-08-14
WARN,ZERO_VOLUME_RUN,universe_daily,NSE_EQ|INE838E01017,1d,66,66 consecutive zero-volume bars ending 2003-12-12
WARN,ZERO_VOLUME_RUN,universe_daily,NSE_EQ|INE842C01021,1d,58,58 consecutive zero-volume bars ending 2012-06-12
WARN,ZERO_VOLUME_RUN,universe_daily,NSE_EQ|INE847C01020,1d,9,9 consecutive zero-volume bars ending 2013-04-25
WARN,ZERO_VOLUME_RUN,universe_daily,NSE_EQ|INE848A01014,1d,13,13 consecutive zero-volume bars ending 2007-03-21
WARN,ZERO_VOLUME_RUN,universe_daily,NSE_EQ|INE854B01010,1d,16,16 consecutive zero-volume bars ending 2003-11-13
WARN,ZERO_VOLUME_RUN,universe_daily,NSE_EQ|INE868B01028,1d,196,196 consecutive zero-volume bars ending 2003-10-13
WARN,ZERO_VOLUME_RUN,universe_daily,NSE_EQ|INE875G01048,1d,11,11 consecutive zero-volume bars ending 2012-03-22
WARN,ZERO_VOLUME_RUN,universe_daily,NSE_EQ|INE879E01037,1d,9,9 consecutive zero-volume bars ending 2012-06-12
WARN,ZERO_VOLUME_RUN,universe_daily,NSE_EQ|INE886A01014,1d,38,38 consecutive zero-volume bars ending 2013-06-03
WARN,ZERO_VOLUME_RUN,universe_daily,NSE_EQ|INE895B01021,1d,19,19 consecutive zero-volume bars ending 2013-12-27
WARN,ZERO_VOLUME_RUN,universe_daily,NSE_EQ|INE900B01029,1d,5,5 consecutive zero-volume bars ending 2003-01-24
WARN,ZERO_VOLUME_RUN,universe_daily,NSE_EQ|INE900C01027,1d,10,10 consecutive zero-volume bars ending 2013-07-29
WARN,ZERO_VOLUME_RUN,universe_daily,NSE_EQ|INE907A01026,1d,19,19 consecutive zero-volume bars ending 2010-05-18
WARN,ZERO_VOLUME_RUN,universe_daily,NSE_EQ|INE910C01018,1d,5,5 consecutive zero-volume bars ending 2014-12-31
WARN,ZERO_VOLUME_RUN,universe_daily,NSE_EQ|INE917H01012,1d,18,18 consecutive zero-volume bars ending 2013-09-04
WARN,ZERO_VOLUME_RUN,universe_daily,NSE_EQ|INE922A01025,1d,14,14 consecutive zero-volume bars ending 2013-11-19
WARN,ZERO_VOLUME_RUN,universe_daily,NSE_EQ|INE923A01015,1d,22,22 consecutive zero-volume bars ending 2013-11-25
WARN,ZERO_VOLUME_RUN,universe_daily,NSE_EQ|INE925C01016,1d,18,18 consecutive zero-volume bars ending 2013-05-17
WARN,ZERO_VOLUME_RUN,universe_daily,NSE_EQ|INE926K01017,1d,5,5 consecutive zero-volume bars ending 2013-08-27
WARN,ZERO_VOLUME_RUN,universe_daily,NSE_EQ|INE927D01051,1d,10,10 consecutive zero-volume bars ending 2013-07-31
WARN,ZERO_VOLUME_RUN,universe_daily,NSE_EQ|INE932C01012,1d,39,39 consecutive zero-volume bars ending 2003-12-18
WARN,ZERO_VOLUME_RUN,universe_daily,NSE_EQ|INE939A01011,1d,157,157 consecutive zero-volume bars ending 2003-08-18
WARN,ZERO_VOLUME_RUN,universe_daily,NSE_EQ|INE944F01028,1d,91,91 consecutive zero-volume bars ending 2003-06-23
WARN,ZERO_VOLUME_RUN,universe_daily,NSE_EQ|INE947A01014,1d,667,667 consecutive zero-volume bars ending 2005-09-28
WARN,ZERO_VOLUME_RUN,universe_daily,NSE_EQ|INE948A01012,1d,6,6 consecutive zero-volume bars ending 2013-06-19
WARN,ZERO_VOLUME_RUN,universe_daily,NSE_EQ|INE954E01012,1d,5,5 consecutive zero-volume bars ending 2014-01-13
WARN,ZERO_VOLUME_RUN,universe_daily,NSE_EQ|INE967C01018,1d,9,9 consecutive zero-volume bars ending 2003-09-25
WARN,ZERO_VOLUME_RUN,universe_daily,NSE_EQ|INE978G01016,1d,51,51 consecutive zero-volume bars ending 2013-07-29
WARN,ZERO_VOLUME_RUN,universe_daily,NSE_EQ|INE993A01026,1d,601,601 consecutive zero-volume bars ending 2005-06-23
WARN,ZERO_VOLUME_RUN,universe_daily,NSE_EQ|INF109KC16V9,1d,14,14 consecutive zero-volume bars ending 2013-10-11
WARN,ZERO_VOLUME_RUN,universe_daily,NSE_EQ|INF205KA1CC7,1d,8,8 consecutive zero-volume bars ending 2014-02-26
INFO,DAILY_BARS_LT_100,universe_daily,NSE_EQ|INE00WV01027,1d,82,82 daily bars
INFO,DAILY_BARS_LT_100,universe_daily,NSE_EQ|INE0I0T01010,1d,68,68 daily bars
INFO,DAILY_BARS_LT_100,universe_daily,NSE_EQ|INE0ISX01025,1d,58,58 daily bars
INFO,DAILY_BARS_LT_100,universe_daily,NSE_EQ|INE0OC301013,1d,70,70 daily bars
INFO,DAILY_BARS_LT_100,universe_daily,NSE_EQ|INE0ZK601013,1d,67,67 daily bars
INFO,DAILY_BARS_LT_100,universe_daily,NSE_EQ|INE11XY01018,1d,51,51 daily bars
INFO,DAILY_BARS_LT_100,universe_daily,NSE_EQ|INE17IR01028,1d,57,57 daily bars
INFO,DAILY_BARS_LT_100,universe_daily,NSE_EQ|INE17QZ01016,1d,63,63 daily bars
INFO,DAILY_BARS_LT_100,universe_daily,NSE_EQ|INE1CDF01017,1d,79,79 daily bars
INFO,DAILY_BARS_LT_100,universe_daily,NSE_EQ|INE1CLE01013,1d,79,79 daily bars
INFO,DAILY_BARS_LT_100,universe_daily,NSE_EQ|INE1JCQ01037,1d,54,54 daily bars
INFO,DAILY_BARS_LT_100,universe_daily,NSE_EQ|INE1SJO01012,1d,68,68 daily bars
INFO,DAILY_BARS_LT_100,universe_daily,NSE_EQ|INE1YPB01014,1d,66,66 daily bars
INFO,DAILY_BARS_LT_100,universe_daily,NSE_EQ|INE2FMX01012,1d,65,65 daily bars
INFO,DAILY_BARS_LT_100,universe_daily,NSE_EQ|INE302D01024,1d,57,57 daily bars
INFO,DAILY_BARS_LT_100,universe_daily,NSE_EQ|INE318C01014,1d,96,96 daily bars
INFO,DAILY_BARS_LT_100,universe_daily,NSE_EQ|INE321M01017,1d,83,83 daily bars
INFO,DAILY_BARS_LT_100,universe_daily,NSE_EQ|INE403F01017,1d,98,98 daily bars
INFO,DAILY_BARS_LT_100,universe_daily,NSE_EQ|INE536P01021,1d,52,52 daily bars
INFO,DAILY_BARS_LT_100,universe_daily,NSE_EQ|INE605D01012,1d,85,85 daily bars
INFO,DAILY_BARS_LT_100,universe_daily,NSE_EQ|INE640G01020,1d,54,54 daily bars
INFO,DAILY_BARS_LT_100,universe_daily,NSE_EQ|INE694L01019,1d,79,79 daily bars
INFO,DAILY_BARS_LT_100,universe_daily,NSE_EQ|INE704J01044,1d,79,79 daily bars
INFO,DAILY_BARS_LT_100,universe_daily,NSE_EQ|INE724A01017,1d,61,61 daily bars
INFO,DAILY_BARS_LT_100,universe_daily,NSE_EQ|INE763M01028,1d,88,88 daily bars
INFO,DAILY_BARS_LT_100,universe_daily,NSE_EQ|INF0QA701CI0,1d,54,54 daily bars
INFO,DAILY_BARS_LT_100,universe_daily,NSE_EQ|INF109K1A476,1d,72,72 daily bars
INFO,DAILY_BARS_LT_100,universe_daily,NSE_EQ|INF174KA1A94,1d,53,53 daily bars
INFO,DAILY_BARS_LT_100,universe_daily,NSE_EQ|INF200KB1AX1,1d,93,93 daily bars
INFO,DAILY_BARS_LT_100,universe_daily,NSE_EQ|INF200KB1AY9,1d,93,93 daily bars
INFO,DAILY_BARS_LT_100,universe_daily,NSE_EQ|INF579M01BP5,1d,89,89 daily bars
INFO,DAILY_BARS_LT_100,universe_daily,NSE_EQ|INF666M01OT5,1d,92,92 daily bars
INFO,DAILY_BARS_LT_100,universe_daily,NSE_EQ|INF666M01PG9,1d,76,76 daily bars
INFO,DAILY_BARS_LT_100,universe_daily,NSE_EQ|INF740KA1ZA4,1d,94,94 daily bars
INFO,DAILY_BARS_LT_100,universe_daily,NSE_EQ|INF754K01XF3,1d,93,93 daily bars
INFO,DAILY_BARS_LT_100,universe_daily,NSE_EQ|INF769K01RC0,1d,53,53 daily bars
INFO,DAILY_BARS_LT_200,universe_daily,NSE_EQ|INE001E01012,1d,117,117 daily bars
INFO,DAILY_BARS_LT_200,universe_daily,NSE_EQ|INE00HZ01011,1d,116,116 daily bars
INFO,DAILY_BARS_LT_200,universe_daily,NSE_EQ|INE00SW01015,1d,130,130 daily bars
INFO,DAILY_BARS_LT_200,universe_daily,NSE_EQ|INE00XB01019,1d,141,141 daily bars
INFO,DAILY_BARS_LT_200,universe_daily,NSE_EQ|INE016Q01014,1d,154,154 daily bars
INFO,DAILY_BARS_LT_200,universe_daily,NSE_EQ|INE027T01023,1d,196,196 daily bars
INFO,DAILY_BARS_LT_200,universe_daily,NSE_EQ|INE05HV01027,1d,129,129 daily bars
INFO,DAILY_BARS_LT_200,universe_daily,NSE_EQ|INE05TO01019,1d,127,127 daily bars
INFO,DAILY_BARS_LT_200,universe_daily,NSE_EQ|INE05XR01022,1d,177,177 daily bars
INFO,DAILY_BARS_LT_200,universe_daily,NSE_EQ|INE064A01026,1d,117,117 daily bars
INFO,DAILY_BARS_LT_200,universe_daily,NSE_EQ|INE081G01019,1d,117,117 daily bars
INFO,DAILY_BARS_LT_200,universe_daily,NSE_EQ|INE083K01017,1d,117,117 daily bars
INFO,DAILY_BARS_LT_200,universe_daily,NSE_EQ|INE085D01033,1d,117,117 daily bars
INFO,DAILY_BARS_LT_200,universe_daily,NSE_EQ|INE0ADB01012,1d,133,133 daily bars
INFO,DAILY_BARS_LT_200,universe_daily,NSE_EQ|INE0ALI01010,1d,176,176 daily bars
INFO,DAILY_BARS_LT_200,universe_daily,NSE_EQ|INE0B9A01018,1d,153,153 daily bars
INFO,DAILY_BARS_LT_200,universe_daily,NSE_EQ|INE0H9F01037,1d,127,127 daily bars
INFO,DAILY_BARS_LT_200,universe_daily,NSE_EQ|INE0LGX01024,1d,143,143 daily bars
INFO,DAILY_BARS_LT_200,universe_daily,NSE_EQ|INE0OU201013,1d,156,156 daily bars
INFO,DAILY_BARS_LT_200,universe_daily,NSE_EQ|INE0UH301010,1d,145,145 daily bars
INFO,DAILY_BARS_LT_200,universe_daily,NSE_EQ|INE0V0W01025,1d,190,190 daily bars
INFO,DAILY_BARS_LT_200,universe_daily,NSE_EQ|INE115S01010,1d,176,176 daily bars
INFO,DAILY_BARS_LT_200,universe_daily,NSE_EQ|INE116C01012,1d,116,116 daily bars
INFO,DAILY_BARS_LT_200,universe_daily,NSE_EQ|INE119201023,1d,198,198 daily bars
INFO,DAILY_BARS_LT_200,universe_daily,NSE_EQ|INE121R01077,1d,175,175 daily bars
INFO,DAILY_BARS_LT_200,universe_daily,NSE_EQ|INE12F801023,1d,104,104 daily bars
INFO,DAILY_BARS_LT_200,universe_daily,NSE_EQ|INE12UN01015,1d,171,171 daily bars
INFO,DAILY_BARS_LT_200,universe_daily,NSE_EQ|INE131C01011,1d,117,117 daily bars
INFO,DAILY_BARS_LT_200,universe_daily,NSE_EQ|INE132C01027,1d,117,117 daily bars
INFO,DAILY_BARS_LT_200,universe_daily,NSE_EQ|INE166R01015,1d,116,116 daily bars
INFO,DAILY_BARS_LT_200,universe_daily,NSE_EQ|INE176J01011,1d,117,117 daily bars
INFO,DAILY_BARS_LT_200,universe_daily,NSE_EQ|INE177C01022,1d,117,117 daily bars
INFO,DAILY_BARS_LT_200,universe_daily,NSE_EQ|INE177F01017,1d,117,117 daily bars
INFO,DAILY_BARS_LT_200,universe_daily,NSE_EQ|INE185C01017,1d,116,116 daily bars
INFO,DAILY_BARS_LT_200,universe_daily,NSE_EQ|INE194D01017,1d,104,104 daily bars
INFO,DAILY_BARS_LT_200,universe_daily,NSE_EQ|INE19GK01015,1d,147,147 daily bars
INFO,DAILY_BARS_LT_200,universe_daily,NSE_EQ|INE1RDG01013,1d,146,146 daily bars
INFO,DAILY_BARS_LT_200,universe_daily,NSE_EQ|INE200D01020,1d,117,117 daily bars
INFO,DAILY_BARS_LT_200,universe_daily,NSE_EQ|INE207H01018,1d,117,117 daily bars
INFO,DAILY_BARS_LT_200,universe_daily,NSE_EQ|INE212S01015,1d,157,157 daily bars
INFO,DAILY_BARS_LT_200,universe_daily,NSE_EQ|INE213D01015,1d,117,117 daily bars
INFO,DAILY_BARS_LT_200,universe_daily,NSE_EQ|INE214F01026,1d,116,116 daily bars
INFO,DAILY_BARS_LT_200,universe_daily,NSE_EQ|INE220Z01013,1d,117,117 daily bars
INFO,DAILY_BARS_LT_200,universe_daily,NSE_EQ|INE225B01021,1d,117,117 daily bars
INFO,DAILY_BARS_LT_200,universe_daily,NSE_EQ|INE234A01025,1d,117,117 daily bars
INFO,DAILY_BARS_LT_200,universe_daily,NSE_EQ|INE24OJ01011,1d,167,167 daily bars
INFO,DAILY_BARS_LT_200,universe_daily,NSE_EQ|INE25E901019,1d,118,118 daily bars
INFO,DAILY_BARS_LT_200,universe_daily,NSE_EQ|INE265B01019,1d,117,117 daily bars
INFO,DAILY_BARS_LT_200,universe_daily,NSE_EQ|INE266D01021,1d,117,117 daily bars
INFO,DAILY_BARS_LT_200,universe_daily,NSE_EQ|INE270B01035,1d,117,117 daily bars
INFO,DAILY_BARS_LT_200,universe_daily,NSE_EQ|INE280B01018,1d,117,117 daily bars
INFO,DAILY_BARS_LT_200,universe_daily,NSE_EQ|INE291E01019,1d,117,117 daily bars
INFO,DAILY_BARS_LT_200,universe_daily,NSE_EQ|INE296E01026,1d,117,117 daily bars
INFO,DAILY_BARS_LT_200,universe_daily,NSE_EQ|INE2KCE01013,1d,157,157 daily bars
INFO,DAILY_BARS_LT_200,universe_daily,NSE_EQ|INE313L01016,1d,135,135 daily bars
INFO,DAILY_BARS_LT_200,universe_daily,NSE_EQ|INE314H01012,1d,116,116 daily bars
INFO,DAILY_BARS_LT_200,universe_daily,NSE_EQ|INE338F01015,1d,117,117 daily bars
INFO,DAILY_BARS_LT_200,universe_daily,NSE_EQ|INE346A01027,1d,196,196 daily bars
INFO,DAILY_BARS_LT_200,universe_daily,NSE_EQ|INE361K01017,1d,104,104 daily bars
INFO,DAILY_BARS_LT_200,universe_daily,NSE_EQ|INE365O01028,1d,117,117 daily bars
INFO,DAILY_BARS_LT_200,universe_daily,NSE_EQ|INE366C01021,1d,117,117 daily bars
INFO,DAILY_BARS_LT_200,universe_daily,NSE_EQ|INE372E01025,1d,117,117 daily bars
INFO,DAILY_BARS_LT_200,universe_daily,NSE_EQ|INE402H01015,1d,117,117 daily bars
INFO,DAILY_BARS_LT_200,universe_daily,NSE_EQ|INE405A01021,1d,117,117 daily bars
INFO,DAILY_BARS_LT_200,universe_daily,NSE_EQ|INE411F01010,1d,117,117 daily bars
INFO,DAILY_BARS_LT_200,universe_daily,NSE_EQ|INE413D01011,1d,117,117 daily bars
INFO,DAILY_BARS_LT_200,universe_daily,NSE_EQ|INE415B01044,1d,139,139 daily bars
INFO,DAILY_BARS_LT_200,universe_daily,NSE_EQ|INE417D01020,1d,117,117 daily bars
INFO,DAILY_BARS_LT_200,universe_daily,NSE_EQ|INE428V01029,1d,198,198 daily bars
INFO,DAILY_BARS_LT_200,universe_daily,NSE_EQ|INE435D01014,1d,117,117 daily bars
INFO,DAILY_BARS_LT_200,universe_daily,NSE_EQ|INE438E01032,1d,117,117 daily bars
INFO,DAILY_BARS_LT_200,universe_daily,NSE_EQ|INE440T01028,1d,117,117 daily bars
INFO,DAILY_BARS_LT_200,universe_daily,NSE_EQ|INE445D01013,1d,117,117 daily bars
INFO,DAILY_BARS_LT_200,universe_daily,NSE_EQ|INE469A01019,1d,117,117 daily bars
INFO,DAILY_BARS_LT_200,universe_daily,NSE_EQ|INE501X01029,1d,157,157 daily bars
INFO,DAILY_BARS_LT_200,universe_daily,NSE_EQ|INE507F01023,1d,117,117 daily bars
INFO,DAILY_BARS_LT_200,universe_daily,NSE_EQ|INE515A01019,1d,117,117 daily bars
INFO,DAILY_BARS_LT_200,universe_daily,NSE_EQ|INE515C01023,1d,115,115 daily bars
INFO,DAILY_BARS_LT_200,universe_daily,NSE_EQ|INE524T01011,1d,102,102 daily bars
INFO,DAILY_BARS_LT_200,universe_daily,NSE_EQ|INE525F01025,1d,117,117 daily bars
INFO,DAILY_BARS_LT_200,universe_daily,NSE_EQ|INE533A01012,1d,117,117 daily bars
INFO,DAILY_BARS_LT_200,universe_daily,NSE_EQ|INE552U01010,1d,117,117 daily bars
INFO,DAILY_BARS_LT_200,universe_daily,NSE_EQ|INE555P01013,1d,116,116 daily bars
INFO,DAILY_BARS_LT_200,universe_daily,NSE_EQ|INE572D01014,1d,117,117 daily bars
INFO,DAILY_BARS_LT_200,universe_daily,NSE_EQ|INE579B01039,1d,117,117 daily bars
INFO,DAILY_BARS_LT_200,universe_daily,NSE_EQ|INE586E01020,1d,117,117 daily bars
INFO,DAILY_BARS_LT_200,universe_daily,NSE_EQ|INE598D01035,1d,185,185 daily bars
INFO,DAILY_BARS_LT_200,universe_daily,NSE_EQ|INE620D01011,1d,112,112 daily bars
INFO,DAILY_BARS_LT_200,universe_daily,NSE_EQ|INE631R01026,1d,117,117 daily bars
INFO,DAILY_BARS_LT_200,universe_daily,NSE_EQ|INE638A01035,1d,135,135 daily bars
INFO,DAILY_BARS_LT_200,universe_daily,NSE_EQ|INE640B01021,1d,117,117 daily bars
INFO,DAILY_BARS_LT_200,universe_daily,NSE_EQ|INE641R01017,1d,117,117 daily bars
INFO,DAILY_BARS_LT_200,universe_daily,NSE_EQ|INE647U01026,1d,147,147 daily bars
INFO,DAILY_BARS_LT_200,universe_daily,NSE_EQ|INE650G01029,1d,117,117 daily bars
INFO,DAILY_BARS_LT_200,universe_daily,NSE_EQ|INE655V01019,1d,128,128 daily bars
INFO,DAILY_BARS_LT_200,universe_daily,NSE_EQ|INE669R01026,1d,117,117 daily bars
INFO,DAILY_BARS_LT_200,universe_daily,NSE_EQ|INE689O01013,1d,116,116 daily bars
INFO,DAILY_BARS_LT_200,universe_daily,NSE_EQ|INE701G01012,1d,117,117 daily bars
INFO,DAILY_BARS_LT_200,universe_daily,NSE_EQ|INE704G01024,1d,117,117 daily bars
INFO,DAILY_BARS_LT_200,universe_daily,NSE_EQ|INE713R01022,1d,132,132 daily bars
INFO,DAILY_BARS_LT_200,universe_daily,NSE_EQ|INE717A01029,1d,117,117 daily bars
INFO,DAILY_BARS_LT_200,universe_daily,NSE_EQ|INE722B01019,1d,117,117 daily bars
INFO,DAILY_BARS_LT_200,universe_daily,NSE_EQ|INE731F01037,1d,117,117 daily bars
INFO,DAILY_BARS_LT_200,universe_daily,NSE_EQ|INE757T01025,1d,140,140 daily bars
INFO,DAILY_BARS_LT_200,universe_daily,NSE_EQ|INE765D01022,1d,117,117 daily bars
INFO,DAILY_BARS_LT_200,universe_daily,NSE_EQ|INE819A01049,1d,117,117 daily bars
INFO,DAILY_BARS_LT_200,universe_daily,NSE_EQ|INE850B01026,1d,117,117 daily bars
INFO,DAILY_BARS_LT_200,universe_daily,NSE_EQ|INE861D01011,1d,122,122 daily bars
INFO,DAILY_BARS_LT_200,universe_daily,NSE_EQ|INE875B01015,1d,126,126 daily bars
INFO,DAILY_BARS_LT_200,universe_daily,NSE_EQ|INE884B01025,1d,117,117 daily bars
INFO,DAILY_BARS_LT_200,universe_daily,NSE_EQ|INE887D01016,1d,120,120 daily bars
INFO,DAILY_BARS_LT_200,universe_daily,NSE_EQ|INE910A01012,1d,117,117 daily bars
INFO,DAILY_BARS_LT_200,universe_daily,NSE_EQ|INE921L01032,1d,127,127 daily bars
INFO,DAILY_BARS_LT_200,universe_daily,NSE_EQ|INE926B01016,1d,117,117 daily bars
INFO,DAILY_BARS_LT_200,universe_daily,NSE_EQ|INE927X01018,1d,117,117 daily bars
INFO,DAILY_BARS_LT_200,universe_daily,NSE_EQ|INE928C01010,1d,117,117 daily bars
INFO,DAILY_BARS_LT_200,universe_daily,NSE_EQ|INE934C01018,1d,117,117 daily bars
INFO,DAILY_BARS_LT_200,universe_daily,NSE_EQ|INE945F01025,1d,117,117 daily bars
INFO,DAILY_BARS_LT_200,universe_daily,NSE_EQ|INE951M01037,1d,117,117 daily bars
INFO,DAILY_BARS_LT_200,universe_daily,NSE_EQ|INE967G01019,1d,116,116 daily bars
INFO,DAILY_BARS_LT_200,universe_daily,NSE_EQ|INE972A01020,1d,117,117 daily bars
INFO,DAILY_BARS_LT_200,universe_daily,NSE_EQ|INE979B01015,1d,117,117 daily bars
INFO,DAILY_BARS_LT_200,universe_daily,NSE_EQ|INE987S01020,1d,194,194 daily bars
INFO,DAILY_BARS_LT_200,universe_daily,NSE_EQ|INE994E01018,1d,117,117 daily bars
INFO,DAILY_BARS_LT_200,universe_daily,NSE_EQ|INE997I01012,1d,111,111 daily bars
INFO,DAILY_BARS_LT_200,universe_daily,NSE_EQ|INF174KA1YO3,1d,179,179 daily bars
INFO,DAILY_BARS_LT_200,universe_daily,NSE_EQ|INF1J2R01171,1d,147,147 daily bars
INFO,DAILY_BARS_LT_200,universe_daily,NSE_EQ|INF200KB1AJ0,1d,144,144 daily bars
INFO,DAILY_BARS_LT_200,universe_daily,NSE_EQ|INF200KB1AK8,1d,126,126 daily bars
INFO,DAILY_BARS_LT_200,universe_daily,NSE_EQ|INF209KC1662,1d,152,152 daily bars
INFO,DAILY_BARS_LT_200,universe_daily,NSE_EQ|INF209KC1670,1d,146,146 daily bars
INFO,DAILY_BARS_LT_200,universe_daily,NSE_EQ|INF247L01GV8,1d,122,122 daily bars
INFO,DAILY_BARS_LT_200,universe_daily,NSE_EQ|INF2F0001370,1d,187,187 daily bars
INFO,DAILY_BARS_LT_200,universe_daily,NSE_EQ|INF336L01RX2,1d,130,130 daily bars
INFO,DAILY_BARS_LT_200,universe_daily,NSE_EQ|INF666M01NI0,1d,194,194 daily bars
INFO,DAILY_BARS_LT_200,universe_daily,NSE_EQ|INF666M01NP5,1d,178,178 daily bars
INFO,DAILY_BARS_LT_200,universe_daily,NSE_EQ|INF666M01NQ3,1d,160,160 daily bars
INFO,DAILY_BARS_LT_200,universe_daily,NSE_EQ|INF666M01OD9,1d,145,145 daily bars
INFO,DAILY_BARS_LT_200,universe_daily,NSE_EQ|INF666M01OG2,1d,130,130 daily bars
INFO,DAILY_BARS_LT_200,universe_daily,NSE_EQ|INF740KA1WW5,1d,197,197 daily bars
INFO,DAILY_BARS_LT_200,universe_daily,NSE_EQ|INF740KA1WX3,1d,197,197 daily bars
INFO,DAILY_BARS_LT_200,universe_daily,NSE_EQ|INF740KA1XU7,1d,182,182 daily bars
INFO,DAILY_BARS_LT_200,universe_daily,NSE_EQ|INF740KA1YH2,1d,140,140 daily bars
INFO,DAILY_BARS_LT_200,universe_daily,NSE_EQ|INF769K01PY8,1d,196,196 daily bars
INFO,DAILY_BARS_LT_200,universe_daily,NSE_EQ|INF769K01PZ5,1d,196,196 daily bars
INFO,DAILY_BARS_LT_200,universe_daily,NSE_EQ|INF769K01QA6,1d,157,157 daily bars
INFO,DAILY_BARS_LT_200,universe_daily,NSE_EQ|INF769K01QB4,1d,155,155 daily bars
INFO,DAILY_BARS_LT_200,universe_daily,NSE_EQ|INF769K01QC2,1d,154,154 daily bars
INFO,DAILY_BARS_LT_200,universe_daily,NSE_EQ|INF769K01QV2,1d,130,130 daily bars
INFO,DAILY_BARS_LT_200,indices_daily,NSE_INDEX|Nifty Cement,1d,103,103 daily bars
INFO,DAILY_BARS_LT_200,indices_daily,NSE_INDEX|Nifty MidSmall 50 50,1d,103,103 daily bars
INFO,DAILY_BARS_LT_200,indices_daily,NSE_INDEX|Nifty REITs Realty,1d,103,103 daily bars
INFO,DAILY_BARS_LT_200,indices_daily,NSE_INDEX|Nifty RailwaysPSU,1d,162,162 daily bars
INFO,DAILY_BARS_LT_200,indices_daily,NSE_INDEX|Nifty Smallcap 500,1d,103,103 daily bars
INFO,DAILY_BARS_LT_200,indices_daily,NSE_INDEX|NiftyConglomerate,1d,162,162 daily bars
INFO,DAILY_BARS_LT_26,universe_daily,NSE_EQ|INE137M01017,1d,23,23 daily bars
INFO,DAILY_BARS_LT_26,universe_daily,NSE_EQ|INE165G01010,1d,20,20 daily bars
INFO,DAILY_BARS_LT_26,universe_daily,NSE_EQ|INE217S01014,1d,23,23 daily bars
INFO,DAILY_BARS_LT_26,universe_daily,NSE_EQ|INE252A01019,1d,17,17 daily bars
INFO,DAILY_BARS_LT_26,universe_daily,NSE_EQ|INE574G01013,1d,24,24 daily bars
INFO,DAILY_BARS_LT_26,universe_daily,NSE_EQ|INE726E01014,1d,25,25 daily bars
INFO,DAILY_BARS_LT_26,universe_daily,NSE_EQ|INF740KA1ZI7,1d,22,22 daily bars
INFO,DAILY_BARS_LT_50,universe_daily,NSE_EQ|INE005C01017,1d,35,35 daily bars
INFO,DAILY_BARS_LT_50,universe_daily,NSE_EQ|INE009C01019,1d,34,34 daily bars
INFO,DAILY_BARS_LT_50,universe_daily,NSE_EQ|INE00GO01025,1d,36,36 daily bars
INFO,DAILY_BARS_LT_50,universe_daily,NSE_EQ|INE00IT01020,1d,34,34 daily bars
INFO,DAILY_BARS_LT_50,universe_daily,NSE_EQ|INE00IY01012,1d,35,35 daily bars
INFO,DAILY_BARS_LT_50,universe_daily,NSE_EQ|INE010C01025,1d,35,35 daily bars
INFO,DAILY_BARS_LT_50,universe_daily,NSE_EQ|INE011D01013,1d,32,32 daily bars
INFO,DAILY_BARS_LT_50,universe_daily,NSE_EQ|INE01NH01023,1d,35,35 daily bars
INFO,DAILY_BARS_LT_50,universe_daily,NSE_EQ|INE026D01011,1d,35,35 daily bars
INFO,DAILY_BARS_LT_50,universe_daily,NSE_EQ|INE030C01015,1d,34,34 daily bars
INFO,DAILY_BARS_LT_50,universe_daily,NSE_EQ|INE031G01022,1d,35,35 daily bars
INFO,DAILY_BARS_LT_50,universe_daily,NSE_EQ|INE032E01017,1d,34,34 daily bars
INFO,DAILY_BARS_LT_50,universe_daily,NSE_EQ|INE035S01028,1d,35,35 daily bars
INFO,DAILY_BARS_LT_50,universe_daily,NSE_EQ|INE054C01015,1d,35,35 daily bars
INFO,DAILY_BARS_LT_50,universe_daily,NSE_EQ|INE058F01019,1d,35,35 daily bars
INFO,DAILY_BARS_LT_50,universe_daily,NSE_EQ|INE05C901015,1d,42,42 daily bars
INFO,DAILY_BARS_LT_50,universe_daily,NSE_EQ|INE068B01017,1d,35,35 daily bars
INFO,DAILY_BARS_LT_50,universe_daily,NSE_EQ|INE074C01013,1d,35,35 daily bars
INFO,DAILY_BARS_LT_50,universe_daily,NSE_EQ|INE084101034,1d,47,47 daily bars
INFO,DAILY_BARS_LT_50,universe_daily,NSE_EQ|INE084D01010,1d,35,35 daily bars
INFO,DAILY_BARS_LT_50,universe_daily,NSE_EQ|INE097E01028,1d,35,35 daily bars
INFO,DAILY_BARS_LT_50,universe_daily,NSE_EQ|INE0AK901016,1d,34,34 daily bars
INFO,DAILY_BARS_LT_50,universe_daily,NSE_EQ|INE0CPR01018,1d,35,35 daily bars
INFO,DAILY_BARS_LT_50,universe_daily,NSE_EQ|INE0FOO01011,1d,33,33 daily bars
INFO,DAILY_BARS_LT_50,universe_daily,NSE_EQ|INE0LZF01013,1d,38,38 daily bars
INFO,DAILY_BARS_LT_50,universe_daily,NSE_EQ|INE0NG701011,1d,47,47 daily bars
INFO,DAILY_BARS_LT_50,universe_daily,NSE_EQ|INE0OWZ01020,1d,42,42 daily bars
INFO,DAILY_BARS_LT_50,universe_daily,NSE_EQ|INE0QJW01029,1d,47,47 daily bars
INFO,DAILY_BARS_LT_50,universe_daily,NSE_EQ|INE0XNF01022,1d,38,38 daily bars
INFO,DAILY_BARS_LT_50,universe_daily,NSE_EQ|INE130L01014,1d,35,35 daily bars
INFO,DAILY_BARS_LT_50,universe_daily,NSE_EQ|INE145E01017,1d,35,35 daily bars
INFO,DAILY_BARS_LT_50,universe_daily,NSE_EQ|INE154B01023,1d,35,35 daily bars
INFO,DAILY_BARS_LT_50,universe_daily,NSE_EQ|INE159L01013,1d,35,35 daily bars
INFO,DAILY_BARS_LT_50,universe_daily,NSE_EQ|INE167H01014,1d,32,32 daily bars
INFO,DAILY_BARS_LT_50,universe_daily,NSE_EQ|INE173M01012,1d,35,35 daily bars
INFO,DAILY_BARS_LT_50,universe_daily,NSE_EQ|INE178T01024,1d,35,35 daily bars
INFO,DAILY_BARS_LT_50,universe_daily,NSE_EQ|INE194R01017,1d,35,35 daily bars
INFO,DAILY_BARS_LT_50,universe_daily,NSE_EQ|INE199E01014,1d,35,35 daily bars
INFO,DAILY_BARS_LT_50,universe_daily,NSE_EQ|INE1D0W01018,1d,36,36 daily bars
INFO,DAILY_BARS_LT_50,universe_daily,NSE_EQ|INE1EEM01017,1d,33,33 daily bars
INFO,DAILY_BARS_LT_50,universe_daily,NSE_EQ|INE205F01016,1d,33,33 daily bars
INFO,DAILY_BARS_LT_50,universe_daily,NSE_EQ|INE222F01029,1d,35,35 daily bars
INFO,DAILY_BARS_LT_50,universe_daily,NSE_EQ|INE227B01019,1d,35,35 daily bars
INFO,DAILY_BARS_LT_50,universe_daily,NSE_EQ|INE227F01010,1d,35,35 daily bars
INFO,DAILY_BARS_LT_50,universe_daily,NSE_EQ|INE245B01011,1d,35,35 daily bars
INFO,DAILY_BARS_LT_50,universe_daily,NSE_EQ|INE247C01023,1d,35,35 daily bars
INFO,DAILY_BARS_LT_50,universe_daily,NSE_EQ|INE258R01028,1d,35,35 daily bars
INFO,DAILY_BARS_LT_50,universe_daily,NSE_EQ|INE265D01015,1d,33,33 daily bars
INFO,DAILY_BARS_LT_50,universe_daily,NSE_EQ|INE284B01028,1d,35,35 daily bars
INFO,DAILY_BARS_LT_50,universe_daily,NSE_EQ|INE285C01015,1d,35,35 daily bars
INFO,DAILY_BARS_LT_50,universe_daily,NSE_EQ|INE286N01028,1d,35,35 daily bars
INFO,DAILY_BARS_LT_50,universe_daily,NSE_EQ|INE290E01011,1d,34,34 daily bars
INFO,DAILY_BARS_LT_50,universe_daily,NSE_EQ|INE298W01016,1d,35,35 daily bars
INFO,DAILY_BARS_LT_50,universe_daily,NSE_EQ|INE299D01022,1d,35,35 daily bars
INFO,DAILY_BARS_LT_50,universe_daily,NSE_EQ|INE304D01012,1d,31,31 daily bars
INFO,DAILY_BARS_LT_50,universe_daily,NSE_EQ|INE311M01018,1d,35,35 daily bars
INFO,DAILY_BARS_LT_50,universe_daily,NSE_EQ|INE316A01038,1d,35,35 daily bars
INFO,DAILY_BARS_LT_50,universe_daily,NSE_EQ|INE320I01017,1d,35,35 daily bars
INFO,DAILY_BARS_LT_50,universe_daily,NSE_EQ|INE327G01032,1d,35,35 daily bars
INFO,DAILY_BARS_LT_50,universe_daily,NSE_EQ|INE330E01023,1d,35,35 daily bars
INFO,DAILY_BARS_LT_50,universe_daily,NSE_EQ|INE341H01023,1d,35,35 daily bars
INFO,DAILY_BARS_LT_50,universe_daily,NSE_EQ|INE344D01018,1d,34,34 daily bars
INFO,DAILY_BARS_LT_50,universe_daily,NSE_EQ|INE348N01042,1d,35,35 daily bars
INFO,DAILY_BARS_LT_50,universe_daily,NSE_EQ|INE354A01013,1d,35,35 daily bars
INFO,DAILY_BARS_LT_50,universe_daily,NSE_EQ|INE359B01010,1d,35,35 daily bars
INFO,DAILY_BARS_LT_50,universe_daily,NSE_EQ|INE359U01028,1d,35,35 daily bars
INFO,DAILY_BARS_LT_50,universe_daily,NSE_EQ|INE362D01010,1d,34,34 daily bars
INFO,DAILY_BARS_LT_50,universe_daily,NSE_EQ|INE365Y01019,1d,35,35 daily bars
INFO,DAILY_BARS_LT_50,universe_daily,NSE_EQ|INE372M01010,1d,35,35 daily bars
INFO,DAILY_BARS_LT_50,universe_daily,NSE_EQ|INE373T01047,1d,35,35 daily bars
INFO,DAILY_BARS_LT_50,universe_daily,NSE_EQ|INE380K01017,1d,35,35 daily bars
INFO,DAILY_BARS_LT_50,universe_daily,NSE_EQ|INE383L01019,1d,35,35 daily bars
INFO,DAILY_BARS_LT_50,universe_daily,NSE_EQ|INE390D01011,1d,29,29 daily bars
INFO,DAILY_BARS_LT_50,universe_daily,NSE_EQ|INE398L01017,1d,35,35 daily bars
INFO,DAILY_BARS_LT_50,universe_daily,NSE_EQ|INE400A01014,1d,35,35 daily bars
INFO,DAILY_BARS_LT_50,universe_daily,NSE_EQ|INE400G01011,1d,35,35 daily bars
INFO,DAILY_BARS_LT_50,universe_daily,NSE_EQ|INE414Y01015,1d,35,35 daily bars
INFO,DAILY_BARS_LT_50,universe_daily,NSE_EQ|INE418E01018,1d,35,35 daily bars
INFO,DAILY_BARS_LT_50,universe_daily,NSE_EQ|INE432F01032,1d,35,35 daily bars
INFO,DAILY_BARS_LT_50,universe_daily,NSE_EQ|INE440G01017,1d,35,35 daily bars
INFO,DAILY_BARS_LT_50,universe_daily,NSE_EQ|INE442D01010,1d,35,35 daily bars
INFO,DAILY_BARS_LT_50,universe_daily,NSE_EQ|INE449C01025,1d,35,35 daily bars
INFO,DAILY_BARS_LT_50,universe_daily,NSE_EQ|INE451C01013,1d,35,35 daily bars
INFO,DAILY_BARS_LT_50,universe_daily,NSE_EQ|INE457G01029,1d,35,35 daily bars
INFO,DAILY_BARS_LT_50,universe_daily,NSE_EQ|INE457P01020,1d,35,35 daily bars
INFO,DAILY_BARS_LT_50,universe_daily,NSE_EQ|INE459N01021,1d,43,43 daily bars
INFO,DAILY_BARS_LT_50,universe_daily,NSE_EQ|INE460D01038,1d,35,35 daily bars
INFO,DAILY_BARS_LT_50,universe_daily,NSE_EQ|INE467D01017,1d,35,35 daily bars
INFO,DAILY_BARS_LT_50,universe_daily,NSE_EQ|INE478D01014,1d,35,35 daily bars
INFO,DAILY_BARS_LT_50,universe_daily,NSE_EQ|INE484D01012,1d,35,35 daily bars
INFO,DAILY_BARS_LT_50,universe_daily,NSE_EQ|INE493H01014,1d,32,32 daily bars
INFO,DAILY_BARS_LT_50,universe_daily,NSE_EQ|INE501F01018,1d,28,28 daily bars
INFO,DAILY_BARS_LT_50,universe_daily,NSE_EQ|INE515H01014,1d,35,35 daily bars
INFO,DAILY_BARS_LT_50,universe_daily,NSE_EQ|INE519D01015,1d,35,35 daily bars
INFO,DAILY_BARS_LT_50,universe_daily,NSE_EQ|INE531X01018,1d,34,34 daily bars
INFO,DAILY_BARS_LT_50,universe_daily,NSE_EQ|INE533C01018,1d,35,35 daily bars
INFO,DAILY_BARS_LT_50,universe_daily,NSE_EQ|INE550F01049,1d,35,35 daily bars
INFO,DAILY_BARS_LT_50,universe_daily,NSE_EQ|INE551B01012,1d,35,35 daily bars
INFO,DAILY_BARS_LT_50,universe_daily,NSE_EQ|INE551C01044,1d,36,36 daily bars
INFO,DAILY_BARS_LT_50,universe_daily,NSE_EQ|INE555C01029,1d,35,35 daily bars
INFO,DAILY_BARS_LT_50,universe_daily,NSE_EQ|INE558A01019,1d,35,35 daily bars
INFO,DAILY_BARS_LT_50,universe_daily,NSE_EQ|INE564J01026,1d,35,35 daily bars
INFO,DAILY_BARS_LT_50,universe_daily,NSE_EQ|INE566M01017,1d,35,35 daily bars
INFO,DAILY_BARS_LT_50,universe_daily,NSE_EQ|INE577D01013,1d,35,35 daily bars
INFO,DAILY_BARS_LT_50,universe_daily,NSE_EQ|INE588G01021,1d,35,35 daily bars
INFO,DAILY_BARS_LT_50,universe_daily,NSE_EQ|INE595R01023,1d,35,35 daily bars
INFO,DAILY_BARS_LT_50,universe_daily,NSE_EQ|INE596B01017,1d,28,28 daily bars
INFO,DAILY_BARS_LT_50,universe_daily,NSE_EQ|INE630D01010,1d,35,35 daily bars
INFO,DAILY_BARS_LT_50,universe_daily,NSE_EQ|INE638B01025,1d,35,35 daily bars
INFO,DAILY_BARS_LT_50,universe_daily,NSE_EQ|INE653C01022,1d,34,34 daily bars
INFO,DAILY_BARS_LT_50,universe_daily,NSE_EQ|INE664D01019,1d,35,35 daily bars
INFO,DAILY_BARS_LT_50,universe_daily,NSE_EQ|INE670O01013,1d,35,35 daily bars
INFO,DAILY_BARS_LT_50,universe_daily,NSE_EQ|INE671C01016,1d,32,32 daily bars
INFO,DAILY_BARS_LT_50,universe_daily,NSE_EQ|INE671K01027,1d,35,35 daily bars
INFO,DAILY_BARS_LT_50,universe_daily,NSE_EQ|INE684B01029,1d,35,35 daily bars
INFO,DAILY_BARS_LT_50,universe_daily,NSE_EQ|INE692C01020,1d,35,35 daily bars
INFO,DAILY_BARS_LT_50,universe_daily,NSE_EQ|INE693D01018,1d,33,33 daily bars
INFO,DAILY_BARS_LT_50,universe_daily,NSE_EQ|INE700F01024,1d,35,35 daily bars
INFO,DAILY_BARS_LT_50,universe_daily,NSE_EQ|INE715T01031,1d,35,35 daily bars
INFO,DAILY_BARS_LT_50,universe_daily,NSE_EQ|INE716D01033,1d,35,35 daily bars
INFO,DAILY_BARS_LT_50,universe_daily,NSE_EQ|INE716F01012,1d,35,35 daily bars
INFO,DAILY_BARS_LT_50,universe_daily,NSE_EQ|INE741A01011,1d,34,34 daily bars
INFO,DAILY_BARS_LT_50,universe_daily,NSE_EQ|INE755Q01025,1d,35,35 daily bars
INFO,DAILY_BARS_LT_50,universe_daily,NSE_EQ|INE757C01021,1d,34,34 daily bars
INFO,DAILY_BARS_LT_50,universe_daily,NSE_EQ|INE758A01072,1d,35,35 daily bars
INFO,DAILY_BARS_LT_50,universe_daily,NSE_EQ|INE759F01012,1d,35,35 daily bars
INFO,DAILY_BARS_LT_50,universe_daily,NSE_EQ|INE761Q01015,1d,35,35 daily bars
INFO,DAILY_BARS_LT_50,universe_daily,NSE_EQ|INE767C01012,1d,35,35 daily bars
INFO,DAILY_BARS_LT_50,universe_daily,NSE_EQ|INE782D01027,1d,31,31 daily bars
INFO,DAILY_BARS_LT_50,universe_daily,NSE_EQ|INE791B01014,1d,35,35 daily bars
INFO,DAILY_BARS_LT_50,universe_daily,NSE_EQ|INE798F01010,1d,26,26 daily bars
INFO,DAILY_BARS_LT_50,universe_daily,NSE_EQ|INE822B01017,1d,35,35 daily bars
INFO,DAILY_BARS_LT_50,universe_daily,NSE_EQ|INE823B01015,1d,35,35 daily bars
INFO,DAILY_BARS_LT_50,universe_daily,NSE_EQ|INE829S01016,1d,33,33 daily bars
INFO,DAILY_BARS_LT_50,universe_daily,NSE_EQ|INE839E01023,1d,35,35 daily bars
INFO,DAILY_BARS_LT_50,universe_daily,NSE_EQ|INE841D01013,1d,35,35 daily bars
INFO,DAILY_BARS_LT_50,universe_daily,NSE_EQ|INE843L01012,1d,33,33 daily bars
INFO,DAILY_BARS_LT_50,universe_daily,NSE_EQ|INE855A01019,1d,31,31 daily bars
INFO,DAILY_BARS_LT_50,universe_daily,NSE_EQ|INE869T01028,1d,35,35 daily bars
INFO,DAILY_BARS_LT_50,universe_daily,NSE_EQ|INE879K01018,1d,35,35 daily bars
INFO,DAILY_BARS_LT_50,universe_daily,NSE_EQ|INE883C01025,1d,35,35 daily bars
INFO,DAILY_BARS_LT_50,universe_daily,NSE_EQ|INE886B01012,1d,35,35 daily bars
INFO,DAILY_BARS_LT_50,universe_daily,NSE_EQ|INE898Q01015,1d,35,35 daily bars
INFO,DAILY_BARS_LT_50,universe_daily,NSE_EQ|INE914G01029,1d,34,34 daily bars
INFO,DAILY_BARS_LT_50,universe_daily,NSE_EQ|INE920C01017,1d,35,35 daily bars
INFO,DAILY_BARS_LT_50,universe_daily,NSE_EQ|INE938C01019,1d,33,33 daily bars
INFO,DAILY_BARS_LT_50,universe_daily,NSE_EQ|INE945P01024,1d,35,35 daily bars
INFO,DAILY_BARS_LT_50,universe_daily,NSE_EQ|INE953E01022,1d,35,35 daily bars
INFO,DAILY_BARS_LT_50,universe_daily,NSE_EQ|INE960A01017,1d,35,35 daily bars
INFO,DAILY_BARS_LT_50,universe_daily,NSE_EQ|INE960E01019,1d,35,35 daily bars
INFO,DAILY_BARS_LT_50,universe_daily,NSE_EQ|INE967A01012,1d,35,35 daily bars
INFO,DAILY_BARS_LT_50,universe_daily,NSE_EQ|INE967B01028,1d,35,35 daily bars
INFO,DAILY_BARS_LT_50,universe_daily,NSE_EQ|INE987A01010,1d,35,35 daily bars
INFO,DAILY_BARS_LT_50,universe_daily,NSE_EQ|INF109K1A567,1d,43,43 daily bars
INFO,DAILY_BARS_LT_50,universe_daily,NSE_EQ|INF179KC1KT4,1d,46,46 daily bars
INFO,DAILY_BARS_LT_50,universe_daily,NSE_EQ|INF205KA1CA1,1d,31,31 daily bars
INFO,DAILY_BARS_LT_50,universe_daily,NSE_EQ|INF205KA1CB9,1d,31,31 daily bars
INFO,DAILY_BARS_LT_50,universe_daily,NSE_EQ|INF22M001184,1d,32,32 daily bars
INFO,DAILY_BARS_LT_50,universe_daily,NSE_EQ|INF247L01HG7,1d,42,42 daily bars
INFO,DAILY_BARS_LT_50,universe_daily,NSE_EQ|INF247L01HH5,1d,42,42 daily bars
INFO,DAILY_BARS_LT_50,universe_daily,NSE_EQ|INF666M01PH7,1d,49,49 daily bars
INFO,DAILY_BARS_LT_50,universe_daily,NSE_EQ|INF740KA1ZH9,1d,41,41 daily bars
INFO,DAILY_BARS_LT_50,universe_daily,NSE_EQ|INF754K01XG1,1d,49,49 daily bars
INFO,DAILY_BARS_LT_50,universe_daily,NSE_EQ|INF754K01XH9,1d,43,43 daily bars
INFO,DAILY_BARS_LT_50,universe_daily,NSE_EQ|INF754K01XI7,1d,43,43 daily bars
INFO,DAILY_BARS_LT_50,universe_daily,NSE_EQ|INF769K01RJ5,1d,46,46 daily bars
INFO,DAILY_BARS_LT_50,universe_daily,NSE_EQ|INF769K01RK3,1d,32,32 daily bars
INFO,DAILY_BARS_LT_50,universe_daily,NSE_EQ|INF789F1AG68,1d,41,41 daily bars
INFO,LEDGER_INACTIVE_INSTRUMENT,universe_daily,NSE_EQ|INF082J01408,,1,in ledger but not an active catalogue stock
INFO,LEDGER_INACTIVE_INSTRUMENT,universe_daily,NSE_EQ|INF082J01499,,1,in ledger but not an active catalogue stock
INFO,LEDGER_INACTIVE_INSTRUMENT,universe_daily,NSE_EQ|INF0QA701714,,1,in ledger but not an active catalogue stock
INFO,LEDGER_INACTIVE_INSTRUMENT,universe_daily,NSE_EQ|INF0QA701722,,1,in ledger but not an active catalogue stock
INFO,LEDGER_INACTIVE_INSTRUMENT,universe_daily,NSE_EQ|INF0QA701854,,1,in ledger but not an active catalogue stock
INFO,LEDGER_INACTIVE_INSTRUMENT,universe_daily,NSE_EQ|INF0QA701CI0,,1,in ledger but not an active catalogue stock
INFO,LEDGER_INACTIVE_INSTRUMENT,universe_daily,NSE_EQ|INF0R8F01034,,1,in ledger but not an active catalogue stock
INFO,LEDGER_INACTIVE_INSTRUMENT,universe_daily,NSE_EQ|INF0R8F01042,,1,in ledger but not an active catalogue stock
INFO,LEDGER_INACTIVE_INSTRUMENT,universe_daily,NSE_EQ|INF0R8F01059,,1,in ledger but not an active catalogue stock
INFO,LEDGER_INACTIVE_INSTRUMENT,universe_daily,NSE_EQ|INF0R8F01067,,1,in ledger but not an active catalogue stock
INFO,LEDGER_INACTIVE_INSTRUMENT,universe_daily,NSE_EQ|INF0R8F01091,,1,in ledger but not an active catalogue stock
INFO,LEDGER_INACTIVE_INSTRUMENT,universe_daily,NSE_EQ|INF0R8F01133,,1,in ledger but not an active catalogue stock
INFO,LEDGER_INACTIVE_INSTRUMENT,universe_daily,NSE_EQ|INF0R8F01141,,1,in ledger but not an active catalogue stock
INFO,LEDGER_INACTIVE_INSTRUMENT,universe_daily,NSE_EQ|INF0R8F01166,,1,in ledger but not an active catalogue stock
INFO,LEDGER_INACTIVE_INSTRUMENT,universe_daily,NSE_EQ|INF109K012R6,,1,in ledger but not an active catalogue stock
INFO,LEDGER_INACTIVE_INSTRUMENT,universe_daily,NSE_EQ|INF109K1A021,,1,in ledger but not an active catalogue stock
INFO,LEDGER_INACTIVE_INSTRUMENT,universe_daily,NSE_EQ|INF109K1A153,,1,in ledger but not an active catalogue stock
INFO,LEDGER_INACTIVE_INSTRUMENT,universe_daily,NSE_EQ|INF109K1A344,,1,in ledger but not an active catalogue stock
INFO,LEDGER_INACTIVE_INSTRUMENT,universe_daily,NSE_EQ|INF109K1A476,,1,in ledger but not an active catalogue stock
INFO,LEDGER_INACTIVE_INSTRUMENT,universe_daily,NSE_EQ|INF109K1A567,,1,in ledger but not an active catalogue stock
INFO,LEDGER_INACTIVE_INSTRUMENT,universe_daily,NSE_EQ|INF109KB15Y7,,1,in ledger but not an active catalogue stock
INFO,LEDGER_INACTIVE_INSTRUMENT,universe_daily,NSE_EQ|INF109KC10S8,,1,in ledger but not an active catalogue stock
INFO,LEDGER_INACTIVE_INSTRUMENT,universe_daily,NSE_EQ|INF109KC10V2,,1,in ledger but not an active catalogue stock
INFO,LEDGER_INACTIVE_INSTRUMENT,universe_daily,NSE_EQ|INF109KC10W0,,1,in ledger but not an active catalogue stock
INFO,LEDGER_INACTIVE_INSTRUMENT,universe_daily,NSE_EQ|INF109KC11V0,,1,in ledger but not an active catalogue stock
INFO,LEDGER_INACTIVE_INSTRUMENT,universe_daily,NSE_EQ|INF109KC11W8,,1,in ledger but not an active catalogue stock
INFO,LEDGER_INACTIVE_INSTRUMENT,universe_daily,NSE_EQ|INF109KC14A8,,1,in ledger but not an active catalogue stock
INFO,LEDGER_INACTIVE_INSTRUMENT,universe_daily,NSE_EQ|INF109KC15I8,,1,in ledger but not an active catalogue stock
INFO,LEDGER_INACTIVE_INSTRUMENT,universe_daily,NSE_EQ|INF109KC16E5,,1,in ledger but not an active catalogue stock
INFO,LEDGER_INACTIVE_INSTRUMENT,universe_daily,NSE_EQ|INF109KC16I6,,1,in ledger but not an active catalogue stock
INFO,LEDGER_INACTIVE_INSTRUMENT,universe_daily,NSE_EQ|INF109KC16V9,,1,in ledger but not an active catalogue stock
INFO,LEDGER_INACTIVE_INSTRUMENT,universe_daily,NSE_EQ|INF109KC16X5,,1,in ledger but not an active catalogue stock
INFO,LEDGER_INACTIVE_INSTRUMENT,universe_daily,NSE_EQ|INF109KC17C7,,1,in ledger but not an active catalogue stock
INFO,LEDGER_INACTIVE_INSTRUMENT,universe_daily,NSE_EQ|INF109KC17L8,,1,in ledger but not an active catalogue stock
INFO,LEDGER_INACTIVE_INSTRUMENT,universe_daily,NSE_EQ|INF109KC17V7,,1,in ledger but not an active catalogue stock
INFO,LEDGER_INACTIVE_INSTRUMENT,universe_daily,NSE_EQ|INF109KC18O0,,1,in ledger but not an active catalogue stock
INFO,LEDGER_INACTIVE_INSTRUMENT,universe_daily,NSE_EQ|INF109KC18U7,,1,in ledger but not an active catalogue stock
INFO,LEDGER_INACTIVE_INSTRUMENT,universe_daily,NSE_EQ|INF109KC18V5,,1,in ledger but not an active catalogue stock
INFO,LEDGER_INACTIVE_INSTRUMENT,universe_daily,NSE_EQ|INF109KC18W3,,1,in ledger but not an active catalogue stock
INFO,LEDGER_INACTIVE_INSTRUMENT,universe_daily,NSE_EQ|INF109KC19O8,,1,in ledger but not an active catalogue stock
INFO,LEDGER_INACTIVE_INSTRUMENT,universe_daily,NSE_EQ|INF109KC19U5,,1,in ledger but not an active catalogue stock
INFO,LEDGER_INACTIVE_INSTRUMENT,universe_daily,NSE_EQ|INF109KC19V3,,1,in ledger but not an active catalogue stock
INFO,LEDGER_INACTIVE_INSTRUMENT,universe_daily,NSE_EQ|INF109KC19W1,,1,in ledger but not an active catalogue stock
INFO,LEDGER_INACTIVE_INSTRUMENT,universe_daily,NSE_EQ|INF109KC1KT9,,1,in ledger but not an active catalogue stock
INFO,LEDGER_INACTIVE_INSTRUMENT,universe_daily,NSE_EQ|INF109KC1NS5,,1,in ledger but not an active catalogue stock
INFO,LEDGER_INACTIVE_INSTRUMENT,universe_daily,NSE_EQ|INF109KC1NT3,,1,in ledger but not an active catalogue stock
INFO,LEDGER_INACTIVE_INSTRUMENT,universe_daily,NSE_EQ|INF109KC1Q72,,1,in ledger but not an active catalogue stock
INFO,LEDGER_INACTIVE_INSTRUMENT,universe_daily,NSE_EQ|INF109KC1V42,,1,in ledger but not an active catalogue stock
INFO,LEDGER_INACTIVE_INSTRUMENT,universe_daily,NSE_EQ|INF109KC1V59,,1,in ledger but not an active catalogue stock
INFO,LEDGER_INACTIVE_INSTRUMENT,universe_daily,NSE_EQ|INF109KC1Y56,,1,in ledger but not an active catalogue stock
INFO,LEDGER_INACTIVE_INSTRUMENT,universe_daily,NSE_EQ|INF174K014P6,,1,in ledger but not an active catalogue stock
INFO,LEDGER_INACTIVE_INSTRUMENT,universe_daily,NSE_EQ|INF174KA1A86,,1,in ledger but not an active catalogue stock
INFO,LEDGER_INACTIVE_INSTRUMENT,universe_daily,NSE_EQ|INF174KA1A94,,1,in ledger but not an active catalogue stock
INFO,LEDGER_INACTIVE_INSTRUMENT,universe_daily,NSE_EQ|INF174KA1GC5,,1,in ledger but not an active catalogue stock
INFO,LEDGER_INACTIVE_INSTRUMENT,universe_daily,NSE_EQ|INF174KA1HJ8,,1,in ledger but not an active catalogue stock
INFO,LEDGER_INACTIVE_INSTRUMENT,universe_daily,NSE_EQ|INF174KA1IA5,,1,in ledger but not an active catalogue stock
INFO,LEDGER_INACTIVE_INSTRUMENT,universe_daily,NSE_EQ|INF174KA1IY5,,1,in ledger but not an active catalogue stock
INFO,LEDGER_INACTIVE_INSTRUMENT,universe_daily,NSE_EQ|INF174KA1JF2,,1,in ledger but not an active catalogue stock
INFO,LEDGER_INACTIVE_INSTRUMENT,universe_daily,NSE_EQ|INF174KA1LV5,,1,in ledger but not an active catalogue stock
INFO,LEDGER_INACTIVE_INSTRUMENT,universe_daily,NSE_EQ|INF174KA1UW4,,1,in ledger but not an active catalogue stock
INFO,LEDGER_INACTIVE_INSTRUMENT,universe_daily,NSE_EQ|INF174KA1VD2,,1,in ledger but not an active catalogue stock
INFO,LEDGER_INACTIVE_INSTRUMENT,universe_daily,NSE_EQ|INF174KA1VW2,,1,in ledger but not an active catalogue stock
INFO,LEDGER_INACTIVE_INSTRUMENT,universe_daily,NSE_EQ|INF174KA1WT6,,1,in ledger but not an active catalogue stock
INFO,LEDGER_INACTIVE_INSTRUMENT,universe_daily,NSE_EQ|INF174KA1XS6,,1,in ledger but not an active catalogue stock
INFO,LEDGER_INACTIVE_INSTRUMENT,universe_daily,NSE_EQ|INF174KA1XV0,,1,in ledger but not an active catalogue stock
INFO,LEDGER_INACTIVE_INSTRUMENT,universe_daily,NSE_EQ|INF174KA1YO3,,1,in ledger but not an active catalogue stock
INFO,LEDGER_INACTIVE_INSTRUMENT,universe_daily,NSE_EQ|INF174KA1ZB7,,1,in ledger but not an active catalogue stock
INFO,LEDGER_INACTIVE_INSTRUMENT,universe_daily,NSE_EQ|INF174KA1ZC5,,1,in ledger but not an active catalogue stock
INFO,LEDGER_INACTIVE_INSTRUMENT,universe_daily,NSE_EQ|INF174KA1ZD3,,1,in ledger but not an active catalogue stock
INFO,LEDGER_INACTIVE_INSTRUMENT,universe_daily,NSE_EQ|INF174KA1ZE1,,1,in ledger but not an active catalogue stock
INFO,LEDGER_INACTIVE_INSTRUMENT,universe_daily,NSE_EQ|INF174KA1ZF8,,1,in ledger but not an active catalogue stock
INFO,LEDGER_INACTIVE_INSTRUMENT,universe_daily,NSE_EQ|INF179KC1965,,1,in ledger but not an active catalogue stock
INFO,LEDGER_INACTIVE_INSTRUMENT,universe_daily,NSE_EQ|INF179KC1981,,1,in ledger but not an active catalogue stock
INFO,LEDGER_INACTIVE_INSTRUMENT,universe_daily,NSE_EQ|INF179KC1DI2,,1,in ledger but not an active catalogue stock
INFO,LEDGER_INACTIVE_INSTRUMENT,universe_daily,NSE_EQ|INF179KC1DJ0,,1,in ledger but not an active catalogue stock
INFO,LEDGER_INACTIVE_INSTRUMENT,universe_daily,NSE_EQ|INF179KC1DK8,,1,in ledger but not an active catalogue stock
INFO,LEDGER_INACTIVE_INSTRUMENT,universe_daily,NSE_EQ|INF179KC1DL6,,1,in ledger but not an active catalogue stock
INFO,LEDGER_INACTIVE_INSTRUMENT,universe_daily,NSE_EQ|INF179KC1EZ4,,1,in ledger but not an active catalogue stock
INFO,LEDGER_INACTIVE_INSTRUMENT,universe_daily,NSE_EQ|INF179KC1FB2,,1,in ledger but not an active catalogue stock
INFO,LEDGER_INACTIVE_INSTRUMENT,universe_daily,NSE_EQ|INF179KC1HR4,,1,in ledger but not an active catalogue stock
INFO,LEDGER_INACTIVE_INSTRUMENT,universe_daily,NSE_EQ|INF179KC1HS2,,1,in ledger but not an active catalogue stock
INFO,LEDGER_INACTIVE_INSTRUMENT,universe_daily,NSE_EQ|INF179KC1HT0,,1,in ledger but not an active catalogue stock
INFO,LEDGER_INACTIVE_INSTRUMENT,universe_daily,NSE_EQ|INF179KC1HU8,,1,in ledger but not an active catalogue stock
INFO,LEDGER_INACTIVE_INSTRUMENT,universe_daily,NSE_EQ|INF179KC1HV6,,1,in ledger but not an active catalogue stock
INFO,LEDGER_INACTIVE_INSTRUMENT,universe_daily,NSE_EQ|INF179KC1HW4,,1,in ledger but not an active catalogue stock
INFO,LEDGER_INACTIVE_INSTRUMENT,universe_daily,NSE_EQ|INF179KC1HX2,,1,in ledger but not an active catalogue stock
INFO,LEDGER_INACTIVE_INSTRUMENT,universe_daily,NSE_EQ|INF179KC1HY0,,1,in ledger but not an active catalogue stock
INFO,LEDGER_INACTIVE_INSTRUMENT,universe_daily,NSE_EQ|INF179KC1HZ7,,1,in ledger but not an active catalogue stock
INFO,LEDGER_INACTIVE_INSTRUMENT,universe_daily,NSE_EQ|INF179KC1IA8,,1,in ledger but not an active catalogue stock
INFO,LEDGER_INACTIVE_INSTRUMENT,universe_daily,NSE_EQ|INF179KC1JG3,,1,in ledger but not an active catalogue stock
INFO,LEDGER_INACTIVE_INSTRUMENT,universe_daily,NSE_EQ|INF179KC1KT4,,1,in ledger but not an active catalogue stock
INFO,LEDGER_INACTIVE_INSTRUMENT,universe_daily,NSE_EQ|INF194KA1U07,,1,in ledger but not an active catalogue stock
INFO,LEDGER_INACTIVE_INSTRUMENT,universe_daily,NSE_EQ|INF194KB1KI9,,1,in ledger but not an active catalogue stock
INFO,LEDGER_INACTIVE_INSTRUMENT,universe_daily,NSE_EQ|INF194KB1KJ7,,1,in ledger but not an active catalogue stock
INFO,LEDGER_INACTIVE_INSTRUMENT,universe_daily,NSE_EQ|INF1J2R01015,,1,in ledger but not an active catalogue stock
INFO,LEDGER_INACTIVE_INSTRUMENT,universe_daily,NSE_EQ|INF1J2R01056,,1,in ledger but not an active catalogue stock
INFO,LEDGER_INACTIVE_INSTRUMENT,universe_daily,NSE_EQ|INF1J2R01064,,1,in ledger but not an active catalogue stock
INFO,LEDGER_INACTIVE_INSTRUMENT,universe_daily,NSE_EQ|INF1J2R01114,,1,in ledger but not an active catalogue stock
INFO,LEDGER_INACTIVE_INSTRUMENT,universe_daily,NSE_EQ|INF1J2R01148,,1,in ledger but not an active catalogue stock
INFO,LEDGER_INACTIVE_INSTRUMENT,universe_daily,NSE_EQ|INF1J2R01171,,1,in ledger but not an active catalogue stock
INFO,LEDGER_INACTIVE_INSTRUMENT,universe_daily,NSE_EQ|INF200KA13Z8,,1,in ledger but not an active catalogue stock
INFO,LEDGER_INACTIVE_INSTRUMENT,universe_daily,NSE_EQ|INF200KA1580,,1,in ledger but not an active catalogue stock
INFO,LEDGER_INACTIVE_INSTRUMENT,universe_daily,NSE_EQ|INF200KA1598,,1,in ledger but not an active catalogue stock
INFO,LEDGER_INACTIVE_INSTRUMENT,universe_daily,NSE_EQ|INF200KA16D8,,1,in ledger but not an active catalogue stock
INFO,LEDGER_INACTIVE_INSTRUMENT,universe_daily,NSE_EQ|INF200KA1FS1,,1,in ledger but not an active catalogue stock
INFO,LEDGER_INACTIVE_INSTRUMENT,universe_daily,NSE_EQ|INF200KA1JT1,,1,in ledger but not an active catalogue stock
INFO,LEDGER_INACTIVE_INSTRUMENT,universe_daily,NSE_EQ|INF200KA1S14,,1,in ledger but not an active catalogue stock
INFO,LEDGER_INACTIVE_INSTRUMENT,universe_daily,NSE_EQ|INF200KA1S22,,1,in ledger but not an active catalogue stock
INFO,LEDGER_INACTIVE_INSTRUMENT,universe_daily,NSE_EQ|INF200KA1WX6,,1,in ledger but not an active catalogue stock
INFO,LEDGER_INACTIVE_INSTRUMENT,universe_daily,NSE_EQ|INF200KA1X17,,1,in ledger but not an active catalogue stock
INFO,LEDGER_INACTIVE_INSTRUMENT,universe_daily,NSE_EQ|INF200KB1217,,1,in ledger but not an active catalogue stock
INFO,LEDGER_INACTIVE_INSTRUMENT,universe_daily,NSE_EQ|INF200KB1282,,1,in ledger but not an active catalogue stock
INFO,LEDGER_INACTIVE_INSTRUMENT,universe_daily,NSE_EQ|INF200KB1712,,1,in ledger but not an active catalogue stock
INFO,LEDGER_INACTIVE_INSTRUMENT,universe_daily,NSE_EQ|INF200KB1969,,1,in ledger but not an active catalogue stock
INFO,LEDGER_INACTIVE_INSTRUMENT,universe_daily,NSE_EQ|INF200KB1AJ0,,1,in ledger but not an active catalogue stock
INFO,LEDGER_INACTIVE_INSTRUMENT,universe_daily,NSE_EQ|INF200KB1AK8,,1,in ledger but not an active catalogue stock
INFO,LEDGER_INACTIVE_INSTRUMENT,universe_daily,NSE_EQ|INF200KB1AX1,,1,in ledger but not an active catalogue stock
INFO,LEDGER_INACTIVE_INSTRUMENT,universe_daily,NSE_EQ|INF200KB1AY9,,1,in ledger but not an active catalogue stock
INFO,LEDGER_INACTIVE_INSTRUMENT,universe_daily,NSE_EQ|INF204K014N5,,1,in ledger but not an active catalogue stock
INFO,LEDGER_INACTIVE_INSTRUMENT,universe_daily,NSE_EQ|INF204KA1LD7,,1,in ledger but not an active catalogue stock
INFO,LEDGER_INACTIVE_INSTRUMENT,universe_daily,NSE_EQ|INF204KA1MS3,,1,in ledger but not an active catalogue stock
INFO,LEDGER_INACTIVE_INSTRUMENT,universe_daily,NSE_EQ|INF204KB14I2,,1,in ledger but not an active catalogue stock
INFO,LEDGER_INACTIVE_INSTRUMENT,universe_daily,NSE_EQ|INF204KB15I9,,1,in ledger but not an active catalogue stock
INFO,LEDGER_INACTIVE_INSTRUMENT,universe_daily,NSE_EQ|INF204KB15V2,,1,in ledger but not an active catalogue stock
INFO,LEDGER_INACTIVE_INSTRUMENT,universe_daily,NSE_EQ|INF204KB16I7,,1,in ledger but not an active catalogue stock
INFO,LEDGER_INACTIVE_INSTRUMENT,universe_daily,NSE_EQ|INF204KB17I5,,1,in ledger but not an active catalogue stock
INFO,LEDGER_INACTIVE_INSTRUMENT,universe_daily,NSE_EQ|INF204KB1882,,1,in ledger but not an active catalogue stock
INFO,LEDGER_INACTIVE_INSTRUMENT,universe_daily,NSE_EQ|INF204KB18I3,,1,in ledger but not an active catalogue stock
INFO,LEDGER_INACTIVE_INSTRUMENT,universe_daily,NSE_EQ|INF204KB19I1,,1,in ledger but not an active catalogue stock
INFO,LEDGER_INACTIVE_INSTRUMENT,universe_daily,NSE_EQ|INF204KB1V68,,1,in ledger but not an active catalogue stock
INFO,LEDGER_INACTIVE_INSTRUMENT,universe_daily,NSE_EQ|INF204KC1030,,1,in ledger but not an active catalogue stock
INFO,LEDGER_INACTIVE_INSTRUMENT,universe_daily,NSE_EQ|INF204KC1089,,1,in ledger but not an active catalogue stock
INFO,LEDGER_INACTIVE_INSTRUMENT,universe_daily,NSE_EQ|INF204KC1337,,1,in ledger but not an active catalogue stock
INFO,LEDGER_INACTIVE_INSTRUMENT,universe_daily,NSE_EQ|INF204KC1402,,1,in ledger but not an active catalogue stock
INFO,LEDGER_INACTIVE_INSTRUMENT,universe_daily,NSE_EQ|INF204KC1EZ3,,1,in ledger but not an active catalogue stock
INFO,LEDGER_INACTIVE_INSTRUMENT,universe_daily,NSE_EQ|INF204KC1FU1,,1,in ledger but not an active catalogue stock
INFO,LEDGER_INACTIVE_INSTRUMENT,universe_daily,NSE_EQ|INF204KC1GH6,,1,in ledger but not an active catalogue stock
INFO,LEDGER_INACTIVE_INSTRUMENT,universe_daily,NSE_EQ|INF205KA1BP1,,1,in ledger but not an active catalogue stock
INFO,LEDGER_INACTIVE_INSTRUMENT,universe_daily,NSE_EQ|INF205KA1CA1,,1,in ledger but not an active catalogue stock
INFO,LEDGER_INACTIVE_INSTRUMENT,universe_daily,NSE_EQ|INF205KA1CB9,,1,in ledger but not an active catalogue stock
INFO,LEDGER_INACTIVE_INSTRUMENT,universe_daily,NSE_EQ|INF205KA1CC7,,1,in ledger but not an active catalogue stock
INFO,LEDGER_INACTIVE_INSTRUMENT,universe_daily,NSE_EQ|INF209KB10C2,,1,in ledger but not an active catalogue stock
INFO,LEDGER_INACTIVE_INSTRUMENT,universe_daily,NSE_EQ|INF209KB10E8,,1,in ledger but not an active catalogue stock
INFO,LEDGER_INACTIVE_INSTRUMENT,universe_daily,NSE_EQ|INF209KB11D8,,1,in ledger but not an active catalogue stock
INFO,LEDGER_INACTIVE_INSTRUMENT,universe_daily,NSE_EQ|INF209KB14K7,,1,in ledger but not an active catalogue stock
INFO,LEDGER_INACTIVE_INSTRUMENT,universe_daily,NSE_EQ|INF209KB15K4,,1,in ledger but not an active catalogue stock
INFO,LEDGER_INACTIVE_INSTRUMENT,universe_daily,NSE_EQ|INF209KB16D7,,1,in ledger but not an active catalogue stock
INFO,LEDGER_INACTIVE_INSTRUMENT,universe_daily,NSE_EQ|INF209KB17D5,,1,in ledger but not an active catalogue stock
INFO,LEDGER_INACTIVE_INSTRUMENT,universe_daily,NSE_EQ|INF209KB18D3,,1,in ledger but not an active catalogue stock
INFO,LEDGER_INACTIVE_INSTRUMENT,universe_daily,NSE_EQ|INF209KB18T9,,1,in ledger but not an active catalogue stock
INFO,LEDGER_INACTIVE_INSTRUMENT,universe_daily,NSE_EQ|INF209KB19D1,,1,in ledger but not an active catalogue stock
INFO,LEDGER_INACTIVE_INSTRUMENT,universe_daily,NSE_EQ|INF209KB19F6,,1,in ledger but not an active catalogue stock
INFO,LEDGER_INACTIVE_INSTRUMENT,universe_daily,NSE_EQ|INF209KB19Z4,,1,in ledger but not an active catalogue stock
INFO,LEDGER_INACTIVE_INSTRUMENT,universe_daily,NSE_EQ|INF209KC1134,,1,in ledger but not an active catalogue stock
INFO,LEDGER_INACTIVE_INSTRUMENT,universe_daily,NSE_EQ|INF209KC1142,,1,in ledger but not an active catalogue stock
INFO,LEDGER_INACTIVE_INSTRUMENT,universe_daily,NSE_EQ|INF209KC1662,,1,in ledger but not an active catalogue stock
INFO,LEDGER_INACTIVE_INSTRUMENT,universe_daily,NSE_EQ|INF209KC1670,,1,in ledger but not an active catalogue stock
INFO,LEDGER_INACTIVE_INSTRUMENT,universe_daily,NSE_EQ|INF22M001184,,1,in ledger but not an active catalogue stock
INFO,LEDGER_INACTIVE_INSTRUMENT,universe_daily,NSE_EQ|INF247L01023,,1,in ledger but not an active catalogue stock
INFO,LEDGER_INACTIVE_INSTRUMENT,universe_daily,NSE_EQ|INF247L01536,,1,in ledger but not an active catalogue stock
INFO,LEDGER_INACTIVE_INSTRUMENT,universe_daily,NSE_EQ|INF247L01AK4,,1,in ledger but not an active catalogue stock
INFO,LEDGER_INACTIVE_INSTRUMENT,universe_daily,NSE_EQ|INF247L01AP3,,1,in ledger but not an active catalogue stock
INFO,LEDGER_INACTIVE_INSTRUMENT,universe_daily,NSE_EQ|INF247L01AU3,,1,in ledger but not an active catalogue stock
INFO,LEDGER_INACTIVE_INSTRUMENT,universe_daily,NSE_EQ|INF247L01BB1,,1,in ledger but not an active catalogue stock
INFO,LEDGER_INACTIVE_INSTRUMENT,universe_daily,NSE_EQ|INF247L01BE5,,1,in ledger but not an active catalogue stock
INFO,LEDGER_INACTIVE_INSTRUMENT,universe_daily,NSE_EQ|INF247L01BH8,,1,in ledger but not an active catalogue stock
INFO,LEDGER_INACTIVE_INSTRUMENT,universe_daily,NSE_EQ|INF247L01BK2,,1,in ledger but not an active catalogue stock
INFO,LEDGER_INACTIVE_INSTRUMENT,universe_daily,NSE_EQ|INF247L01BL0,,1,in ledger but not an active catalogue stock
INFO,LEDGER_INACTIVE_INSTRUMENT,universe_daily,NSE_EQ|INF247L01BU1,,1,in ledger but not an active catalogue stock
INFO,LEDGER_INACTIVE_INSTRUMENT,universe_daily,NSE_EQ|INF247L01CH6,,1,in ledger but not an active catalogue stock
INFO,LEDGER_INACTIVE_INSTRUMENT,universe_daily,NSE_EQ|INF247L01CI4,,1,in ledger but not an active catalogue stock
INFO,LEDGER_INACTIVE_INSTRUMENT,universe_daily,NSE_EQ|INF247L01DJ0,,1,in ledger but not an active catalogue stock
INFO,LEDGER_INACTIVE_INSTRUMENT,universe_daily,NSE_EQ|INF247L01DK8,,1,in ledger but not an active catalogue stock
INFO,LEDGER_INACTIVE_INSTRUMENT,universe_daily,NSE_EQ|INF247L01EV3,,1,in ledger but not an active catalogue stock
INFO,LEDGER_INACTIVE_INSTRUMENT,universe_daily,NSE_EQ|INF247L01FC0,,1,in ledger but not an active catalogue stock
INFO,LEDGER_INACTIVE_INSTRUMENT,universe_daily,NSE_EQ|INF247L01FD8,,1,in ledger but not an active catalogue stock
INFO,LEDGER_INACTIVE_INSTRUMENT,universe_daily,NSE_EQ|INF247L01FK3,,1,in ledger but not an active catalogue stock
INFO,LEDGER_INACTIVE_INSTRUMENT,universe_daily,NSE_EQ|INF247L01FL1,,1,in ledger but not an active catalogue stock
INFO,LEDGER_INACTIVE_INSTRUMENT,universe_daily,NSE_EQ|INF247L01FO5,,1,in ledger but not an active catalogue stock
INFO,LEDGER_INACTIVE_INSTRUMENT,universe_daily,NSE_EQ|INF247L01FP2,,1,in ledger but not an active catalogue stock
INFO,LEDGER_INACTIVE_INSTRUMENT,universe_daily,NSE_EQ|INF247L01FQ0,,1,in ledger but not an active catalogue stock
INFO,LEDGER_INACTIVE_INSTRUMENT,universe_daily,NSE_EQ|INF247L01FR8,,1,in ledger but not an active catalogue stock
INFO,LEDGER_INACTIVE_INSTRUMENT,universe_daily,NSE_EQ|INF247L01FY4,,1,in ledger but not an active catalogue stock
INFO,LEDGER_INACTIVE_INSTRUMENT,universe_daily,NSE_EQ|INF247L01FZ1,,1,in ledger but not an active catalogue stock
INFO,LEDGER_INACTIVE_INSTRUMENT,universe_daily,NSE_EQ|INF247L01GG9,,1,in ledger but not an active catalogue stock
INFO,LEDGER_INACTIVE_INSTRUMENT,universe_daily,NSE_EQ|INF247L01GH7,,1,in ledger but not an active catalogue stock
INFO,LEDGER_INACTIVE_INSTRUMENT,universe_daily,NSE_EQ|INF247L01GI5,,1,in ledger but not an active catalogue stock
INFO,LEDGER_INACTIVE_INSTRUMENT,universe_daily,NSE_EQ|INF247L01GJ3,,1,in ledger but not an active catalogue stock
INFO,LEDGER_INACTIVE_INSTRUMENT,universe_daily,NSE_EQ|INF247L01GK1,,1,in ledger but not an active catalogue stock
INFO,LEDGER_INACTIVE_INSTRUMENT,universe_daily,NSE_EQ|INF247L01GV8,,1,in ledger but not an active catalogue stock
INFO,LEDGER_INACTIVE_INSTRUMENT,universe_daily,NSE_EQ|INF247L01HG7,,1,in ledger but not an active catalogue stock
INFO,LEDGER_INACTIVE_INSTRUMENT,universe_daily,NSE_EQ|INF247L01HH5,,1,in ledger but not an active catalogue stock
INFO,LEDGER_INACTIVE_INSTRUMENT,universe_daily,NSE_EQ|INF251K01SU9,,1,in ledger but not an active catalogue stock
INFO,LEDGER_INACTIVE_INSTRUMENT,universe_daily,NSE_EQ|INF251K01TL6,,1,in ledger but not an active catalogue stock
INFO,LEDGER_INACTIVE_INSTRUMENT,universe_daily,NSE_EQ|INF277K010X4,,1,in ledger but not an active catalogue stock
INFO,LEDGER_INACTIVE_INSTRUMENT,universe_daily,NSE_EQ|INF277K015R5,,1,in ledger but not an active catalogue stock
INFO,LEDGER_INACTIVE_INSTRUMENT,universe_daily,NSE_EQ|INF277KA1364,,1,in ledger but not an active catalogue stock
INFO,LEDGER_INACTIVE_INSTRUMENT,universe_daily,NSE_EQ|INF277KA1976,,1,in ledger but not an active catalogue stock
INFO,LEDGER_INACTIVE_INSTRUMENT,universe_daily,NSE_EQ|INF277KA1984,,1,in ledger but not an active catalogue stock
INFO,LEDGER_INACTIVE_INSTRUMENT,universe_daily,NSE_EQ|INF2F0001370,,1,in ledger but not an active catalogue stock
INFO,LEDGER_INACTIVE_INSTRUMENT,universe_daily,NSE_EQ|INF2KCX01012,,1,in ledger but not an active catalogue stock
INFO,LEDGER_INACTIVE_INSTRUMENT,universe_daily,NSE_EQ|INF336L01RX2,,1,in ledger but not an active catalogue stock
INFO,LEDGER_INACTIVE_INSTRUMENT,universe_daily,NSE_EQ|INF346A01034,,1,in ledger but not an active catalogue stock
INFO,LEDGER_INACTIVE_INSTRUMENT,universe_daily,NSE_EQ|INF457M01133,,1,in ledger but not an active catalogue stock
INFO,LEDGER_INACTIVE_INSTRUMENT,universe_daily,NSE_EQ|INF579M01BB5,,1,in ledger but not an active catalogue stock
INFO,LEDGER_INACTIVE_INSTRUMENT,universe_daily,NSE_EQ|INF579M01BC3,,1,in ledger but not an active catalogue stock
INFO,LEDGER_INACTIVE_INSTRUMENT,universe_daily,NSE_EQ|INF579M01BP5,,1,in ledger but not an active catalogue stock
INFO,LEDGER_INACTIVE_INSTRUMENT,universe_daily,NSE_EQ|INF582M01KS4,,1,in ledger but not an active catalogue stock
INFO,LEDGER_INACTIVE_INSTRUMENT,universe_daily,NSE_EQ|INF666M01IH2,,1,in ledger but not an active catalogue stock
INFO,LEDGER_INACTIVE_INSTRUMENT,universe_daily,NSE_EQ|INF666M01IO8,,1,in ledger but not an active catalogue stock
INFO,LEDGER_INACTIVE_INSTRUMENT,universe_daily,NSE_EQ|INF666M01IP5,,1,in ledger but not an active catalogue stock
INFO,LEDGER_INACTIVE_INSTRUMENT,universe_daily,NSE_EQ|INF666M01JJ6,,1,in ledger but not an active catalogue stock
INFO,LEDGER_INACTIVE_INSTRUMENT,universe_daily,NSE_EQ|INF666M01JV1,,1,in ledger but not an active catalogue stock
INFO,LEDGER_INACTIVE_INSTRUMENT,universe_daily,NSE_EQ|INF666M01KJ4,,1,in ledger but not an active catalogue stock
INFO,LEDGER_INACTIVE_INSTRUMENT,universe_daily,NSE_EQ|INF666M01LB9,,1,in ledger but not an active catalogue stock
INFO,LEDGER_INACTIVE_INSTRUMENT,universe_daily,NSE_EQ|INF666M01LI4,,1,in ledger but not an active catalogue stock
INFO,LEDGER_INACTIVE_INSTRUMENT,universe_daily,NSE_EQ|INF666M01LL8,,1,in ledger but not an active catalogue stock
INFO,LEDGER_INACTIVE_INSTRUMENT,universe_daily,NSE_EQ|INF666M01LM6,,1,in ledger but not an active catalogue stock
INFO,LEDGER_INACTIVE_INSTRUMENT,universe_daily,NSE_EQ|INF666M01LZ8,,1,in ledger but not an active catalogue stock
INFO,LEDGER_INACTIVE_INSTRUMENT,universe_daily,NSE_EQ|INF666M01MM4,,1,in ledger but not an active catalogue stock
INFO,LEDGER_INACTIVE_INSTRUMENT,universe_daily,NSE_EQ|INF666M01MN2,,1,in ledger but not an active catalogue stock
INFO,LEDGER_INACTIVE_INSTRUMENT,universe_daily,NSE_EQ|INF666M01MO0,,1,in ledger but not an active catalogue stock
INFO,LEDGER_INACTIVE_INSTRUMENT,universe_daily,NSE_EQ|INF666M01MV5,,1,in ledger but not an active catalogue stock
INFO,LEDGER_INACTIVE_INSTRUMENT,universe_daily,NSE_EQ|INF666M01NI0,,1,in ledger but not an active catalogue stock
INFO,LEDGER_INACTIVE_INSTRUMENT,universe_daily,NSE_EQ|INF666M01NP5,,1,in ledger but not an active catalogue stock
INFO,LEDGER_INACTIVE_INSTRUMENT,universe_daily,NSE_EQ|INF666M01NQ3,,1,in ledger but not an active catalogue stock
INFO,LEDGER_INACTIVE_INSTRUMENT,universe_daily,NSE_EQ|INF666M01OD9,,1,in ledger but not an active catalogue stock
INFO,LEDGER_INACTIVE_INSTRUMENT,universe_daily,NSE_EQ|INF666M01OE7,,1,in ledger but not an active catalogue stock
INFO,LEDGER_INACTIVE_INSTRUMENT,universe_daily,NSE_EQ|INF666M01OF4,,1,in ledger but not an active catalogue stock
INFO,LEDGER_INACTIVE_INSTRUMENT,universe_daily,NSE_EQ|INF666M01OG2,,1,in ledger but not an active catalogue stock
INFO,LEDGER_INACTIVE_INSTRUMENT,universe_daily,NSE_EQ|INF666M01OT5,,1,in ledger but not an active catalogue stock
INFO,LEDGER_INACTIVE_INSTRUMENT,universe_daily,NSE_EQ|INF666M01PG9,,1,in ledger but not an active catalogue stock
INFO,LEDGER_INACTIVE_INSTRUMENT,universe_daily,NSE_EQ|INF666M01PH7,,1,in ledger but not an active catalogue stock
INFO,LEDGER_INACTIVE_INSTRUMENT,universe_daily,NSE_EQ|INF680P01422,,1,in ledger but not an active catalogue stock
INFO,LEDGER_INACTIVE_INSTRUMENT,universe_daily,NSE_EQ|INF732E01037,,1,in ledger but not an active catalogue stock
INFO,LEDGER_INACTIVE_INSTRUMENT,universe_daily,NSE_EQ|INF732E01045,,1,in ledger but not an active catalogue stock
INFO,LEDGER_INACTIVE_INSTRUMENT,universe_daily,NSE_EQ|INF732E01128,,1,in ledger but not an active catalogue stock
INFO,LEDGER_INACTIVE_INSTRUMENT,universe_daily,NSE_EQ|INF732E01268,,1,in ledger but not an active catalogue stock
INFO,LEDGER_INACTIVE_INSTRUMENT,universe_daily,NSE_EQ|INF740KA1CL0,,1,in ledger but not an active catalogue stock
INFO,LEDGER_INACTIVE_INSTRUMENT,universe_daily,NSE_EQ|INF740KA1EU7,,1,in ledger but not an active catalogue stock
INFO,LEDGER_INACTIVE_INSTRUMENT,universe_daily,NSE_EQ|INF740KA1QK2,,1,in ledger but not an active catalogue stock
INFO,LEDGER_INACTIVE_INSTRUMENT,universe_daily,NSE_EQ|INF740KA1RE3,,1,in ledger but not an active catalogue stock
INFO,LEDGER_INACTIVE_INSTRUMENT,universe_daily,NSE_EQ|INF740KA1RX3,,1,in ledger but not an active catalogue stock
INFO,LEDGER_INACTIVE_INSTRUMENT,universe_daily,NSE_EQ|INF740KA1SW3,,1,in ledger but not an active catalogue stock
INFO,LEDGER_INACTIVE_INSTRUMENT,universe_daily,NSE_EQ|INF740KA1SX1,,1,in ledger but not an active catalogue stock
INFO,LEDGER_INACTIVE_INSTRUMENT,universe_daily,NSE_EQ|INF740KA1SY9,,1,in ledger but not an active catalogue stock
INFO,LEDGER_INACTIVE_INSTRUMENT,universe_daily,NSE_EQ|INF740KA1SZ6,,1,in ledger but not an active catalogue stock
INFO,LEDGER_INACTIVE_INSTRUMENT,universe_daily,NSE_EQ|INF740KA1TA7,,1,in ledger but not an active catalogue stock
INFO,LEDGER_INACTIVE_INSTRUMENT,universe_daily,NSE_EQ|INF740KA1UM0,,1,in ledger but not an active catalogue stock
INFO,LEDGER_INACTIVE_INSTRUMENT,universe_daily,NSE_EQ|INF740KA1UR9,,1,in ledger but not an active catalogue stock
INFO,LEDGER_INACTIVE_INSTRUMENT,universe_daily,NSE_EQ|INF740KA1VE5,,1,in ledger but not an active catalogue stock
INFO,LEDGER_INACTIVE_INSTRUMENT,universe_daily,NSE_EQ|INF740KA1WU9,,1,in ledger but not an active catalogue stock
INFO,LEDGER_INACTIVE_INSTRUMENT,universe_daily,NSE_EQ|INF740KA1WV7,,1,in ledger but not an active catalogue stock
INFO,LEDGER_INACTIVE_INSTRUMENT,universe_daily,NSE_EQ|INF740KA1WW5,,1,in ledger but not an active catalogue stock
INFO,LEDGER_INACTIVE_INSTRUMENT,universe_daily,NSE_EQ|INF740KA1WX3,,1,in ledger but not an active catalogue stock
INFO,LEDGER_INACTIVE_INSTRUMENT,universe_daily,NSE_EQ|INF740KA1XU7,,1,in ledger but not an active catalogue stock
INFO,LEDGER_INACTIVE_INSTRUMENT,universe_daily,NSE_EQ|INF740KA1YH2,,1,in ledger but not an active catalogue stock
INFO,LEDGER_INACTIVE_INSTRUMENT,universe_daily,NSE_EQ|INF740KA1ZA4,,1,in ledger but not an active catalogue stock
INFO,LEDGER_INACTIVE_INSTRUMENT,universe_daily,NSE_EQ|INF740KA1ZF3,,1,in ledger but not an active catalogue stock
INFO,LEDGER_INACTIVE_INSTRUMENT,universe_daily,NSE_EQ|INF740KA1ZG1,,1,in ledger but not an active catalogue stock
INFO,LEDGER_INACTIVE_INSTRUMENT,universe_daily,NSE_EQ|INF740KA1ZH9,,1,in ledger but not an active catalogue stock
INFO,LEDGER_INACTIVE_INSTRUMENT,universe_daily,NSE_EQ|INF740KA1ZI7,,1,in ledger but not an active catalogue stock
INFO,LEDGER_INACTIVE_INSTRUMENT,universe_daily,NSE_EQ|INF754K01KO2,,1,in ledger but not an active catalogue stock
INFO,LEDGER_INACTIVE_INSTRUMENT,universe_daily,NSE_EQ|INF754K01LE1,,1,in ledger but not an active catalogue stock
INFO,LEDGER_INACTIVE_INSTRUMENT,universe_daily,NSE_EQ|INF754K01OB1,,1,in ledger but not an active catalogue stock
INFO,LEDGER_INACTIVE_INSTRUMENT,universe_daily,NSE_EQ|INF754K01QX0,,1,in ledger but not an active catalogue stock
INFO,LEDGER_INACTIVE_INSTRUMENT,universe_daily,NSE_EQ|INF754K01SE6,,1,in ledger but not an active catalogue stock
INFO,LEDGER_INACTIVE_INSTRUMENT,universe_daily,NSE_EQ|INF754K01SF3,,1,in ledger but not an active catalogue stock
INFO,LEDGER_INACTIVE_INSTRUMENT,universe_daily,NSE_EQ|INF754K01TE4,,1,in ledger but not an active catalogue stock
INFO,LEDGER_INACTIVE_INSTRUMENT,universe_daily,NSE_EQ|INF754K01TF1,,1,in ledger but not an active catalogue stock
INFO,LEDGER_INACTIVE_INSTRUMENT,universe_daily,NSE_EQ|INF754K01TX4,,1,in ledger but not an active catalogue stock
INFO,LEDGER_INACTIVE_INSTRUMENT,universe_daily,NSE_EQ|INF754K01VV4,,1,in ledger but not an active catalogue stock
INFO,LEDGER_INACTIVE_INSTRUMENT,universe_daily,NSE_EQ|INF754K01VW2,,1,in ledger but not an active catalogue stock
INFO,LEDGER_INACTIVE_INSTRUMENT,universe_daily,NSE_EQ|INF754K01VX0,,1,in ledger but not an active catalogue stock
INFO,LEDGER_INACTIVE_INSTRUMENT,universe_daily,NSE_EQ|INF754K01VY8,,1,in ledger but not an active catalogue stock
INFO,LEDGER_INACTIVE_INSTRUMENT,universe_daily,NSE_EQ|INF754K01XF3,,1,in ledger but not an active catalogue stock
INFO,LEDGER_INACTIVE_INSTRUMENT,universe_daily,NSE_EQ|INF754K01XG1,,1,in ledger but not an active catalogue stock
INFO,LEDGER_INACTIVE_INSTRUMENT,universe_daily,NSE_EQ|INF754K01XH9,,1,in ledger but not an active catalogue stock
INFO,LEDGER_INACTIVE_INSTRUMENT,universe_daily,NSE_EQ|INF754K01XI7,,1,in ledger but not an active catalogue stock
INFO,LEDGER_INACTIVE_INSTRUMENT,universe_daily,NSE_EQ|INF767K01MV5,,1,in ledger but not an active catalogue stock
INFO,LEDGER_INACTIVE_INSTRUMENT,universe_daily,NSE_EQ|INF767K01OS7,,1,in ledger but not an active catalogue stock
INFO,LEDGER_INACTIVE_INSTRUMENT,universe_daily,NSE_EQ|INF767K01OT5,,1,in ledger but not an active catalogue stock
INFO,LEDGER_INACTIVE_INSTRUMENT,universe_daily,NSE_EQ|INF767K01PC8,,1,in ledger but not an active catalogue stock
INFO,LEDGER_INACTIVE_INSTRUMENT,universe_daily,NSE_EQ|INF767K01RN1,,1,in ledger but not an active catalogue stock
INFO,LEDGER_INACTIVE_INSTRUMENT,universe_daily,NSE_EQ|INF767K01SM1,,1,in ledger but not an active catalogue stock
INFO,LEDGER_INACTIVE_INSTRUMENT,universe_daily,NSE_EQ|INF769K01EG9,,1,in ledger but not an active catalogue stock
INFO,LEDGER_INACTIVE_INSTRUMENT,universe_daily,NSE_EQ|INF769K01FN2,,1,in ledger but not an active catalogue stock
INFO,LEDGER_INACTIVE_INSTRUMENT,universe_daily,NSE_EQ|INF769K01GS9,,1,in ledger but not an active catalogue stock
INFO,LEDGER_INACTIVE_INSTRUMENT,universe_daily,NSE_EQ|INF769K01HF4,,1,in ledger but not an active catalogue stock
INFO,LEDGER_INACTIVE_INSTRUMENT,universe_daily,NSE_EQ|INF769K01HI8,,1,in ledger but not an active catalogue stock
INFO,LEDGER_INACTIVE_INSTRUMENT,universe_daily,NSE_EQ|INF769K01HP3,,1,in ledger but not an active catalogue stock
INFO,LEDGER_INACTIVE_INSTRUMENT,universe_daily,NSE_EQ|INF769K01HS7,,1,in ledger but not an active catalogue stock
INFO,LEDGER_INACTIVE_INSTRUMENT,universe_daily,NSE_EQ|INF769K01IB1,,1,in ledger but not an active catalogue stock
INFO,LEDGER_INACTIVE_INSTRUMENT,universe_daily,NSE_EQ|INF769K01IC9,,1,in ledger but not an active catalogue stock
INFO,LEDGER_INACTIVE_INSTRUMENT,universe_daily,NSE_EQ|INF769K01JP9,,1,in ledger but not an active catalogue stock
INFO,LEDGER_INACTIVE_INSTRUMENT,universe_daily,NSE_EQ|INF769K01JU9,,1,in ledger but not an active catalogue stock
INFO,LEDGER_INACTIVE_INSTRUMENT,universe_daily,NSE_EQ|INF769K01KF8,,1,in ledger but not an active catalogue stock
INFO,LEDGER_INACTIVE_INSTRUMENT,universe_daily,NSE_EQ|INF769K01KG6,,1,in ledger but not an active catalogue stock
INFO,LEDGER_INACTIVE_INSTRUMENT,universe_daily,NSE_EQ|INF769K01KR3,,1,in ledger but not an active catalogue stock
INFO,LEDGER_INACTIVE_INSTRUMENT,universe_daily,NSE_EQ|INF769K01KS1,,1,in ledger but not an active catalogue stock
INFO,LEDGER_INACTIVE_INSTRUMENT,universe_daily,NSE_EQ|INF769K01KT9,,1,in ledger but not an active catalogue stock
INFO,LEDGER_INACTIVE_INSTRUMENT,universe_daily,NSE_EQ|INF769K01KU7,,1,in ledger but not an active catalogue stock
INFO,LEDGER_INACTIVE_INSTRUMENT,universe_daily,NSE_EQ|INF769K01KV5,,1,in ledger but not an active catalogue stock
INFO,LEDGER_INACTIVE_INSTRUMENT,universe_daily,NSE_EQ|INF769K01LC3,,1,in ledger but not an active catalogue stock
INFO,LEDGER_INACTIVE_INSTRUMENT,universe_daily,NSE_EQ|INF769K01LJ8,,1,in ledger but not an active catalogue stock
INFO,LEDGER_INACTIVE_INSTRUMENT,universe_daily,NSE_EQ|INF769K01LQ3,,1,in ledger but not an active catalogue stock
INFO,LEDGER_INACTIVE_INSTRUMENT,universe_daily,NSE_EQ|INF769K01LX9,,1,in ledger but not an active catalogue stock
INFO,LEDGER_INACTIVE_INSTRUMENT,universe_daily,NSE_EQ|INF769K01LY7,,1,in ledger but not an active catalogue stock
INFO,LEDGER_INACTIVE_INSTRUMENT,universe_daily,NSE_EQ|INF769K01LZ4,,1,in ledger but not an active catalogue stock
INFO,LEDGER_INACTIVE_INSTRUMENT,universe_daily,NSE_EQ|INF769K01MY5,,1,in ledger but not an active catalogue stock
INFO,LEDGER_INACTIVE_INSTRUMENT,universe_daily,NSE_EQ|INF769K01NS5,,1,in ledger but not an active catalogue stock
INFO,LEDGER_INACTIVE_INSTRUMENT,universe_daily,NSE_EQ|INF769K01OA1,,1,in ledger but not an active catalogue stock
INFO,LEDGER_INACTIVE_INSTRUMENT,universe_daily,NSE_EQ|INF769K01ON4,,1,in ledger but not an active catalogue stock
INFO,LEDGER_INACTIVE_INSTRUMENT,universe_daily,NSE_EQ|INF769K01OO2,,1,in ledger but not an active catalogue stock
INFO,LEDGER_INACTIVE_INSTRUMENT,universe_daily,NSE_EQ|INF769K01PB6,,1,in ledger but not an active catalogue stock
INFO,LEDGER_INACTIVE_INSTRUMENT,universe_daily,NSE_EQ|INF769K01PQ4,,1,in ledger but not an active catalogue stock
INFO,LEDGER_INACTIVE_INSTRUMENT,universe_daily,NSE_EQ|INF769K01PR2,,1,in ledger but not an active catalogue stock
INFO,LEDGER_INACTIVE_INSTRUMENT,universe_daily,NSE_EQ|INF769K01PY8,,1,in ledger but not an active catalogue stock
INFO,LEDGER_INACTIVE_INSTRUMENT,universe_daily,NSE_EQ|INF769K01PZ5,,1,in ledger but not an active catalogue stock
INFO,LEDGER_INACTIVE_INSTRUMENT,universe_daily,NSE_EQ|INF769K01QA6,,1,in ledger but not an active catalogue stock
INFO,LEDGER_INACTIVE_INSTRUMENT,universe_daily,NSE_EQ|INF769K01QB4,,1,in ledger but not an active catalogue stock
INFO,LEDGER_INACTIVE_INSTRUMENT,universe_daily,NSE_EQ|INF769K01QC2,,1,in ledger but not an active catalogue stock
INFO,LEDGER_INACTIVE_INSTRUMENT,universe_daily,NSE_EQ|INF769K01QV2,,1,in ledger but not an active catalogue stock
INFO,LEDGER_INACTIVE_INSTRUMENT,universe_daily,NSE_EQ|INF769K01RC0,,1,in ledger but not an active catalogue stock
INFO,LEDGER_INACTIVE_INSTRUMENT,universe_daily,NSE_EQ|INF769K01RJ5,,1,in ledger but not an active catalogue stock
INFO,LEDGER_INACTIVE_INSTRUMENT,universe_daily,NSE_EQ|INF769K01RK3,,1,in ledger but not an active catalogue stock
INFO,LEDGER_INACTIVE_INSTRUMENT,universe_daily,NSE_EQ|INF789F1AG68,,1,in ledger but not an active catalogue stock
INFO,LEDGER_INACTIVE_INSTRUMENT,universe_daily,NSE_EQ|INF789F1AUU3,,1,in ledger but not an active catalogue stock
INFO,LEDGER_INACTIVE_INSTRUMENT,universe_daily,NSE_EQ|INF789F1AUV1,,1,in ledger but not an active catalogue stock
INFO,LEDGER_INACTIVE_INSTRUMENT,universe_daily,NSE_EQ|INF789F1AUW9,,1,in ledger but not an active catalogue stock
INFO,LEDGER_INACTIVE_INSTRUMENT,universe_daily,NSE_EQ|INF789F1AUX7,,1,in ledger but not an active catalogue stock
INFO,LEDGER_INACTIVE_INSTRUMENT,universe_daily,NSE_EQ|INF789F1AYK6,,1,in ledger but not an active catalogue stock
INFO,LEDGER_INACTIVE_INSTRUMENT,universe_daily,NSE_EQ|INF789F1AYX9,,1,in ledger but not an active catalogue stock
INFO,LEDGER_INACTIVE_INSTRUMENT,universe_daily,NSE_EQ|INF789F1AZC0,,1,in ledger but not an active catalogue stock
INFO,LEDGER_INACTIVE_INSTRUMENT,universe_daily,NSE_EQ|INF789F1AZD8,,1,in ledger but not an active catalogue stock
INFO,LEDGER_INACTIVE_INSTRUMENT,universe_daily,NSE_EQ|INF789F1AZE6,,1,in ledger but not an active catalogue stock
INFO,LEDGER_INACTIVE_INSTRUMENT,universe_daily,NSE_EQ|INF789F1AZF3,,1,in ledger but not an active catalogue stock
INFO,LEDGER_INACTIVE_INSTRUMENT,universe_daily,NSE_EQ|INF789FB1X58,,1,in ledger but not an active catalogue stock
INFO,LEDGER_INACTIVE_INSTRUMENT,universe_daily,NSE_EQ|INF846K010Q0,,1,in ledger but not an active catalogue stock
INFO,LEDGER_INACTIVE_INSTRUMENT,universe_daily,NSE_EQ|INF846K011K1,,1,in ledger but not an active catalogue stock
INFO,LEDGER_INACTIVE_INSTRUMENT,universe_daily,NSE_EQ|INF846K016C7,,1,in ledger but not an active catalogue stock
INFO,LEDGER_INACTIVE_INSTRUMENT,universe_daily,NSE_EQ|INF846K01W80,,1,in ledger but not an active catalogue stock
INFO,LEDGER_INACTIVE_INSTRUMENT,universe_daily,NSE_EQ|INF846K01W98,,1,in ledger but not an active catalogue stock
INFO,LEDGER_INACTIVE_INSTRUMENT,universe_daily,NSE_EQ|INF846K01X63,,1,in ledger but not an active catalogue stock
INFO,LEDGER_INACTIVE_INSTRUMENT,universe_daily,NSE_EQ|INF846K01Y96,,1,in ledger but not an active catalogue stock
INFO,LEDGER_INACTIVE_INSTRUMENT,universe_daily,NSE_EQ|INF846K01Z12,,1,in ledger but not an active catalogue stock
INFO,LEDGER_INACTIVE_INSTRUMENT,universe_daily,NSE_EQ|INF846KA1119,,1,in ledger but not an active catalogue stock
INFO,LEDGER_INACTIVE_INSTRUMENT,indices_daily,NSE_INDEX|BHARATBOND-APR30,,1,in ledger but not an active catalogue index
INFO,LEDGER_INACTIVE_INSTRUMENT,indices_daily,NSE_INDEX|BHARATBOND-APR31,,1,in ledger but not an active catalogue index
INFO,LEDGER_INACTIVE_INSTRUMENT,indices_daily,NSE_INDEX|BHARATBOND-APR32,,1,in ledger but not an active catalogue index
INFO,LEDGER_INACTIVE_INSTRUMENT,indices_daily,NSE_INDEX|BHARATBOND-APR33,,1,in ledger but not an active catalogue index
